ISO-10303-21;
HEADER;
/* Generated by software containing ST-Developer
 * from STEP Tools, Inc. (www.steptools.com) 
 */

FILE_DESCRIPTION(
/* description */ (''),
/* implementation_level */ '2;1');

FILE_NAME(
/* name */ 'Expo Letters.step',
/* time_stamp */ '2023-09-23T13:07:02-05:00',
/* author */ (''),
/* organization */ (''),
/* preprocessor_version */ 'ST-DEVELOPER v20',
/* originating_system */ 'Autodesk Translation Framework v12.9.0.99',
/* authorisation */ '');

FILE_SCHEMA (('AUTOMOTIVE_DESIGN { 1 0 10303 214 3 1 1 }'));
ENDSEC;

DATA;
#10=MECHANICAL_DESIGN_GEOMETRIC_PRESENTATION_REPRESENTATION('',(#29,#30,
#31,#32,#33,#34,#35,#36,#37,#38,#39,#40,#41,#42,#43),#11626);
#11=SHAPE_REPRESENTATION_RELATIONSHIP('SRR','None',#11639,#12);
#12=ADVANCED_BREP_SHAPE_REPRESENTATION('',(#44,#45,#46,#47,#48,#49,#50,
#51,#52,#53,#54,#55,#56,#57,#58),#11624);
#13=ITEM_DEFINED_TRANSFORMATION($,$,#5610,#5705);
#14=(
REPRESENTATION_RELATIONSHIP($,$,#11640,#11639)
REPRESENTATION_RELATIONSHIP_WITH_TRANSFORMATION(#13)
SHAPE_REPRESENTATION_RELATIONSHIP()
);
#15=CONTEXT_DEPENDENT_SHAPE_REPRESENTATION(#14,#11638);
#16=NEXT_ASSEMBLY_USAGE_OCCURRENCE('Bearing Cap:1','Bearing Cap:1',
'Bearing Cap:1',#11642,#11643,'Bearing Cap:1');
#17=FACE_BOUND('',#516,.T.);
#18=FACE_BOUND('',#518,.T.);
#19=FACE_BOUND('',#553,.T.);
#20=FACE_BOUND('',#554,.T.);
#21=FACE_BOUND('',#556,.T.);
#22=FACE_BOUND('',#557,.T.);
#23=FACE_BOUND('',#587,.T.);
#24=FACE_BOUND('',#589,.T.);
#25=FACE_BOUND('',#605,.T.);
#26=FACE_BOUND('',#607,.T.);
#27=FACE_BOUND('',#743,.T.);
#28=FACE_BOUND('',#745,.T.);
#29=STYLED_ITEM('',(#11655),#44);
#30=STYLED_ITEM('',(#11655),#45);
#31=STYLED_ITEM('',(#11655),#46);
#32=STYLED_ITEM('',(#11655),#47);
#33=STYLED_ITEM('',(#11655),#48);
#34=STYLED_ITEM('',(#11655),#49);
#35=STYLED_ITEM('',(#11655),#50);
#36=STYLED_ITEM('',(#11655),#51);
#37=STYLED_ITEM('',(#11655),#52);
#38=STYLED_ITEM('',(#11655),#53);
#39=STYLED_ITEM('',(#11655),#54);
#40=STYLED_ITEM('',(#11655),#55);
#41=STYLED_ITEM('',(#11655),#56);
#42=STYLED_ITEM('',(#11655),#57);
#43=STYLED_ITEM('',(#11655),#58);
#44=MANIFOLD_SOLID_BREP('Body2',#5582);
#45=MANIFOLD_SOLID_BREP('Body3',#5583);
#46=MANIFOLD_SOLID_BREP('Body4',#5584);
#47=MANIFOLD_SOLID_BREP('Body5',#5585);
#48=MANIFOLD_SOLID_BREP('Body6',#5586);
#49=MANIFOLD_SOLID_BREP('Body7',#5587);
#50=MANIFOLD_SOLID_BREP('Body8',#5588);
#51=MANIFOLD_SOLID_BREP('Body9',#5589);
#52=MANIFOLD_SOLID_BREP('Body10',#5590);
#53=MANIFOLD_SOLID_BREP('Body11',#5591);
#54=MANIFOLD_SOLID_BREP('Body12',#5592);
#55=MANIFOLD_SOLID_BREP('Body13',#5593);
#56=MANIFOLD_SOLID_BREP('Body14',#5594);
#57=MANIFOLD_SOLID_BREP('Body15',#5595);
#58=MANIFOLD_SOLID_BREP('Body16',#5596);
#59=PLANE('',#5611);
#60=PLANE('',#5612);
#61=PLANE('',#5613);
#62=PLANE('',#5614);
#63=PLANE('',#5615);
#64=PLANE('',#5616);
#65=PLANE('',#5617);
#66=PLANE('',#5618);
#67=PLANE('',#5619);
#68=PLANE('',#5620);
#69=PLANE('',#5621);
#70=PLANE('',#5622);
#71=PLANE('',#5623);
#72=PLANE('',#5624);
#73=PLANE('',#5625);
#74=PLANE('',#5626);
#75=PLANE('',#5627);
#76=PLANE('',#5628);
#77=PLANE('',#5629);
#78=PLANE('',#5630);
#79=PLANE('',#5631);
#80=PLANE('',#5632);
#81=PLANE('',#5633);
#82=PLANE('',#5634);
#83=PLANE('',#5635);
#84=PLANE('',#5636);
#85=PLANE('',#5637);
#86=PLANE('',#5638);
#87=PLANE('',#5639);
#88=PLANE('',#5640);
#89=PLANE('',#5641);
#90=PLANE('',#5642);
#91=PLANE('',#5643);
#92=PLANE('',#5644);
#93=PLANE('',#5645);
#94=PLANE('',#5646);
#95=PLANE('',#5647);
#96=PLANE('',#5648);
#97=PLANE('',#5649);
#98=PLANE('',#5650);
#99=PLANE('',#5651);
#100=PLANE('',#5652);
#101=PLANE('',#5653);
#102=PLANE('',#5654);
#103=PLANE('',#5655);
#104=PLANE('',#5656);
#105=PLANE('',#5657);
#106=PLANE('',#5658);
#107=PLANE('',#5659);
#108=PLANE('',#5660);
#109=PLANE('',#5661);
#110=PLANE('',#5662);
#111=PLANE('',#5663);
#112=PLANE('',#5664);
#113=PLANE('',#5665);
#114=PLANE('',#5666);
#115=PLANE('',#5667);
#116=PLANE('',#5668);
#117=PLANE('',#5669);
#118=PLANE('',#5670);
#119=PLANE('',#5671);
#120=PLANE('',#5672);
#121=PLANE('',#5673);
#122=PLANE('',#5674);
#123=PLANE('',#5675);
#124=PLANE('',#5676);
#125=PLANE('',#5677);
#126=PLANE('',#5678);
#127=PLANE('',#5679);
#128=PLANE('',#5680);
#129=PLANE('',#5681);
#130=PLANE('',#5682);
#131=PLANE('',#5683);
#132=PLANE('',#5684);
#133=PLANE('',#5685);
#134=PLANE('',#5686);
#135=PLANE('',#5687);
#136=PLANE('',#5688);
#137=PLANE('',#5689);
#138=PLANE('',#5690);
#139=PLANE('',#5691);
#140=PLANE('',#5692);
#141=PLANE('',#5693);
#142=PLANE('',#5694);
#143=PLANE('',#5695);
#144=PLANE('',#5696);
#145=PLANE('',#5697);
#146=PLANE('',#5698);
#147=PLANE('',#5699);
#148=PLANE('',#5700);
#149=PLANE('',#5701);
#150=PLANE('',#5702);
#151=PLANE('',#5703);
#152=PLANE('',#5704);
#153=FACE_OUTER_BOUND('',#460,.T.);
#154=FACE_OUTER_BOUND('',#461,.T.);
#155=FACE_OUTER_BOUND('',#462,.T.);
#156=FACE_OUTER_BOUND('',#463,.T.);
#157=FACE_OUTER_BOUND('',#464,.T.);
#158=FACE_OUTER_BOUND('',#465,.T.);
#159=FACE_OUTER_BOUND('',#466,.T.);
#160=FACE_OUTER_BOUND('',#467,.T.);
#161=FACE_OUTER_BOUND('',#468,.T.);
#162=FACE_OUTER_BOUND('',#469,.T.);
#163=FACE_OUTER_BOUND('',#470,.T.);
#164=FACE_OUTER_BOUND('',#471,.T.);
#165=FACE_OUTER_BOUND('',#472,.T.);
#166=FACE_OUTER_BOUND('',#473,.T.);
#167=FACE_OUTER_BOUND('',#474,.T.);
#168=FACE_OUTER_BOUND('',#475,.T.);
#169=FACE_OUTER_BOUND('',#476,.T.);
#170=FACE_OUTER_BOUND('',#477,.T.);
#171=FACE_OUTER_BOUND('',#478,.T.);
#172=FACE_OUTER_BOUND('',#479,.T.);
#173=FACE_OUTER_BOUND('',#480,.T.);
#174=FACE_OUTER_BOUND('',#481,.T.);
#175=FACE_OUTER_BOUND('',#482,.T.);
#176=FACE_OUTER_BOUND('',#483,.T.);
#177=FACE_OUTER_BOUND('',#484,.T.);
#178=FACE_OUTER_BOUND('',#485,.T.);
#179=FACE_OUTER_BOUND('',#486,.T.);
#180=FACE_OUTER_BOUND('',#487,.T.);
#181=FACE_OUTER_BOUND('',#488,.T.);
#182=FACE_OUTER_BOUND('',#489,.T.);
#183=FACE_OUTER_BOUND('',#490,.T.);
#184=FACE_OUTER_BOUND('',#491,.T.);
#185=FACE_OUTER_BOUND('',#492,.T.);
#186=FACE_OUTER_BOUND('',#493,.T.);
#187=FACE_OUTER_BOUND('',#494,.T.);
#188=FACE_OUTER_BOUND('',#495,.T.);
#189=FACE_OUTER_BOUND('',#496,.T.);
#190=FACE_OUTER_BOUND('',#497,.T.);
#191=FACE_OUTER_BOUND('',#498,.T.);
#192=FACE_OUTER_BOUND('',#499,.T.);
#193=FACE_OUTER_BOUND('',#500,.T.);
#194=FACE_OUTER_BOUND('',#501,.T.);
#195=FACE_OUTER_BOUND('',#502,.T.);
#196=FACE_OUTER_BOUND('',#503,.T.);
#197=FACE_OUTER_BOUND('',#504,.T.);
#198=FACE_OUTER_BOUND('',#505,.T.);
#199=FACE_OUTER_BOUND('',#506,.T.);
#200=FACE_OUTER_BOUND('',#507,.T.);
#201=FACE_OUTER_BOUND('',#508,.T.);
#202=FACE_OUTER_BOUND('',#509,.T.);
#203=FACE_OUTER_BOUND('',#510,.T.);
#204=FACE_OUTER_BOUND('',#511,.T.);
#205=FACE_OUTER_BOUND('',#512,.T.);
#206=FACE_OUTER_BOUND('',#513,.T.);
#207=FACE_OUTER_BOUND('',#514,.T.);
#208=FACE_OUTER_BOUND('',#515,.T.);
#209=FACE_OUTER_BOUND('',#517,.T.);
#210=FACE_OUTER_BOUND('',#519,.T.);
#211=FACE_OUTER_BOUND('',#520,.T.);
#212=FACE_OUTER_BOUND('',#521,.T.);
#213=FACE_OUTER_BOUND('',#522,.T.);
#214=FACE_OUTER_BOUND('',#523,.T.);
#215=FACE_OUTER_BOUND('',#524,.T.);
#216=FACE_OUTER_BOUND('',#525,.T.);
#217=FACE_OUTER_BOUND('',#526,.T.);
#218=FACE_OUTER_BOUND('',#527,.T.);
#219=FACE_OUTER_BOUND('',#528,.T.);
#220=FACE_OUTER_BOUND('',#529,.T.);
#221=FACE_OUTER_BOUND('',#530,.T.);
#222=FACE_OUTER_BOUND('',#531,.T.);
#223=FACE_OUTER_BOUND('',#532,.T.);
#224=FACE_OUTER_BOUND('',#533,.T.);
#225=FACE_OUTER_BOUND('',#534,.T.);
#226=FACE_OUTER_BOUND('',#535,.T.);
#227=FACE_OUTER_BOUND('',#536,.T.);
#228=FACE_OUTER_BOUND('',#537,.T.);
#229=FACE_OUTER_BOUND('',#538,.T.);
#230=FACE_OUTER_BOUND('',#539,.T.);
#231=FACE_OUTER_BOUND('',#540,.T.);
#232=FACE_OUTER_BOUND('',#541,.T.);
#233=FACE_OUTER_BOUND('',#542,.T.);
#234=FACE_OUTER_BOUND('',#543,.T.);
#235=FACE_OUTER_BOUND('',#544,.T.);
#236=FACE_OUTER_BOUND('',#545,.T.);
#237=FACE_OUTER_BOUND('',#546,.T.);
#238=FACE_OUTER_BOUND('',#547,.T.);
#239=FACE_OUTER_BOUND('',#548,.T.);
#240=FACE_OUTER_BOUND('',#549,.T.);
#241=FACE_OUTER_BOUND('',#550,.T.);
#242=FACE_OUTER_BOUND('',#551,.T.);
#243=FACE_OUTER_BOUND('',#552,.T.);
#244=FACE_OUTER_BOUND('',#555,.T.);
#245=FACE_OUTER_BOUND('',#558,.T.);
#246=FACE_OUTER_BOUND('',#559,.T.);
#247=FACE_OUTER_BOUND('',#560,.T.);
#248=FACE_OUTER_BOUND('',#561,.T.);
#249=FACE_OUTER_BOUND('',#562,.T.);
#250=FACE_OUTER_BOUND('',#563,.T.);
#251=FACE_OUTER_BOUND('',#564,.T.);
#252=FACE_OUTER_BOUND('',#565,.T.);
#253=FACE_OUTER_BOUND('',#566,.T.);
#254=FACE_OUTER_BOUND('',#567,.T.);
#255=FACE_OUTER_BOUND('',#568,.T.);
#256=FACE_OUTER_BOUND('',#569,.T.);
#257=FACE_OUTER_BOUND('',#570,.T.);
#258=FACE_OUTER_BOUND('',#571,.T.);
#259=FACE_OUTER_BOUND('',#572,.T.);
#260=FACE_OUTER_BOUND('',#573,.T.);
#261=FACE_OUTER_BOUND('',#574,.T.);
#262=FACE_OUTER_BOUND('',#575,.T.);
#263=FACE_OUTER_BOUND('',#576,.T.);
#264=FACE_OUTER_BOUND('',#577,.T.);
#265=FACE_OUTER_BOUND('',#578,.T.);
#266=FACE_OUTER_BOUND('',#579,.T.);
#267=FACE_OUTER_BOUND('',#580,.T.);
#268=FACE_OUTER_BOUND('',#581,.T.);
#269=FACE_OUTER_BOUND('',#582,.T.);
#270=FACE_OUTER_BOUND('',#583,.T.);
#271=FACE_OUTER_BOUND('',#584,.T.);
#272=FACE_OUTER_BOUND('',#585,.T.);
#273=FACE_OUTER_BOUND('',#586,.T.);
#274=FACE_OUTER_BOUND('',#588,.T.);
#275=FACE_OUTER_BOUND('',#590,.T.);
#276=FACE_OUTER_BOUND('',#591,.T.);
#277=FACE_OUTER_BOUND('',#592,.T.);
#278=FACE_OUTER_BOUND('',#593,.T.);
#279=FACE_OUTER_BOUND('',#594,.T.);
#280=FACE_OUTER_BOUND('',#595,.T.);
#281=FACE_OUTER_BOUND('',#596,.T.);
#282=FACE_OUTER_BOUND('',#597,.T.);
#283=FACE_OUTER_BOUND('',#598,.T.);
#284=FACE_OUTER_BOUND('',#599,.T.);
#285=FACE_OUTER_BOUND('',#600,.T.);
#286=FACE_OUTER_BOUND('',#601,.T.);
#287=FACE_OUTER_BOUND('',#602,.T.);
#288=FACE_OUTER_BOUND('',#603,.T.);
#289=FACE_OUTER_BOUND('',#604,.T.);
#290=FACE_OUTER_BOUND('',#606,.T.);
#291=FACE_OUTER_BOUND('',#608,.T.);
#292=FACE_OUTER_BOUND('',#609,.T.);
#293=FACE_OUTER_BOUND('',#610,.T.);
#294=FACE_OUTER_BOUND('',#611,.T.);
#295=FACE_OUTER_BOUND('',#612,.T.);
#296=FACE_OUTER_BOUND('',#613,.T.);
#297=FACE_OUTER_BOUND('',#614,.T.);
#298=FACE_OUTER_BOUND('',#615,.T.);
#299=FACE_OUTER_BOUND('',#616,.T.);
#300=FACE_OUTER_BOUND('',#617,.T.);
#301=FACE_OUTER_BOUND('',#618,.T.);
#302=FACE_OUTER_BOUND('',#619,.T.);
#303=FACE_OUTER_BOUND('',#620,.T.);
#304=FACE_OUTER_BOUND('',#621,.T.);
#305=FACE_OUTER_BOUND('',#622,.T.);
#306=FACE_OUTER_BOUND('',#623,.T.);
#307=FACE_OUTER_BOUND('',#624,.T.);
#308=FACE_OUTER_BOUND('',#625,.T.);
#309=FACE_OUTER_BOUND('',#626,.T.);
#310=FACE_OUTER_BOUND('',#627,.T.);
#311=FACE_OUTER_BOUND('',#628,.T.);
#312=FACE_OUTER_BOUND('',#629,.T.);
#313=FACE_OUTER_BOUND('',#630,.T.);
#314=FACE_OUTER_BOUND('',#631,.T.);
#315=FACE_OUTER_BOUND('',#632,.T.);
#316=FACE_OUTER_BOUND('',#633,.T.);
#317=FACE_OUTER_BOUND('',#634,.T.);
#318=FACE_OUTER_BOUND('',#635,.T.);
#319=FACE_OUTER_BOUND('',#636,.T.);
#320=FACE_OUTER_BOUND('',#637,.T.);
#321=FACE_OUTER_BOUND('',#638,.T.);
#322=FACE_OUTER_BOUND('',#639,.T.);
#323=FACE_OUTER_BOUND('',#640,.T.);
#324=FACE_OUTER_BOUND('',#641,.T.);
#325=FACE_OUTER_BOUND('',#642,.T.);
#326=FACE_OUTER_BOUND('',#643,.T.);
#327=FACE_OUTER_BOUND('',#644,.T.);
#328=FACE_OUTER_BOUND('',#645,.T.);
#329=FACE_OUTER_BOUND('',#646,.T.);
#330=FACE_OUTER_BOUND('',#647,.T.);
#331=FACE_OUTER_BOUND('',#648,.T.);
#332=FACE_OUTER_BOUND('',#649,.T.);
#333=FACE_OUTER_BOUND('',#650,.T.);
#334=FACE_OUTER_BOUND('',#651,.T.);
#335=FACE_OUTER_BOUND('',#652,.T.);
#336=FACE_OUTER_BOUND('',#653,.T.);
#337=FACE_OUTER_BOUND('',#654,.T.);
#338=FACE_OUTER_BOUND('',#655,.T.);
#339=FACE_OUTER_BOUND('',#656,.T.);
#340=FACE_OUTER_BOUND('',#657,.T.);
#341=FACE_OUTER_BOUND('',#658,.T.);
#342=FACE_OUTER_BOUND('',#659,.T.);
#343=FACE_OUTER_BOUND('',#660,.T.);
#344=FACE_OUTER_BOUND('',#661,.T.);
#345=FACE_OUTER_BOUND('',#662,.T.);
#346=FACE_OUTER_BOUND('',#663,.T.);
#347=FACE_OUTER_BOUND('',#664,.T.);
#348=FACE_OUTER_BOUND('',#665,.T.);
#349=FACE_OUTER_BOUND('',#666,.T.);
#350=FACE_OUTER_BOUND('',#667,.T.);
#351=FACE_OUTER_BOUND('',#668,.T.);
#352=FACE_OUTER_BOUND('',#669,.T.);
#353=FACE_OUTER_BOUND('',#670,.T.);
#354=FACE_OUTER_BOUND('',#671,.T.);
#355=FACE_OUTER_BOUND('',#672,.T.);
#356=FACE_OUTER_BOUND('',#673,.T.);
#357=FACE_OUTER_BOUND('',#674,.T.);
#358=FACE_OUTER_BOUND('',#675,.T.);
#359=FACE_OUTER_BOUND('',#676,.T.);
#360=FACE_OUTER_BOUND('',#677,.T.);
#361=FACE_OUTER_BOUND('',#678,.T.);
#362=FACE_OUTER_BOUND('',#679,.T.);
#363=FACE_OUTER_BOUND('',#680,.T.);
#364=FACE_OUTER_BOUND('',#681,.T.);
#365=FACE_OUTER_BOUND('',#682,.T.);
#366=FACE_OUTER_BOUND('',#683,.T.);
#367=FACE_OUTER_BOUND('',#684,.T.);
#368=FACE_OUTER_BOUND('',#685,.T.);
#369=FACE_OUTER_BOUND('',#686,.T.);
#370=FACE_OUTER_BOUND('',#687,.T.);
#371=FACE_OUTER_BOUND('',#688,.T.);
#372=FACE_OUTER_BOUND('',#689,.T.);
#373=FACE_OUTER_BOUND('',#690,.T.);
#374=FACE_OUTER_BOUND('',#691,.T.);
#375=FACE_OUTER_BOUND('',#692,.T.);
#376=FACE_OUTER_BOUND('',#693,.T.);
#377=FACE_OUTER_BOUND('',#694,.T.);
#378=FACE_OUTER_BOUND('',#695,.T.);
#379=FACE_OUTER_BOUND('',#696,.T.);
#380=FACE_OUTER_BOUND('',#697,.T.);
#381=FACE_OUTER_BOUND('',#698,.T.);
#382=FACE_OUTER_BOUND('',#699,.T.);
#383=FACE_OUTER_BOUND('',#700,.T.);
#384=FACE_OUTER_BOUND('',#701,.T.);
#385=FACE_OUTER_BOUND('',#702,.T.);
#386=FACE_OUTER_BOUND('',#703,.T.);
#387=FACE_OUTER_BOUND('',#704,.T.);
#388=FACE_OUTER_BOUND('',#705,.T.);
#389=FACE_OUTER_BOUND('',#706,.T.);
#390=FACE_OUTER_BOUND('',#707,.T.);
#391=FACE_OUTER_BOUND('',#708,.T.);
#392=FACE_OUTER_BOUND('',#709,.T.);
#393=FACE_OUTER_BOUND('',#710,.T.);
#394=FACE_OUTER_BOUND('',#711,.T.);
#395=FACE_OUTER_BOUND('',#712,.T.);
#396=FACE_OUTER_BOUND('',#713,.T.);
#397=FACE_OUTER_BOUND('',#714,.T.);
#398=FACE_OUTER_BOUND('',#715,.T.);
#399=FACE_OUTER_BOUND('',#716,.T.);
#400=FACE_OUTER_BOUND('',#717,.T.);
#401=FACE_OUTER_BOUND('',#718,.T.);
#402=FACE_OUTER_BOUND('',#719,.T.);
#403=FACE_OUTER_BOUND('',#720,.T.);
#404=FACE_OUTER_BOUND('',#721,.T.);
#405=FACE_OUTER_BOUND('',#722,.T.);
#406=FACE_OUTER_BOUND('',#723,.T.);
#407=FACE_OUTER_BOUND('',#724,.T.);
#408=FACE_OUTER_BOUND('',#725,.T.);
#409=FACE_OUTER_BOUND('',#726,.T.);
#410=FACE_OUTER_BOUND('',#727,.T.);
#411=FACE_OUTER_BOUND('',#728,.T.);
#412=FACE_OUTER_BOUND('',#729,.T.);
#413=FACE_OUTER_BOUND('',#730,.T.);
#414=FACE_OUTER_BOUND('',#731,.T.);
#415=FACE_OUTER_BOUND('',#732,.T.);
#416=FACE_OUTER_BOUND('',#733,.T.);
#417=FACE_OUTER_BOUND('',#734,.T.);
#418=FACE_OUTER_BOUND('',#735,.T.);
#419=FACE_OUTER_BOUND('',#736,.T.);
#420=FACE_OUTER_BOUND('',#737,.T.);
#421=FACE_OUTER_BOUND('',#738,.T.);
#422=FACE_OUTER_BOUND('',#739,.T.);
#423=FACE_OUTER_BOUND('',#740,.T.);
#424=FACE_OUTER_BOUND('',#741,.T.);
#425=FACE_OUTER_BOUND('',#742,.T.);
#426=FACE_OUTER_BOUND('',#744,.T.);
#427=FACE_OUTER_BOUND('',#746,.T.);
#428=FACE_OUTER_BOUND('',#747,.T.);
#429=FACE_OUTER_BOUND('',#748,.T.);
#430=FACE_OUTER_BOUND('',#749,.T.);
#431=FACE_OUTER_BOUND('',#750,.T.);
#432=FACE_OUTER_BOUND('',#751,.T.);
#433=FACE_OUTER_BOUND('',#752,.T.);
#434=FACE_OUTER_BOUND('',#753,.T.);
#435=FACE_OUTER_BOUND('',#754,.T.);
#436=FACE_OUTER_BOUND('',#755,.T.);
#437=FACE_OUTER_BOUND('',#756,.T.);
#438=FACE_OUTER_BOUND('',#757,.T.);
#439=FACE_OUTER_BOUND('',#758,.T.);
#440=FACE_OUTER_BOUND('',#759,.T.);
#441=FACE_OUTER_BOUND('',#760,.T.);
#442=FACE_OUTER_BOUND('',#761,.T.);
#443=FACE_OUTER_BOUND('',#762,.T.);
#444=FACE_OUTER_BOUND('',#763,.T.);
#445=FACE_OUTER_BOUND('',#764,.T.);
#446=FACE_OUTER_BOUND('',#765,.T.);
#447=FACE_OUTER_BOUND('',#766,.T.);
#448=FACE_OUTER_BOUND('',#767,.T.);
#449=FACE_OUTER_BOUND('',#768,.T.);
#450=FACE_OUTER_BOUND('',#769,.T.);
#451=FACE_OUTER_BOUND('',#770,.T.);
#452=FACE_OUTER_BOUND('',#771,.T.);
#453=FACE_OUTER_BOUND('',#772,.T.);
#454=FACE_OUTER_BOUND('',#773,.T.);
#455=FACE_OUTER_BOUND('',#774,.T.);
#456=FACE_OUTER_BOUND('',#775,.T.);
#457=FACE_OUTER_BOUND('',#776,.T.);
#458=FACE_OUTER_BOUND('',#777,.T.);
#459=FACE_OUTER_BOUND('',#778,.T.);
#460=EDGE_LOOP('',(#3400,#3401,#3402,#3403));
#461=EDGE_LOOP('',(#3404,#3405,#3406,#3407));
#462=EDGE_LOOP('',(#3408,#3409,#3410,#3411));
#463=EDGE_LOOP('',(#3412,#3413,#3414,#3415));
#464=EDGE_LOOP('',(#3416,#3417,#3418,#3419));
#465=EDGE_LOOP('',(#3420,#3421,#3422,#3423));
#466=EDGE_LOOP('',(#3424,#3425,#3426,#3427));
#467=EDGE_LOOP('',(#3428,#3429,#3430,#3431));
#468=EDGE_LOOP('',(#3432,#3433,#3434,#3435));
#469=EDGE_LOOP('',(#3436,#3437,#3438,#3439));
#470=EDGE_LOOP('',(#3440,#3441,#3442,#3443));
#471=EDGE_LOOP('',(#3444,#3445,#3446,#3447));
#472=EDGE_LOOP('',(#3448,#3449,#3450,#3451));
#473=EDGE_LOOP('',(#3452,#3453,#3454,#3455));
#474=EDGE_LOOP('',(#3456,#3457,#3458,#3459));
#475=EDGE_LOOP('',(#3460,#3461,#3462,#3463));
#476=EDGE_LOOP('',(#3464,#3465,#3466,#3467));
#477=EDGE_LOOP('',(#3468,#3469,#3470,#3471));
#478=EDGE_LOOP('',(#3472,#3473,#3474,#3475));
#479=EDGE_LOOP('',(#3476,#3477,#3478,#3479));
#480=EDGE_LOOP('',(#3480,#3481,#3482,#3483));
#481=EDGE_LOOP('',(#3484,#3485,#3486,#3487));
#482=EDGE_LOOP('',(#3488,#3489,#3490,#3491,#3492,#3493,#3494,#3495,#3496,
#3497,#3498,#3499,#3500,#3501,#3502,#3503,#3504,#3505,#3506,#3507,#3508,
#3509));
#483=EDGE_LOOP('',(#3510,#3511,#3512,#3513,#3514,#3515,#3516,#3517,#3518,
#3519,#3520,#3521,#3522,#3523,#3524,#3525,#3526,#3527,#3528,#3529,#3530,
#3531));
#484=EDGE_LOOP('',(#3532,#3533,#3534,#3535));
#485=EDGE_LOOP('',(#3536,#3537,#3538,#3539));
#486=EDGE_LOOP('',(#3540,#3541,#3542,#3543));
#487=EDGE_LOOP('',(#3544,#3545,#3546,#3547));
#488=EDGE_LOOP('',(#3548,#3549,#3550,#3551));
#489=EDGE_LOOP('',(#3552,#3553,#3554,#3555));
#490=EDGE_LOOP('',(#3556,#3557,#3558,#3559));
#491=EDGE_LOOP('',(#3560,#3561,#3562,#3563));
#492=EDGE_LOOP('',(#3564,#3565,#3566,#3567));
#493=EDGE_LOOP('',(#3568,#3569,#3570,#3571,#3572,#3573,#3574,#3575,#3576));
#494=EDGE_LOOP('',(#3577,#3578,#3579,#3580,#3581,#3582,#3583,#3584,#3585));
#495=EDGE_LOOP('',(#3586,#3587,#3588,#3589));
#496=EDGE_LOOP('',(#3590,#3591,#3592,#3593));
#497=EDGE_LOOP('',(#3594,#3595,#3596,#3597));
#498=EDGE_LOOP('',(#3598,#3599,#3600,#3601));
#499=EDGE_LOOP('',(#3602,#3603,#3604,#3605));
#500=EDGE_LOOP('',(#3606,#3607,#3608,#3609));
#501=EDGE_LOOP('',(#3610,#3611,#3612,#3613));
#502=EDGE_LOOP('',(#3614,#3615,#3616,#3617));
#503=EDGE_LOOP('',(#3618,#3619,#3620,#3621));
#504=EDGE_LOOP('',(#3622,#3623,#3624,#3625));
#505=EDGE_LOOP('',(#3626,#3627,#3628,#3629));
#506=EDGE_LOOP('',(#3630,#3631,#3632,#3633));
#507=EDGE_LOOP('',(#3634,#3635,#3636,#3637));
#508=EDGE_LOOP('',(#3638,#3639,#3640,#3641));
#509=EDGE_LOOP('',(#3642,#3643,#3644,#3645));
#510=EDGE_LOOP('',(#3646,#3647,#3648,#3649));
#511=EDGE_LOOP('',(#3650,#3651,#3652,#3653));
#512=EDGE_LOOP('',(#3654,#3655,#3656,#3657));
#513=EDGE_LOOP('',(#3658,#3659,#3660,#3661));
#514=EDGE_LOOP('',(#3662,#3663,#3664,#3665));
#515=EDGE_LOOP('',(#3666,#3667,#3668,#3669,#3670,#3671,#3672,#3673,#3674,
#3675,#3676,#3677));
#516=EDGE_LOOP('',(#3678,#3679,#3680,#3681,#3682,#3683,#3684,#3685));
#517=EDGE_LOOP('',(#3686,#3687,#3688,#3689,#3690,#3691,#3692,#3693,#3694,
#3695,#3696,#3697));
#518=EDGE_LOOP('',(#3698,#3699,#3700,#3701,#3702,#3703,#3704,#3705));
#519=EDGE_LOOP('',(#3706,#3707,#3708,#3709));
#520=EDGE_LOOP('',(#3710,#3711,#3712,#3713));
#521=EDGE_LOOP('',(#3714,#3715,#3716,#3717));
#522=EDGE_LOOP('',(#3718,#3719,#3720,#3721));
#523=EDGE_LOOP('',(#3722,#3723,#3724,#3725));
#524=EDGE_LOOP('',(#3726,#3727,#3728,#3729));
#525=EDGE_LOOP('',(#3730,#3731,#3732,#3733));
#526=EDGE_LOOP('',(#3734,#3735,#3736,#3737));
#527=EDGE_LOOP('',(#3738,#3739,#3740,#3741));
#528=EDGE_LOOP('',(#3742,#3743,#3744,#3745));
#529=EDGE_LOOP('',(#3746,#3747,#3748,#3749));
#530=EDGE_LOOP('',(#3750,#3751,#3752,#3753));
#531=EDGE_LOOP('',(#3754,#3755,#3756,#3757));
#532=EDGE_LOOP('',(#3758,#3759,#3760,#3761));
#533=EDGE_LOOP('',(#3762,#3763,#3764,#3765));
#534=EDGE_LOOP('',(#3766,#3767,#3768,#3769));
#535=EDGE_LOOP('',(#3770,#3771,#3772,#3773));
#536=EDGE_LOOP('',(#3774,#3775,#3776,#3777));
#537=EDGE_LOOP('',(#3778,#3779,#3780,#3781));
#538=EDGE_LOOP('',(#3782,#3783,#3784,#3785));
#539=EDGE_LOOP('',(#3786,#3787,#3788,#3789));
#540=EDGE_LOOP('',(#3790,#3791,#3792,#3793));
#541=EDGE_LOOP('',(#3794,#3795,#3796,#3797));
#542=EDGE_LOOP('',(#3798,#3799,#3800,#3801));
#543=EDGE_LOOP('',(#3802,#3803,#3804,#3805));
#544=EDGE_LOOP('',(#3806,#3807,#3808,#3809));
#545=EDGE_LOOP('',(#3810,#3811,#3812,#3813));
#546=EDGE_LOOP('',(#3814,#3815,#3816,#3817));
#547=EDGE_LOOP('',(#3818,#3819,#3820,#3821));
#548=EDGE_LOOP('',(#3822,#3823,#3824,#3825));
#549=EDGE_LOOP('',(#3826,#3827,#3828,#3829));
#550=EDGE_LOOP('',(#3830,#3831,#3832,#3833));
#551=EDGE_LOOP('',(#3834,#3835,#3836,#3837));
#552=EDGE_LOOP('',(#3838,#3839,#3840,#3841,#3842,#3843,#3844,#3845,#3846,
#3847,#3848,#3849,#3850,#3851,#3852,#3853));
#553=EDGE_LOOP('',(#3854,#3855,#3856,#3857,#3858,#3859,#3860,#3861));
#554=EDGE_LOOP('',(#3862,#3863,#3864,#3865,#3866,#3867,#3868,#3869,#3870));
#555=EDGE_LOOP('',(#3871,#3872,#3873,#3874,#3875,#3876,#3877,#3878,#3879,
#3880,#3881,#3882,#3883,#3884,#3885,#3886));
#556=EDGE_LOOP('',(#3887,#3888,#3889,#3890,#3891,#3892,#3893,#3894));
#557=EDGE_LOOP('',(#3895,#3896,#3897,#3898,#3899,#3900,#3901,#3902,#3903));
#558=EDGE_LOOP('',(#3904,#3905,#3906,#3907));
#559=EDGE_LOOP('',(#3908,#3909,#3910,#3911));
#560=EDGE_LOOP('',(#3912,#3913,#3914,#3915));
#561=EDGE_LOOP('',(#3916,#3917,#3918,#3919));
#562=EDGE_LOOP('',(#3920,#3921,#3922,#3923));
#563=EDGE_LOOP('',(#3924,#3925,#3926,#3927));
#564=EDGE_LOOP('',(#3928,#3929,#3930,#3931));
#565=EDGE_LOOP('',(#3932,#3933,#3934,#3935));
#566=EDGE_LOOP('',(#3936,#3937,#3938,#3939));
#567=EDGE_LOOP('',(#3940,#3941,#3942,#3943));
#568=EDGE_LOOP('',(#3944,#3945,#3946,#3947));
#569=EDGE_LOOP('',(#3948,#3949,#3950,#3951));
#570=EDGE_LOOP('',(#3952,#3953,#3954,#3955));
#571=EDGE_LOOP('',(#3956,#3957,#3958,#3959));
#572=EDGE_LOOP('',(#3960,#3961,#3962,#3963));
#573=EDGE_LOOP('',(#3964,#3965,#3966,#3967));
#574=EDGE_LOOP('',(#3968,#3969,#3970,#3971));
#575=EDGE_LOOP('',(#3972,#3973,#3974,#3975));
#576=EDGE_LOOP('',(#3976,#3977,#3978,#3979));
#577=EDGE_LOOP('',(#3980,#3981,#3982,#3983));
#578=EDGE_LOOP('',(#3984,#3985,#3986,#3987));
#579=EDGE_LOOP('',(#3988,#3989,#3990,#3991));
#580=EDGE_LOOP('',(#3992,#3993,#3994,#3995));
#581=EDGE_LOOP('',(#3996,#3997,#3998,#3999));
#582=EDGE_LOOP('',(#4000,#4001,#4002,#4003));
#583=EDGE_LOOP('',(#4004,#4005,#4006,#4007));
#584=EDGE_LOOP('',(#4008,#4009,#4010,#4011));
#585=EDGE_LOOP('',(#4012,#4013,#4014,#4015));
#586=EDGE_LOOP('',(#4016,#4017,#4018,#4019,#4020,#4021,#4022,#4023,#4024,
#4025,#4026,#4027,#4028,#4029,#4030,#4031,#4032,#4033,#4034));
#587=EDGE_LOOP('',(#4035,#4036,#4037,#4038,#4039,#4040,#4041,#4042,#4043));
#588=EDGE_LOOP('',(#4044,#4045,#4046,#4047,#4048,#4049,#4050,#4051,#4052,
#4053,#4054,#4055,#4056,#4057,#4058,#4059,#4060,#4061,#4062));
#589=EDGE_LOOP('',(#4063,#4064,#4065,#4066,#4067,#4068,#4069,#4070,#4071));
#590=EDGE_LOOP('',(#4072,#4073,#4074,#4075));
#591=EDGE_LOOP('',(#4076,#4077,#4078,#4079));
#592=EDGE_LOOP('',(#4080,#4081,#4082,#4083));
#593=EDGE_LOOP('',(#4084,#4085,#4086,#4087));
#594=EDGE_LOOP('',(#4088,#4089,#4090,#4091));
#595=EDGE_LOOP('',(#4092,#4093,#4094,#4095));
#596=EDGE_LOOP('',(#4096,#4097,#4098,#4099));
#597=EDGE_LOOP('',(#4100,#4101,#4102,#4103));
#598=EDGE_LOOP('',(#4104,#4105,#4106,#4107));
#599=EDGE_LOOP('',(#4108,#4109,#4110,#4111));
#600=EDGE_LOOP('',(#4112,#4113,#4114,#4115));
#601=EDGE_LOOP('',(#4116,#4117,#4118,#4119));
#602=EDGE_LOOP('',(#4120,#4121,#4122,#4123));
#603=EDGE_LOOP('',(#4124,#4125,#4126,#4127));
#604=EDGE_LOOP('',(#4128,#4129,#4130,#4131,#4132,#4133,#4134,#4135,#4136,
#4137,#4138));
#605=EDGE_LOOP('',(#4139,#4140,#4141));
#606=EDGE_LOOP('',(#4142,#4143,#4144,#4145,#4146,#4147,#4148,#4149,#4150,
#4151,#4152));
#607=EDGE_LOOP('',(#4153,#4154,#4155));
#608=EDGE_LOOP('',(#4156,#4157,#4158,#4159));
#609=EDGE_LOOP('',(#4160,#4161,#4162,#4163));
#610=EDGE_LOOP('',(#4164,#4165,#4166,#4167));
#611=EDGE_LOOP('',(#4168,#4169,#4170,#4171));
#612=EDGE_LOOP('',(#4172,#4173,#4174,#4175));
#613=EDGE_LOOP('',(#4176,#4177,#4178,#4179));
#614=EDGE_LOOP('',(#4180,#4181,#4182,#4183));
#615=EDGE_LOOP('',(#4184,#4185,#4186,#4187));
#616=EDGE_LOOP('',(#4188,#4189,#4190,#4191));
#617=EDGE_LOOP('',(#4192,#4193,#4194,#4195));
#618=EDGE_LOOP('',(#4196,#4197,#4198,#4199));
#619=EDGE_LOOP('',(#4200,#4201,#4202,#4203));
#620=EDGE_LOOP('',(#4204,#4205,#4206,#4207));
#621=EDGE_LOOP('',(#4208,#4209,#4210,#4211));
#622=EDGE_LOOP('',(#4212,#4213,#4214,#4215));
#623=EDGE_LOOP('',(#4216,#4217,#4218,#4219));
#624=EDGE_LOOP('',(#4220,#4221,#4222,#4223));
#625=EDGE_LOOP('',(#4224,#4225,#4226,#4227));
#626=EDGE_LOOP('',(#4228,#4229,#4230,#4231));
#627=EDGE_LOOP('',(#4232,#4233,#4234,#4235));
#628=EDGE_LOOP('',(#4236,#4237,#4238,#4239));
#629=EDGE_LOOP('',(#4240,#4241,#4242,#4243));
#630=EDGE_LOOP('',(#4244,#4245,#4246,#4247,#4248,#4249,#4250,#4251,#4252,
#4253,#4254,#4255,#4256,#4257,#4258,#4259,#4260,#4261,#4262,#4263,#4264,
#4265));
#631=EDGE_LOOP('',(#4266,#4267,#4268,#4269,#4270,#4271,#4272,#4273,#4274,
#4275,#4276,#4277,#4278,#4279,#4280,#4281,#4282,#4283,#4284,#4285,#4286,
#4287));
#632=EDGE_LOOP('',(#4288,#4289,#4290,#4291));
#633=EDGE_LOOP('',(#4292,#4293,#4294,#4295));
#634=EDGE_LOOP('',(#4296,#4297,#4298,#4299));
#635=EDGE_LOOP('',(#4300,#4301,#4302,#4303));
#636=EDGE_LOOP('',(#4304,#4305,#4306,#4307));
#637=EDGE_LOOP('',(#4308,#4309,#4310,#4311));
#638=EDGE_LOOP('',(#4312,#4313,#4314,#4315));
#639=EDGE_LOOP('',(#4316,#4317,#4318,#4319));
#640=EDGE_LOOP('',(#4320,#4321,#4322,#4323));
#641=EDGE_LOOP('',(#4324,#4325,#4326,#4327,#4328,#4329,#4330,#4331,#4332));
#642=EDGE_LOOP('',(#4333,#4334,#4335,#4336,#4337,#4338,#4339,#4340,#4341));
#643=EDGE_LOOP('',(#4342,#4343,#4344,#4345));
#644=EDGE_LOOP('',(#4346,#4347,#4348,#4349));
#645=EDGE_LOOP('',(#4350,#4351,#4352,#4353));
#646=EDGE_LOOP('',(#4354,#4355,#4356,#4357));
#647=EDGE_LOOP('',(#4358,#4359,#4360,#4361));
#648=EDGE_LOOP('',(#4362,#4363,#4364,#4365));
#649=EDGE_LOOP('',(#4366,#4367,#4368,#4369));
#650=EDGE_LOOP('',(#4370,#4371,#4372,#4373));
#651=EDGE_LOOP('',(#4374,#4375,#4376,#4377));
#652=EDGE_LOOP('',(#4378,#4379,#4380,#4381));
#653=EDGE_LOOP('',(#4382,#4383,#4384,#4385));
#654=EDGE_LOOP('',(#4386,#4387,#4388,#4389));
#655=EDGE_LOOP('',(#4390,#4391,#4392,#4393));
#656=EDGE_LOOP('',(#4394,#4395,#4396,#4397));
#657=EDGE_LOOP('',(#4398,#4399,#4400,#4401));
#658=EDGE_LOOP('',(#4402,#4403,#4404,#4405));
#659=EDGE_LOOP('',(#4406,#4407,#4408,#4409));
#660=EDGE_LOOP('',(#4410,#4411,#4412,#4413));
#661=EDGE_LOOP('',(#4414,#4415,#4416,#4417));
#662=EDGE_LOOP('',(#4418,#4419,#4420,#4421));
#663=EDGE_LOOP('',(#4422,#4423,#4424,#4425));
#664=EDGE_LOOP('',(#4426,#4427,#4428,#4429));
#665=EDGE_LOOP('',(#4430,#4431,#4432,#4433));
#666=EDGE_LOOP('',(#4434,#4435,#4436,#4437));
#667=EDGE_LOOP('',(#4438,#4439,#4440,#4441));
#668=EDGE_LOOP('',(#4442,#4443,#4444,#4445));
#669=EDGE_LOOP('',(#4446,#4447,#4448,#4449));
#670=EDGE_LOOP('',(#4450,#4451,#4452,#4453));
#671=EDGE_LOOP('',(#4454,#4455,#4456,#4457));
#672=EDGE_LOOP('',(#4458,#4459,#4460,#4461));
#673=EDGE_LOOP('',(#4462,#4463,#4464,#4465,#4466,#4467,#4468,#4469,#4470,
#4471,#4472,#4473,#4474,#4475,#4476,#4477,#4478,#4479,#4480,#4481,#4482,
#4483,#4484,#4485,#4486,#4487,#4488,#4489,#4490,#4491));
#674=EDGE_LOOP('',(#4492,#4493,#4494,#4495,#4496,#4497,#4498,#4499,#4500,
#4501,#4502,#4503,#4504,#4505,#4506,#4507,#4508,#4509,#4510,#4511,#4512,
#4513,#4514,#4515,#4516,#4517,#4518,#4519,#4520,#4521));
#675=EDGE_LOOP('',(#4522,#4523,#4524,#4525));
#676=EDGE_LOOP('',(#4526,#4527,#4528,#4529));
#677=EDGE_LOOP('',(#4530,#4531,#4532,#4533));
#678=EDGE_LOOP('',(#4534,#4535,#4536,#4537));
#679=EDGE_LOOP('',(#4538,#4539,#4540,#4541));
#680=EDGE_LOOP('',(#4542,#4543,#4544,#4545));
#681=EDGE_LOOP('',(#4546,#4547,#4548,#4549));
#682=EDGE_LOOP('',(#4550,#4551,#4552,#4553));
#683=EDGE_LOOP('',(#4554,#4555,#4556,#4557));
#684=EDGE_LOOP('',(#4558,#4559,#4560,#4561));
#685=EDGE_LOOP('',(#4562,#4563,#4564,#4565));
#686=EDGE_LOOP('',(#4566,#4567,#4568,#4569));
#687=EDGE_LOOP('',(#4570,#4571,#4572,#4573));
#688=EDGE_LOOP('',(#4574,#4575,#4576,#4577));
#689=EDGE_LOOP('',(#4578,#4579,#4580,#4581));
#690=EDGE_LOOP('',(#4582,#4583,#4584,#4585));
#691=EDGE_LOOP('',(#4586,#4587,#4588,#4589));
#692=EDGE_LOOP('',(#4590,#4591,#4592,#4593));
#693=EDGE_LOOP('',(#4594,#4595,#4596,#4597));
#694=EDGE_LOOP('',(#4598,#4599,#4600,#4601));
#695=EDGE_LOOP('',(#4602,#4603,#4604,#4605));
#696=EDGE_LOOP('',(#4606,#4607,#4608,#4609));
#697=EDGE_LOOP('',(#4610,#4611,#4612,#4613,#4614,#4615,#4616,#4617,#4618,
#4619,#4620,#4621,#4622,#4623,#4624,#4625,#4626,#4627,#4628,#4629,#4630,
#4631));
#698=EDGE_LOOP('',(#4632,#4633,#4634,#4635,#4636,#4637,#4638,#4639,#4640,
#4641,#4642,#4643,#4644,#4645,#4646,#4647,#4648,#4649,#4650,#4651,#4652,
#4653));
#699=EDGE_LOOP('',(#4654,#4655,#4656,#4657));
#700=EDGE_LOOP('',(#4658,#4659,#4660,#4661));
#701=EDGE_LOOP('',(#4662,#4663,#4664,#4665));
#702=EDGE_LOOP('',(#4666,#4667,#4668,#4669));
#703=EDGE_LOOP('',(#4670,#4671,#4672,#4673));
#704=EDGE_LOOP('',(#4674,#4675,#4676,#4677));
#705=EDGE_LOOP('',(#4678,#4679,#4680,#4681));
#706=EDGE_LOOP('',(#4682,#4683,#4684,#4685));
#707=EDGE_LOOP('',(#4686,#4687,#4688,#4689));
#708=EDGE_LOOP('',(#4690,#4691,#4692,#4693));
#709=EDGE_LOOP('',(#4694,#4695,#4696,#4697));
#710=EDGE_LOOP('',(#4698,#4699,#4700,#4701,#4702,#4703,#4704,#4705,#4706,
#4707,#4708));
#711=EDGE_LOOP('',(#4709,#4710,#4711,#4712,#4713,#4714,#4715,#4716,#4717,
#4718,#4719));
#712=EDGE_LOOP('',(#4720,#4721,#4722,#4723));
#713=EDGE_LOOP('',(#4724,#4725,#4726,#4727));
#714=EDGE_LOOP('',(#4728,#4729,#4730,#4731));
#715=EDGE_LOOP('',(#4732,#4733,#4734,#4735));
#716=EDGE_LOOP('',(#4736,#4737,#4738,#4739));
#717=EDGE_LOOP('',(#4740,#4741,#4742,#4743));
#718=EDGE_LOOP('',(#4744,#4745,#4746,#4747));
#719=EDGE_LOOP('',(#4748,#4749,#4750,#4751));
#720=EDGE_LOOP('',(#4752,#4753,#4754,#4755));
#721=EDGE_LOOP('',(#4756,#4757,#4758,#4759));
#722=EDGE_LOOP('',(#4760,#4761,#4762,#4763));
#723=EDGE_LOOP('',(#4764,#4765,#4766,#4767));
#724=EDGE_LOOP('',(#4768,#4769,#4770,#4771));
#725=EDGE_LOOP('',(#4772,#4773,#4774,#4775));
#726=EDGE_LOOP('',(#4776,#4777,#4778,#4779));
#727=EDGE_LOOP('',(#4780,#4781,#4782,#4783));
#728=EDGE_LOOP('',(#4784,#4785,#4786,#4787));
#729=EDGE_LOOP('',(#4788,#4789,#4790,#4791));
#730=EDGE_LOOP('',(#4792,#4793,#4794,#4795));
#731=EDGE_LOOP('',(#4796,#4797,#4798,#4799));
#732=EDGE_LOOP('',(#4800,#4801,#4802,#4803));
#733=EDGE_LOOP('',(#4804,#4805,#4806,#4807));
#734=EDGE_LOOP('',(#4808,#4809,#4810,#4811));
#735=EDGE_LOOP('',(#4812,#4813,#4814,#4815));
#736=EDGE_LOOP('',(#4816,#4817,#4818,#4819));
#737=EDGE_LOOP('',(#4820,#4821,#4822,#4823));
#738=EDGE_LOOP('',(#4824,#4825,#4826,#4827));
#739=EDGE_LOOP('',(#4828,#4829,#4830,#4831));
#740=EDGE_LOOP('',(#4832,#4833,#4834,#4835));
#741=EDGE_LOOP('',(#4836,#4837,#4838,#4839));
#742=EDGE_LOOP('',(#4840,#4841,#4842,#4843,#4844,#4845,#4846,#4847,#4848,
#4849,#4850,#4851,#4852,#4853,#4854,#4855,#4856,#4857,#4858,#4859,#4860,
#4861));
#743=EDGE_LOOP('',(#4862,#4863,#4864,#4865,#4866,#4867,#4868,#4869));
#744=EDGE_LOOP('',(#4870,#4871,#4872,#4873,#4874,#4875,#4876,#4877,#4878,
#4879,#4880,#4881,#4882,#4883,#4884,#4885,#4886,#4887,#4888,#4889,#4890,
#4891));
#745=EDGE_LOOP('',(#4892,#4893,#4894,#4895,#4896,#4897,#4898,#4899));
#746=EDGE_LOOP('',(#4900,#4901,#4902,#4903));
#747=EDGE_LOOP('',(#4904,#4905,#4906,#4907));
#748=EDGE_LOOP('',(#4908,#4909,#4910,#4911));
#749=EDGE_LOOP('',(#4912,#4913,#4914,#4915));
#750=EDGE_LOOP('',(#4916,#4917,#4918,#4919));
#751=EDGE_LOOP('',(#4920,#4921,#4922,#4923));
#752=EDGE_LOOP('',(#4924,#4925,#4926,#4927));
#753=EDGE_LOOP('',(#4928,#4929,#4930,#4931));
#754=EDGE_LOOP('',(#4932,#4933,#4934,#4935));
#755=EDGE_LOOP('',(#4936,#4937,#4938,#4939,#4940,#4941,#4942,#4943,#4944));
#756=EDGE_LOOP('',(#4945,#4946,#4947,#4948,#4949,#4950,#4951,#4952,#4953));
#757=EDGE_LOOP('',(#4954,#4955,#4956,#4957));
#758=EDGE_LOOP('',(#4958,#4959,#4960,#4961));
#759=EDGE_LOOP('',(#4962,#4963,#4964,#4965));
#760=EDGE_LOOP('',(#4966,#4967,#4968,#4969));
#761=EDGE_LOOP('',(#4970,#4971,#4972,#4973));
#762=EDGE_LOOP('',(#4974,#4975,#4976,#4977));
#763=EDGE_LOOP('',(#4978,#4979,#4980,#4981));
#764=EDGE_LOOP('',(#4982,#4983,#4984,#4985));
#765=EDGE_LOOP('',(#4986,#4987,#4988,#4989));
#766=EDGE_LOOP('',(#4990,#4991,#4992,#4993,#4994,#4995,#4996,#4997,#4998));
#767=EDGE_LOOP('',(#4999,#5000,#5001,#5002,#5003,#5004,#5005,#5006,#5007));
#768=EDGE_LOOP('',(#5008,#5009,#5010,#5011));
#769=EDGE_LOOP('',(#5012,#5013,#5014,#5015));
#770=EDGE_LOOP('',(#5016,#5017,#5018,#5019));
#771=EDGE_LOOP('',(#5020,#5021,#5022,#5023));
#772=EDGE_LOOP('',(#5024,#5025,#5026,#5027));
#773=EDGE_LOOP('',(#5028,#5029,#5030,#5031));
#774=EDGE_LOOP('',(#5032,#5033,#5034,#5035));
#775=EDGE_LOOP('',(#5036,#5037,#5038,#5039));
#776=EDGE_LOOP('',(#5040,#5041,#5042,#5043));
#777=EDGE_LOOP('',(#5044,#5045,#5046,#5047,#5048,#5049,#5050,#5051,#5052));
#778=EDGE_LOOP('',(#5053,#5054,#5055,#5056,#5057,#5058,#5059,#5060,#5061));
#779=LINE('',#6325,#1184);
#780=LINE('',#6332,#1185);
#781=LINE('',#6355,#1186);
#782=LINE('',#6378,#1187);
#783=LINE('',#6401,#1188);
#784=LINE('',#6424,#1189);
#785=LINE('',#6447,#1190);
#786=LINE('',#6470,#1191);
#787=LINE('',#6493,#1192);
#788=LINE('',#6516,#1193);
#789=LINE('',#6519,#1194);
#790=LINE('',#6521,#1195);
#791=LINE('',#6522,#1196);
#792=LINE('',#6545,#1197);
#793=LINE('',#6568,#1198);
#794=LINE('',#6591,#1199);
#795=LINE('',#6614,#1200);
#796=LINE('',#6637,#1201);
#797=LINE('',#6660,#1202);
#798=LINE('',#6683,#1203);
#799=LINE('',#6706,#1204);
#800=LINE('',#6729,#1205);
#801=LINE('',#6732,#1206);
#802=LINE('',#6734,#1207);
#803=LINE('',#6735,#1208);
#804=LINE('',#6738,#1209);
#805=LINE('',#6740,#1210);
#806=LINE('',#6741,#1211);
#807=LINE('',#6743,#1212);
#808=LINE('',#6744,#1213);
#809=LINE('',#6750,#1214);
#810=LINE('',#6752,#1215);
#811=LINE('',#6754,#1216);
#812=LINE('',#6755,#1217);
#813=LINE('',#6778,#1218);
#814=LINE('',#6801,#1219);
#815=LINE('',#6804,#1220);
#816=LINE('',#6806,#1221);
#817=LINE('',#6807,#1222);
#818=LINE('',#6830,#1223);
#819=LINE('',#6853,#1224);
#820=LINE('',#6856,#1225);
#821=LINE('',#6858,#1226);
#822=LINE('',#6859,#1227);
#823=LINE('',#6862,#1228);
#824=LINE('',#6864,#1229);
#825=LINE('',#6865,#1230);
#826=LINE('',#6867,#1231);
#827=LINE('',#6868,#1232);
#828=LINE('',#6889,#1233);
#829=LINE('',#6896,#1234);
#830=LINE('',#6919,#1235);
#831=LINE('',#6942,#1236);
#832=LINE('',#6965,#1237);
#833=LINE('',#6988,#1238);
#834=LINE('',#7011,#1239);
#835=LINE('',#7034,#1240);
#836=LINE('',#7073,#1241);
#837=LINE('',#7080,#1242);
#838=LINE('',#7103,#1243);
#839=LINE('',#7126,#1244);
#840=LINE('',#7149,#1245);
#841=LINE('',#7172,#1246);
#842=LINE('',#7195,#1247);
#843=LINE('',#7218,#1248);
#844=LINE('',#7241,#1249);
#845=LINE('',#7264,#1250);
#846=LINE('',#7287,#1251);
#847=LINE('',#7310,#1252);
#848=LINE('',#7351,#1253);
#849=LINE('',#7358,#1254);
#850=LINE('',#7381,#1255);
#851=LINE('',#7404,#1256);
#852=LINE('',#7427,#1257);
#853=LINE('',#7450,#1258);
#854=LINE('',#7473,#1259);
#855=LINE('',#7496,#1260);
#856=LINE('',#7519,#1261);
#857=LINE('',#7558,#1262);
#858=LINE('',#7565,#1263);
#859=LINE('',#7588,#1264);
#860=LINE('',#7611,#1265);
#861=LINE('',#7634,#1266);
#862=LINE('',#7657,#1267);
#863=LINE('',#7680,#1268);
#864=LINE('',#7703,#1269);
#865=LINE('',#7742,#1270);
#866=LINE('',#7749,#1271);
#867=LINE('',#7772,#1272);
#868=LINE('',#7795,#1273);
#869=LINE('',#7818,#1274);
#870=LINE('',#7841,#1275);
#871=LINE('',#7864,#1276);
#872=LINE('',#7887,#1277);
#873=LINE('',#7910,#1278);
#874=LINE('',#7933,#1279);
#875=LINE('',#7956,#1280);
#876=LINE('',#7979,#1281);
#877=LINE('',#8002,#1282);
#878=LINE('',#8025,#1283);
#879=LINE('',#8048,#1284);
#880=LINE('',#8071,#1285);
#881=LINE('',#8112,#1286);
#882=LINE('',#8119,#1287);
#883=LINE('',#8142,#1288);
#884=LINE('',#8165,#1289);
#885=LINE('',#8188,#1290);
#886=LINE('',#8211,#1291);
#887=LINE('',#8234,#1292);
#888=LINE('',#8257,#1293);
#889=LINE('',#8280,#1294);
#890=LINE('',#8319,#1295);
#891=LINE('',#8326,#1296);
#892=LINE('',#8349,#1297);
#893=LINE('',#8372,#1298);
#894=LINE('',#8395,#1299);
#895=LINE('',#8418,#1300);
#896=LINE('',#8441,#1301);
#897=LINE('',#8464,#1302);
#898=LINE('',#8487,#1303);
#899=LINE('',#8510,#1304);
#900=LINE('',#8533,#1305);
#901=LINE('',#8556,#1306);
#902=LINE('',#8579,#1307);
#903=LINE('',#8602,#1308);
#904=LINE('',#8625,#1309);
#905=LINE('',#8648,#1310);
#906=LINE('',#8671,#1311);
#907=LINE('',#8694,#1312);
#908=LINE('',#8697,#1313);
#909=LINE('',#8699,#1314);
#910=LINE('',#8700,#1315);
#911=LINE('',#8726,#1316);
#912=LINE('',#8728,#1317);
#913=LINE('',#8730,#1318);
#914=LINE('',#8731,#1319);
#915=LINE('',#8734,#1320);
#916=LINE('',#8736,#1321);
#917=LINE('',#8737,#1322);
#918=LINE('',#8739,#1323);
#919=LINE('',#8740,#1324);
#920=LINE('',#8744,#1325);
#921=LINE('',#8746,#1326);
#922=LINE('',#8748,#1327);
#923=LINE('',#8749,#1328);
#924=LINE('',#8752,#1329);
#925=LINE('',#8754,#1330);
#926=LINE('',#8755,#1331);
#927=LINE('',#8758,#1332);
#928=LINE('',#8760,#1333);
#929=LINE('',#8761,#1334);
#930=LINE('',#8764,#1335);
#931=LINE('',#8766,#1336);
#932=LINE('',#8767,#1337);
#933=LINE('',#8770,#1338);
#934=LINE('',#8772,#1339);
#935=LINE('',#8773,#1340);
#936=LINE('',#8776,#1341);
#937=LINE('',#8778,#1342);
#938=LINE('',#8779,#1343);
#939=LINE('',#8782,#1344);
#940=LINE('',#8784,#1345);
#941=LINE('',#8785,#1346);
#942=LINE('',#8788,#1347);
#943=LINE('',#8790,#1348);
#944=LINE('',#8791,#1349);
#945=LINE('',#8794,#1350);
#946=LINE('',#8796,#1351);
#947=LINE('',#8797,#1352);
#948=LINE('',#8800,#1353);
#949=LINE('',#8802,#1354);
#950=LINE('',#8803,#1355);
#951=LINE('',#8805,#1356);
#952=LINE('',#8806,#1357);
#953=LINE('',#8827,#1358);
#954=LINE('',#8834,#1359);
#955=LINE('',#8857,#1360);
#956=LINE('',#8880,#1361);
#957=LINE('',#8903,#1362);
#958=LINE('',#8926,#1363);
#959=LINE('',#8949,#1364);
#960=LINE('',#8972,#1365);
#961=LINE('',#8995,#1366);
#962=LINE('',#9018,#1367);
#963=LINE('',#9021,#1368);
#964=LINE('',#9023,#1369);
#965=LINE('',#9024,#1370);
#966=LINE('',#9047,#1371);
#967=LINE('',#9070,#1372);
#968=LINE('',#9093,#1373);
#969=LINE('',#9116,#1374);
#970=LINE('',#9139,#1375);
#971=LINE('',#9162,#1376);
#972=LINE('',#9185,#1377);
#973=LINE('',#9208,#1378);
#974=LINE('',#9231,#1379);
#975=LINE('',#9234,#1380);
#976=LINE('',#9236,#1381);
#977=LINE('',#9237,#1382);
#978=LINE('',#9240,#1383);
#979=LINE('',#9242,#1384);
#980=LINE('',#9243,#1385);
#981=LINE('',#9245,#1386);
#982=LINE('',#9246,#1387);
#983=LINE('',#9252,#1388);
#984=LINE('',#9254,#1389);
#985=LINE('',#9256,#1390);
#986=LINE('',#9257,#1391);
#987=LINE('',#9280,#1392);
#988=LINE('',#9303,#1393);
#989=LINE('',#9306,#1394);
#990=LINE('',#9308,#1395);
#991=LINE('',#9309,#1396);
#992=LINE('',#9332,#1397);
#993=LINE('',#9355,#1398);
#994=LINE('',#9358,#1399);
#995=LINE('',#9360,#1400);
#996=LINE('',#9361,#1401);
#997=LINE('',#9364,#1402);
#998=LINE('',#9366,#1403);
#999=LINE('',#9367,#1404);
#1000=LINE('',#9369,#1405);
#1001=LINE('',#9370,#1406);
#1002=LINE('',#9391,#1407);
#1003=LINE('',#9398,#1408);
#1004=LINE('',#9421,#1409);
#1005=LINE('',#9444,#1410);
#1006=LINE('',#9467,#1411);
#1007=LINE('',#9490,#1412);
#1008=LINE('',#9513,#1413);
#1009=LINE('',#9536,#1414);
#1010=LINE('',#9559,#1415);
#1011=LINE('',#9582,#1416);
#1012=LINE('',#9605,#1417);
#1013=LINE('',#9628,#1418);
#1014=LINE('',#9651,#1419);
#1015=LINE('',#9654,#1420);
#1016=LINE('',#9656,#1421);
#1017=LINE('',#9657,#1422);
#1018=LINE('',#9680,#1423);
#1019=LINE('',#9703,#1424);
#1020=LINE('',#9726,#1425);
#1021=LINE('',#9749,#1426);
#1022=LINE('',#9772,#1427);
#1023=LINE('',#9795,#1428);
#1024=LINE('',#9818,#1429);
#1025=LINE('',#9821,#1430);
#1026=LINE('',#9823,#1431);
#1027=LINE('',#9824,#1432);
#1028=LINE('',#9847,#1433);
#1029=LINE('',#9870,#1434);
#1030=LINE('',#9893,#1435);
#1031=LINE('',#9916,#1436);
#1032=LINE('',#9939,#1437);
#1033=LINE('',#9962,#1438);
#1034=LINE('',#9985,#1439);
#1035=LINE('',#9988,#1440);
#1036=LINE('',#9990,#1441);
#1037=LINE('',#9991,#1442);
#1038=LINE('',#10032,#1443);
#1039=LINE('',#10039,#1444);
#1040=LINE('',#10062,#1445);
#1041=LINE('',#10085,#1446);
#1042=LINE('',#10108,#1447);
#1043=LINE('',#10131,#1448);
#1044=LINE('',#10154,#1449);
#1045=LINE('',#10157,#1450);
#1046=LINE('',#10159,#1451);
#1047=LINE('',#10160,#1452);
#1048=LINE('',#10163,#1453);
#1049=LINE('',#10165,#1454);
#1050=LINE('',#10166,#1455);
#1051=LINE('',#10169,#1456);
#1052=LINE('',#10171,#1457);
#1053=LINE('',#10172,#1458);
#1054=LINE('',#10175,#1459);
#1055=LINE('',#10177,#1460);
#1056=LINE('',#10178,#1461);
#1057=LINE('',#10181,#1462);
#1058=LINE('',#10183,#1463);
#1059=LINE('',#10184,#1464);
#1060=LINE('',#10187,#1465);
#1061=LINE('',#10189,#1466);
#1062=LINE('',#10190,#1467);
#1063=LINE('',#10213,#1468);
#1064=LINE('',#10236,#1469);
#1065=LINE('',#10259,#1470);
#1066=LINE('',#10282,#1471);
#1067=LINE('',#10305,#1472);
#1068=LINE('',#10328,#1473);
#1069=LINE('',#10351,#1474);
#1070=LINE('',#10374,#1475);
#1071=LINE('',#10377,#1476);
#1072=LINE('',#10379,#1477);
#1073=LINE('',#10380,#1478);
#1074=LINE('',#10421,#1479);
#1075=LINE('',#10428,#1480);
#1076=LINE('',#10451,#1481);
#1077=LINE('',#10474,#1482);
#1078=LINE('',#10477,#1483);
#1079=LINE('',#10479,#1484);
#1080=LINE('',#10480,#1485);
#1081=LINE('',#10503,#1486);
#1082=LINE('',#10526,#1487);
#1083=LINE('',#10549,#1488);
#1084=LINE('',#10552,#1489);
#1085=LINE('',#10554,#1490);
#1086=LINE('',#10555,#1491);
#1087=LINE('',#10558,#1492);
#1088=LINE('',#10560,#1493);
#1089=LINE('',#10561,#1494);
#1090=LINE('',#10564,#1495);
#1091=LINE('',#10566,#1496);
#1092=LINE('',#10567,#1497);
#1093=LINE('',#10569,#1498);
#1094=LINE('',#10570,#1499);
#1095=LINE('',#10591,#1500);
#1096=LINE('',#10598,#1501);
#1097=LINE('',#10621,#1502);
#1098=LINE('',#10644,#1503);
#1099=LINE('',#10667,#1504);
#1100=LINE('',#10690,#1505);
#1101=LINE('',#10713,#1506);
#1102=LINE('',#10736,#1507);
#1103=LINE('',#10775,#1508);
#1104=LINE('',#10782,#1509);
#1105=LINE('',#10805,#1510);
#1106=LINE('',#10828,#1511);
#1107=LINE('',#10851,#1512);
#1108=LINE('',#10874,#1513);
#1109=LINE('',#10897,#1514);
#1110=LINE('',#10920,#1515);
#1111=LINE('',#10943,#1516);
#1112=LINE('',#10966,#1517);
#1113=LINE('',#10989,#1518);
#1114=LINE('',#11012,#1519);
#1115=LINE('',#11035,#1520);
#1116=LINE('',#11058,#1521);
#1117=LINE('',#11081,#1522);
#1118=LINE('',#11104,#1523);
#1119=LINE('',#11127,#1524);
#1120=LINE('',#11150,#1525);
#1121=LINE('',#11173,#1526);
#1122=LINE('',#11196,#1527);
#1123=LINE('',#11219,#1528);
#1124=LINE('',#11222,#1529);
#1125=LINE('',#11224,#1530);
#1126=LINE('',#11225,#1531);
#1127=LINE('',#11251,#1532);
#1128=LINE('',#11253,#1533);
#1129=LINE('',#11255,#1534);
#1130=LINE('',#11256,#1535);
#1131=LINE('',#11279,#1536);
#1132=LINE('',#11302,#1537);
#1133=LINE('',#11305,#1538);
#1134=LINE('',#11307,#1539);
#1135=LINE('',#11308,#1540);
#1136=LINE('',#11331,#1541);
#1137=LINE('',#11354,#1542);
#1138=LINE('',#11357,#1543);
#1139=LINE('',#11359,#1544);
#1140=LINE('',#11360,#1545);
#1141=LINE('',#11363,#1546);
#1142=LINE('',#11365,#1547);
#1143=LINE('',#11366,#1548);
#1144=LINE('',#11368,#1549);
#1145=LINE('',#11369,#1550);
#1146=LINE('',#11375,#1551);
#1147=LINE('',#11377,#1552);
#1148=LINE('',#11379,#1553);
#1149=LINE('',#11380,#1554);
#1150=LINE('',#11403,#1555);
#1151=LINE('',#11426,#1556);
#1152=LINE('',#11429,#1557);
#1153=LINE('',#11431,#1558);
#1154=LINE('',#11432,#1559);
#1155=LINE('',#11455,#1560);
#1156=LINE('',#11478,#1561);
#1157=LINE('',#11481,#1562);
#1158=LINE('',#11483,#1563);
#1159=LINE('',#11484,#1564);
#1160=LINE('',#11487,#1565);
#1161=LINE('',#11489,#1566);
#1162=LINE('',#11490,#1567);
#1163=LINE('',#11492,#1568);
#1164=LINE('',#11493,#1569);
#1165=LINE('',#11499,#1570);
#1166=LINE('',#11501,#1571);
#1167=LINE('',#11503,#1572);
#1168=LINE('',#11504,#1573);
#1169=LINE('',#11527,#1574);
#1170=LINE('',#11550,#1575);
#1171=LINE('',#11553,#1576);
#1172=LINE('',#11555,#1577);
#1173=LINE('',#11556,#1578);
#1174=LINE('',#11579,#1579);
#1175=LINE('',#11602,#1580);
#1176=LINE('',#11605,#1581);
#1177=LINE('',#11607,#1582);
#1178=LINE('',#11608,#1583);
#1179=LINE('',#11611,#1584);
#1180=LINE('',#11613,#1585);
#1181=LINE('',#11614,#1586);
#1182=LINE('',#11616,#1587);
#1183=LINE('',#11617,#1588);
#1184=VECTOR('',#5710,0.393700787401575);
#1185=VECTOR('',#5711,0.393700787401575);
#1186=VECTOR('',#5712,0.393700787401575);
#1187=VECTOR('',#5713,0.393700787401575);
#1188=VECTOR('',#5714,0.393700787401575);
#1189=VECTOR('',#5715,0.393700787401575);
#1190=VECTOR('',#5716,0.393700787401575);
#1191=VECTOR('',#5717,0.393700787401575);
#1192=VECTOR('',#5718,0.393700787401575);
#1193=VECTOR('',#5719,0.393700787401575);
#1194=VECTOR('',#5722,0.393700787401575);
#1195=VECTOR('',#5723,0.393700787401575);
#1196=VECTOR('',#5724,0.393700787401575);
#1197=VECTOR('',#5725,0.393700787401575);
#1198=VECTOR('',#5726,0.393700787401575);
#1199=VECTOR('',#5727,0.393700787401575);
#1200=VECTOR('',#5728,0.393700787401575);
#1201=VECTOR('',#5729,0.393700787401575);
#1202=VECTOR('',#5730,0.393700787401575);
#1203=VECTOR('',#5731,0.393700787401575);
#1204=VECTOR('',#5732,0.393700787401575);
#1205=VECTOR('',#5733,0.393700787401575);
#1206=VECTOR('',#5736,0.393700787401575);
#1207=VECTOR('',#5737,0.393700787401575);
#1208=VECTOR('',#5738,0.393700787401575);
#1209=VECTOR('',#5741,0.393700787401575);
#1210=VECTOR('',#5742,0.393700787401575);
#1211=VECTOR('',#5743,0.393700787401575);
#1212=VECTOR('',#5746,0.393700787401575);
#1213=VECTOR('',#5747,0.393700787401575);
#1214=VECTOR('',#5754,0.393700787401575);
#1215=VECTOR('',#5755,0.393700787401575);
#1216=VECTOR('',#5756,0.393700787401575);
#1217=VECTOR('',#5757,0.393700787401575);
#1218=VECTOR('',#5758,0.393700787401575);
#1219=VECTOR('',#5759,0.393700787401575);
#1220=VECTOR('',#5762,0.393700787401575);
#1221=VECTOR('',#5763,0.393700787401575);
#1222=VECTOR('',#5764,0.393700787401575);
#1223=VECTOR('',#5765,0.393700787401575);
#1224=VECTOR('',#5766,0.393700787401575);
#1225=VECTOR('',#5769,0.393700787401575);
#1226=VECTOR('',#5770,0.393700787401575);
#1227=VECTOR('',#5771,0.393700787401575);
#1228=VECTOR('',#5774,0.393700787401575);
#1229=VECTOR('',#5775,0.393700787401575);
#1230=VECTOR('',#5776,0.393700787401575);
#1231=VECTOR('',#5779,0.393700787401575);
#1232=VECTOR('',#5780,0.393700787401575);
#1233=VECTOR('',#5785,0.393700787401575);
#1234=VECTOR('',#5786,0.393700787401575);
#1235=VECTOR('',#5787,0.393700787401575);
#1236=VECTOR('',#5788,0.393700787401575);
#1237=VECTOR('',#5789,0.393700787401575);
#1238=VECTOR('',#5790,0.393700787401575);
#1239=VECTOR('',#5791,0.393700787401575);
#1240=VECTOR('',#5792,0.393700787401575);
#1241=VECTOR('',#5793,0.393700787401575);
#1242=VECTOR('',#5794,0.393700787401575);
#1243=VECTOR('',#5795,0.393700787401575);
#1244=VECTOR('',#5796,0.393700787401575);
#1245=VECTOR('',#5797,0.393700787401575);
#1246=VECTOR('',#5798,0.393700787401575);
#1247=VECTOR('',#5799,0.393700787401575);
#1248=VECTOR('',#5800,0.393700787401575);
#1249=VECTOR('',#5801,0.393700787401575);
#1250=VECTOR('',#5802,0.393700787401575);
#1251=VECTOR('',#5803,0.393700787401575);
#1252=VECTOR('',#5804,0.393700787401575);
#1253=VECTOR('',#5809,0.393700787401575);
#1254=VECTOR('',#5810,0.393700787401575);
#1255=VECTOR('',#5811,0.393700787401575);
#1256=VECTOR('',#5812,0.393700787401575);
#1257=VECTOR('',#5813,0.393700787401575);
#1258=VECTOR('',#5814,0.393700787401575);
#1259=VECTOR('',#5815,0.393700787401575);
#1260=VECTOR('',#5816,0.393700787401575);
#1261=VECTOR('',#5817,0.393700787401575);
#1262=VECTOR('',#5818,0.393700787401575);
#1263=VECTOR('',#5819,0.393700787401575);
#1264=VECTOR('',#5820,0.393700787401575);
#1265=VECTOR('',#5821,0.393700787401575);
#1266=VECTOR('',#5822,0.393700787401575);
#1267=VECTOR('',#5823,0.393700787401575);
#1268=VECTOR('',#5824,0.393700787401575);
#1269=VECTOR('',#5825,0.393700787401575);
#1270=VECTOR('',#5826,0.393700787401575);
#1271=VECTOR('',#5827,0.393700787401575);
#1272=VECTOR('',#5828,0.393700787401575);
#1273=VECTOR('',#5829,0.393700787401575);
#1274=VECTOR('',#5830,0.393700787401575);
#1275=VECTOR('',#5831,0.393700787401575);
#1276=VECTOR('',#5832,0.393700787401575);
#1277=VECTOR('',#5833,0.393700787401575);
#1278=VECTOR('',#5834,0.393700787401575);
#1279=VECTOR('',#5835,0.393700787401575);
#1280=VECTOR('',#5836,0.393700787401575);
#1281=VECTOR('',#5837,0.393700787401575);
#1282=VECTOR('',#5838,0.393700787401575);
#1283=VECTOR('',#5839,0.393700787401575);
#1284=VECTOR('',#5840,0.393700787401575);
#1285=VECTOR('',#5841,0.393700787401575);
#1286=VECTOR('',#5846,0.393700787401575);
#1287=VECTOR('',#5847,0.393700787401575);
#1288=VECTOR('',#5848,0.393700787401575);
#1289=VECTOR('',#5849,0.393700787401575);
#1290=VECTOR('',#5850,0.393700787401575);
#1291=VECTOR('',#5851,0.393700787401575);
#1292=VECTOR('',#5852,0.393700787401575);
#1293=VECTOR('',#5853,0.393700787401575);
#1294=VECTOR('',#5854,0.393700787401575);
#1295=VECTOR('',#5855,0.393700787401575);
#1296=VECTOR('',#5856,0.393700787401575);
#1297=VECTOR('',#5857,0.393700787401575);
#1298=VECTOR('',#5858,0.393700787401575);
#1299=VECTOR('',#5859,0.393700787401575);
#1300=VECTOR('',#5860,0.393700787401575);
#1301=VECTOR('',#5861,0.393700787401575);
#1302=VECTOR('',#5862,0.393700787401575);
#1303=VECTOR('',#5863,0.393700787401575);
#1304=VECTOR('',#5864,0.393700787401575);
#1305=VECTOR('',#5865,0.393700787401575);
#1306=VECTOR('',#5866,0.393700787401575);
#1307=VECTOR('',#5867,0.393700787401575);
#1308=VECTOR('',#5868,0.393700787401575);
#1309=VECTOR('',#5869,0.393700787401575);
#1310=VECTOR('',#5870,0.393700787401575);
#1311=VECTOR('',#5871,0.393700787401575);
#1312=VECTOR('',#5872,0.393700787401575);
#1313=VECTOR('',#5875,0.393700787401575);
#1314=VECTOR('',#5876,0.393700787401575);
#1315=VECTOR('',#5877,0.393700787401575);
#1316=VECTOR('',#5884,0.393700787401575);
#1317=VECTOR('',#5885,0.393700787401575);
#1318=VECTOR('',#5886,0.393700787401575);
#1319=VECTOR('',#5887,0.393700787401575);
#1320=VECTOR('',#5890,0.393700787401575);
#1321=VECTOR('',#5891,0.393700787401575);
#1322=VECTOR('',#5892,0.393700787401575);
#1323=VECTOR('',#5895,0.393700787401575);
#1324=VECTOR('',#5896,0.393700787401575);
#1325=VECTOR('',#5899,0.393700787401575);
#1326=VECTOR('',#5900,0.393700787401575);
#1327=VECTOR('',#5901,0.393700787401575);
#1328=VECTOR('',#5902,0.393700787401575);
#1329=VECTOR('',#5905,0.393700787401575);
#1330=VECTOR('',#5906,0.393700787401575);
#1331=VECTOR('',#5907,0.393700787401575);
#1332=VECTOR('',#5910,0.393700787401575);
#1333=VECTOR('',#5911,0.393700787401575);
#1334=VECTOR('',#5912,0.393700787401575);
#1335=VECTOR('',#5915,0.393700787401575);
#1336=VECTOR('',#5916,0.393700787401575);
#1337=VECTOR('',#5917,0.393700787401575);
#1338=VECTOR('',#5920,0.393700787401575);
#1339=VECTOR('',#5921,0.393700787401575);
#1340=VECTOR('',#5922,0.393700787401575);
#1341=VECTOR('',#5925,0.393700787401575);
#1342=VECTOR('',#5926,0.393700787401575);
#1343=VECTOR('',#5927,0.393700787401575);
#1344=VECTOR('',#5930,0.393700787401575);
#1345=VECTOR('',#5931,0.393700787401575);
#1346=VECTOR('',#5932,0.393700787401575);
#1347=VECTOR('',#5935,0.393700787401575);
#1348=VECTOR('',#5936,0.393700787401575);
#1349=VECTOR('',#5937,0.393700787401575);
#1350=VECTOR('',#5940,0.393700787401575);
#1351=VECTOR('',#5941,0.393700787401575);
#1352=VECTOR('',#5942,0.393700787401575);
#1353=VECTOR('',#5945,0.393700787401575);
#1354=VECTOR('',#5946,0.393700787401575);
#1355=VECTOR('',#5947,0.393700787401575);
#1356=VECTOR('',#5950,0.393700787401575);
#1357=VECTOR('',#5951,0.393700787401575);
#1358=VECTOR('',#5956,0.393700787401575);
#1359=VECTOR('',#5957,0.393700787401575);
#1360=VECTOR('',#5958,0.393700787401575);
#1361=VECTOR('',#5959,0.393700787401575);
#1362=VECTOR('',#5960,0.393700787401575);
#1363=VECTOR('',#5961,0.393700787401575);
#1364=VECTOR('',#5962,0.393700787401575);
#1365=VECTOR('',#5963,0.393700787401575);
#1366=VECTOR('',#5964,0.393700787401575);
#1367=VECTOR('',#5965,0.393700787401575);
#1368=VECTOR('',#5968,0.393700787401575);
#1369=VECTOR('',#5969,0.393700787401575);
#1370=VECTOR('',#5970,0.393700787401575);
#1371=VECTOR('',#5971,0.393700787401575);
#1372=VECTOR('',#5972,0.393700787401575);
#1373=VECTOR('',#5973,0.393700787401575);
#1374=VECTOR('',#5974,0.393700787401575);
#1375=VECTOR('',#5975,0.393700787401575);
#1376=VECTOR('',#5976,0.393700787401575);
#1377=VECTOR('',#5977,0.393700787401575);
#1378=VECTOR('',#5978,0.393700787401575);
#1379=VECTOR('',#5979,0.393700787401575);
#1380=VECTOR('',#5982,0.393700787401575);
#1381=VECTOR('',#5983,0.393700787401575);
#1382=VECTOR('',#5984,0.393700787401575);
#1383=VECTOR('',#5987,0.393700787401575);
#1384=VECTOR('',#5988,0.393700787401575);
#1385=VECTOR('',#5989,0.393700787401575);
#1386=VECTOR('',#5992,0.393700787401575);
#1387=VECTOR('',#5993,0.393700787401575);
#1388=VECTOR('',#6000,0.393700787401575);
#1389=VECTOR('',#6001,0.393700787401575);
#1390=VECTOR('',#6002,0.393700787401575);
#1391=VECTOR('',#6003,0.393700787401575);
#1392=VECTOR('',#6004,0.393700787401575);
#1393=VECTOR('',#6005,0.393700787401575);
#1394=VECTOR('',#6008,0.393700787401575);
#1395=VECTOR('',#6009,0.393700787401575);
#1396=VECTOR('',#6010,0.393700787401575);
#1397=VECTOR('',#6011,0.393700787401575);
#1398=VECTOR('',#6012,0.393700787401575);
#1399=VECTOR('',#6015,0.393700787401575);
#1400=VECTOR('',#6016,0.393700787401575);
#1401=VECTOR('',#6017,0.393700787401575);
#1402=VECTOR('',#6020,0.393700787401575);
#1403=VECTOR('',#6021,0.393700787401575);
#1404=VECTOR('',#6022,0.393700787401575);
#1405=VECTOR('',#6025,0.393700787401575);
#1406=VECTOR('',#6026,0.393700787401575);
#1407=VECTOR('',#6031,0.393700787401575);
#1408=VECTOR('',#6032,0.393700787401575);
#1409=VECTOR('',#6033,0.393700787401575);
#1410=VECTOR('',#6034,0.393700787401575);
#1411=VECTOR('',#6035,0.393700787401575);
#1412=VECTOR('',#6036,0.393700787401575);
#1413=VECTOR('',#6037,0.393700787401575);
#1414=VECTOR('',#6038,0.393700787401575);
#1415=VECTOR('',#6039,0.393700787401575);
#1416=VECTOR('',#6040,0.393700787401575);
#1417=VECTOR('',#6041,0.393700787401575);
#1418=VECTOR('',#6042,0.393700787401575);
#1419=VECTOR('',#6043,0.393700787401575);
#1420=VECTOR('',#6046,0.393700787401575);
#1421=VECTOR('',#6047,0.393700787401575);
#1422=VECTOR('',#6048,0.393700787401575);
#1423=VECTOR('',#6049,0.393700787401575);
#1424=VECTOR('',#6050,0.393700787401575);
#1425=VECTOR('',#6051,0.393700787401575);
#1426=VECTOR('',#6052,0.393700787401575);
#1427=VECTOR('',#6053,0.393700787401575);
#1428=VECTOR('',#6054,0.393700787401575);
#1429=VECTOR('',#6055,0.393700787401575);
#1430=VECTOR('',#6058,0.393700787401575);
#1431=VECTOR('',#6059,0.393700787401575);
#1432=VECTOR('',#6060,0.393700787401575);
#1433=VECTOR('',#6061,0.393700787401575);
#1434=VECTOR('',#6062,0.393700787401575);
#1435=VECTOR('',#6063,0.393700787401575);
#1436=VECTOR('',#6064,0.393700787401575);
#1437=VECTOR('',#6065,0.393700787401575);
#1438=VECTOR('',#6066,0.393700787401575);
#1439=VECTOR('',#6067,0.393700787401575);
#1440=VECTOR('',#6070,0.393700787401575);
#1441=VECTOR('',#6071,0.393700787401575);
#1442=VECTOR('',#6072,0.393700787401575);
#1443=VECTOR('',#6077,0.393700787401575);
#1444=VECTOR('',#6078,0.393700787401575);
#1445=VECTOR('',#6079,0.393700787401575);
#1446=VECTOR('',#6080,0.393700787401575);
#1447=VECTOR('',#6081,0.393700787401575);
#1448=VECTOR('',#6082,0.393700787401575);
#1449=VECTOR('',#6083,0.393700787401575);
#1450=VECTOR('',#6086,0.393700787401575);
#1451=VECTOR('',#6087,0.393700787401575);
#1452=VECTOR('',#6088,0.393700787401575);
#1453=VECTOR('',#6091,0.393700787401575);
#1454=VECTOR('',#6092,0.393700787401575);
#1455=VECTOR('',#6093,0.393700787401575);
#1456=VECTOR('',#6096,0.393700787401575);
#1457=VECTOR('',#6097,0.393700787401575);
#1458=VECTOR('',#6098,0.393700787401575);
#1459=VECTOR('',#6101,0.393700787401575);
#1460=VECTOR('',#6102,0.393700787401575);
#1461=VECTOR('',#6103,0.393700787401575);
#1462=VECTOR('',#6106,0.393700787401575);
#1463=VECTOR('',#6107,0.393700787401575);
#1464=VECTOR('',#6108,0.393700787401575);
#1465=VECTOR('',#6111,0.393700787401575);
#1466=VECTOR('',#6112,0.393700787401575);
#1467=VECTOR('',#6113,0.393700787401575);
#1468=VECTOR('',#6114,0.393700787401575);
#1469=VECTOR('',#6115,0.393700787401575);
#1470=VECTOR('',#6116,0.393700787401575);
#1471=VECTOR('',#6117,0.393700787401575);
#1472=VECTOR('',#6118,0.393700787401575);
#1473=VECTOR('',#6119,0.393700787401575);
#1474=VECTOR('',#6120,0.393700787401575);
#1475=VECTOR('',#6121,0.393700787401575);
#1476=VECTOR('',#6124,0.393700787401575);
#1477=VECTOR('',#6125,0.393700787401575);
#1478=VECTOR('',#6126,0.393700787401575);
#1479=VECTOR('',#6131,0.393700787401575);
#1480=VECTOR('',#6132,0.393700787401575);
#1481=VECTOR('',#6133,0.393700787401575);
#1482=VECTOR('',#6134,0.393700787401575);
#1483=VECTOR('',#6137,0.393700787401575);
#1484=VECTOR('',#6138,0.393700787401575);
#1485=VECTOR('',#6139,0.393700787401575);
#1486=VECTOR('',#6140,0.393700787401575);
#1487=VECTOR('',#6141,0.393700787401575);
#1488=VECTOR('',#6142,0.393700787401575);
#1489=VECTOR('',#6145,0.393700787401575);
#1490=VECTOR('',#6146,0.393700787401575);
#1491=VECTOR('',#6147,0.393700787401575);
#1492=VECTOR('',#6150,0.393700787401575);
#1493=VECTOR('',#6151,0.393700787401575);
#1494=VECTOR('',#6152,0.393700787401575);
#1495=VECTOR('',#6155,0.393700787401575);
#1496=VECTOR('',#6156,0.393700787401575);
#1497=VECTOR('',#6157,0.393700787401575);
#1498=VECTOR('',#6160,0.393700787401575);
#1499=VECTOR('',#6161,0.393700787401575);
#1500=VECTOR('',#6166,0.393700787401575);
#1501=VECTOR('',#6167,0.393700787401575);
#1502=VECTOR('',#6168,0.393700787401575);
#1503=VECTOR('',#6169,0.393700787401575);
#1504=VECTOR('',#6170,0.393700787401575);
#1505=VECTOR('',#6171,0.393700787401575);
#1506=VECTOR('',#6172,0.393700787401575);
#1507=VECTOR('',#6173,0.393700787401575);
#1508=VECTOR('',#6174,0.393700787401575);
#1509=VECTOR('',#6175,0.393700787401575);
#1510=VECTOR('',#6176,0.393700787401575);
#1511=VECTOR('',#6177,0.393700787401575);
#1512=VECTOR('',#6178,0.393700787401575);
#1513=VECTOR('',#6179,0.393700787401575);
#1514=VECTOR('',#6180,0.393700787401575);
#1515=VECTOR('',#6181,0.393700787401575);
#1516=VECTOR('',#6182,0.393700787401575);
#1517=VECTOR('',#6183,0.393700787401575);
#1518=VECTOR('',#6184,0.393700787401575);
#1519=VECTOR('',#6185,0.393700787401575);
#1520=VECTOR('',#6186,0.393700787401575);
#1521=VECTOR('',#6187,0.393700787401575);
#1522=VECTOR('',#6188,0.393700787401575);
#1523=VECTOR('',#6189,0.393700787401575);
#1524=VECTOR('',#6190,0.393700787401575);
#1525=VECTOR('',#6191,0.393700787401575);
#1526=VECTOR('',#6192,0.393700787401575);
#1527=VECTOR('',#6193,0.393700787401575);
#1528=VECTOR('',#6194,0.393700787401575);
#1529=VECTOR('',#6197,0.393700787401575);
#1530=VECTOR('',#6198,0.393700787401575);
#1531=VECTOR('',#6199,0.393700787401575);
#1532=VECTOR('',#6206,0.393700787401575);
#1533=VECTOR('',#6207,0.393700787401575);
#1534=VECTOR('',#6208,0.393700787401575);
#1535=VECTOR('',#6209,0.393700787401575);
#1536=VECTOR('',#6210,0.393700787401575);
#1537=VECTOR('',#6211,0.393700787401575);
#1538=VECTOR('',#6214,0.393700787401575);
#1539=VECTOR('',#6215,0.393700787401575);
#1540=VECTOR('',#6216,0.393700787401575);
#1541=VECTOR('',#6217,0.393700787401575);
#1542=VECTOR('',#6218,0.393700787401575);
#1543=VECTOR('',#6221,0.393700787401575);
#1544=VECTOR('',#6222,0.393700787401575);
#1545=VECTOR('',#6223,0.393700787401575);
#1546=VECTOR('',#6226,0.393700787401575);
#1547=VECTOR('',#6227,0.393700787401575);
#1548=VECTOR('',#6228,0.393700787401575);
#1549=VECTOR('',#6231,0.393700787401575);
#1550=VECTOR('',#6232,0.393700787401575);
#1551=VECTOR('',#6239,0.393700787401575);
#1552=VECTOR('',#6240,0.393700787401575);
#1553=VECTOR('',#6241,0.393700787401575);
#1554=VECTOR('',#6242,0.393700787401575);
#1555=VECTOR('',#6243,0.393700787401575);
#1556=VECTOR('',#6244,0.393700787401575);
#1557=VECTOR('',#6247,0.393700787401575);
#1558=VECTOR('',#6248,0.393700787401575);
#1559=VECTOR('',#6249,0.393700787401575);
#1560=VECTOR('',#6250,0.393700787401575);
#1561=VECTOR('',#6251,0.393700787401575);
#1562=VECTOR('',#6254,0.393700787401575);
#1563=VECTOR('',#6255,0.393700787401575);
#1564=VECTOR('',#6256,0.393700787401575);
#1565=VECTOR('',#6259,0.393700787401575);
#1566=VECTOR('',#6260,0.393700787401575);
#1567=VECTOR('',#6261,0.393700787401575);
#1568=VECTOR('',#6264,0.393700787401575);
#1569=VECTOR('',#6265,0.393700787401575);
#1570=VECTOR('',#6272,0.393700787401575);
#1571=VECTOR('',#6273,0.393700787401575);
#1572=VECTOR('',#6274,0.393700787401575);
#1573=VECTOR('',#6275,0.393700787401575);
#1574=VECTOR('',#6276,0.393700787401575);
#1575=VECTOR('',#6277,0.393700787401575);
#1576=VECTOR('',#6280,0.393700787401575);
#1577=VECTOR('',#6281,0.393700787401575);
#1578=VECTOR('',#6282,0.393700787401575);
#1579=VECTOR('',#6283,0.393700787401575);
#1580=VECTOR('',#6284,0.393700787401575);
#1581=VECTOR('',#6287,0.393700787401575);
#1582=VECTOR('',#6288,0.393700787401575);
#1583=VECTOR('',#6289,0.393700787401575);
#1584=VECTOR('',#6292,0.393700787401575);
#1585=VECTOR('',#6293,0.393700787401575);
#1586=VECTOR('',#6294,0.393700787401575);
#1587=VECTOR('',#6297,0.393700787401575);
#1588=VECTOR('',#6298,0.393700787401575);
#1589=B_SPLINE_CURVE_WITH_KNOTS('',3,(#6319,#6320,#6321,#6322,#6323),
 .UNSPECIFIED.,.F.,.F.,(4,1,4),(0.,0.0218176016904285,0.0420889149214224),
 .UNSPECIFIED.);
#1590=B_SPLINE_CURVE_WITH_KNOTS('',3,(#6327,#6328,#6329,#6330,#6331),
 .UNSPECIFIED.,.F.,.F.,(4,1,4),(0.,0.0218176016904285,0.0420889149214224),
 .UNSPECIFIED.);
#1591=B_SPLINE_CURVE_WITH_KNOTS('',3,(#6344,#6345,#6346,#6347,#6348),
 .UNSPECIFIED.,.F.,.F.,(4,1,4),(0.,0.0598001535264518,0.0949654394031728),
 .UNSPECIFIED.);
#1592=B_SPLINE_CURVE_WITH_KNOTS('',3,(#6350,#6351,#6352,#6353,#6354),
 .UNSPECIFIED.,.F.,.F.,(4,1,4),(0.,0.0598001535264518,0.0949654394031728),
 .UNSPECIFIED.);
#1593=B_SPLINE_CURVE_WITH_KNOTS('',3,(#6367,#6368,#6369,#6370,#6371),
 .UNSPECIFIED.,.F.,.F.,(4,1,4),(0.,0.0536000960859172,0.129175919133879),
 .UNSPECIFIED.);
#1594=B_SPLINE_CURVE_WITH_KNOTS('',3,(#6373,#6374,#6375,#6376,#6377),
 .UNSPECIFIED.,.F.,.F.,(4,1,4),(0.,0.0536000960859172,0.129175919133879),
 .UNSPECIFIED.);
#1595=B_SPLINE_CURVE_WITH_KNOTS('',3,(#6390,#6391,#6392,#6393,#6394),
 .UNSPECIFIED.,.F.,.F.,(4,1,4),(0.,0.0339638057000802,0.073741391225506),
 .UNSPECIFIED.);
#1596=B_SPLINE_CURVE_WITH_KNOTS('',3,(#6396,#6397,#6398,#6399,#6400),
 .UNSPECIFIED.,.F.,.F.,(4,1,4),(0.,0.0339638057000802,0.073741391225506),
 .UNSPECIFIED.);
#1597=B_SPLINE_CURVE_WITH_KNOTS('',3,(#6413,#6414,#6415,#6416,#6417),
 .UNSPECIFIED.,.F.,.F.,(4,1,4),(0.,0.0299157313730873,0.0605775010531365),
 .UNSPECIFIED.);
#1598=B_SPLINE_CURVE_WITH_KNOTS('',3,(#6419,#6420,#6421,#6422,#6423),
 .UNSPECIFIED.,.F.,.F.,(4,1,4),(0.,0.0299157313730873,0.0605775010531365),
 .UNSPECIFIED.);
#1599=B_SPLINE_CURVE_WITH_KNOTS('',3,(#6436,#6437,#6438,#6439,#6440),
 .UNSPECIFIED.,.F.,.F.,(4,1,4),(0.,0.0546459146323912,0.109879961756188),
 .UNSPECIFIED.);
#1600=B_SPLINE_CURVE_WITH_KNOTS('',3,(#6442,#6443,#6444,#6445,#6446),
 .UNSPECIFIED.,.F.,.F.,(4,1,4),(0.,0.0546459146323912,0.109879961756188),
 .UNSPECIFIED.);
#1601=B_SPLINE_CURVE_WITH_KNOTS('',3,(#6459,#6460,#6461,#6462,#6463),
 .UNSPECIFIED.,.F.,.F.,(4,1,4),(0.,0.0652285099029585,0.12303364202659),
 .UNSPECIFIED.);
#1602=B_SPLINE_CURVE_WITH_KNOTS('',3,(#6465,#6466,#6467,#6468,#6469),
 .UNSPECIFIED.,.F.,.F.,(4,1,4),(0.,0.0652285099029585,0.12303364202659),
 .UNSPECIFIED.);
#1603=B_SPLINE_CURVE_WITH_KNOTS('',3,(#6482,#6483,#6484,#6485,#6486),
 .UNSPECIFIED.,.F.,.F.,(4,1,4),(0.,0.0568469588697056,0.121552665190366),
 .UNSPECIFIED.);
#1604=B_SPLINE_CURVE_WITH_KNOTS('',3,(#6488,#6489,#6490,#6491,#6492),
 .UNSPECIFIED.,.F.,.F.,(4,1,4),(0.,0.0568469588697056,0.121552665190366),
 .UNSPECIFIED.);
#1605=B_SPLINE_CURVE_WITH_KNOTS('',3,(#6505,#6506,#6507,#6508,#6509),
 .UNSPECIFIED.,.F.,.F.,(4,1,4),(0.,0.0640461417390412,0.120272793611969),
 .UNSPECIFIED.);
#1606=B_SPLINE_CURVE_WITH_KNOTS('',3,(#6511,#6512,#6513,#6514,#6515),
 .UNSPECIFIED.,.F.,.F.,(4,1,4),(0.,0.0640461417390412,0.120272793611969),
 .UNSPECIFIED.);
#1607=B_SPLINE_CURVE_WITH_KNOTS('',3,(#6534,#6535,#6536,#6537,#6538),
 .UNSPECIFIED.,.F.,.F.,(4,1,4),(0.,0.0375179065301811,0.0800334878150295),
 .UNSPECIFIED.);
#1608=B_SPLINE_CURVE_WITH_KNOTS('',3,(#6540,#6541,#6542,#6543,#6544),
 .UNSPECIFIED.,.F.,.F.,(4,1,4),(0.,0.0375179065301811,0.0800334878150295),
 .UNSPECIFIED.);
#1609=B_SPLINE_CURVE_WITH_KNOTS('',3,(#6557,#6558,#6559,#6560,#6561),
 .UNSPECIFIED.,.F.,.F.,(4,1,4),(0.,0.0404549665622204,0.0773518399790095),
 .UNSPECIFIED.);
#1610=B_SPLINE_CURVE_WITH_KNOTS('',3,(#6563,#6564,#6565,#6566,#6567),
 .UNSPECIFIED.,.F.,.F.,(4,1,4),(0.,0.0404549665622204,0.0773518399790095),
 .UNSPECIFIED.);
#1611=B_SPLINE_CURVE_WITH_KNOTS('',3,(#6580,#6581,#6582,#6583,#6584),
 .UNSPECIFIED.,.F.,.F.,(4,1,4),(0.,0.0354121134006625,0.0738764663882883),
 .UNSPECIFIED.);
#1612=B_SPLINE_CURVE_WITH_KNOTS('',3,(#6586,#6587,#6588,#6589,#6590),
 .UNSPECIFIED.,.F.,.F.,(4,1,4),(0.,0.0354121134006625,0.0738764663882883),
 .UNSPECIFIED.);
#1613=B_SPLINE_CURVE_WITH_KNOTS('',3,(#6603,#6604,#6605,#6606,#6607),
 .UNSPECIFIED.,.F.,.F.,(4,1,4),(0.,0.0342303438784064,0.0682980381398307),
 .UNSPECIFIED.);
#1614=B_SPLINE_CURVE_WITH_KNOTS('',3,(#6609,#6610,#6611,#6612,#6613),
 .UNSPECIFIED.,.F.,.F.,(4,1,4),(0.,0.0342303438784064,0.0682980381398307),
 .UNSPECIFIED.);
#1615=B_SPLINE_CURVE_WITH_KNOTS('',3,(#6626,#6627,#6628,#6629,#6630),
 .UNSPECIFIED.,.F.,.F.,(4,1,4),(0.,0.0437534791805283,0.0803580527028946),
 .UNSPECIFIED.);
#1616=B_SPLINE_CURVE_WITH_KNOTS('',3,(#6632,#6633,#6634,#6635,#6636),
 .UNSPECIFIED.,.F.,.F.,(4,1,4),(0.,0.0437534791805283,0.0803580527028946),
 .UNSPECIFIED.);
#1617=B_SPLINE_CURVE_WITH_KNOTS('',3,(#6649,#6650,#6651,#6652,#6653),
 .UNSPECIFIED.,.F.,.F.,(4,1,4),(0.,0.090815464464552,0.152920812027033),
 .UNSPECIFIED.);
#1618=B_SPLINE_CURVE_WITH_KNOTS('',3,(#6655,#6656,#6657,#6658,#6659),
 .UNSPECIFIED.,.F.,.F.,(4,1,4),(0.,0.090815464464552,0.152920812027033),
 .UNSPECIFIED.);
#1619=B_SPLINE_CURVE_WITH_KNOTS('',3,(#6672,#6673,#6674,#6675,#6676),
 .UNSPECIFIED.,.F.,.F.,(4,1,4),(0.,0.0490850721416762,0.110607491428957),
 .UNSPECIFIED.);
#1620=B_SPLINE_CURVE_WITH_KNOTS('',3,(#6678,#6679,#6680,#6681,#6682),
 .UNSPECIFIED.,.F.,.F.,(4,1,4),(0.,0.0490850721416762,0.110607491428957),
 .UNSPECIFIED.);
#1621=B_SPLINE_CURVE_WITH_KNOTS('',3,(#6695,#6696,#6697,#6698,#6699),
 .UNSPECIFIED.,.F.,.F.,(4,1,4),(0.,0.0372947996925052,0.0780238865095945),
 .UNSPECIFIED.);
#1622=B_SPLINE_CURVE_WITH_KNOTS('',3,(#6701,#6702,#6703,#6704,#6705),
 .UNSPECIFIED.,.F.,.F.,(4,1,4),(0.,0.0372947996925052,0.0780238865095945),
 .UNSPECIFIED.);
#1623=B_SPLINE_CURVE_WITH_KNOTS('',3,(#6718,#6719,#6720,#6721,#6722),
 .UNSPECIFIED.,.F.,.F.,(4,1,4),(0.,0.0217910848164856,0.0434483310073029),
 .UNSPECIFIED.);
#1624=B_SPLINE_CURVE_WITH_KNOTS('',3,(#6724,#6725,#6726,#6727,#6728),
 .UNSPECIFIED.,.F.,.F.,(4,1,4),(0.,0.0217910848164856,0.0434483310073029),
 .UNSPECIFIED.);
#1625=B_SPLINE_CURVE_WITH_KNOTS('',3,(#6767,#6768,#6769,#6770,#6771),
 .UNSPECIFIED.,.F.,.F.,(4,1,4),(0.,0.0472746173127617,0.0866738092703374),
 .UNSPECIFIED.);
#1626=B_SPLINE_CURVE_WITH_KNOTS('',3,(#6773,#6774,#6775,#6776,#6777),
 .UNSPECIFIED.,.F.,.F.,(4,1,4),(0.,0.0472746173127617,0.0866738092703374),
 .UNSPECIFIED.);
#1627=B_SPLINE_CURVE_WITH_KNOTS('',3,(#6790,#6791,#6792,#6793,#6794),
 .UNSPECIFIED.,.F.,.F.,(4,1,4),(0.,0.0551897050158099,0.107749556236625),
 .UNSPECIFIED.);
#1628=B_SPLINE_CURVE_WITH_KNOTS('',3,(#6796,#6797,#6798,#6799,#6800),
 .UNSPECIFIED.,.F.,.F.,(4,1,4),(0.,0.0551897050158099,0.107749556236625),
 .UNSPECIFIED.);
#1629=B_SPLINE_CURVE_WITH_KNOTS('',3,(#6819,#6820,#6821,#6822,#6823),
 .UNSPECIFIED.,.F.,.F.,(4,1,4),(0.,0.0387270999342029,0.0719123587156729),
 .UNSPECIFIED.);
#1630=B_SPLINE_CURVE_WITH_KNOTS('',3,(#6825,#6826,#6827,#6828,#6829),
 .UNSPECIFIED.,.F.,.F.,(4,1,4),(0.,0.0387270999342029,0.0719123587156729),
 .UNSPECIFIED.);
#1631=B_SPLINE_CURVE_WITH_KNOTS('',3,(#6842,#6843,#6844,#6845,#6846),
 .UNSPECIFIED.,.F.,.F.,(4,1,4),(0.,0.0332542522838567,0.072159610968571),
 .UNSPECIFIED.);
#1632=B_SPLINE_CURVE_WITH_KNOTS('',3,(#6848,#6849,#6850,#6851,#6852),
 .UNSPECIFIED.,.F.,.F.,(4,1,4),(0.,0.0332542522838567,0.072159610968571),
 .UNSPECIFIED.);
#1633=B_SPLINE_CURVE_WITH_KNOTS('',3,(#6883,#6884,#6885,#6886,#6887),
 .UNSPECIFIED.,.F.,.F.,(4,1,4),(0.,0.0390683181795671,0.0789652543239475),
 .UNSPECIFIED.);
#1634=B_SPLINE_CURVE_WITH_KNOTS('',3,(#6891,#6892,#6893,#6894,#6895),
 .UNSPECIFIED.,.F.,.F.,(4,1,4),(0.,0.0390683181795671,0.0789652543239475),
 .UNSPECIFIED.);
#1635=B_SPLINE_CURVE_WITH_KNOTS('',3,(#6908,#6909,#6910,#6911,#6912),
 .UNSPECIFIED.,.F.,.F.,(4,1,4),(0.,0.0443328831879838,0.0850115598154877),
 .UNSPECIFIED.);
#1636=B_SPLINE_CURVE_WITH_KNOTS('',3,(#6914,#6915,#6916,#6917,#6918),
 .UNSPECIFIED.,.F.,.F.,(4,1,4),(0.,0.0443328831879838,0.0850115598154877),
 .UNSPECIFIED.);
#1637=B_SPLINE_CURVE_WITH_KNOTS('',3,(#6931,#6932,#6933,#6934,#6935),
 .UNSPECIFIED.,.F.,.F.,(4,1,4),(0.,0.103000893333528,0.168048607304288),
 .UNSPECIFIED.);
#1638=B_SPLINE_CURVE_WITH_KNOTS('',3,(#6937,#6938,#6939,#6940,#6941),
 .UNSPECIFIED.,.F.,.F.,(4,1,4),(0.,0.103000893333528,0.168048607304288),
 .UNSPECIFIED.);
#1639=B_SPLINE_CURVE_WITH_KNOTS('',3,(#6954,#6955,#6956,#6957,#6958),
 .UNSPECIFIED.,.F.,.F.,(4,1,4),(0.,0.0651281084228092,0.167703710886641),
 .UNSPECIFIED.);
#1640=B_SPLINE_CURVE_WITH_KNOTS('',3,(#6960,#6961,#6962,#6963,#6964),
 .UNSPECIFIED.,.F.,.F.,(4,1,4),(0.,0.0651281084228092,0.167703710886641),
 .UNSPECIFIED.);
#1641=B_SPLINE_CURVE_WITH_KNOTS('',3,(#6977,#6978,#6979,#6980,#6981),
 .UNSPECIFIED.,.F.,.F.,(4,1,4),(0.,0.0402050701011079,0.0845906652172728),
 .UNSPECIFIED.);
#1642=B_SPLINE_CURVE_WITH_KNOTS('',3,(#6983,#6984,#6985,#6986,#6987),
 .UNSPECIFIED.,.F.,.F.,(4,1,4),(0.,0.0402050701011079,0.0845906652172728),
 .UNSPECIFIED.);
#1643=B_SPLINE_CURVE_WITH_KNOTS('',3,(#7000,#7001,#7002,#7003,#7004),
 .UNSPECIFIED.,.F.,.F.,(4,1,4),(0.,0.0443948451323618,0.0846608441620445),
 .UNSPECIFIED.);
#1644=B_SPLINE_CURVE_WITH_KNOTS('',3,(#7006,#7007,#7008,#7009,#7010),
 .UNSPECIFIED.,.F.,.F.,(4,1,4),(0.,0.0443948451323618,0.0846608441620445),
 .UNSPECIFIED.);
#1645=B_SPLINE_CURVE_WITH_KNOTS('',3,(#7023,#7024,#7025,#7026,#7027),
 .UNSPECIFIED.,.F.,.F.,(4,1,4),(0.,0.102824756132062,0.167948437267609),
 .UNSPECIFIED.);
#1646=B_SPLINE_CURVE_WITH_KNOTS('',3,(#7029,#7030,#7031,#7032,#7033),
 .UNSPECIFIED.,.F.,.F.,(4,1,4),(0.,0.102824756132062,0.167948437267609),
 .UNSPECIFIED.);
#1647=B_SPLINE_CURVE_WITH_KNOTS('',3,(#7045,#7046,#7047,#7048,#7049),
 .UNSPECIFIED.,.F.,.F.,(4,1,4),(0.,0.0692709879129147,0.173342298058409),
 .UNSPECIFIED.);
#1648=B_SPLINE_CURVE_WITH_KNOTS('',3,(#7050,#7051,#7052,#7053,#7054),
 .UNSPECIFIED.,.F.,.F.,(4,1,4),(0.,0.0692709879129147,0.173342298058409),
 .UNSPECIFIED.);
#1649=B_SPLINE_CURVE_WITH_KNOTS('',3,(#7067,#7068,#7069,#7070,#7071),
 .UNSPECIFIED.,.F.,.F.,(4,1,4),(0.,0.0658347279988518,0.128408661771583),
 .UNSPECIFIED.);
#1650=B_SPLINE_CURVE_WITH_KNOTS('',3,(#7075,#7076,#7077,#7078,#7079),
 .UNSPECIFIED.,.F.,.F.,(4,1,4),(0.,0.0658347279988518,0.128408661771583),
 .UNSPECIFIED.);
#1651=B_SPLINE_CURVE_WITH_KNOTS('',3,(#7092,#7093,#7094,#7095,#7096),
 .UNSPECIFIED.,.F.,.F.,(4,1,4),(0.,0.0461651246786702,0.0968349289720671),
 .UNSPECIFIED.);
#1652=B_SPLINE_CURVE_WITH_KNOTS('',3,(#7098,#7099,#7100,#7101,#7102),
 .UNSPECIFIED.,.F.,.F.,(4,1,4),(0.,0.0461651246786702,0.0968349289720671),
 .UNSPECIFIED.);
#1653=B_SPLINE_CURVE_WITH_KNOTS('',3,(#7115,#7116,#7117,#7118,#7119),
 .UNSPECIFIED.,.F.,.F.,(4,1,4),(0.,0.0529024584391459,0.100621087380616),
 .UNSPECIFIED.);
#1654=B_SPLINE_CURVE_WITH_KNOTS('',3,(#7121,#7122,#7123,#7124,#7125),
 .UNSPECIFIED.,.F.,.F.,(4,1,4),(0.,0.0529024584391459,0.100621087380616),
 .UNSPECIFIED.);
#1655=B_SPLINE_CURVE_WITH_KNOTS('',3,(#7138,#7139,#7140,#7141,#7142),
 .UNSPECIFIED.,.F.,.F.,(4,1,4),(0.,0.079681439837166,0.14380166635471),
 .UNSPECIFIED.);
#1656=B_SPLINE_CURVE_WITH_KNOTS('',3,(#7144,#7145,#7146,#7147,#7148),
 .UNSPECIFIED.,.F.,.F.,(4,1,4),(0.,0.079681439837166,0.14380166635471),
 .UNSPECIFIED.);
#1657=B_SPLINE_CURVE_WITH_KNOTS('',3,(#7161,#7162,#7163,#7164,#7165),
 .UNSPECIFIED.,.F.,.F.,(4,1,4),(0.,0.0520196140847323,0.118757006426962),
 .UNSPECIFIED.);
#1658=B_SPLINE_CURVE_WITH_KNOTS('',3,(#7167,#7168,#7169,#7170,#7171),
 .UNSPECIFIED.,.F.,.F.,(4,1,4),(0.,0.0520196140847323,0.118757006426962),
 .UNSPECIFIED.);
#1659=B_SPLINE_CURVE_WITH_KNOTS('',3,(#7184,#7185,#7186,#7187,#7188),
 .UNSPECIFIED.,.F.,.F.,(4,1,4),(0.,0.0381001227654107,0.0808374674599438),
 .UNSPECIFIED.);
#1660=B_SPLINE_CURVE_WITH_KNOTS('',3,(#7190,#7191,#7192,#7193,#7194),
 .UNSPECIFIED.,.F.,.F.,(4,1,4),(0.,0.0381001227654107,0.0808374674599438),
 .UNSPECIFIED.);
#1661=B_SPLINE_CURVE_WITH_KNOTS('',3,(#7207,#7208,#7209,#7210,#7211),
 .UNSPECIFIED.,.F.,.F.,(4,1,4),(0.,0.0339981706933887,0.0691189350907898),
 .UNSPECIFIED.);
#1662=B_SPLINE_CURVE_WITH_KNOTS('',3,(#7213,#7214,#7215,#7216,#7217),
 .UNSPECIFIED.,.F.,.F.,(4,1,4),(0.,0.0339981706933887,0.0691189350907898),
 .UNSPECIFIED.);
#1663=B_SPLINE_CURVE_WITH_KNOTS('',3,(#7230,#7231,#7232,#7233,#7234),
 .UNSPECIFIED.,.F.,.F.,(4,1,4),(0.,0.037993915798521,0.073042421014239),
 .UNSPECIFIED.);
#1664=B_SPLINE_CURVE_WITH_KNOTS('',3,(#7236,#7237,#7238,#7239,#7240),
 .UNSPECIFIED.,.F.,.F.,(4,1,4),(0.,0.037993915798521,0.073042421014239),
 .UNSPECIFIED.);
#1665=B_SPLINE_CURVE_WITH_KNOTS('',3,(#7253,#7254,#7255,#7256,#7257),
 .UNSPECIFIED.,.F.,.F.,(4,1,4),(0.,0.0463151088179566,0.0968162357820773),
 .UNSPECIFIED.);
#1666=B_SPLINE_CURVE_WITH_KNOTS('',3,(#7259,#7260,#7261,#7262,#7263),
 .UNSPECIFIED.,.F.,.F.,(4,1,4),(0.,0.0463151088179566,0.0968162357820773),
 .UNSPECIFIED.);
#1667=B_SPLINE_CURVE_WITH_KNOTS('',3,(#7276,#7277,#7278,#7279,#7280),
 .UNSPECIFIED.,.F.,.F.,(4,1,4),(0.,0.0531295225517055,0.100607450608798),
 .UNSPECIFIED.);
#1668=B_SPLINE_CURVE_WITH_KNOTS('',3,(#7282,#7283,#7284,#7285,#7286),
 .UNSPECIFIED.,.F.,.F.,(4,1,4),(0.,0.0531295225517055,0.100607450608798),
 .UNSPECIFIED.);
#1669=B_SPLINE_CURVE_WITH_KNOTS('',3,(#7299,#7300,#7301,#7302,#7303),
 .UNSPECIFIED.,.F.,.F.,(4,1,4),(0.,0.0801071092667821,0.14414397241998),
 .UNSPECIFIED.);
#1670=B_SPLINE_CURVE_WITH_KNOTS('',3,(#7305,#7306,#7307,#7308,#7309),
 .UNSPECIFIED.,.F.,.F.,(4,1,4),(0.,0.0801071092667821,0.14414397241998),
 .UNSPECIFIED.);
#1671=B_SPLINE_CURVE_WITH_KNOTS('',3,(#7321,#7322,#7323,#7324,#7325),
 .UNSPECIFIED.,.F.,.F.,(4,1,4),(0.,0.0900221168515158,0.211899081112814),
 .UNSPECIFIED.);
#1672=B_SPLINE_CURVE_WITH_KNOTS('',3,(#7326,#7327,#7328,#7329,#7330),
 .UNSPECIFIED.,.F.,.F.,(4,1,4),(0.,0.0900221168515158,0.211899081112814),
 .UNSPECIFIED.);
#1673=B_SPLINE_CURVE_WITH_KNOTS('',3,(#7345,#7346,#7347,#7348,#7349),
 .UNSPECIFIED.,.F.,.F.,(4,1,4),(0.,0.0402903893336851,0.0790976727214657),
 .UNSPECIFIED.);
#1674=B_SPLINE_CURVE_WITH_KNOTS('',3,(#7353,#7354,#7355,#7356,#7357),
 .UNSPECIFIED.,.F.,.F.,(4,1,4),(0.,0.0402903893336851,0.0790976727214657),
 .UNSPECIFIED.);
#1675=B_SPLINE_CURVE_WITH_KNOTS('',3,(#7370,#7371,#7372,#7373,#7374),
 .UNSPECIFIED.,.F.,.F.,(4,1,4),(0.,0.039588521038265,0.0808171933230362),
 .UNSPECIFIED.);
#1676=B_SPLINE_CURVE_WITH_KNOTS('',3,(#7376,#7377,#7378,#7379,#7380),
 .UNSPECIFIED.,.F.,.F.,(4,1,4),(0.,0.039588521038265,0.0808171933230362),
 .UNSPECIFIED.);
#1677=B_SPLINE_CURVE_WITH_KNOTS('',3,(#7393,#7394,#7395,#7396,#7397),
 .UNSPECIFIED.,.F.,.F.,(4,1,4),(0.,0.0411751588903121,0.0808349370488873),
 .UNSPECIFIED.);
#1678=B_SPLINE_CURVE_WITH_KNOTS('',3,(#7399,#7400,#7401,#7402,#7403),
 .UNSPECIFIED.,.F.,.F.,(4,1,4),(0.,0.0411751588903121,0.0808349370488873),
 .UNSPECIFIED.);
#1679=B_SPLINE_CURVE_WITH_KNOTS('',3,(#7416,#7417,#7418,#7419,#7420),
 .UNSPECIFIED.,.F.,.F.,(4,1,4),(0.,0.038665378330147,0.0791236398710967),
 .UNSPECIFIED.);
#1680=B_SPLINE_CURVE_WITH_KNOTS('',3,(#7422,#7423,#7424,#7425,#7426),
 .UNSPECIFIED.,.F.,.F.,(4,1,4),(0.,0.038665378330147,0.0791236398710967),
 .UNSPECIFIED.);
#1681=B_SPLINE_CURVE_WITH_KNOTS('',3,(#7439,#7440,#7441,#7442,#7443),
 .UNSPECIFIED.,.F.,.F.,(4,1,4),(0.,0.0407790881983587,0.0795880132196552),
 .UNSPECIFIED.);
#1682=B_SPLINE_CURVE_WITH_KNOTS('',3,(#7445,#7446,#7447,#7448,#7449),
 .UNSPECIFIED.,.F.,.F.,(4,1,4),(0.,0.0407790881983587,0.0795880132196552),
 .UNSPECIFIED.);
#1683=B_SPLINE_CURVE_WITH_KNOTS('',3,(#7462,#7463,#7464,#7465,#7466),
 .UNSPECIFIED.,.F.,.F.,(4,1,4),(0.,0.0273769196897683,0.0549485850630399),
 .UNSPECIFIED.);
#1684=B_SPLINE_CURVE_WITH_KNOTS('',3,(#7468,#7469,#7470,#7471,#7472),
 .UNSPECIFIED.,.F.,.F.,(4,1,4),(0.,0.0273769196897683,0.0549485850630399),
 .UNSPECIFIED.);
#1685=B_SPLINE_CURVE_WITH_KNOTS('',3,(#7485,#7486,#7487,#7488,#7489),
 .UNSPECIFIED.,.F.,.F.,(4,1,4),(0.,0.026831713646857,0.0539126248664207),
 .UNSPECIFIED.);
#1686=B_SPLINE_CURVE_WITH_KNOTS('',3,(#7491,#7492,#7493,#7494,#7495),
 .UNSPECIFIED.,.F.,.F.,(4,1,4),(0.,0.026831713646857,0.0539126248664207),
 .UNSPECIFIED.);
#1687=B_SPLINE_CURVE_WITH_KNOTS('',3,(#7508,#7509,#7510,#7511,#7512),
 .UNSPECIFIED.,.F.,.F.,(4,1,4),(0.,0.0260173454794762,0.0526434158477411),
 .UNSPECIFIED.);
#1688=B_SPLINE_CURVE_WITH_KNOTS('',3,(#7514,#7515,#7516,#7517,#7518),
 .UNSPECIFIED.,.F.,.F.,(4,1,4),(0.,0.0260173454794762,0.0526434158477411),
 .UNSPECIFIED.);
#1689=B_SPLINE_CURVE_WITH_KNOTS('',3,(#7530,#7531,#7532,#7533,#7534),
 .UNSPECIFIED.,.F.,.F.,(4,1,4),(0.,0.0385950002083268,0.0786185555549038),
 .UNSPECIFIED.);
#1690=B_SPLINE_CURVE_WITH_KNOTS('',3,(#7535,#7536,#7537,#7538,#7539),
 .UNSPECIFIED.,.F.,.F.,(4,1,4),(0.,0.0385950002083268,0.0786185555549038),
 .UNSPECIFIED.);
#1691=B_SPLINE_CURVE_WITH_KNOTS('',3,(#7552,#7553,#7554,#7555,#7556),
 .UNSPECIFIED.,.F.,.F.,(4,1,4),(0.,0.0326342038141044,0.0637829324544554),
 .UNSPECIFIED.);
#1692=B_SPLINE_CURVE_WITH_KNOTS('',3,(#7560,#7561,#7562,#7563,#7564),
 .UNSPECIFIED.,.F.,.F.,(4,1,4),(0.,0.0326342038141044,0.0637829324544554),
 .UNSPECIFIED.);
#1693=B_SPLINE_CURVE_WITH_KNOTS('',3,(#7577,#7578,#7579,#7580,#7581),
 .UNSPECIFIED.,.F.,.F.,(4,1,4),(0.,0.0313579949205228,0.0637702499518982),
 .UNSPECIFIED.);
#1694=B_SPLINE_CURVE_WITH_KNOTS('',3,(#7583,#7584,#7585,#7586,#7587),
 .UNSPECIFIED.,.F.,.F.,(4,1,4),(0.,0.0313579949205228,0.0637702499518982),
 .UNSPECIFIED.);
#1695=B_SPLINE_CURVE_WITH_KNOTS('',3,(#7600,#7601,#7602,#7603,#7604),
 .UNSPECIFIED.,.F.,.F.,(4,1,4),(0.,0.0315895542304577,0.0626677070148854),
 .UNSPECIFIED.);
#1696=B_SPLINE_CURVE_WITH_KNOTS('',3,(#7606,#7607,#7608,#7609,#7610),
 .UNSPECIFIED.,.F.,.F.,(4,1,4),(0.,0.0315895542304577,0.0626677070148854),
 .UNSPECIFIED.);
#1697=B_SPLINE_CURVE_WITH_KNOTS('',3,(#7623,#7624,#7625,#7626,#7627),
 .UNSPECIFIED.,.F.,.F.,(4,1,4),(0.,0.03029640648041,0.0607651633979536),
 .UNSPECIFIED.);
#1698=B_SPLINE_CURVE_WITH_KNOTS('',3,(#7629,#7630,#7631,#7632,#7633),
 .UNSPECIFIED.,.F.,.F.,(4,1,4),(0.,0.03029640648041,0.0607651633979536),
 .UNSPECIFIED.);
#1699=B_SPLINE_CURVE_WITH_KNOTS('',3,(#7646,#7647,#7648,#7649,#7650),
 .UNSPECIFIED.,.F.,.F.,(4,1,4),(0.,0.0327036020865077,0.0633554141059179),
 .UNSPECIFIED.);
#1700=B_SPLINE_CURVE_WITH_KNOTS('',3,(#7652,#7653,#7654,#7655,#7656),
 .UNSPECIFIED.,.F.,.F.,(4,1,4),(0.,0.0327036020865077,0.0633554141059179),
 .UNSPECIFIED.);
#1701=B_SPLINE_CURVE_WITH_KNOTS('',3,(#7669,#7670,#7671,#7672,#7673),
 .UNSPECIFIED.,.F.,.F.,(4,1,4),(0.,0.0312204422343226,0.0647788647982613),
 .UNSPECIFIED.);
#1702=B_SPLINE_CURVE_WITH_KNOTS('',3,(#7675,#7676,#7677,#7678,#7679),
 .UNSPECIFIED.,.F.,.F.,(4,1,4),(0.,0.0312204422343226,0.0647788647982613),
 .UNSPECIFIED.);
#1703=B_SPLINE_CURVE_WITH_KNOTS('',3,(#7692,#7693,#7694,#7695,#7696),
 .UNSPECIFIED.,.F.,.F.,(4,1,4),(0.,0.0327329917489224,0.0636652968038899),
 .UNSPECIFIED.);
#1704=B_SPLINE_CURVE_WITH_KNOTS('',3,(#7698,#7699,#7700,#7701,#7702),
 .UNSPECIFIED.,.F.,.F.,(4,1,4),(0.,0.0327329917489224,0.0636652968038899),
 .UNSPECIFIED.);
#1705=B_SPLINE_CURVE_WITH_KNOTS('',3,(#7714,#7715,#7716,#7717,#7718),
 .UNSPECIFIED.,.F.,.F.,(4,1,4),(0.,0.0302322596487886,0.0599640696393697),
 .UNSPECIFIED.);
#1706=B_SPLINE_CURVE_WITH_KNOTS('',3,(#7719,#7720,#7721,#7722,#7723),
 .UNSPECIFIED.,.F.,.F.,(4,1,4),(0.,0.0302322596487886,0.0599640696393697),
 .UNSPECIFIED.);
#1707=B_SPLINE_CURVE_WITH_KNOTS('',3,(#7736,#7737,#7738,#7739,#7740),
 .UNSPECIFIED.,.F.,.F.,(4,1,4),(0.,0.0451836443896067,0.0862901044993198),
 .UNSPECIFIED.);
#1708=B_SPLINE_CURVE_WITH_KNOTS('',3,(#7744,#7745,#7746,#7747,#7748),
 .UNSPECIFIED.,.F.,.F.,(4,1,4),(0.,0.0451836443896067,0.0862901044993198),
 .UNSPECIFIED.);
#1709=B_SPLINE_CURVE_WITH_KNOTS('',3,(#7761,#7762,#7763,#7764,#7765),
 .UNSPECIFIED.,.F.,.F.,(4,1,4),(0.,0.0599561146367429,0.121128999698535),
 .UNSPECIFIED.);
#1710=B_SPLINE_CURVE_WITH_KNOTS('',3,(#7767,#7768,#7769,#7770,#7771),
 .UNSPECIFIED.,.F.,.F.,(4,1,4),(0.,0.0599561146367429,0.121128999698535),
 .UNSPECIFIED.);
#1711=B_SPLINE_CURVE_WITH_KNOTS('',3,(#7784,#7785,#7786,#7787,#7788),
 .UNSPECIFIED.,.F.,.F.,(4,1,4),(0.,0.0677336557619183,0.12962721792257),
 .UNSPECIFIED.);
#1712=B_SPLINE_CURVE_WITH_KNOTS('',3,(#7790,#7791,#7792,#7793,#7794),
 .UNSPECIFIED.,.F.,.F.,(4,1,4),(0.,0.0677336557619183,0.12962721792257),
 .UNSPECIFIED.);
#1713=B_SPLINE_CURVE_WITH_KNOTS('',3,(#7807,#7808,#7809,#7810,#7811),
 .UNSPECIFIED.,.F.,.F.,(4,1,4),(0.,0.0618934800478109,0.129627145413942),
 .UNSPECIFIED.);
#1714=B_SPLINE_CURVE_WITH_KNOTS('',3,(#7813,#7814,#7815,#7816,#7817),
 .UNSPECIFIED.,.F.,.F.,(4,1,4),(0.,0.0618934800478109,0.129627145413942),
 .UNSPECIFIED.);
#1715=B_SPLINE_CURVE_WITH_KNOTS('',3,(#7830,#7831,#7832,#7833,#7834),
 .UNSPECIFIED.,.F.,.F.,(4,1,4),(0.,0.0600839770391247,0.119549640984918),
 .UNSPECIFIED.);
#1716=B_SPLINE_CURVE_WITH_KNOTS('',3,(#7836,#7837,#7838,#7839,#7840),
 .UNSPECIFIED.,.F.,.F.,(4,1,4),(0.,0.0600839770391247,0.119549640984918),
 .UNSPECIFIED.);
#1717=B_SPLINE_CURVE_WITH_KNOTS('',3,(#7853,#7854,#7855,#7856,#7857),
 .UNSPECIFIED.,.F.,.F.,(4,1,4),(0.,0.0409161364474536,0.0844833845291401),
 .UNSPECIFIED.);
#1718=B_SPLINE_CURVE_WITH_KNOTS('',3,(#7859,#7860,#7861,#7862,#7863),
 .UNSPECIFIED.,.F.,.F.,(4,1,4),(0.,0.0409161364474536,0.0844833845291401),
 .UNSPECIFIED.);
#1719=B_SPLINE_CURVE_WITH_KNOTS('',3,(#7876,#7877,#7878,#7879,#7880),
 .UNSPECIFIED.,.F.,.F.,(4,1,4),(0.,0.0449995358001123,0.0861812769662166),
 .UNSPECIFIED.);
#1720=B_SPLINE_CURVE_WITH_KNOTS('',3,(#7882,#7883,#7884,#7885,#7886),
 .UNSPECIFIED.,.F.,.F.,(4,1,4),(0.,0.0449995358001123,0.0861812769662166),
 .UNSPECIFIED.);
#1721=B_SPLINE_CURVE_WITH_KNOTS('',3,(#7899,#7900,#7901,#7902,#7903),
 .UNSPECIFIED.,.F.,.F.,(4,1,4),(0.,0.0321962455286292,0.0687319054240846),
 .UNSPECIFIED.);
#1722=B_SPLINE_CURVE_WITH_KNOTS('',3,(#7905,#7906,#7907,#7908,#7909),
 .UNSPECIFIED.,.F.,.F.,(4,1,4),(0.,0.0321962455286292,0.0687319054240846),
 .UNSPECIFIED.);
#1723=B_SPLINE_CURVE_WITH_KNOTS('',3,(#7922,#7923,#7924,#7925,#7926),
 .UNSPECIFIED.,.F.,.F.,(4,1,4),(0.,0.0328954482691171,0.0642408960569505),
 .UNSPECIFIED.);
#1724=B_SPLINE_CURVE_WITH_KNOTS('',3,(#7928,#7929,#7930,#7931,#7932),
 .UNSPECIFIED.,.F.,.F.,(4,1,4),(0.,0.0328954482691171,0.0642408960569505),
 .UNSPECIFIED.);
#1725=B_SPLINE_CURVE_WITH_KNOTS('',3,(#7945,#7946,#7947,#7948,#7949),
 .UNSPECIFIED.,.F.,.F.,(4,1,4),(0.,0.0516017767130313,0.102972044627825),
 .UNSPECIFIED.);
#1726=B_SPLINE_CURVE_WITH_KNOTS('',3,(#7951,#7952,#7953,#7954,#7955),
 .UNSPECIFIED.,.F.,.F.,(4,1,4),(0.,0.0516017767130313,0.102972044627825),
 .UNSPECIFIED.);
#1727=B_SPLINE_CURVE_WITH_KNOTS('',3,(#7968,#7969,#7970,#7971,#7972),
 .UNSPECIFIED.,.F.,.F.,(4,1,4),(0.,0.0598560889946542,0.114302643542405),
 .UNSPECIFIED.);
#1728=B_SPLINE_CURVE_WITH_KNOTS('',3,(#7974,#7975,#7976,#7977,#7978),
 .UNSPECIFIED.,.F.,.F.,(4,1,4),(0.,0.0598560889946542,0.114302643542405),
 .UNSPECIFIED.);
#1729=B_SPLINE_CURVE_WITH_KNOTS('',3,(#7991,#7992,#7993,#7994,#7995),
 .UNSPECIFIED.,.F.,.F.,(4,1,4),(0.,0.0535362678815566,0.112930937295095),
 .UNSPECIFIED.);
#1730=B_SPLINE_CURVE_WITH_KNOTS('',3,(#7997,#7998,#7999,#8000,#8001),
 .UNSPECIFIED.,.F.,.F.,(4,1,4),(0.,0.0535362678815566,0.112930937295095),
 .UNSPECIFIED.);
#1731=B_SPLINE_CURVE_WITH_KNOTS('',3,(#8014,#8015,#8016,#8017,#8018),
 .UNSPECIFIED.,.F.,.F.,(4,1,4),(0.,0.0511700332051771,0.102058510458641),
 .UNSPECIFIED.);
#1732=B_SPLINE_CURVE_WITH_KNOTS('',3,(#8020,#8021,#8022,#8023,#8024),
 .UNSPECIFIED.,.F.,.F.,(4,1,4),(0.,0.0511700332051771,0.102058510458641),
 .UNSPECIFIED.);
#1733=B_SPLINE_CURVE_WITH_KNOTS('',3,(#8037,#8038,#8039,#8040,#8041),
 .UNSPECIFIED.,.F.,.F.,(4,1,4),(0.,0.0316519612438911,0.0655607456519841),
 .UNSPECIFIED.);
#1734=B_SPLINE_CURVE_WITH_KNOTS('',3,(#8043,#8044,#8045,#8046,#8047),
 .UNSPECIFIED.,.F.,.F.,(4,1,4),(0.,0.0316519612438911,0.0655607456519841),
 .UNSPECIFIED.);
#1735=B_SPLINE_CURVE_WITH_KNOTS('',3,(#8060,#8061,#8062,#8063,#8064),
 .UNSPECIFIED.,.F.,.F.,(4,1,4),(0.,0.0373326383076392,0.0700726863730868),
 .UNSPECIFIED.);
#1736=B_SPLINE_CURVE_WITH_KNOTS('',3,(#8066,#8067,#8068,#8069,#8070),
 .UNSPECIFIED.,.F.,.F.,(4,1,4),(0.,0.0373326383076392,0.0700726863730868),
 .UNSPECIFIED.);
#1737=B_SPLINE_CURVE_WITH_KNOTS('',3,(#8082,#8083,#8084,#8085,#8086),
 .UNSPECIFIED.,.F.,.F.,(4,1,4),(0.,0.0409708073282192,0.084982353918847),
 .UNSPECIFIED.);
#1738=B_SPLINE_CURVE_WITH_KNOTS('',3,(#8087,#8088,#8089,#8090,#8091),
 .UNSPECIFIED.,.F.,.F.,(4,1,4),(0.,0.0409708073282192,0.084982353918847),
 .UNSPECIFIED.);
#1739=B_SPLINE_CURVE_WITH_KNOTS('',3,(#8106,#8107,#8108,#8109,#8110),
 .UNSPECIFIED.,.F.,.F.,(4,1,4),(0.,0.039180148475849,0.0784233920337735),
 .UNSPECIFIED.);
#1740=B_SPLINE_CURVE_WITH_KNOTS('',3,(#8114,#8115,#8116,#8117,#8118),
 .UNSPECIFIED.,.F.,.F.,(4,1,4),(0.,0.039180148475849,0.0784233920337735),
 .UNSPECIFIED.);
#1741=B_SPLINE_CURVE_WITH_KNOTS('',3,(#8131,#8132,#8133,#8134,#8135),
 .UNSPECIFIED.,.F.,.F.,(4,1,4),(0.,0.0384786628209138,0.0775751576991428),
 .UNSPECIFIED.);
#1742=B_SPLINE_CURVE_WITH_KNOTS('',3,(#8137,#8138,#8139,#8140,#8141),
 .UNSPECIFIED.,.F.,.F.,(4,1,4),(0.,0.0384786628209138,0.0775751576991428),
 .UNSPECIFIED.);
#1743=B_SPLINE_CURVE_WITH_KNOTS('',3,(#8154,#8155,#8156,#8157,#8158),
 .UNSPECIFIED.,.F.,.F.,(4,1,4),(0.,0.0468117556265154,0.0876699107624476),
 .UNSPECIFIED.);
#1744=B_SPLINE_CURVE_WITH_KNOTS('',3,(#8160,#8161,#8162,#8163,#8164),
 .UNSPECIFIED.,.F.,.F.,(4,1,4),(0.,0.0468117556265154,0.0876699107624476),
 .UNSPECIFIED.);
#1745=B_SPLINE_CURVE_WITH_KNOTS('',3,(#8177,#8178,#8179,#8180,#8181),
 .UNSPECIFIED.,.F.,.F.,(4,1,4),(0.,0.0425367631382475,0.0913011753020643),
 .UNSPECIFIED.);
#1746=B_SPLINE_CURVE_WITH_KNOTS('',3,(#8183,#8184,#8185,#8186,#8187),
 .UNSPECIFIED.,.F.,.F.,(4,1,4),(0.,0.0425367631382475,0.0913011753020643),
 .UNSPECIFIED.);
#1747=B_SPLINE_CURVE_WITH_KNOTS('',3,(#8200,#8201,#8202,#8203,#8204),
 .UNSPECIFIED.,.F.,.F.,(4,1,4),(0.,0.036994096574436,0.0756728824615977),
 .UNSPECIFIED.);
#1748=B_SPLINE_CURVE_WITH_KNOTS('',3,(#8206,#8207,#8208,#8209,#8210),
 .UNSPECIFIED.,.F.,.F.,(4,1,4),(0.,0.036994096574436,0.0756728824615977),
 .UNSPECIFIED.);
#1749=B_SPLINE_CURVE_WITH_KNOTS('',3,(#8223,#8224,#8225,#8226,#8227),
 .UNSPECIFIED.,.F.,.F.,(4,1,4),(0.,0.0272457732425106,0.0535211635235323),
 .UNSPECIFIED.);
#1750=B_SPLINE_CURVE_WITH_KNOTS('',3,(#8229,#8230,#8231,#8232,#8233),
 .UNSPECIFIED.,.F.,.F.,(4,1,4),(0.,0.0272457732425106,0.0535211635235323),
 .UNSPECIFIED.);
#1751=B_SPLINE_CURVE_WITH_KNOTS('',3,(#8246,#8247,#8248,#8249,#8250),
 .UNSPECIFIED.,.F.,.F.,(4,1,4),(0.,0.0303241359714812,0.0589117031488922),
 .UNSPECIFIED.);
#1752=B_SPLINE_CURVE_WITH_KNOTS('',3,(#8252,#8253,#8254,#8255,#8256),
 .UNSPECIFIED.,.F.,.F.,(4,1,4),(0.,0.0303241359714812,0.0589117031488922),
 .UNSPECIFIED.);
#1753=B_SPLINE_CURVE_WITH_KNOTS('',3,(#8269,#8270,#8271,#8272,#8273),
 .UNSPECIFIED.,.F.,.F.,(4,1,4),(0.,0.0312144870235774,0.0625191352927194),
 .UNSPECIFIED.);
#1754=B_SPLINE_CURVE_WITH_KNOTS('',3,(#8275,#8276,#8277,#8278,#8279),
 .UNSPECIFIED.,.F.,.F.,(4,1,4),(0.,0.0312144870235774,0.0625191352927194),
 .UNSPECIFIED.);
#1755=B_SPLINE_CURVE_WITH_KNOTS('',3,(#8291,#8292,#8293,#8294,#8295),
 .UNSPECIFIED.,.F.,.F.,(4,1,4),(0.,0.0406633844022827,0.085001280552299),
 .UNSPECIFIED.);
#1756=B_SPLINE_CURVE_WITH_KNOTS('',3,(#8296,#8297,#8298,#8299,#8300),
 .UNSPECIFIED.,.F.,.F.,(4,1,4),(0.,0.0406633844022827,0.085001280552299),
 .UNSPECIFIED.);
#1757=B_SPLINE_CURVE_WITH_KNOTS('',3,(#8313,#8314,#8315,#8316,#8317),
 .UNSPECIFIED.,.F.,.F.,(4,1,4),(0.,0.0542663042135734,0.103815346437514),
 .UNSPECIFIED.);
#1758=B_SPLINE_CURVE_WITH_KNOTS('',3,(#8321,#8322,#8323,#8324,#8325),
 .UNSPECIFIED.,.F.,.F.,(4,1,4),(0.,0.0542663042135734,0.103815346437514),
 .UNSPECIFIED.);
#1759=B_SPLINE_CURVE_WITH_KNOTS('',3,(#8338,#8339,#8340,#8341,#8342),
 .UNSPECIFIED.,.F.,.F.,(4,1,4),(0.,0.0696610976291184,0.14211783608149),
 .UNSPECIFIED.);
#1760=B_SPLINE_CURVE_WITH_KNOTS('',3,(#8344,#8345,#8346,#8347,#8348),
 .UNSPECIFIED.,.F.,.F.,(4,1,4),(0.,0.0696610976291184,0.14211783608149),
 .UNSPECIFIED.);
#1761=B_SPLINE_CURVE_WITH_KNOTS('',3,(#8361,#8362,#8363,#8364,#8365),
 .UNSPECIFIED.,.F.,.F.,(4,1,4),(0.,0.125884337958883,0.220443457534191),
 .UNSPECIFIED.);
#1762=B_SPLINE_CURVE_WITH_KNOTS('',3,(#8367,#8368,#8369,#8370,#8371),
 .UNSPECIFIED.,.F.,.F.,(4,1,4),(0.,0.125884337958883,0.220443457534191),
 .UNSPECIFIED.);
#1763=B_SPLINE_CURVE_WITH_KNOTS('',3,(#8384,#8385,#8386,#8387,#8388),
 .UNSPECIFIED.,.F.,.F.,(4,1,4),(0.,0.0832102077729628,0.195223955250071),
 .UNSPECIFIED.);
#1764=B_SPLINE_CURVE_WITH_KNOTS('',3,(#8390,#8391,#8392,#8393,#8394),
 .UNSPECIFIED.,.F.,.F.,(4,1,4),(0.,0.0832102077729628,0.195223955250071),
 .UNSPECIFIED.);
#1765=B_SPLINE_CURVE_WITH_KNOTS('',3,(#8407,#8408,#8409,#8410,#8411),
 .UNSPECIFIED.,.F.,.F.,(4,1,4),(0.,0.0710688016269973,0.140800901674629),
 .UNSPECIFIED.);
#1766=B_SPLINE_CURVE_WITH_KNOTS('',3,(#8413,#8414,#8415,#8416,#8417),
 .UNSPECIFIED.,.F.,.F.,(4,1,4),(0.,0.0710688016269973,0.140800901674629),
 .UNSPECIFIED.);
#1767=B_SPLINE_CURVE_WITH_KNOTS('',3,(#8430,#8431,#8432,#8433,#8434),
 .UNSPECIFIED.,.F.,.F.,(4,1,4),(0.,0.0411453414347849,0.0841154329900053),
 .UNSPECIFIED.);
#1768=B_SPLINE_CURVE_WITH_KNOTS('',3,(#8436,#8437,#8438,#8439,#8440),
 .UNSPECIFIED.,.F.,.F.,(4,1,4),(0.,0.0411453414347849,0.0841154329900053),
 .UNSPECIFIED.);
#1769=B_SPLINE_CURVE_WITH_KNOTS('',3,(#8453,#8454,#8455,#8456,#8457),
 .UNSPECIFIED.,.F.,.F.,(4,1,4),(0.,0.0428753060228332,0.0839351228129366),
 .UNSPECIFIED.);
#1770=B_SPLINE_CURVE_WITH_KNOTS('',3,(#8459,#8460,#8461,#8462,#8463),
 .UNSPECIFIED.,.F.,.F.,(4,1,4),(0.,0.0428753060228332,0.0839351228129366),
 .UNSPECIFIED.);
#1771=B_SPLINE_CURVE_WITH_KNOTS('',3,(#8476,#8477,#8478,#8479,#8480),
 .UNSPECIFIED.,.F.,.F.,(4,1,4),(0.,0.0457338619948745,0.090644427081241),
 .UNSPECIFIED.);
#1772=B_SPLINE_CURVE_WITH_KNOTS('',3,(#8482,#8483,#8484,#8485,#8486),
 .UNSPECIFIED.,.F.,.F.,(4,1,4),(0.,0.0457338619948745,0.090644427081241),
 .UNSPECIFIED.);
#1773=B_SPLINE_CURVE_WITH_KNOTS('',3,(#8499,#8500,#8501,#8502,#8503),
 .UNSPECIFIED.,.F.,.F.,(4,1,4),(0.,0.0610350779868393,0.126904054592791),
 .UNSPECIFIED.);
#1774=B_SPLINE_CURVE_WITH_KNOTS('',3,(#8505,#8506,#8507,#8508,#8509),
 .UNSPECIFIED.,.F.,.F.,(4,1,4),(0.,0.0610350779868393,0.126904054592791),
 .UNSPECIFIED.);
#1775=B_SPLINE_CURVE_WITH_KNOTS('',3,(#8522,#8523,#8524,#8525,#8526),
 .UNSPECIFIED.,.F.,.F.,(4,1,4),(0.,0.0579084577641827,0.116399031324587),
 .UNSPECIFIED.);
#1776=B_SPLINE_CURVE_WITH_KNOTS('',3,(#8528,#8529,#8530,#8531,#8532),
 .UNSPECIFIED.,.F.,.F.,(4,1,4),(0.,0.0579084577641827,0.116399031324587),
 .UNSPECIFIED.);
#1777=B_SPLINE_CURVE_WITH_KNOTS('',3,(#8545,#8546,#8547,#8548,#8549),
 .UNSPECIFIED.,.F.,.F.,(4,1,4),(0.,0.035048505215718,0.0696535870939551),
 .UNSPECIFIED.);
#1778=B_SPLINE_CURVE_WITH_KNOTS('',3,(#8551,#8552,#8553,#8554,#8555),
 .UNSPECIFIED.,.F.,.F.,(4,1,4),(0.,0.035048505215718,0.0696535870939551),
 .UNSPECIFIED.);
#1779=B_SPLINE_CURVE_WITH_KNOTS('',3,(#8568,#8569,#8570,#8571,#8572),
 .UNSPECIFIED.,.F.,.F.,(4,1,4),(0.,0.0383740788053719,0.0744949009520681),
 .UNSPECIFIED.);
#1780=B_SPLINE_CURVE_WITH_KNOTS('',3,(#8574,#8575,#8576,#8577,#8578),
 .UNSPECIFIED.,.F.,.F.,(4,1,4),(0.,0.0383740788053719,0.0744949009520681),
 .UNSPECIFIED.);
#1781=B_SPLINE_CURVE_WITH_KNOTS('',3,(#8591,#8592,#8593,#8594,#8595),
 .UNSPECIFIED.,.F.,.F.,(4,1,4),(0.,0.0508124035199345,0.117400033233114),
 .UNSPECIFIED.);
#1782=B_SPLINE_CURVE_WITH_KNOTS('',3,(#8597,#8598,#8599,#8600,#8601),
 .UNSPECIFIED.,.F.,.F.,(4,1,4),(0.,0.0508124035199345,0.117400033233114),
 .UNSPECIFIED.);
#1783=B_SPLINE_CURVE_WITH_KNOTS('',3,(#8614,#8615,#8616,#8617,#8618),
 .UNSPECIFIED.,.F.,.F.,(4,1,4),(0.,0.0367179624187499,0.0775554197174561),
 .UNSPECIFIED.);
#1784=B_SPLINE_CURVE_WITH_KNOTS('',3,(#8620,#8621,#8622,#8623,#8624),
 .UNSPECIFIED.,.F.,.F.,(4,1,4),(0.,0.0367179624187499,0.0775554197174561),
 .UNSPECIFIED.);
#1785=B_SPLINE_CURVE_WITH_KNOTS('',3,(#8637,#8638,#8639,#8640,#8641),
 .UNSPECIFIED.,.F.,.F.,(4,1,4),(0.,0.027843365821479,0.0547659772387825),
 .UNSPECIFIED.);
#1786=B_SPLINE_CURVE_WITH_KNOTS('',3,(#8643,#8644,#8645,#8646,#8647),
 .UNSPECIFIED.,.F.,.F.,(4,1,4),(0.,0.027843365821479,0.0547659772387825),
 .UNSPECIFIED.);
#1787=B_SPLINE_CURVE_WITH_KNOTS('',3,(#8660,#8661,#8662,#8663,#8664),
 .UNSPECIFIED.,.F.,.F.,(4,1,4),(0.,0.0340676942614243,0.0682980852053608),
 .UNSPECIFIED.);
#1788=B_SPLINE_CURVE_WITH_KNOTS('',3,(#8666,#8667,#8668,#8669,#8670),
 .UNSPECIFIED.,.F.,.F.,(4,1,4),(0.,0.0340676942614243,0.0682980852053608),
 .UNSPECIFIED.);
#1789=B_SPLINE_CURVE_WITH_KNOTS('',3,(#8683,#8684,#8685,#8686,#8687),
 .UNSPECIFIED.,.F.,.F.,(4,1,4),(0.,0.0327372835405923,0.0578634464404441),
 .UNSPECIFIED.);
#1790=B_SPLINE_CURVE_WITH_KNOTS('',3,(#8689,#8690,#8691,#8692,#8693),
 .UNSPECIFIED.,.F.,.F.,(4,1,4),(0.,0.0327372835405923,0.0578634464404441),
 .UNSPECIFIED.);
#1791=B_SPLINE_CURVE_WITH_KNOTS('',3,(#8711,#8712,#8713,#8714,#8715),
 .UNSPECIFIED.,.F.,.F.,(4,1,4),(0.,0.0496793846116063,0.103836991705219),
 .UNSPECIFIED.);
#1792=B_SPLINE_CURVE_WITH_KNOTS('',3,(#8716,#8717,#8718,#8719,#8720),
 .UNSPECIFIED.,.F.,.F.,(4,1,4),(0.,0.0496793846116063,0.103836991705219),
 .UNSPECIFIED.);
#1793=B_SPLINE_CURVE_WITH_KNOTS('',3,(#8821,#8822,#8823,#8824,#8825),
 .UNSPECIFIED.,.F.,.F.,(4,1,4),(0.,0.0218176075139688,0.0420889059528155),
 .UNSPECIFIED.);
#1794=B_SPLINE_CURVE_WITH_KNOTS('',3,(#8829,#8830,#8831,#8832,#8833),
 .UNSPECIFIED.,.F.,.F.,(4,1,4),(0.,0.0218176075139688,0.0420889059528155),
 .UNSPECIFIED.);
#1795=B_SPLINE_CURVE_WITH_KNOTS('',3,(#8846,#8847,#8848,#8849,#8850),
 .UNSPECIFIED.,.F.,.F.,(4,1,4),(0.,0.0598001535264518,0.0949654394031728),
 .UNSPECIFIED.);
#1796=B_SPLINE_CURVE_WITH_KNOTS('',3,(#8852,#8853,#8854,#8855,#8856),
 .UNSPECIFIED.,.F.,.F.,(4,1,4),(0.,0.0598001535264518,0.0949654394031728),
 .UNSPECIFIED.);
#1797=B_SPLINE_CURVE_WITH_KNOTS('',3,(#8869,#8870,#8871,#8872,#8873),
 .UNSPECIFIED.,.F.,.F.,(4,1,4),(0.,0.0536000537971173,0.12917587153259),
 .UNSPECIFIED.);
#1798=B_SPLINE_CURVE_WITH_KNOTS('',3,(#8875,#8876,#8877,#8878,#8879),
 .UNSPECIFIED.,.F.,.F.,(4,1,4),(0.,0.0536000537971173,0.12917587153259),
 .UNSPECIFIED.);
#1799=B_SPLINE_CURVE_WITH_KNOTS('',3,(#8892,#8893,#8894,#8895,#8896),
 .UNSPECIFIED.,.F.,.F.,(4,1,4),(0.,0.0339637534766598,0.0737413858924635),
 .UNSPECIFIED.);
#1800=B_SPLINE_CURVE_WITH_KNOTS('',3,(#8898,#8899,#8900,#8901,#8902),
 .UNSPECIFIED.,.F.,.F.,(4,1,4),(0.,0.0339637534766598,0.0737413858924635),
 .UNSPECIFIED.);
#1801=B_SPLINE_CURVE_WITH_KNOTS('',3,(#8915,#8916,#8917,#8918,#8919),
 .UNSPECIFIED.,.F.,.F.,(4,1,4),(0.,0.0299157610181046,0.0605775306981538),
 .UNSPECIFIED.);
#1802=B_SPLINE_CURVE_WITH_KNOTS('',3,(#8921,#8922,#8923,#8924,#8925),
 .UNSPECIFIED.,.F.,.F.,(4,1,4),(0.,0.0299157610181046,0.0605775306981538),
 .UNSPECIFIED.);
#1803=B_SPLINE_CURVE_WITH_KNOTS('',3,(#8938,#8939,#8940,#8941,#8942),
 .UNSPECIFIED.,.F.,.F.,(4,1,4),(0.,0.0546459733174597,0.109879939285712),
 .UNSPECIFIED.);
#1804=B_SPLINE_CURVE_WITH_KNOTS('',3,(#8944,#8945,#8946,#8947,#8948),
 .UNSPECIFIED.,.F.,.F.,(4,1,4),(0.,0.0546459733174597,0.109879939285712),
 .UNSPECIFIED.);
#1805=B_SPLINE_CURVE_WITH_KNOTS('',3,(#8961,#8962,#8963,#8964,#8965),
 .UNSPECIFIED.,.F.,.F.,(4,1,4),(0.,0.0652285053449521,0.123033652898628),
 .UNSPECIFIED.);
#1806=B_SPLINE_CURVE_WITH_KNOTS('',3,(#8967,#8968,#8969,#8970,#8971),
 .UNSPECIFIED.,.F.,.F.,(4,1,4),(0.,0.0652285053449521,0.123033652898628),
 .UNSPECIFIED.);
#1807=B_SPLINE_CURVE_WITH_KNOTS('',3,(#8984,#8985,#8986,#8987,#8988),
 .UNSPECIFIED.,.F.,.F.,(4,1,4),(0.,0.0568469296351124,0.12155270350367),
 .UNSPECIFIED.);
#1808=B_SPLINE_CURVE_WITH_KNOTS('',3,(#8990,#8991,#8992,#8993,#8994),
 .UNSPECIFIED.,.F.,.F.,(4,1,4),(0.,0.0568469296351124,0.12155270350367),
 .UNSPECIFIED.);
#1809=B_SPLINE_CURVE_WITH_KNOTS('',3,(#9007,#9008,#9009,#9010,#9011),
 .UNSPECIFIED.,.F.,.F.,(4,1,4),(0.,0.0640461995873068,0.120272768121803),
 .UNSPECIFIED.);
#1810=B_SPLINE_CURVE_WITH_KNOTS('',3,(#9013,#9014,#9015,#9016,#9017),
 .UNSPECIFIED.,.F.,.F.,(4,1,4),(0.,0.0640461995873068,0.120272768121803),
 .UNSPECIFIED.);
#1811=B_SPLINE_CURVE_WITH_KNOTS('',3,(#9036,#9037,#9038,#9039,#9040),
 .UNSPECIFIED.,.F.,.F.,(4,1,4),(0.,0.0375179701973238,0.0800335123930926),
 .UNSPECIFIED.);
#1812=B_SPLINE_CURVE_WITH_KNOTS('',3,(#9042,#9043,#9044,#9045,#9046),
 .UNSPECIFIED.,.F.,.F.,(4,1,4),(0.,0.0375179701973238,0.0800335123930926),
 .UNSPECIFIED.);
#1813=B_SPLINE_CURVE_WITH_KNOTS('',3,(#9059,#9060,#9061,#9062,#9063),
 .UNSPECIFIED.,.F.,.F.,(4,1,4),(0.,0.0404549665622204,0.0773518059567474),
 .UNSPECIFIED.);
#1814=B_SPLINE_CURVE_WITH_KNOTS('',3,(#9065,#9066,#9067,#9068,#9069),
 .UNSPECIFIED.,.F.,.F.,(4,1,4),(0.,0.0404549665622204,0.0773518059567474),
 .UNSPECIFIED.);
#1815=B_SPLINE_CURVE_WITH_KNOTS('',3,(#9082,#9083,#9084,#9085,#9086),
 .UNSPECIFIED.,.F.,.F.,(4,1,4),(0.,0.0354121134006625,0.0738765251855123),
 .UNSPECIFIED.);
#1816=B_SPLINE_CURVE_WITH_KNOTS('',3,(#9088,#9089,#9090,#9091,#9092),
 .UNSPECIFIED.,.F.,.F.,(4,1,4),(0.,0.0354121134006625,0.0738765251855123),
 .UNSPECIFIED.);
#1817=B_SPLINE_CURVE_WITH_KNOTS('',3,(#9105,#9106,#9107,#9108,#9109),
 .UNSPECIFIED.,.F.,.F.,(4,1,4),(0.,0.0342303210135999,0.068298049735794),
 .UNSPECIFIED.);
#1818=B_SPLINE_CURVE_WITH_KNOTS('',3,(#9111,#9112,#9113,#9114,#9115),
 .UNSPECIFIED.,.F.,.F.,(4,1,4),(0.,0.0342303210135999,0.068298049735794),
 .UNSPECIFIED.);
#1819=B_SPLINE_CURVE_WITH_KNOTS('',3,(#9128,#9129,#9130,#9131,#9132),
 .UNSPECIFIED.,.F.,.F.,(4,1,4),(0.,0.0437534499090946,0.0803580234314609),
 .UNSPECIFIED.);
#1820=B_SPLINE_CURVE_WITH_KNOTS('',3,(#9134,#9135,#9136,#9137,#9138),
 .UNSPECIFIED.,.F.,.F.,(4,1,4),(0.,0.0437534499090946,0.0803580234314609),
 .UNSPECIFIED.);
#1821=B_SPLINE_CURVE_WITH_KNOTS('',3,(#9151,#9152,#9153,#9154,#9155),
 .UNSPECIFIED.,.F.,.F.,(4,1,4),(0.,0.0908154700048634,0.15292086159336),
 .UNSPECIFIED.);
#1822=B_SPLINE_CURVE_WITH_KNOTS('',3,(#9157,#9158,#9159,#9160,#9161),
 .UNSPECIFIED.,.F.,.F.,(4,1,4),(0.,0.0908154700048634,0.15292086159336),
 .UNSPECIFIED.);
#1823=B_SPLINE_CURVE_WITH_KNOTS('',3,(#9174,#9175,#9176,#9177,#9178),
 .UNSPECIFIED.,.F.,.F.,(4,1,4),(0.,0.0490851135575105,0.110607487905956),
 .UNSPECIFIED.);
#1824=B_SPLINE_CURVE_WITH_KNOTS('',3,(#9180,#9181,#9182,#9183,#9184),
 .UNSPECIFIED.,.F.,.F.,(4,1,4),(0.,0.0490851135575105,0.110607487905956),
 .UNSPECIFIED.);
#1825=B_SPLINE_CURVE_WITH_KNOTS('',3,(#9197,#9198,#9199,#9200,#9201),
 .UNSPECIFIED.,.F.,.F.,(4,1,4),(0.,0.0372947866103706,0.0780238734274599),
 .UNSPECIFIED.);
#1826=B_SPLINE_CURVE_WITH_KNOTS('',3,(#9203,#9204,#9205,#9206,#9207),
 .UNSPECIFIED.,.F.,.F.,(4,1,4),(0.,0.0372947866103706,0.0780238734274599),
 .UNSPECIFIED.);
#1827=B_SPLINE_CURVE_WITH_KNOTS('',3,(#9220,#9221,#9222,#9223,#9224),
 .UNSPECIFIED.,.F.,.F.,(4,1,4),(0.,0.0217910867989323,0.0434483172669869),
 .UNSPECIFIED.);
#1828=B_SPLINE_CURVE_WITH_KNOTS('',3,(#9226,#9227,#9228,#9229,#9230),
 .UNSPECIFIED.,.F.,.F.,(4,1,4),(0.,0.0217910867989323,0.0434483172669869),
 .UNSPECIFIED.);
#1829=B_SPLINE_CURVE_WITH_KNOTS('',3,(#9269,#9270,#9271,#9272,#9273),
 .UNSPECIFIED.,.F.,.F.,(4,1,4),(0.,0.0472745758158476,0.0866738005378113),
 .UNSPECIFIED.);
#1830=B_SPLINE_CURVE_WITH_KNOTS('',3,(#9275,#9276,#9277,#9278,#9279),
 .UNSPECIFIED.,.F.,.F.,(4,1,4),(0.,0.0472745758158476,0.0866738005378113),
 .UNSPECIFIED.);
#1831=B_SPLINE_CURVE_WITH_KNOTS('',3,(#9292,#9293,#9294,#9295,#9296),
 .UNSPECIFIED.,.F.,.F.,(4,1,4),(0.,0.0551897050158099,0.107749556236625),
 .UNSPECIFIED.);
#1832=B_SPLINE_CURVE_WITH_KNOTS('',3,(#9298,#9299,#9300,#9301,#9302),
 .UNSPECIFIED.,.F.,.F.,(4,1,4),(0.,0.0551897050158099,0.107749556236625),
 .UNSPECIFIED.);
#1833=B_SPLINE_CURVE_WITH_KNOTS('',3,(#9321,#9322,#9323,#9324,#9325),
 .UNSPECIFIED.,.F.,.F.,(4,1,4),(0.,0.0387270999342029,0.0719123587156729),
 .UNSPECIFIED.);
#1834=B_SPLINE_CURVE_WITH_KNOTS('',3,(#9327,#9328,#9329,#9330,#9331),
 .UNSPECIFIED.,.F.,.F.,(4,1,4),(0.,0.0387270999342029,0.0719123587156729),
 .UNSPECIFIED.);
#1835=B_SPLINE_CURVE_WITH_KNOTS('',3,(#9344,#9345,#9346,#9347,#9348),
 .UNSPECIFIED.,.F.,.F.,(4,1,4),(0.,0.0332542982856907,0.0721596069386628),
 .UNSPECIFIED.);
#1836=B_SPLINE_CURVE_WITH_KNOTS('',3,(#9350,#9351,#9352,#9353,#9354),
 .UNSPECIFIED.,.F.,.F.,(4,1,4),(0.,0.0332542982856907,0.0721596069386628),
 .UNSPECIFIED.);
#1837=B_SPLINE_CURVE_WITH_KNOTS('',3,(#9385,#9386,#9387,#9388,#9389),
 .UNSPECIFIED.,.F.,.F.,(4,1,4),(0.,0.0610753476027705,0.118397575438087),
 .UNSPECIFIED.);
#1838=B_SPLINE_CURVE_WITH_KNOTS('',3,(#9393,#9394,#9395,#9396,#9397),
 .UNSPECIFIED.,.F.,.F.,(4,1,4),(0.,0.0610753476027705,0.118397575438087),
 .UNSPECIFIED.);
#1839=B_SPLINE_CURVE_WITH_KNOTS('',3,(#9410,#9411,#9412,#9413,#9414),
 .UNSPECIFIED.,.F.,.F.,(4,1,4),(0.,0.0638731384757737,0.131508677860341),
 .UNSPECIFIED.);
#1840=B_SPLINE_CURVE_WITH_KNOTS('',3,(#9416,#9417,#9418,#9419,#9420),
 .UNSPECIFIED.,.F.,.F.,(4,1,4),(0.,0.0638731384757737,0.131508677860341),
 .UNSPECIFIED.);
#1841=B_SPLINE_CURVE_WITH_KNOTS('',3,(#9433,#9434,#9435,#9436,#9437),
 .UNSPECIFIED.,.F.,.F.,(4,1,4),(0.,0.0617045681115293,0.123734456319688),
 .UNSPECIFIED.);
#1842=B_SPLINE_CURVE_WITH_KNOTS('',3,(#9439,#9440,#9441,#9442,#9443),
 .UNSPECIFIED.,.F.,.F.,(4,1,4),(0.,0.0617045681115293,0.123734456319688),
 .UNSPECIFIED.);
#1843=B_SPLINE_CURVE_WITH_KNOTS('',3,(#9456,#9457,#9458,#9459,#9460),
 .UNSPECIFIED.,.F.,.F.,(4,1,4),(0.,0.0405737228660203,0.0853350695821744),
 .UNSPECIFIED.);
#1844=B_SPLINE_CURVE_WITH_KNOTS('',3,(#9462,#9463,#9464,#9465,#9466),
 .UNSPECIFIED.,.F.,.F.,(4,1,4),(0.,0.0405737228660203,0.0853350695821744),
 .UNSPECIFIED.);
#1845=B_SPLINE_CURVE_WITH_KNOTS('',3,(#9479,#9480,#9481,#9482,#9483),
 .UNSPECIFIED.,.F.,.F.,(4,1,4),(0.,0.0424338464910251,0.0823307425093003),
 .UNSPECIFIED.);
#1846=B_SPLINE_CURVE_WITH_KNOTS('',3,(#9485,#9486,#9487,#9488,#9489),
 .UNSPECIFIED.,.F.,.F.,(4,1,4),(0.,0.0424338464910251,0.0823307425093003),
 .UNSPECIFIED.);
#1847=B_SPLINE_CURVE_WITH_KNOTS('',3,(#9502,#9503,#9504,#9505,#9506),
 .UNSPECIFIED.,.F.,.F.,(4,1,4),(0.,0.0321769566753228,0.0673182682992443),
 .UNSPECIFIED.);
#1848=B_SPLINE_CURVE_WITH_KNOTS('',3,(#9508,#9509,#9510,#9511,#9512),
 .UNSPECIFIED.,.F.,.F.,(4,1,4),(0.,0.0321769566753228,0.0673182682992443),
 .UNSPECIFIED.);
#1849=B_SPLINE_CURVE_WITH_KNOTS('',3,(#9525,#9526,#9527,#9528,#9529),
 .UNSPECIFIED.,.F.,.F.,(4,1,4),(0.,0.0312555376472925,0.062193149567601),
 .UNSPECIFIED.);
#1850=B_SPLINE_CURVE_WITH_KNOTS('',3,(#9531,#9532,#9533,#9534,#9535),
 .UNSPECIFIED.,.F.,.F.,(4,1,4),(0.,0.0312555376472925,0.062193149567601),
 .UNSPECIFIED.);
#1851=B_SPLINE_CURVE_WITH_KNOTS('',3,(#9548,#9549,#9550,#9551,#9552),
 .UNSPECIFIED.,.F.,.F.,(4,1,4),(0.,0.0342057657538168,0.0676922560135504),
 .UNSPECIFIED.);
#1852=B_SPLINE_CURVE_WITH_KNOTS('',3,(#9554,#9555,#9556,#9557,#9558),
 .UNSPECIFIED.,.F.,.F.,(4,1,4),(0.,0.0342057657538168,0.0676922560135504),
 .UNSPECIFIED.);
#1853=B_SPLINE_CURVE_WITH_KNOTS('',3,(#9571,#9572,#9573,#9574,#9575),
 .UNSPECIFIED.,.F.,.F.,(4,1,4),(0.,0.0367040089779317,0.0717278884739949),
 .UNSPECIFIED.);
#1854=B_SPLINE_CURVE_WITH_KNOTS('',3,(#9577,#9578,#9579,#9580,#9581),
 .UNSPECIFIED.,.F.,.F.,(4,1,4),(0.,0.0367040089779317,0.0717278884739949),
 .UNSPECIFIED.);
#1855=B_SPLINE_CURVE_WITH_KNOTS('',3,(#9594,#9595,#9596,#9597,#9598),
 .UNSPECIFIED.,.F.,.F.,(4,1,4),(0.,0.0395569285603717,0.0779990605853786),
 .UNSPECIFIED.);
#1856=B_SPLINE_CURVE_WITH_KNOTS('',3,(#9600,#9601,#9602,#9603,#9604),
 .UNSPECIFIED.,.F.,.F.,(4,1,4),(0.,0.0395569285603717,0.0779990605853786),
 .UNSPECIFIED.);
#1857=B_SPLINE_CURVE_WITH_KNOTS('',3,(#9617,#9618,#9619,#9620,#9621),
 .UNSPECIFIED.,.F.,.F.,(4,1,4),(0.,0.0515577297547186,0.106705839734694),
 .UNSPECIFIED.);
#1858=B_SPLINE_CURVE_WITH_KNOTS('',3,(#9623,#9624,#9625,#9626,#9627),
 .UNSPECIFIED.,.F.,.F.,(4,1,4),(0.,0.0515577297547186,0.106705839734694),
 .UNSPECIFIED.);
#1859=B_SPLINE_CURVE_WITH_KNOTS('',3,(#9640,#9641,#9642,#9643,#9644),
 .UNSPECIFIED.,.F.,.F.,(4,1,4),(0.,0.0577560143518382,0.110035964036563),
 .UNSPECIFIED.);
#1860=B_SPLINE_CURVE_WITH_KNOTS('',3,(#9646,#9647,#9648,#9649,#9650),
 .UNSPECIFIED.,.F.,.F.,(4,1,4),(0.,0.0577560143518382,0.110035964036563),
 .UNSPECIFIED.);
#1861=B_SPLINE_CURVE_WITH_KNOTS('',3,(#9669,#9670,#9671,#9672,#9673),
 .UNSPECIFIED.,.F.,.F.,(4,1,4),(0.,0.0342977307749464,0.0752204843304529),
 .UNSPECIFIED.);
#1862=B_SPLINE_CURVE_WITH_KNOTS('',3,(#9675,#9676,#9677,#9678,#9679),
 .UNSPECIFIED.,.F.,.F.,(4,1,4),(0.,0.0342977307749464,0.0752204843304529),
 .UNSPECIFIED.);
#1863=B_SPLINE_CURVE_WITH_KNOTS('',3,(#9692,#9693,#9694,#9695,#9696),
 .UNSPECIFIED.,.F.,.F.,(4,1,4),(0.,0.0333062984553339,0.0650304159974321),
 .UNSPECIFIED.);
#1864=B_SPLINE_CURVE_WITH_KNOTS('',3,(#9698,#9699,#9700,#9701,#9702),
 .UNSPECIFIED.,.F.,.F.,(4,1,4),(0.,0.0333062984553339,0.0650304159974321),
 .UNSPECIFIED.);
#1865=B_SPLINE_CURVE_WITH_KNOTS('',3,(#9715,#9716,#9717,#9718,#9719),
 .UNSPECIFIED.,.F.,.F.,(4,1,4),(0.,0.0310107670314217,0.0643027700297314),
 .UNSPECIFIED.);
#1866=B_SPLINE_CURVE_WITH_KNOTS('',3,(#9721,#9722,#9723,#9724,#9725),
 .UNSPECIFIED.,.F.,.F.,(4,1,4),(0.,0.0310107670314217,0.0643027700297314),
 .UNSPECIFIED.);
#1867=B_SPLINE_CURVE_WITH_KNOTS('',3,(#9738,#9739,#9740,#9741,#9742),
 .UNSPECIFIED.,.F.,.F.,(4,1,4),(0.,0.0313904842147987,0.0617573469507271),
 .UNSPECIFIED.);
#1868=B_SPLINE_CURVE_WITH_KNOTS('',3,(#9744,#9745,#9746,#9747,#9748),
 .UNSPECIFIED.,.F.,.F.,(4,1,4),(0.,0.0313904842147987,0.0617573469507271),
 .UNSPECIFIED.);
#1869=B_SPLINE_CURVE_WITH_KNOTS('',3,(#9761,#9762,#9763,#9764,#9765),
 .UNSPECIFIED.,.F.,.F.,(4,1,4),(0.,0.0350733740678862,0.0729845560340777),
 .UNSPECIFIED.);
#1870=B_SPLINE_CURVE_WITH_KNOTS('',3,(#9767,#9768,#9769,#9770,#9771),
 .UNSPECIFIED.,.F.,.F.,(4,1,4),(0.,0.0350733740678862,0.0729845560340777),
 .UNSPECIFIED.);
#1871=B_SPLINE_CURVE_WITH_KNOTS('',3,(#9784,#9785,#9786,#9787,#9788),
 .UNSPECIFIED.,.F.,.F.,(4,1,4),(0.,0.0376108132970383,0.0743129721866254),
 .UNSPECIFIED.);
#1872=B_SPLINE_CURVE_WITH_KNOTS('',3,(#9790,#9791,#9792,#9793,#9794),
 .UNSPECIFIED.,.F.,.F.,(4,1,4),(0.,0.0376108132970383,0.0743129721866254),
 .UNSPECIFIED.);
#1873=B_SPLINE_CURVE_WITH_KNOTS('',3,(#9807,#9808,#9809,#9810,#9811),
 .UNSPECIFIED.,.F.,.F.,(4,1,4),(0.,0.00556583404137605,0.00991769523789547),
 .UNSPECIFIED.);
#1874=B_SPLINE_CURVE_WITH_KNOTS('',3,(#9813,#9814,#9815,#9816,#9817),
 .UNSPECIFIED.,.F.,.F.,(4,1,4),(0.,0.00556583404137605,0.00991769523789547),
 .UNSPECIFIED.);
#1875=B_SPLINE_CURVE_WITH_KNOTS('',3,(#9836,#9837,#9838,#9839,#9840),
 .UNSPECIFIED.,.F.,.F.,(4,1,4),(0.,0.0196002096404197,0.0439333859436336),
 .UNSPECIFIED.);
#1876=B_SPLINE_CURVE_WITH_KNOTS('',3,(#9842,#9843,#9844,#9845,#9846),
 .UNSPECIFIED.,.F.,.F.,(4,1,4),(0.,0.0196002096404197,0.0439333859436336),
 .UNSPECIFIED.);
#1877=B_SPLINE_CURVE_WITH_KNOTS('',3,(#9859,#9860,#9861,#9862,#9863),
 .UNSPECIFIED.,.F.,.F.,(4,1,4),(0.,0.0376015574550056,0.0770915097376104),
 .UNSPECIFIED.);
#1878=B_SPLINE_CURVE_WITH_KNOTS('',3,(#9865,#9866,#9867,#9868,#9869),
 .UNSPECIFIED.,.F.,.F.,(4,1,4),(0.,0.0376015574550056,0.0770915097376104),
 .UNSPECIFIED.);
#1879=B_SPLINE_CURVE_WITH_KNOTS('',3,(#9882,#9883,#9884,#9885,#9886),
 .UNSPECIFIED.,.F.,.F.,(4,1,4),(0.,0.0391541379235305,0.0764715612254127),
 .UNSPECIFIED.);
#1880=B_SPLINE_CURVE_WITH_KNOTS('',3,(#9888,#9889,#9890,#9891,#9892),
 .UNSPECIFIED.,.F.,.F.,(4,1,4),(0.,0.0391541379235305,0.0764715612254127),
 .UNSPECIFIED.);
#1881=B_SPLINE_CURVE_WITH_KNOTS('',3,(#9905,#9906,#9907,#9908,#9909),
 .UNSPECIFIED.,.F.,.F.,(4,1,4),(0.,0.0404391751765394,0.0818812857336721),
 .UNSPECIFIED.);
#1882=B_SPLINE_CURVE_WITH_KNOTS('',3,(#9911,#9912,#9913,#9914,#9915),
 .UNSPECIFIED.,.F.,.F.,(4,1,4),(0.,0.0404391751765394,0.0818812857336721),
 .UNSPECIFIED.);
#1883=B_SPLINE_CURVE_WITH_KNOTS('',3,(#9928,#9929,#9930,#9931,#9932),
 .UNSPECIFIED.,.F.,.F.,(4,1,4),(0.,0.0406038516044686,0.080618956644265),
 .UNSPECIFIED.);
#1884=B_SPLINE_CURVE_WITH_KNOTS('',3,(#9934,#9935,#9936,#9937,#9938),
 .UNSPECIFIED.,.F.,.F.,(4,1,4),(0.,0.0406038516044686,0.080618956644265),
 .UNSPECIFIED.);
#1885=B_SPLINE_CURVE_WITH_KNOTS('',3,(#9951,#9952,#9953,#9954,#9955),
 .UNSPECIFIED.,.F.,.F.,(4,1,4),(0.,0.0330921010431209,0.067337296503284),
 .UNSPECIFIED.);
#1886=B_SPLINE_CURVE_WITH_KNOTS('',3,(#9957,#9958,#9959,#9960,#9961),
 .UNSPECIFIED.,.F.,.F.,(4,1,4),(0.,0.0330921010431209,0.067337296503284),
 .UNSPECIFIED.);
#1887=B_SPLINE_CURVE_WITH_KNOTS('',3,(#9974,#9975,#9976,#9977,#9978),
 .UNSPECIFIED.,.F.,.F.,(4,1,4),(0.,0.0471374156499247,0.0844463385034418),
 .UNSPECIFIED.);
#1888=B_SPLINE_CURVE_WITH_KNOTS('',3,(#9980,#9981,#9982,#9983,#9984),
 .UNSPECIFIED.,.F.,.F.,(4,1,4),(0.,0.0471374156499247,0.0844463385034418),
 .UNSPECIFIED.);
#1889=B_SPLINE_CURVE_WITH_KNOTS('',3,(#10002,#10003,#10004,#10005,#10006),
 .UNSPECIFIED.,.F.,.F.,(4,1,4),(0.,0.0564294709496232,0.115111848789961),
 .UNSPECIFIED.);
#1890=B_SPLINE_CURVE_WITH_KNOTS('',3,(#10007,#10008,#10009,#10010,#10011),
 .UNSPECIFIED.,.F.,.F.,(4,1,4),(0.,0.0564294709496232,0.115111848789961),
 .UNSPECIFIED.);
#1891=B_SPLINE_CURVE_WITH_KNOTS('',3,(#10026,#10027,#10028,#10029,#10030),
 .UNSPECIFIED.,.F.,.F.,(4,1,4),(0.,0.0627197098398673,0.119946942309451),
 .UNSPECIFIED.);
#1892=B_SPLINE_CURVE_WITH_KNOTS('',3,(#10034,#10035,#10036,#10037,#10038),
 .UNSPECIFIED.,.F.,.F.,(4,1,4),(0.,0.0627197098398673,0.119946942309451),
 .UNSPECIFIED.);
#1893=B_SPLINE_CURVE_WITH_KNOTS('',3,(#10051,#10052,#10053,#10054,#10055),
 .UNSPECIFIED.,.F.,.F.,(4,1,4),(0.,0.072853600854711,0.148822340672413),
 .UNSPECIFIED.);
#1894=B_SPLINE_CURVE_WITH_KNOTS('',3,(#10057,#10058,#10059,#10060,#10061),
 .UNSPECIFIED.,.F.,.F.,(4,1,4),(0.,0.072853600854711,0.148822340672413),
 .UNSPECIFIED.);
#1895=B_SPLINE_CURVE_WITH_KNOTS('',3,(#10074,#10075,#10076,#10077,#10078),
 .UNSPECIFIED.,.F.,.F.,(4,1,4),(0.,0.0640358816831102,0.125702735904233),
 .UNSPECIFIED.);
#1896=B_SPLINE_CURVE_WITH_KNOTS('',3,(#10080,#10081,#10082,#10083,#10084),
 .UNSPECIFIED.,.F.,.F.,(4,1,4),(0.,0.0640358816831102,0.125702735904233),
 .UNSPECIFIED.);
#1897=B_SPLINE_CURVE_WITH_KNOTS('',3,(#10097,#10098,#10099,#10100,#10101),
 .UNSPECIFIED.,.F.,.F.,(4,1,4),(0.,0.0618681352980181,0.127640514642888),
 .UNSPECIFIED.);
#1898=B_SPLINE_CURVE_WITH_KNOTS('',3,(#10103,#10104,#10105,#10106,#10107),
 .UNSPECIFIED.,.F.,.F.,(4,1,4),(0.,0.0618681352980181,0.127640514642888),
 .UNSPECIFIED.);
#1899=B_SPLINE_CURVE_WITH_KNOTS('',3,(#10120,#10121,#10122,#10123,#10124),
 .UNSPECIFIED.,.F.,.F.,(4,1,4),(0.,0.0614242280757362,0.122013841226584),
 .UNSPECIFIED.);
#1900=B_SPLINE_CURVE_WITH_KNOTS('',3,(#10126,#10127,#10128,#10129,#10130),
 .UNSPECIFIED.,.F.,.F.,(4,1,4),(0.,0.0614242280757362,0.122013841226584),
 .UNSPECIFIED.);
#1901=B_SPLINE_CURVE_WITH_KNOTS('',3,(#10143,#10144,#10145,#10146,#10147),
 .UNSPECIFIED.,.F.,.F.,(4,1,4),(0.,0.0517851519522547,0.100763289056962),
 .UNSPECIFIED.);
#1902=B_SPLINE_CURVE_WITH_KNOTS('',3,(#10149,#10150,#10151,#10152,#10153),
 .UNSPECIFIED.,.F.,.F.,(4,1,4),(0.,0.0517851519522547,0.100763289056962),
 .UNSPECIFIED.);
#1903=B_SPLINE_CURVE_WITH_KNOTS('',3,(#10202,#10203,#10204,#10205,#10206),
 .UNSPECIFIED.,.F.,.F.,(4,1,4),(0.,0.0262669441094077,0.0515730003932563),
 .UNSPECIFIED.);
#1904=B_SPLINE_CURVE_WITH_KNOTS('',3,(#10208,#10209,#10210,#10211,#10212),
 .UNSPECIFIED.,.F.,.F.,(4,1,4),(0.,0.0262669441094077,0.0515730003932563),
 .UNSPECIFIED.);
#1905=B_SPLINE_CURVE_WITH_KNOTS('',3,(#10225,#10226,#10227,#10228,#10229),
 .UNSPECIFIED.,.F.,.F.,(4,1,4),(0.,0.0284283714879703,0.0557413051256862),
 .UNSPECIFIED.);
#1906=B_SPLINE_CURVE_WITH_KNOTS('',3,(#10231,#10232,#10233,#10234,#10235),
 .UNSPECIFIED.,.F.,.F.,(4,1,4),(0.,0.0284283714879703,0.0557413051256862),
 .UNSPECIFIED.);
#1907=B_SPLINE_CURVE_WITH_KNOTS('',3,(#10248,#10249,#10250,#10251,#10252),
 .UNSPECIFIED.,.F.,.F.,(4,1,4),(0.,0.0408648848577099,0.0846717705740038),
 .UNSPECIFIED.);
#1908=B_SPLINE_CURVE_WITH_KNOTS('',3,(#10254,#10255,#10256,#10257,#10258),
 .UNSPECIFIED.,.F.,.F.,(4,1,4),(0.,0.0408648848577099,0.0846717705740038),
 .UNSPECIFIED.);
#1909=B_SPLINE_CURVE_WITH_KNOTS('',3,(#10271,#10272,#10273,#10274,#10275),
 .UNSPECIFIED.,.F.,.F.,(4,1,4),(0.,0.0475636126146235,0.0897992944261258),
 .UNSPECIFIED.);
#1910=B_SPLINE_CURVE_WITH_KNOTS('',3,(#10277,#10278,#10279,#10280,#10281),
 .UNSPECIFIED.,.F.,.F.,(4,1,4),(0.,0.0475636126146235,0.0897992944261258),
 .UNSPECIFIED.);
#1911=B_SPLINE_CURVE_WITH_KNOTS('',3,(#10294,#10295,#10296,#10297,#10298),
 .UNSPECIFIED.,.F.,.F.,(4,1,4),(0.,0.0451858352075359,0.0955690738275269),
 .UNSPECIFIED.);
#1912=B_SPLINE_CURVE_WITH_KNOTS('',3,(#10300,#10301,#10302,#10303,#10304),
 .UNSPECIFIED.,.F.,.F.,(4,1,4),(0.,0.0451858352075359,0.0955690738275269),
 .UNSPECIFIED.);
#1913=B_SPLINE_CURVE_WITH_KNOTS('',3,(#10317,#10318,#10319,#10320,#10321),
 .UNSPECIFIED.,.F.,.F.,(4,1,4),(0.,0.0417719491070894,0.0841000439771112),
 .UNSPECIFIED.);
#1914=B_SPLINE_CURVE_WITH_KNOTS('',3,(#10323,#10324,#10325,#10326,#10327),
 .UNSPECIFIED.,.F.,.F.,(4,1,4),(0.,0.0417719491070894,0.0841000439771112),
 .UNSPECIFIED.);
#1915=B_SPLINE_CURVE_WITH_KNOTS('',3,(#10340,#10341,#10342,#10343,#10344),
 .UNSPECIFIED.,.F.,.F.,(4,1,4),(0.,0.0338678413150431,0.0685620567337463),
 .UNSPECIFIED.);
#1916=B_SPLINE_CURVE_WITH_KNOTS('',3,(#10346,#10347,#10348,#10349,#10350),
 .UNSPECIFIED.,.F.,.F.,(4,1,4),(0.,0.0338678413150431,0.0685620567337463),
 .UNSPECIFIED.);
#1917=B_SPLINE_CURVE_WITH_KNOTS('',3,(#10363,#10364,#10365,#10366,#10367),
 .UNSPECIFIED.,.F.,.F.,(4,1,4),(0.,0.042936932216716,0.0794229547053171),
 .UNSPECIFIED.);
#1918=B_SPLINE_CURVE_WITH_KNOTS('',3,(#10369,#10370,#10371,#10372,#10373),
 .UNSPECIFIED.,.F.,.F.,(4,1,4),(0.,0.042936932216716,0.0794229547053171),
 .UNSPECIFIED.);
#1919=B_SPLINE_CURVE_WITH_KNOTS('',3,(#10391,#10392,#10393,#10394,#10395),
 .UNSPECIFIED.,.F.,.F.,(4,1,4),(0.,0.0557992389326012,0.114706257561376),
 .UNSPECIFIED.);
#1920=B_SPLINE_CURVE_WITH_KNOTS('',3,(#10396,#10397,#10398,#10399,#10400),
 .UNSPECIFIED.,.F.,.F.,(4,1,4),(0.,0.0557992389326012,0.114706257561376),
 .UNSPECIFIED.);
#1921=B_SPLINE_CURVE_WITH_KNOTS('',3,(#10415,#10416,#10417,#10418,#10419),
 .UNSPECIFIED.,.F.,.F.,(4,1,4),(0.,0.0834828267181977,0.158230793087571),
 .UNSPECIFIED.);
#1922=B_SPLINE_CURVE_WITH_KNOTS('',3,(#10423,#10424,#10425,#10426,#10427),
 .UNSPECIFIED.,.F.,.F.,(4,1,4),(0.,0.0834828267181977,0.158230793087571),
 .UNSPECIFIED.);
#1923=B_SPLINE_CURVE_WITH_KNOTS('',3,(#10440,#10441,#10442,#10443,#10444),
 .UNSPECIFIED.,.F.,.F.,(4,1,4),(0.,0.0863378669212026,0.173320094222271),
 .UNSPECIFIED.);
#1924=B_SPLINE_CURVE_WITH_KNOTS('',3,(#10446,#10447,#10448,#10449,#10450),
 .UNSPECIFIED.,.F.,.F.,(4,1,4),(0.,0.0863378669212026,0.173320094222271),
 .UNSPECIFIED.);
#1925=B_SPLINE_CURVE_WITH_KNOTS('',3,(#10463,#10464,#10465,#10466,#10467),
 .UNSPECIFIED.,.F.,.F.,(4,1,4),(0.,0.0654480883065756,0.144688986355528),
 .UNSPECIFIED.);
#1926=B_SPLINE_CURVE_WITH_KNOTS('',3,(#10469,#10470,#10471,#10472,#10473),
 .UNSPECIFIED.,.F.,.F.,(4,1,4),(0.,0.0654480883065756,0.144688986355528),
 .UNSPECIFIED.);
#1927=B_SPLINE_CURVE_WITH_KNOTS('',3,(#10492,#10493,#10494,#10495,#10496),
 .UNSPECIFIED.,.F.,.F.,(4,1,4),(0.,0.0674502230403241,0.139654095901599),
 .UNSPECIFIED.);
#1928=B_SPLINE_CURVE_WITH_KNOTS('',3,(#10498,#10499,#10500,#10501,#10502),
 .UNSPECIFIED.,.F.,.F.,(4,1,4),(0.,0.0674502230403241,0.139654095901599),
 .UNSPECIFIED.);
#1929=B_SPLINE_CURVE_WITH_KNOTS('',3,(#10515,#10516,#10517,#10518,#10519),
 .UNSPECIFIED.,.F.,.F.,(4,1,4),(0.,0.0949559097434613,0.188046095621246),
 .UNSPECIFIED.);
#1930=B_SPLINE_CURVE_WITH_KNOTS('',3,(#10521,#10522,#10523,#10524,#10525),
 .UNSPECIFIED.,.F.,.F.,(4,1,4),(0.,0.0949559097434613,0.188046095621246),
 .UNSPECIFIED.);
#1931=B_SPLINE_CURVE_WITH_KNOTS('',3,(#10538,#10539,#10540,#10541,#10542),
 .UNSPECIFIED.,.F.,.F.,(4,1,4),(0.,0.0759298508360621,0.165317634624141),
 .UNSPECIFIED.);
#1932=B_SPLINE_CURVE_WITH_KNOTS('',3,(#10544,#10545,#10546,#10547,#10548),
 .UNSPECIFIED.,.F.,.F.,(4,1,4),(0.,0.0759298508360621,0.165317634624141),
 .UNSPECIFIED.);
#1933=B_SPLINE_CURVE_WITH_KNOTS('',3,(#10585,#10586,#10587,#10588,#10589),
 .UNSPECIFIED.,.F.,.F.,(4,1,4),(0.,0.0394988511456073,0.0777590875577101),
 .UNSPECIFIED.);
#1934=B_SPLINE_CURVE_WITH_KNOTS('',3,(#10593,#10594,#10595,#10596,#10597),
 .UNSPECIFIED.,.F.,.F.,(4,1,4),(0.,0.0394988511456073,0.0777590875577101),
 .UNSPECIFIED.);
#1935=B_SPLINE_CURVE_WITH_KNOTS('',3,(#10610,#10611,#10612,#10613,#10614),
 .UNSPECIFIED.,.F.,.F.,(4,1,4),(0.,0.0392374244798337,0.0789038416010834),
 .UNSPECIFIED.);
#1936=B_SPLINE_CURVE_WITH_KNOTS('',3,(#10616,#10617,#10618,#10619,#10620),
 .UNSPECIFIED.,.F.,.F.,(4,1,4),(0.,0.0392374244798337,0.0789038416010834),
 .UNSPECIFIED.);
#1937=B_SPLINE_CURVE_WITH_KNOTS('',3,(#10633,#10634,#10635,#10636,#10637),
 .UNSPECIFIED.,.F.,.F.,(4,1,4),(0.,0.043903338707427,0.0845028358580415),
 .UNSPECIFIED.);
#1938=B_SPLINE_CURVE_WITH_KNOTS('',3,(#10639,#10640,#10641,#10642,#10643),
 .UNSPECIFIED.,.F.,.F.,(4,1,4),(0.,0.043903338707427,0.0845028358580415),
 .UNSPECIFIED.);
#1939=B_SPLINE_CURVE_WITH_KNOTS('',3,(#10656,#10657,#10658,#10659,#10660),
 .UNSPECIFIED.,.F.,.F.,(4,1,4),(0.,0.0446152851786176,0.0934688491099336),
 .UNSPECIFIED.);
#1940=B_SPLINE_CURVE_WITH_KNOTS('',3,(#10662,#10663,#10664,#10665,#10666),
 .UNSPECIFIED.,.F.,.F.,(4,1,4),(0.,0.0446152851786176,0.0934688491099336),
 .UNSPECIFIED.);
#1941=B_SPLINE_CURVE_WITH_KNOTS('',3,(#10679,#10680,#10681,#10682,#10683),
 .UNSPECIFIED.,.F.,.F.,(4,1,4),(0.,0.0391857270156543,0.0806258232515251),
 .UNSPECIFIED.);
#1942=B_SPLINE_CURVE_WITH_KNOTS('',3,(#10685,#10686,#10687,#10688,#10689),
 .UNSPECIFIED.,.F.,.F.,(4,1,4),(0.,0.0391857270156543,0.0806258232515251),
 .UNSPECIFIED.);
#1943=B_SPLINE_CURVE_WITH_KNOTS('',3,(#10702,#10703,#10704,#10705,#10706),
 .UNSPECIFIED.,.F.,.F.,(4,1,4),(0.,0.0386597436353011,0.0761361519538434),
 .UNSPECIFIED.);
#1944=B_SPLINE_CURVE_WITH_KNOTS('',3,(#10708,#10709,#10710,#10711,#10712),
 .UNSPECIFIED.,.F.,.F.,(4,1,4),(0.,0.0386597436353011,0.0761361519538434),
 .UNSPECIFIED.);
#1945=B_SPLINE_CURVE_WITH_KNOTS('',3,(#10725,#10726,#10727,#10728,#10729),
 .UNSPECIFIED.,.F.,.F.,(4,1,4),(0.,0.047933252337126,0.0901537432213935),
 .UNSPECIFIED.);
#1946=B_SPLINE_CURVE_WITH_KNOTS('',3,(#10731,#10732,#10733,#10734,#10735),
 .UNSPECIFIED.,.F.,.F.,(4,1,4),(0.,0.047933252337126,0.0901537432213935),
 .UNSPECIFIED.);
#1947=B_SPLINE_CURVE_WITH_KNOTS('',3,(#10747,#10748,#10749,#10750,#10751),
 .UNSPECIFIED.,.F.,.F.,(4,1,4),(0.,0.0412998748142406,0.0889551600979055),
 .UNSPECIFIED.);
#1948=B_SPLINE_CURVE_WITH_KNOTS('',3,(#10752,#10753,#10754,#10755,#10756),
 .UNSPECIFIED.,.F.,.F.,(4,1,4),(0.,0.0412998748142406,0.0889551600979055),
 .UNSPECIFIED.);
#1949=B_SPLINE_CURVE_WITH_KNOTS('',3,(#10769,#10770,#10771,#10772,#10773),
 .UNSPECIFIED.,.F.,.F.,(4,1,4),(0.,0.0539033664421157,0.102901750395014),
 .UNSPECIFIED.);
#1950=B_SPLINE_CURVE_WITH_KNOTS('',3,(#10777,#10778,#10779,#10780,#10781),
 .UNSPECIFIED.,.F.,.F.,(4,1,4),(0.,0.0539033664421157,0.102901750395014),
 .UNSPECIFIED.);
#1951=B_SPLINE_CURVE_WITH_KNOTS('',3,(#10794,#10795,#10796,#10797,#10798),
 .UNSPECIFIED.,.F.,.F.,(4,1,4),(0.,0.0497624477264923,0.101963431063346),
 .UNSPECIFIED.);
#1952=B_SPLINE_CURVE_WITH_KNOTS('',3,(#10800,#10801,#10802,#10803,#10804),
 .UNSPECIFIED.,.F.,.F.,(4,1,4),(0.,0.0497624477264923,0.101963431063346),
 .UNSPECIFIED.);
#1953=B_SPLINE_CURVE_WITH_KNOTS('',3,(#10817,#10818,#10819,#10820,#10821),
 .UNSPECIFIED.,.F.,.F.,(4,1,4),(0.,0.0562135654102698,0.107522572435112),
 .UNSPECIFIED.);
#1954=B_SPLINE_CURVE_WITH_KNOTS('',3,(#10823,#10824,#10825,#10826,#10827),
 .UNSPECIFIED.,.F.,.F.,(4,1,4),(0.,0.0562135654102698,0.107522572435112),
 .UNSPECIFIED.);
#1955=B_SPLINE_CURVE_WITH_KNOTS('',3,(#10840,#10841,#10842,#10843,#10844),
 .UNSPECIFIED.,.F.,.F.,(4,1,4),(0.,0.0862756250673372,0.154755083513855),
 .UNSPECIFIED.);
#1956=B_SPLINE_CURVE_WITH_KNOTS('',3,(#10846,#10847,#10848,#10849,#10850),
 .UNSPECIFIED.,.F.,.F.,(4,1,4),(0.,0.0862756250673372,0.154755083513855),
 .UNSPECIFIED.);
#1957=B_SPLINE_CURVE_WITH_KNOTS('',3,(#10863,#10864,#10865,#10866,#10867),
 .UNSPECIFIED.,.F.,.F.,(4,1,4),(0.,0.0614278130587069,0.142773013808487),
 .UNSPECIFIED.);
#1958=B_SPLINE_CURVE_WITH_KNOTS('',3,(#10869,#10870,#10871,#10872,#10873),
 .UNSPECIFIED.,.F.,.F.,(4,1,4),(0.,0.0614278130587069,0.142773013808487),
 .UNSPECIFIED.);
#1959=B_SPLINE_CURVE_WITH_KNOTS('',3,(#10886,#10887,#10888,#10889,#10890),
 .UNSPECIFIED.,.F.,.F.,(4,1,4),(0.,0.0478250233988194,0.0980697749958685),
 .UNSPECIFIED.);
#1960=B_SPLINE_CURVE_WITH_KNOTS('',3,(#10892,#10893,#10894,#10895,#10896),
 .UNSPECIFIED.,.F.,.F.,(4,1,4),(0.,0.0478250233988194,0.0980697749958685),
 .UNSPECIFIED.);
#1961=B_SPLINE_CURVE_WITH_KNOTS('',3,(#10909,#10910,#10911,#10912,#10913),
 .UNSPECIFIED.,.F.,.F.,(4,1,4),(0.,0.0471002935910652,0.0938312363437858),
 .UNSPECIFIED.);
#1962=B_SPLINE_CURVE_WITH_KNOTS('',3,(#10915,#10916,#10917,#10918,#10919),
 .UNSPECIFIED.,.F.,.F.,(4,1,4),(0.,0.0471002935910652,0.0938312363437858),
 .UNSPECIFIED.);
#1963=B_SPLINE_CURVE_WITH_KNOTS('',3,(#10932,#10933,#10934,#10935,#10936),
 .UNSPECIFIED.,.F.,.F.,(4,1,4),(0.,0.0614448244139299,0.124424785137188),
 .UNSPECIFIED.);
#1964=B_SPLINE_CURVE_WITH_KNOTS('',3,(#10938,#10939,#10940,#10941,#10942),
 .UNSPECIFIED.,.F.,.F.,(4,1,4),(0.,0.0614448244139299,0.124424785137188),
 .UNSPECIFIED.);
#1965=B_SPLINE_CURVE_WITH_KNOTS('',3,(#10955,#10956,#10957,#10958,#10959),
 .UNSPECIFIED.,.F.,.F.,(4,1,4),(0.,0.0695420717516922,0.132926869225299),
 .UNSPECIFIED.);
#1966=B_SPLINE_CURVE_WITH_KNOTS('',3,(#10961,#10962,#10963,#10964,#10965),
 .UNSPECIFIED.,.F.,.F.,(4,1,4),(0.,0.0695420717516922,0.132926869225299),
 .UNSPECIFIED.);
#1967=B_SPLINE_CURVE_WITH_KNOTS('',3,(#10978,#10979,#10980,#10981,#10982),
 .UNSPECIFIED.,.F.,.F.,(4,1,4),(0.,0.0613339947432805,0.12870360827559),
 .UNSPECIFIED.);
#1968=B_SPLINE_CURVE_WITH_KNOTS('',3,(#10984,#10985,#10986,#10987,#10988),
 .UNSPECIFIED.,.F.,.F.,(4,1,4),(0.,0.0613339947432805,0.12870360827559),
 .UNSPECIFIED.);
#1969=B_SPLINE_CURVE_WITH_KNOTS('',3,(#11001,#11002,#11003,#11004,#11005),
 .UNSPECIFIED.,.F.,.F.,(4,1,4),(0.,0.0583937831469982,0.116875064484167),
 .UNSPECIFIED.);
#1970=B_SPLINE_CURVE_WITH_KNOTS('',3,(#11007,#11008,#11009,#11010,#11011),
 .UNSPECIFIED.,.F.,.F.,(4,1,4),(0.,0.0583937831469982,0.116875064484167),
 .UNSPECIFIED.);
#1971=B_SPLINE_CURVE_WITH_KNOTS('',3,(#11024,#11025,#11026,#11027,#11028),
 .UNSPECIFIED.,.F.,.F.,(4,1,4),(0.,0.0357532840831579,0.0718490146087595),
 .UNSPECIFIED.);
#1972=B_SPLINE_CURVE_WITH_KNOTS('',3,(#11030,#11031,#11032,#11033,#11034),
 .UNSPECIFIED.,.F.,.F.,(4,1,4),(0.,0.0357532840831579,0.0718490146087595),
 .UNSPECIFIED.);
#1973=B_SPLINE_CURVE_WITH_KNOTS('',3,(#11047,#11048,#11049,#11050,#11051),
 .UNSPECIFIED.,.F.,.F.,(4,1,4),(0.,0.0344119940372132,0.0700201861488216),
 .UNSPECIFIED.);
#1974=B_SPLINE_CURVE_WITH_KNOTS('',3,(#11053,#11054,#11055,#11056,#11057),
 .UNSPECIFIED.,.F.,.F.,(4,1,4),(0.,0.0344119940372132,0.0700201861488216),
 .UNSPECIFIED.);
#1975=B_SPLINE_CURVE_WITH_KNOTS('',3,(#11070,#11071,#11072,#11073,#11074),
 .UNSPECIFIED.,.F.,.F.,(4,1,4),(0.,0.00511669584497052,0.0122835956500121),
 .UNSPECIFIED.);
#1976=B_SPLINE_CURVE_WITH_KNOTS('',3,(#11076,#11077,#11078,#11079,#11080),
 .UNSPECIFIED.,.F.,.F.,(4,1,4),(0.,0.00511669584497052,0.0122835956500121),
 .UNSPECIFIED.);
#1977=B_SPLINE_CURVE_WITH_KNOTS('',3,(#11093,#11094,#11095,#11096,#11097),
 .UNSPECIFIED.,.F.,.F.,(4,1,4),(0.,0.0378121228900605,0.0757401848352604),
 .UNSPECIFIED.);
#1978=B_SPLINE_CURVE_WITH_KNOTS('',3,(#11099,#11100,#11101,#11102,#11103),
 .UNSPECIFIED.,.F.,.F.,(4,1,4),(0.,0.0378121228900605,0.0757401848352604),
 .UNSPECIFIED.);
#1979=B_SPLINE_CURVE_WITH_KNOTS('',3,(#11116,#11117,#11118,#11119,#11120),
 .UNSPECIFIED.,.F.,.F.,(4,1,4),(0.,0.0284856085928077,0.0631402316591597),
 .UNSPECIFIED.);
#1980=B_SPLINE_CURVE_WITH_KNOTS('',3,(#11122,#11123,#11124,#11125,#11126),
 .UNSPECIFIED.,.F.,.F.,(4,1,4),(0.,0.0284856085928077,0.0631402316591597),
 .UNSPECIFIED.);
#1981=B_SPLINE_CURVE_WITH_KNOTS('',3,(#11139,#11140,#11141,#11142,#11143),
 .UNSPECIFIED.,.F.,.F.,(4,1,4),(0.,0.0246785992176313,0.0495403448005961),
 .UNSPECIFIED.);
#1982=B_SPLINE_CURVE_WITH_KNOTS('',3,(#11145,#11146,#11147,#11148,#11149),
 .UNSPECIFIED.,.F.,.F.,(4,1,4),(0.,0.0246785992176313,0.0495403448005961),
 .UNSPECIFIED.);
#1983=B_SPLINE_CURVE_WITH_KNOTS('',3,(#11162,#11163,#11164,#11165,#11166),
 .UNSPECIFIED.,.F.,.F.,(4,1,4),(0.,0.0267149049225851,0.0516261784150691),
 .UNSPECIFIED.);
#1984=B_SPLINE_CURVE_WITH_KNOTS('',3,(#11168,#11169,#11170,#11171,#11172),
 .UNSPECIFIED.,.F.,.F.,(4,1,4),(0.,0.0267149049225851,0.0516261784150691),
 .UNSPECIFIED.);
#1985=B_SPLINE_CURVE_WITH_KNOTS('',3,(#11185,#11186,#11187,#11188,#11189),
 .UNSPECIFIED.,.F.,.F.,(4,1,4),(0.,0.0279321433902613,0.0583942075983068),
 .UNSPECIFIED.);
#1986=B_SPLINE_CURVE_WITH_KNOTS('',3,(#11191,#11192,#11193,#11194,#11195),
 .UNSPECIFIED.,.F.,.F.,(4,1,4),(0.,0.0279321433902613,0.0583942075983068),
 .UNSPECIFIED.);
#1987=B_SPLINE_CURVE_WITH_KNOTS('',3,(#11208,#11209,#11210,#11211,#11212),
 .UNSPECIFIED.,.F.,.F.,(4,1,4),(0.,0.0375194855488833,0.0677418228842806),
 .UNSPECIFIED.);
#1988=B_SPLINE_CURVE_WITH_KNOTS('',3,(#11214,#11215,#11216,#11217,#11218),
 .UNSPECIFIED.,.F.,.F.,(4,1,4),(0.,0.0375194855488833,0.0677418228842806),
 .UNSPECIFIED.);
#1989=B_SPLINE_CURVE_WITH_KNOTS('',3,(#11236,#11237,#11238,#11239,#11240),
 .UNSPECIFIED.,.F.,.F.,(4,1,4),(0.,0.0493013359643665,0.103821617157995),
 .UNSPECIFIED.);
#1990=B_SPLINE_CURVE_WITH_KNOTS('',3,(#11241,#11242,#11243,#11244,#11245),
 .UNSPECIFIED.,.F.,.F.,(4,1,4),(0.,0.0493013359643665,0.103821617157995),
 .UNSPECIFIED.);
#1991=B_SPLINE_CURVE_WITH_KNOTS('',3,(#11268,#11269,#11270,#11271,#11272),
 .UNSPECIFIED.,.F.,.F.,(4,1,4),(0.,0.0472745758158476,0.0866738005378113),
 .UNSPECIFIED.);
#1992=B_SPLINE_CURVE_WITH_KNOTS('',3,(#11274,#11275,#11276,#11277,#11278),
 .UNSPECIFIED.,.F.,.F.,(4,1,4),(0.,0.0472745758158476,0.0866738005378113),
 .UNSPECIFIED.);
#1993=B_SPLINE_CURVE_WITH_KNOTS('',3,(#11291,#11292,#11293,#11294,#11295),
 .UNSPECIFIED.,.F.,.F.,(4,1,4),(0.,0.0551897050158099,0.107749556236625),
 .UNSPECIFIED.);
#1994=B_SPLINE_CURVE_WITH_KNOTS('',3,(#11297,#11298,#11299,#11300,#11301),
 .UNSPECIFIED.,.F.,.F.,(4,1,4),(0.,0.0551897050158099,0.107749556236625),
 .UNSPECIFIED.);
#1995=B_SPLINE_CURVE_WITH_KNOTS('',3,(#11320,#11321,#11322,#11323,#11324),
 .UNSPECIFIED.,.F.,.F.,(4,1,4),(0.,0.0387270999342029,0.0719123587156729),
 .UNSPECIFIED.);
#1996=B_SPLINE_CURVE_WITH_KNOTS('',3,(#11326,#11327,#11328,#11329,#11330),
 .UNSPECIFIED.,.F.,.F.,(4,1,4),(0.,0.0387270999342029,0.0719123587156729),
 .UNSPECIFIED.);
#1997=B_SPLINE_CURVE_WITH_KNOTS('',3,(#11343,#11344,#11345,#11346,#11347),
 .UNSPECIFIED.,.F.,.F.,(4,1,4),(0.,0.0332542752847683,0.0721596089536082),
 .UNSPECIFIED.);
#1998=B_SPLINE_CURVE_WITH_KNOTS('',3,(#11349,#11350,#11351,#11352,#11353),
 .UNSPECIFIED.,.F.,.F.,(4,1,4),(0.,0.0332542752847683,0.0721596089536082),
 .UNSPECIFIED.);
#1999=B_SPLINE_CURVE_WITH_KNOTS('',3,(#11392,#11393,#11394,#11395,#11396),
 .UNSPECIFIED.,.F.,.F.,(4,1,4),(0.,0.0472745758158476,0.0866738005378113),
 .UNSPECIFIED.);
#2000=B_SPLINE_CURVE_WITH_KNOTS('',3,(#11398,#11399,#11400,#11401,#11402),
 .UNSPECIFIED.,.F.,.F.,(4,1,4),(0.,0.0472745758158476,0.0866738005378113),
 .UNSPECIFIED.);
#2001=B_SPLINE_CURVE_WITH_KNOTS('',3,(#11415,#11416,#11417,#11418,#11419),
 .UNSPECIFIED.,.F.,.F.,(4,1,4),(0.,0.0551897050158099,0.107749556236625),
 .UNSPECIFIED.);
#2002=B_SPLINE_CURVE_WITH_KNOTS('',3,(#11421,#11422,#11423,#11424,#11425),
 .UNSPECIFIED.,.F.,.F.,(4,1,4),(0.,0.0551897050158099,0.107749556236625),
 .UNSPECIFIED.);
#2003=B_SPLINE_CURVE_WITH_KNOTS('',3,(#11444,#11445,#11446,#11447,#11448),
 .UNSPECIFIED.,.F.,.F.,(4,1,4),(0.,0.0387270999342029,0.0719123587156729),
 .UNSPECIFIED.);
#2004=B_SPLINE_CURVE_WITH_KNOTS('',3,(#11450,#11451,#11452,#11453,#11454),
 .UNSPECIFIED.,.F.,.F.,(4,1,4),(0.,0.0387270999342029,0.0719123587156729),
 .UNSPECIFIED.);
#2005=B_SPLINE_CURVE_WITH_KNOTS('',3,(#11467,#11468,#11469,#11470,#11471),
 .UNSPECIFIED.,.F.,.F.,(4,1,4),(0.,0.0332542982856907,0.0721596069386628),
 .UNSPECIFIED.);
#2006=B_SPLINE_CURVE_WITH_KNOTS('',3,(#11473,#11474,#11475,#11476,#11477),
 .UNSPECIFIED.,.F.,.F.,(4,1,4),(0.,0.0332542982856907,0.0721596069386628),
 .UNSPECIFIED.);
#2007=B_SPLINE_CURVE_WITH_KNOTS('',3,(#11516,#11517,#11518,#11519,#11520),
 .UNSPECIFIED.,.F.,.F.,(4,1,4),(0.,0.0472746186027961,0.0866737935331426),
 .UNSPECIFIED.);
#2008=B_SPLINE_CURVE_WITH_KNOTS('',3,(#11522,#11523,#11524,#11525,#11526),
 .UNSPECIFIED.,.F.,.F.,(4,1,4),(0.,0.0472746186027961,0.0866737935331426),
 .UNSPECIFIED.);
#2009=B_SPLINE_CURVE_WITH_KNOTS('',3,(#11539,#11540,#11541,#11542,#11543),
 .UNSPECIFIED.,.F.,.F.,(4,1,4),(0.,0.0551897194734553,0.10774957069427),
 .UNSPECIFIED.);
#2010=B_SPLINE_CURVE_WITH_KNOTS('',3,(#11545,#11546,#11547,#11548,#11549),
 .UNSPECIFIED.,.F.,.F.,(4,1,4),(0.,0.0551897194734553,0.10774957069427),
 .UNSPECIFIED.);
#2011=B_SPLINE_CURVE_WITH_KNOTS('',3,(#11568,#11569,#11570,#11571,#11572),
 .UNSPECIFIED.,.F.,.F.,(4,1,4),(0.,0.0387271284116506,0.0719123634552067),
 .UNSPECIFIED.);
#2012=B_SPLINE_CURVE_WITH_KNOTS('',3,(#11574,#11575,#11576,#11577,#11578),
 .UNSPECIFIED.,.F.,.F.,(4,1,4),(0.,0.0387271284116506,0.0719123634552067),
 .UNSPECIFIED.);
#2013=B_SPLINE_CURVE_WITH_KNOTS('',3,(#11591,#11592,#11593,#11594,#11595),
 .UNSPECIFIED.,.F.,.F.,(4,1,4),(0.,0.0332543361874765,0.0721596124438792),
 .UNSPECIFIED.);
#2014=B_SPLINE_CURVE_WITH_KNOTS('',3,(#11597,#11598,#11599,#11600,#11601),
 .UNSPECIFIED.,.F.,.F.,(4,1,4),(0.,0.0332543361874765,0.0721596124438792),
 .UNSPECIFIED.);
#2015=VERTEX_POINT('',#6317);
#2016=VERTEX_POINT('',#6318);
#2017=VERTEX_POINT('',#6324);
#2018=VERTEX_POINT('',#6326);
#2019=VERTEX_POINT('',#6343);
#2020=VERTEX_POINT('',#6349);
#2021=VERTEX_POINT('',#6366);
#2022=VERTEX_POINT('',#6372);
#2023=VERTEX_POINT('',#6389);
#2024=VERTEX_POINT('',#6395);
#2025=VERTEX_POINT('',#6412);
#2026=VERTEX_POINT('',#6418);
#2027=VERTEX_POINT('',#6435);
#2028=VERTEX_POINT('',#6441);
#2029=VERTEX_POINT('',#6458);
#2030=VERTEX_POINT('',#6464);
#2031=VERTEX_POINT('',#6481);
#2032=VERTEX_POINT('',#6487);
#2033=VERTEX_POINT('',#6504);
#2034=VERTEX_POINT('',#6510);
#2035=VERTEX_POINT('',#6518);
#2036=VERTEX_POINT('',#6520);
#2037=VERTEX_POINT('',#6533);
#2038=VERTEX_POINT('',#6539);
#2039=VERTEX_POINT('',#6556);
#2040=VERTEX_POINT('',#6562);
#2041=VERTEX_POINT('',#6579);
#2042=VERTEX_POINT('',#6585);
#2043=VERTEX_POINT('',#6602);
#2044=VERTEX_POINT('',#6608);
#2045=VERTEX_POINT('',#6625);
#2046=VERTEX_POINT('',#6631);
#2047=VERTEX_POINT('',#6648);
#2048=VERTEX_POINT('',#6654);
#2049=VERTEX_POINT('',#6671);
#2050=VERTEX_POINT('',#6677);
#2051=VERTEX_POINT('',#6694);
#2052=VERTEX_POINT('',#6700);
#2053=VERTEX_POINT('',#6717);
#2054=VERTEX_POINT('',#6723);
#2055=VERTEX_POINT('',#6731);
#2056=VERTEX_POINT('',#6733);
#2057=VERTEX_POINT('',#6737);
#2058=VERTEX_POINT('',#6739);
#2059=VERTEX_POINT('',#6748);
#2060=VERTEX_POINT('',#6749);
#2061=VERTEX_POINT('',#6751);
#2062=VERTEX_POINT('',#6753);
#2063=VERTEX_POINT('',#6766);
#2064=VERTEX_POINT('',#6772);
#2065=VERTEX_POINT('',#6789);
#2066=VERTEX_POINT('',#6795);
#2067=VERTEX_POINT('',#6803);
#2068=VERTEX_POINT('',#6805);
#2069=VERTEX_POINT('',#6818);
#2070=VERTEX_POINT('',#6824);
#2071=VERTEX_POINT('',#6841);
#2072=VERTEX_POINT('',#6847);
#2073=VERTEX_POINT('',#6855);
#2074=VERTEX_POINT('',#6857);
#2075=VERTEX_POINT('',#6861);
#2076=VERTEX_POINT('',#6863);
#2077=VERTEX_POINT('',#6881);
#2078=VERTEX_POINT('',#6882);
#2079=VERTEX_POINT('',#6888);
#2080=VERTEX_POINT('',#6890);
#2081=VERTEX_POINT('',#6907);
#2082=VERTEX_POINT('',#6913);
#2083=VERTEX_POINT('',#6930);
#2084=VERTEX_POINT('',#6936);
#2085=VERTEX_POINT('',#6953);
#2086=VERTEX_POINT('',#6959);
#2087=VERTEX_POINT('',#6976);
#2088=VERTEX_POINT('',#6982);
#2089=VERTEX_POINT('',#6999);
#2090=VERTEX_POINT('',#7005);
#2091=VERTEX_POINT('',#7022);
#2092=VERTEX_POINT('',#7028);
#2093=VERTEX_POINT('',#7065);
#2094=VERTEX_POINT('',#7066);
#2095=VERTEX_POINT('',#7072);
#2096=VERTEX_POINT('',#7074);
#2097=VERTEX_POINT('',#7091);
#2098=VERTEX_POINT('',#7097);
#2099=VERTEX_POINT('',#7114);
#2100=VERTEX_POINT('',#7120);
#2101=VERTEX_POINT('',#7137);
#2102=VERTEX_POINT('',#7143);
#2103=VERTEX_POINT('',#7160);
#2104=VERTEX_POINT('',#7166);
#2105=VERTEX_POINT('',#7183);
#2106=VERTEX_POINT('',#7189);
#2107=VERTEX_POINT('',#7206);
#2108=VERTEX_POINT('',#7212);
#2109=VERTEX_POINT('',#7229);
#2110=VERTEX_POINT('',#7235);
#2111=VERTEX_POINT('',#7252);
#2112=VERTEX_POINT('',#7258);
#2113=VERTEX_POINT('',#7275);
#2114=VERTEX_POINT('',#7281);
#2115=VERTEX_POINT('',#7298);
#2116=VERTEX_POINT('',#7304);
#2117=VERTEX_POINT('',#7343);
#2118=VERTEX_POINT('',#7344);
#2119=VERTEX_POINT('',#7350);
#2120=VERTEX_POINT('',#7352);
#2121=VERTEX_POINT('',#7369);
#2122=VERTEX_POINT('',#7375);
#2123=VERTEX_POINT('',#7392);
#2124=VERTEX_POINT('',#7398);
#2125=VERTEX_POINT('',#7415);
#2126=VERTEX_POINT('',#7421);
#2127=VERTEX_POINT('',#7438);
#2128=VERTEX_POINT('',#7444);
#2129=VERTEX_POINT('',#7461);
#2130=VERTEX_POINT('',#7467);
#2131=VERTEX_POINT('',#7484);
#2132=VERTEX_POINT('',#7490);
#2133=VERTEX_POINT('',#7507);
#2134=VERTEX_POINT('',#7513);
#2135=VERTEX_POINT('',#7550);
#2136=VERTEX_POINT('',#7551);
#2137=VERTEX_POINT('',#7557);
#2138=VERTEX_POINT('',#7559);
#2139=VERTEX_POINT('',#7576);
#2140=VERTEX_POINT('',#7582);
#2141=VERTEX_POINT('',#7599);
#2142=VERTEX_POINT('',#7605);
#2143=VERTEX_POINT('',#7622);
#2144=VERTEX_POINT('',#7628);
#2145=VERTEX_POINT('',#7645);
#2146=VERTEX_POINT('',#7651);
#2147=VERTEX_POINT('',#7668);
#2148=VERTEX_POINT('',#7674);
#2149=VERTEX_POINT('',#7691);
#2150=VERTEX_POINT('',#7697);
#2151=VERTEX_POINT('',#7734);
#2152=VERTEX_POINT('',#7735);
#2153=VERTEX_POINT('',#7741);
#2154=VERTEX_POINT('',#7743);
#2155=VERTEX_POINT('',#7760);
#2156=VERTEX_POINT('',#7766);
#2157=VERTEX_POINT('',#7783);
#2158=VERTEX_POINT('',#7789);
#2159=VERTEX_POINT('',#7806);
#2160=VERTEX_POINT('',#7812);
#2161=VERTEX_POINT('',#7829);
#2162=VERTEX_POINT('',#7835);
#2163=VERTEX_POINT('',#7852);
#2164=VERTEX_POINT('',#7858);
#2165=VERTEX_POINT('',#7875);
#2166=VERTEX_POINT('',#7881);
#2167=VERTEX_POINT('',#7898);
#2168=VERTEX_POINT('',#7904);
#2169=VERTEX_POINT('',#7921);
#2170=VERTEX_POINT('',#7927);
#2171=VERTEX_POINT('',#7944);
#2172=VERTEX_POINT('',#7950);
#2173=VERTEX_POINT('',#7967);
#2174=VERTEX_POINT('',#7973);
#2175=VERTEX_POINT('',#7990);
#2176=VERTEX_POINT('',#7996);
#2177=VERTEX_POINT('',#8013);
#2178=VERTEX_POINT('',#8019);
#2179=VERTEX_POINT('',#8036);
#2180=VERTEX_POINT('',#8042);
#2181=VERTEX_POINT('',#8059);
#2182=VERTEX_POINT('',#8065);
#2183=VERTEX_POINT('',#8104);
#2184=VERTEX_POINT('',#8105);
#2185=VERTEX_POINT('',#8111);
#2186=VERTEX_POINT('',#8113);
#2187=VERTEX_POINT('',#8130);
#2188=VERTEX_POINT('',#8136);
#2189=VERTEX_POINT('',#8153);
#2190=VERTEX_POINT('',#8159);
#2191=VERTEX_POINT('',#8176);
#2192=VERTEX_POINT('',#8182);
#2193=VERTEX_POINT('',#8199);
#2194=VERTEX_POINT('',#8205);
#2195=VERTEX_POINT('',#8222);
#2196=VERTEX_POINT('',#8228);
#2197=VERTEX_POINT('',#8245);
#2198=VERTEX_POINT('',#8251);
#2199=VERTEX_POINT('',#8268);
#2200=VERTEX_POINT('',#8274);
#2201=VERTEX_POINT('',#8311);
#2202=VERTEX_POINT('',#8312);
#2203=VERTEX_POINT('',#8318);
#2204=VERTEX_POINT('',#8320);
#2205=VERTEX_POINT('',#8337);
#2206=VERTEX_POINT('',#8343);
#2207=VERTEX_POINT('',#8360);
#2208=VERTEX_POINT('',#8366);
#2209=VERTEX_POINT('',#8383);
#2210=VERTEX_POINT('',#8389);
#2211=VERTEX_POINT('',#8406);
#2212=VERTEX_POINT('',#8412);
#2213=VERTEX_POINT('',#8429);
#2214=VERTEX_POINT('',#8435);
#2215=VERTEX_POINT('',#8452);
#2216=VERTEX_POINT('',#8458);
#2217=VERTEX_POINT('',#8475);
#2218=VERTEX_POINT('',#8481);
#2219=VERTEX_POINT('',#8498);
#2220=VERTEX_POINT('',#8504);
#2221=VERTEX_POINT('',#8521);
#2222=VERTEX_POINT('',#8527);
#2223=VERTEX_POINT('',#8544);
#2224=VERTEX_POINT('',#8550);
#2225=VERTEX_POINT('',#8567);
#2226=VERTEX_POINT('',#8573);
#2227=VERTEX_POINT('',#8590);
#2228=VERTEX_POINT('',#8596);
#2229=VERTEX_POINT('',#8613);
#2230=VERTEX_POINT('',#8619);
#2231=VERTEX_POINT('',#8636);
#2232=VERTEX_POINT('',#8642);
#2233=VERTEX_POINT('',#8659);
#2234=VERTEX_POINT('',#8665);
#2235=VERTEX_POINT('',#8682);
#2236=VERTEX_POINT('',#8688);
#2237=VERTEX_POINT('',#8696);
#2238=VERTEX_POINT('',#8698);
#2239=VERTEX_POINT('',#8724);
#2240=VERTEX_POINT('',#8725);
#2241=VERTEX_POINT('',#8727);
#2242=VERTEX_POINT('',#8729);
#2243=VERTEX_POINT('',#8733);
#2244=VERTEX_POINT('',#8735);
#2245=VERTEX_POINT('',#8742);
#2246=VERTEX_POINT('',#8743);
#2247=VERTEX_POINT('',#8745);
#2248=VERTEX_POINT('',#8747);
#2249=VERTEX_POINT('',#8751);
#2250=VERTEX_POINT('',#8753);
#2251=VERTEX_POINT('',#8757);
#2252=VERTEX_POINT('',#8759);
#2253=VERTEX_POINT('',#8763);
#2254=VERTEX_POINT('',#8765);
#2255=VERTEX_POINT('',#8769);
#2256=VERTEX_POINT('',#8771);
#2257=VERTEX_POINT('',#8775);
#2258=VERTEX_POINT('',#8777);
#2259=VERTEX_POINT('',#8781);
#2260=VERTEX_POINT('',#8783);
#2261=VERTEX_POINT('',#8787);
#2262=VERTEX_POINT('',#8789);
#2263=VERTEX_POINT('',#8793);
#2264=VERTEX_POINT('',#8795);
#2265=VERTEX_POINT('',#8799);
#2266=VERTEX_POINT('',#8801);
#2267=VERTEX_POINT('',#8819);
#2268=VERTEX_POINT('',#8820);
#2269=VERTEX_POINT('',#8826);
#2270=VERTEX_POINT('',#8828);
#2271=VERTEX_POINT('',#8845);
#2272=VERTEX_POINT('',#8851);
#2273=VERTEX_POINT('',#8868);
#2274=VERTEX_POINT('',#8874);
#2275=VERTEX_POINT('',#8891);
#2276=VERTEX_POINT('',#8897);
#2277=VERTEX_POINT('',#8914);
#2278=VERTEX_POINT('',#8920);
#2279=VERTEX_POINT('',#8937);
#2280=VERTEX_POINT('',#8943);
#2281=VERTEX_POINT('',#8960);
#2282=VERTEX_POINT('',#8966);
#2283=VERTEX_POINT('',#8983);
#2284=VERTEX_POINT('',#8989);
#2285=VERTEX_POINT('',#9006);
#2286=VERTEX_POINT('',#9012);
#2287=VERTEX_POINT('',#9020);
#2288=VERTEX_POINT('',#9022);
#2289=VERTEX_POINT('',#9035);
#2290=VERTEX_POINT('',#9041);
#2291=VERTEX_POINT('',#9058);
#2292=VERTEX_POINT('',#9064);
#2293=VERTEX_POINT('',#9081);
#2294=VERTEX_POINT('',#9087);
#2295=VERTEX_POINT('',#9104);
#2296=VERTEX_POINT('',#9110);
#2297=VERTEX_POINT('',#9127);
#2298=VERTEX_POINT('',#9133);
#2299=VERTEX_POINT('',#9150);
#2300=VERTEX_POINT('',#9156);
#2301=VERTEX_POINT('',#9173);
#2302=VERTEX_POINT('',#9179);
#2303=VERTEX_POINT('',#9196);
#2304=VERTEX_POINT('',#9202);
#2305=VERTEX_POINT('',#9219);
#2306=VERTEX_POINT('',#9225);
#2307=VERTEX_POINT('',#9233);
#2308=VERTEX_POINT('',#9235);
#2309=VERTEX_POINT('',#9239);
#2310=VERTEX_POINT('',#9241);
#2311=VERTEX_POINT('',#9250);
#2312=VERTEX_POINT('',#9251);
#2313=VERTEX_POINT('',#9253);
#2314=VERTEX_POINT('',#9255);
#2315=VERTEX_POINT('',#9268);
#2316=VERTEX_POINT('',#9274);
#2317=VERTEX_POINT('',#9291);
#2318=VERTEX_POINT('',#9297);
#2319=VERTEX_POINT('',#9305);
#2320=VERTEX_POINT('',#9307);
#2321=VERTEX_POINT('',#9320);
#2322=VERTEX_POINT('',#9326);
#2323=VERTEX_POINT('',#9343);
#2324=VERTEX_POINT('',#9349);
#2325=VERTEX_POINT('',#9357);
#2326=VERTEX_POINT('',#9359);
#2327=VERTEX_POINT('',#9363);
#2328=VERTEX_POINT('',#9365);
#2329=VERTEX_POINT('',#9383);
#2330=VERTEX_POINT('',#9384);
#2331=VERTEX_POINT('',#9390);
#2332=VERTEX_POINT('',#9392);
#2333=VERTEX_POINT('',#9409);
#2334=VERTEX_POINT('',#9415);
#2335=VERTEX_POINT('',#9432);
#2336=VERTEX_POINT('',#9438);
#2337=VERTEX_POINT('',#9455);
#2338=VERTEX_POINT('',#9461);
#2339=VERTEX_POINT('',#9478);
#2340=VERTEX_POINT('',#9484);
#2341=VERTEX_POINT('',#9501);
#2342=VERTEX_POINT('',#9507);
#2343=VERTEX_POINT('',#9524);
#2344=VERTEX_POINT('',#9530);
#2345=VERTEX_POINT('',#9547);
#2346=VERTEX_POINT('',#9553);
#2347=VERTEX_POINT('',#9570);
#2348=VERTEX_POINT('',#9576);
#2349=VERTEX_POINT('',#9593);
#2350=VERTEX_POINT('',#9599);
#2351=VERTEX_POINT('',#9616);
#2352=VERTEX_POINT('',#9622);
#2353=VERTEX_POINT('',#9639);
#2354=VERTEX_POINT('',#9645);
#2355=VERTEX_POINT('',#9653);
#2356=VERTEX_POINT('',#9655);
#2357=VERTEX_POINT('',#9668);
#2358=VERTEX_POINT('',#9674);
#2359=VERTEX_POINT('',#9691);
#2360=VERTEX_POINT('',#9697);
#2361=VERTEX_POINT('',#9714);
#2362=VERTEX_POINT('',#9720);
#2363=VERTEX_POINT('',#9737);
#2364=VERTEX_POINT('',#9743);
#2365=VERTEX_POINT('',#9760);
#2366=VERTEX_POINT('',#9766);
#2367=VERTEX_POINT('',#9783);
#2368=VERTEX_POINT('',#9789);
#2369=VERTEX_POINT('',#9806);
#2370=VERTEX_POINT('',#9812);
#2371=VERTEX_POINT('',#9820);
#2372=VERTEX_POINT('',#9822);
#2373=VERTEX_POINT('',#9835);
#2374=VERTEX_POINT('',#9841);
#2375=VERTEX_POINT('',#9858);
#2376=VERTEX_POINT('',#9864);
#2377=VERTEX_POINT('',#9881);
#2378=VERTEX_POINT('',#9887);
#2379=VERTEX_POINT('',#9904);
#2380=VERTEX_POINT('',#9910);
#2381=VERTEX_POINT('',#9927);
#2382=VERTEX_POINT('',#9933);
#2383=VERTEX_POINT('',#9950);
#2384=VERTEX_POINT('',#9956);
#2385=VERTEX_POINT('',#9973);
#2386=VERTEX_POINT('',#9979);
#2387=VERTEX_POINT('',#9987);
#2388=VERTEX_POINT('',#9989);
#2389=VERTEX_POINT('',#10024);
#2390=VERTEX_POINT('',#10025);
#2391=VERTEX_POINT('',#10031);
#2392=VERTEX_POINT('',#10033);
#2393=VERTEX_POINT('',#10050);
#2394=VERTEX_POINT('',#10056);
#2395=VERTEX_POINT('',#10073);
#2396=VERTEX_POINT('',#10079);
#2397=VERTEX_POINT('',#10096);
#2398=VERTEX_POINT('',#10102);
#2399=VERTEX_POINT('',#10119);
#2400=VERTEX_POINT('',#10125);
#2401=VERTEX_POINT('',#10142);
#2402=VERTEX_POINT('',#10148);
#2403=VERTEX_POINT('',#10156);
#2404=VERTEX_POINT('',#10158);
#2405=VERTEX_POINT('',#10162);
#2406=VERTEX_POINT('',#10164);
#2407=VERTEX_POINT('',#10168);
#2408=VERTEX_POINT('',#10170);
#2409=VERTEX_POINT('',#10174);
#2410=VERTEX_POINT('',#10176);
#2411=VERTEX_POINT('',#10180);
#2412=VERTEX_POINT('',#10182);
#2413=VERTEX_POINT('',#10186);
#2414=VERTEX_POINT('',#10188);
#2415=VERTEX_POINT('',#10201);
#2416=VERTEX_POINT('',#10207);
#2417=VERTEX_POINT('',#10224);
#2418=VERTEX_POINT('',#10230);
#2419=VERTEX_POINT('',#10247);
#2420=VERTEX_POINT('',#10253);
#2421=VERTEX_POINT('',#10270);
#2422=VERTEX_POINT('',#10276);
#2423=VERTEX_POINT('',#10293);
#2424=VERTEX_POINT('',#10299);
#2425=VERTEX_POINT('',#10316);
#2426=VERTEX_POINT('',#10322);
#2427=VERTEX_POINT('',#10339);
#2428=VERTEX_POINT('',#10345);
#2429=VERTEX_POINT('',#10362);
#2430=VERTEX_POINT('',#10368);
#2431=VERTEX_POINT('',#10376);
#2432=VERTEX_POINT('',#10378);
#2433=VERTEX_POINT('',#10413);
#2434=VERTEX_POINT('',#10414);
#2435=VERTEX_POINT('',#10420);
#2436=VERTEX_POINT('',#10422);
#2437=VERTEX_POINT('',#10439);
#2438=VERTEX_POINT('',#10445);
#2439=VERTEX_POINT('',#10462);
#2440=VERTEX_POINT('',#10468);
#2441=VERTEX_POINT('',#10476);
#2442=VERTEX_POINT('',#10478);
#2443=VERTEX_POINT('',#10491);
#2444=VERTEX_POINT('',#10497);
#2445=VERTEX_POINT('',#10514);
#2446=VERTEX_POINT('',#10520);
#2447=VERTEX_POINT('',#10537);
#2448=VERTEX_POINT('',#10543);
#2449=VERTEX_POINT('',#10551);
#2450=VERTEX_POINT('',#10553);
#2451=VERTEX_POINT('',#10557);
#2452=VERTEX_POINT('',#10559);
#2453=VERTEX_POINT('',#10563);
#2454=VERTEX_POINT('',#10565);
#2455=VERTEX_POINT('',#10583);
#2456=VERTEX_POINT('',#10584);
#2457=VERTEX_POINT('',#10590);
#2458=VERTEX_POINT('',#10592);
#2459=VERTEX_POINT('',#10609);
#2460=VERTEX_POINT('',#10615);
#2461=VERTEX_POINT('',#10632);
#2462=VERTEX_POINT('',#10638);
#2463=VERTEX_POINT('',#10655);
#2464=VERTEX_POINT('',#10661);
#2465=VERTEX_POINT('',#10678);
#2466=VERTEX_POINT('',#10684);
#2467=VERTEX_POINT('',#10701);
#2468=VERTEX_POINT('',#10707);
#2469=VERTEX_POINT('',#10724);
#2470=VERTEX_POINT('',#10730);
#2471=VERTEX_POINT('',#10767);
#2472=VERTEX_POINT('',#10768);
#2473=VERTEX_POINT('',#10774);
#2474=VERTEX_POINT('',#10776);
#2475=VERTEX_POINT('',#10793);
#2476=VERTEX_POINT('',#10799);
#2477=VERTEX_POINT('',#10816);
#2478=VERTEX_POINT('',#10822);
#2479=VERTEX_POINT('',#10839);
#2480=VERTEX_POINT('',#10845);
#2481=VERTEX_POINT('',#10862);
#2482=VERTEX_POINT('',#10868);
#2483=VERTEX_POINT('',#10885);
#2484=VERTEX_POINT('',#10891);
#2485=VERTEX_POINT('',#10908);
#2486=VERTEX_POINT('',#10914);
#2487=VERTEX_POINT('',#10931);
#2488=VERTEX_POINT('',#10937);
#2489=VERTEX_POINT('',#10954);
#2490=VERTEX_POINT('',#10960);
#2491=VERTEX_POINT('',#10977);
#2492=VERTEX_POINT('',#10983);
#2493=VERTEX_POINT('',#11000);
#2494=VERTEX_POINT('',#11006);
#2495=VERTEX_POINT('',#11023);
#2496=VERTEX_POINT('',#11029);
#2497=VERTEX_POINT('',#11046);
#2498=VERTEX_POINT('',#11052);
#2499=VERTEX_POINT('',#11069);
#2500=VERTEX_POINT('',#11075);
#2501=VERTEX_POINT('',#11092);
#2502=VERTEX_POINT('',#11098);
#2503=VERTEX_POINT('',#11115);
#2504=VERTEX_POINT('',#11121);
#2505=VERTEX_POINT('',#11138);
#2506=VERTEX_POINT('',#11144);
#2507=VERTEX_POINT('',#11161);
#2508=VERTEX_POINT('',#11167);
#2509=VERTEX_POINT('',#11184);
#2510=VERTEX_POINT('',#11190);
#2511=VERTEX_POINT('',#11207);
#2512=VERTEX_POINT('',#11213);
#2513=VERTEX_POINT('',#11221);
#2514=VERTEX_POINT('',#11223);
#2515=VERTEX_POINT('',#11249);
#2516=VERTEX_POINT('',#11250);
#2517=VERTEX_POINT('',#11252);
#2518=VERTEX_POINT('',#11254);
#2519=VERTEX_POINT('',#11267);
#2520=VERTEX_POINT('',#11273);
#2521=VERTEX_POINT('',#11290);
#2522=VERTEX_POINT('',#11296);
#2523=VERTEX_POINT('',#11304);
#2524=VERTEX_POINT('',#11306);
#2525=VERTEX_POINT('',#11319);
#2526=VERTEX_POINT('',#11325);
#2527=VERTEX_POINT('',#11342);
#2528=VERTEX_POINT('',#11348);
#2529=VERTEX_POINT('',#11356);
#2530=VERTEX_POINT('',#11358);
#2531=VERTEX_POINT('',#11362);
#2532=VERTEX_POINT('',#11364);
#2533=VERTEX_POINT('',#11373);
#2534=VERTEX_POINT('',#11374);
#2535=VERTEX_POINT('',#11376);
#2536=VERTEX_POINT('',#11378);
#2537=VERTEX_POINT('',#11391);
#2538=VERTEX_POINT('',#11397);
#2539=VERTEX_POINT('',#11414);
#2540=VERTEX_POINT('',#11420);
#2541=VERTEX_POINT('',#11428);
#2542=VERTEX_POINT('',#11430);
#2543=VERTEX_POINT('',#11443);
#2544=VERTEX_POINT('',#11449);
#2545=VERTEX_POINT('',#11466);
#2546=VERTEX_POINT('',#11472);
#2547=VERTEX_POINT('',#11480);
#2548=VERTEX_POINT('',#11482);
#2549=VERTEX_POINT('',#11486);
#2550=VERTEX_POINT('',#11488);
#2551=VERTEX_POINT('',#11497);
#2552=VERTEX_POINT('',#11498);
#2553=VERTEX_POINT('',#11500);
#2554=VERTEX_POINT('',#11502);
#2555=VERTEX_POINT('',#11515);
#2556=VERTEX_POINT('',#11521);
#2557=VERTEX_POINT('',#11538);
#2558=VERTEX_POINT('',#11544);
#2559=VERTEX_POINT('',#11552);
#2560=VERTEX_POINT('',#11554);
#2561=VERTEX_POINT('',#11567);
#2562=VERTEX_POINT('',#11573);
#2563=VERTEX_POINT('',#11590);
#2564=VERTEX_POINT('',#11596);
#2565=VERTEX_POINT('',#11604);
#2566=VERTEX_POINT('',#11606);
#2567=VERTEX_POINT('',#11610);
#2568=VERTEX_POINT('',#11612);
#2569=EDGE_CURVE('',#2015,#2016,#1589,.T.);
#2570=EDGE_CURVE('',#2016,#2017,#779,.T.);
#2571=EDGE_CURVE('',#2018,#2017,#1590,.T.);
#2572=EDGE_CURVE('',#2015,#2018,#780,.T.);
#2573=EDGE_CURVE('',#2019,#2015,#1591,.T.);
#2574=EDGE_CURVE('',#2020,#2018,#1592,.T.);
#2575=EDGE_CURVE('',#2019,#2020,#781,.T.);
#2576=EDGE_CURVE('',#2021,#2019,#1593,.T.);
#2577=EDGE_CURVE('',#2022,#2020,#1594,.T.);
#2578=EDGE_CURVE('',#2021,#2022,#782,.T.);
#2579=EDGE_CURVE('',#2023,#2021,#1595,.T.);
#2580=EDGE_CURVE('',#2024,#2022,#1596,.T.);
#2581=EDGE_CURVE('',#2023,#2024,#783,.T.);
#2582=EDGE_CURVE('',#2025,#2023,#1597,.T.);
#2583=EDGE_CURVE('',#2026,#2024,#1598,.T.);
#2584=EDGE_CURVE('',#2025,#2026,#784,.T.);
#2585=EDGE_CURVE('',#2027,#2025,#1599,.T.);
#2586=EDGE_CURVE('',#2028,#2026,#1600,.T.);
#2587=EDGE_CURVE('',#2027,#2028,#785,.T.);
#2588=EDGE_CURVE('',#2029,#2027,#1601,.T.);
#2589=EDGE_CURVE('',#2030,#2028,#1602,.T.);
#2590=EDGE_CURVE('',#2029,#2030,#786,.T.);
#2591=EDGE_CURVE('',#2031,#2029,#1603,.T.);
#2592=EDGE_CURVE('',#2032,#2030,#1604,.T.);
#2593=EDGE_CURVE('',#2031,#2032,#787,.T.);
#2594=EDGE_CURVE('',#2033,#2031,#1605,.T.);
#2595=EDGE_CURVE('',#2034,#2032,#1606,.T.);
#2596=EDGE_CURVE('',#2033,#2034,#788,.T.);
#2597=EDGE_CURVE('',#2035,#2033,#789,.T.);
#2598=EDGE_CURVE('',#2036,#2034,#790,.T.);
#2599=EDGE_CURVE('',#2035,#2036,#791,.T.);
#2600=EDGE_CURVE('',#2037,#2035,#1607,.T.);
#2601=EDGE_CURVE('',#2038,#2036,#1608,.T.);
#2602=EDGE_CURVE('',#2037,#2038,#792,.T.);
#2603=EDGE_CURVE('',#2039,#2037,#1609,.T.);
#2604=EDGE_CURVE('',#2040,#2038,#1610,.T.);
#2605=EDGE_CURVE('',#2039,#2040,#793,.T.);
#2606=EDGE_CURVE('',#2041,#2039,#1611,.T.);
#2607=EDGE_CURVE('',#2042,#2040,#1612,.T.);
#2608=EDGE_CURVE('',#2041,#2042,#794,.T.);
#2609=EDGE_CURVE('',#2043,#2041,#1613,.T.);
#2610=EDGE_CURVE('',#2044,#2042,#1614,.T.);
#2611=EDGE_CURVE('',#2043,#2044,#795,.T.);
#2612=EDGE_CURVE('',#2045,#2043,#1615,.T.);
#2613=EDGE_CURVE('',#2046,#2044,#1616,.T.);
#2614=EDGE_CURVE('',#2045,#2046,#796,.T.);
#2615=EDGE_CURVE('',#2047,#2045,#1617,.T.);
#2616=EDGE_CURVE('',#2048,#2046,#1618,.T.);
#2617=EDGE_CURVE('',#2047,#2048,#797,.T.);
#2618=EDGE_CURVE('',#2049,#2047,#1619,.T.);
#2619=EDGE_CURVE('',#2050,#2048,#1620,.T.);
#2620=EDGE_CURVE('',#2049,#2050,#798,.T.);
#2621=EDGE_CURVE('',#2051,#2049,#1621,.T.);
#2622=EDGE_CURVE('',#2052,#2050,#1622,.T.);
#2623=EDGE_CURVE('',#2051,#2052,#799,.T.);
#2624=EDGE_CURVE('',#2053,#2051,#1623,.T.);
#2625=EDGE_CURVE('',#2054,#2052,#1624,.T.);
#2626=EDGE_CURVE('',#2053,#2054,#800,.T.);
#2627=EDGE_CURVE('',#2055,#2053,#801,.T.);
#2628=EDGE_CURVE('',#2056,#2054,#802,.T.);
#2629=EDGE_CURVE('',#2055,#2056,#803,.T.);
#2630=EDGE_CURVE('',#2057,#2055,#804,.T.);
#2631=EDGE_CURVE('',#2058,#2056,#805,.T.);
#2632=EDGE_CURVE('',#2057,#2058,#806,.T.);
#2633=EDGE_CURVE('',#2016,#2057,#807,.T.);
#2634=EDGE_CURVE('',#2017,#2058,#808,.T.);
#2635=EDGE_CURVE('',#2059,#2060,#809,.T.);
#2636=EDGE_CURVE('',#2060,#2061,#810,.T.);
#2637=EDGE_CURVE('',#2062,#2061,#811,.T.);
#2638=EDGE_CURVE('',#2059,#2062,#812,.T.);
#2639=EDGE_CURVE('',#2063,#2059,#1625,.T.);
#2640=EDGE_CURVE('',#2064,#2062,#1626,.T.);
#2641=EDGE_CURVE('',#2063,#2064,#813,.T.);
#2642=EDGE_CURVE('',#2065,#2063,#1627,.T.);
#2643=EDGE_CURVE('',#2066,#2064,#1628,.T.);
#2644=EDGE_CURVE('',#2065,#2066,#814,.T.);
#2645=EDGE_CURVE('',#2067,#2065,#815,.T.);
#2646=EDGE_CURVE('',#2068,#2066,#816,.T.);
#2647=EDGE_CURVE('',#2067,#2068,#817,.T.);
#2648=EDGE_CURVE('',#2069,#2067,#1629,.T.);
#2649=EDGE_CURVE('',#2070,#2068,#1630,.T.);
#2650=EDGE_CURVE('',#2069,#2070,#818,.T.);
#2651=EDGE_CURVE('',#2071,#2069,#1631,.T.);
#2652=EDGE_CURVE('',#2072,#2070,#1632,.T.);
#2653=EDGE_CURVE('',#2071,#2072,#819,.T.);
#2654=EDGE_CURVE('',#2073,#2071,#820,.T.);
#2655=EDGE_CURVE('',#2074,#2072,#821,.T.);
#2656=EDGE_CURVE('',#2073,#2074,#822,.T.);
#2657=EDGE_CURVE('',#2075,#2073,#823,.T.);
#2658=EDGE_CURVE('',#2076,#2074,#824,.T.);
#2659=EDGE_CURVE('',#2075,#2076,#825,.T.);
#2660=EDGE_CURVE('',#2060,#2075,#826,.T.);
#2661=EDGE_CURVE('',#2061,#2076,#827,.T.);
#2662=EDGE_CURVE('',#2077,#2078,#1633,.T.);
#2663=EDGE_CURVE('',#2078,#2079,#828,.T.);
#2664=EDGE_CURVE('',#2080,#2079,#1634,.T.);
#2665=EDGE_CURVE('',#2077,#2080,#829,.T.);
#2666=EDGE_CURVE('',#2081,#2077,#1635,.T.);
#2667=EDGE_CURVE('',#2082,#2080,#1636,.T.);
#2668=EDGE_CURVE('',#2081,#2082,#830,.T.);
#2669=EDGE_CURVE('',#2083,#2081,#1637,.T.);
#2670=EDGE_CURVE('',#2084,#2082,#1638,.T.);
#2671=EDGE_CURVE('',#2083,#2084,#831,.T.);
#2672=EDGE_CURVE('',#2085,#2083,#1639,.T.);
#2673=EDGE_CURVE('',#2086,#2084,#1640,.T.);
#2674=EDGE_CURVE('',#2085,#2086,#832,.T.);
#2675=EDGE_CURVE('',#2087,#2085,#1641,.T.);
#2676=EDGE_CURVE('',#2088,#2086,#1642,.T.);
#2677=EDGE_CURVE('',#2087,#2088,#833,.T.);
#2678=EDGE_CURVE('',#2089,#2087,#1643,.T.);
#2679=EDGE_CURVE('',#2090,#2088,#1644,.T.);
#2680=EDGE_CURVE('',#2089,#2090,#834,.T.);
#2681=EDGE_CURVE('',#2091,#2089,#1645,.T.);
#2682=EDGE_CURVE('',#2092,#2090,#1646,.T.);
#2683=EDGE_CURVE('',#2091,#2092,#835,.T.);
#2684=EDGE_CURVE('',#2078,#2091,#1647,.T.);
#2685=EDGE_CURVE('',#2079,#2092,#1648,.T.);
#2686=EDGE_CURVE('',#2093,#2094,#1649,.T.);
#2687=EDGE_CURVE('',#2094,#2095,#836,.T.);
#2688=EDGE_CURVE('',#2096,#2095,#1650,.T.);
#2689=EDGE_CURVE('',#2093,#2096,#837,.T.);
#2690=EDGE_CURVE('',#2097,#2093,#1651,.T.);
#2691=EDGE_CURVE('',#2098,#2096,#1652,.T.);
#2692=EDGE_CURVE('',#2097,#2098,#838,.T.);
#2693=EDGE_CURVE('',#2099,#2097,#1653,.T.);
#2694=EDGE_CURVE('',#2100,#2098,#1654,.T.);
#2695=EDGE_CURVE('',#2099,#2100,#839,.T.);
#2696=EDGE_CURVE('',#2101,#2099,#1655,.T.);
#2697=EDGE_CURVE('',#2102,#2100,#1656,.T.);
#2698=EDGE_CURVE('',#2101,#2102,#840,.T.);
#2699=EDGE_CURVE('',#2103,#2101,#1657,.T.);
#2700=EDGE_CURVE('',#2104,#2102,#1658,.T.);
#2701=EDGE_CURVE('',#2103,#2104,#841,.T.);
#2702=EDGE_CURVE('',#2105,#2103,#1659,.T.);
#2703=EDGE_CURVE('',#2106,#2104,#1660,.T.);
#2704=EDGE_CURVE('',#2105,#2106,#842,.T.);
#2705=EDGE_CURVE('',#2107,#2105,#1661,.T.);
#2706=EDGE_CURVE('',#2108,#2106,#1662,.T.);
#2707=EDGE_CURVE('',#2107,#2108,#843,.T.);
#2708=EDGE_CURVE('',#2109,#2107,#1663,.T.);
#2709=EDGE_CURVE('',#2110,#2108,#1664,.T.);
#2710=EDGE_CURVE('',#2109,#2110,#844,.T.);
#2711=EDGE_CURVE('',#2111,#2109,#1665,.T.);
#2712=EDGE_CURVE('',#2112,#2110,#1666,.T.);
#2713=EDGE_CURVE('',#2111,#2112,#845,.T.);
#2714=EDGE_CURVE('',#2113,#2111,#1667,.T.);
#2715=EDGE_CURVE('',#2114,#2112,#1668,.T.);
#2716=EDGE_CURVE('',#2113,#2114,#846,.T.);
#2717=EDGE_CURVE('',#2115,#2113,#1669,.T.);
#2718=EDGE_CURVE('',#2116,#2114,#1670,.T.);
#2719=EDGE_CURVE('',#2115,#2116,#847,.T.);
#2720=EDGE_CURVE('',#2094,#2115,#1671,.T.);
#2721=EDGE_CURVE('',#2095,#2116,#1672,.T.);
#2722=EDGE_CURVE('',#2117,#2118,#1673,.T.);
#2723=EDGE_CURVE('',#2118,#2119,#848,.T.);
#2724=EDGE_CURVE('',#2120,#2119,#1674,.T.);
#2725=EDGE_CURVE('',#2117,#2120,#849,.T.);
#2726=EDGE_CURVE('',#2121,#2117,#1675,.T.);
#2727=EDGE_CURVE('',#2122,#2120,#1676,.T.);
#2728=EDGE_CURVE('',#2121,#2122,#850,.T.);
#2729=EDGE_CURVE('',#2123,#2121,#1677,.T.);
#2730=EDGE_CURVE('',#2124,#2122,#1678,.T.);
#2731=EDGE_CURVE('',#2123,#2124,#851,.T.);
#2732=EDGE_CURVE('',#2125,#2123,#1679,.T.);
#2733=EDGE_CURVE('',#2126,#2124,#1680,.T.);
#2734=EDGE_CURVE('',#2125,#2126,#852,.T.);
#2735=EDGE_CURVE('',#2127,#2125,#1681,.T.);
#2736=EDGE_CURVE('',#2128,#2126,#1682,.T.);
#2737=EDGE_CURVE('',#2127,#2128,#853,.T.);
#2738=EDGE_CURVE('',#2129,#2127,#1683,.T.);
#2739=EDGE_CURVE('',#2130,#2128,#1684,.T.);
#2740=EDGE_CURVE('',#2129,#2130,#854,.T.);
#2741=EDGE_CURVE('',#2131,#2129,#1685,.T.);
#2742=EDGE_CURVE('',#2132,#2130,#1686,.T.);
#2743=EDGE_CURVE('',#2131,#2132,#855,.T.);
#2744=EDGE_CURVE('',#2133,#2131,#1687,.T.);
#2745=EDGE_CURVE('',#2134,#2132,#1688,.T.);
#2746=EDGE_CURVE('',#2133,#2134,#856,.T.);
#2747=EDGE_CURVE('',#2118,#2133,#1689,.T.);
#2748=EDGE_CURVE('',#2119,#2134,#1690,.T.);
#2749=EDGE_CURVE('',#2135,#2136,#1691,.T.);
#2750=EDGE_CURVE('',#2136,#2137,#857,.T.);
#2751=EDGE_CURVE('',#2138,#2137,#1692,.T.);
#2752=EDGE_CURVE('',#2135,#2138,#858,.T.);
#2753=EDGE_CURVE('',#2139,#2135,#1693,.T.);
#2754=EDGE_CURVE('',#2140,#2138,#1694,.T.);
#2755=EDGE_CURVE('',#2139,#2140,#859,.T.);
#2756=EDGE_CURVE('',#2141,#2139,#1695,.T.);
#2757=EDGE_CURVE('',#2142,#2140,#1696,.T.);
#2758=EDGE_CURVE('',#2141,#2142,#860,.T.);
#2759=EDGE_CURVE('',#2143,#2141,#1697,.T.);
#2760=EDGE_CURVE('',#2144,#2142,#1698,.T.);
#2761=EDGE_CURVE('',#2143,#2144,#861,.T.);
#2762=EDGE_CURVE('',#2145,#2143,#1699,.T.);
#2763=EDGE_CURVE('',#2146,#2144,#1700,.T.);
#2764=EDGE_CURVE('',#2145,#2146,#862,.T.);
#2765=EDGE_CURVE('',#2147,#2145,#1701,.T.);
#2766=EDGE_CURVE('',#2148,#2146,#1702,.T.);
#2767=EDGE_CURVE('',#2147,#2148,#863,.T.);
#2768=EDGE_CURVE('',#2149,#2147,#1703,.T.);
#2769=EDGE_CURVE('',#2150,#2148,#1704,.T.);
#2770=EDGE_CURVE('',#2149,#2150,#864,.T.);
#2771=EDGE_CURVE('',#2136,#2149,#1705,.T.);
#2772=EDGE_CURVE('',#2137,#2150,#1706,.T.);
#2773=EDGE_CURVE('',#2151,#2152,#1707,.T.);
#2774=EDGE_CURVE('',#2152,#2153,#865,.T.);
#2775=EDGE_CURVE('',#2154,#2153,#1708,.T.);
#2776=EDGE_CURVE('',#2151,#2154,#866,.T.);
#2777=EDGE_CURVE('',#2155,#2151,#1709,.T.);
#2778=EDGE_CURVE('',#2156,#2154,#1710,.T.);
#2779=EDGE_CURVE('',#2155,#2156,#867,.T.);
#2780=EDGE_CURVE('',#2157,#2155,#1711,.T.);
#2781=EDGE_CURVE('',#2158,#2156,#1712,.T.);
#2782=EDGE_CURVE('',#2157,#2158,#868,.T.);
#2783=EDGE_CURVE('',#2159,#2157,#1713,.T.);
#2784=EDGE_CURVE('',#2160,#2158,#1714,.T.);
#2785=EDGE_CURVE('',#2159,#2160,#869,.T.);
#2786=EDGE_CURVE('',#2161,#2159,#1715,.T.);
#2787=EDGE_CURVE('',#2162,#2160,#1716,.T.);
#2788=EDGE_CURVE('',#2161,#2162,#870,.T.);
#2789=EDGE_CURVE('',#2163,#2161,#1717,.T.);
#2790=EDGE_CURVE('',#2164,#2162,#1718,.T.);
#2791=EDGE_CURVE('',#2163,#2164,#871,.T.);
#2792=EDGE_CURVE('',#2165,#2163,#1719,.T.);
#2793=EDGE_CURVE('',#2166,#2164,#1720,.T.);
#2794=EDGE_CURVE('',#2165,#2166,#872,.T.);
#2795=EDGE_CURVE('',#2167,#2165,#1721,.T.);
#2796=EDGE_CURVE('',#2168,#2166,#1722,.T.);
#2797=EDGE_CURVE('',#2167,#2168,#873,.T.);
#2798=EDGE_CURVE('',#2169,#2167,#1723,.T.);
#2799=EDGE_CURVE('',#2170,#2168,#1724,.T.);
#2800=EDGE_CURVE('',#2169,#2170,#874,.T.);
#2801=EDGE_CURVE('',#2171,#2169,#1725,.T.);
#2802=EDGE_CURVE('',#2172,#2170,#1726,.T.);
#2803=EDGE_CURVE('',#2171,#2172,#875,.T.);
#2804=EDGE_CURVE('',#2173,#2171,#1727,.T.);
#2805=EDGE_CURVE('',#2174,#2172,#1728,.T.);
#2806=EDGE_CURVE('',#2173,#2174,#876,.T.);
#2807=EDGE_CURVE('',#2175,#2173,#1729,.T.);
#2808=EDGE_CURVE('',#2176,#2174,#1730,.T.);
#2809=EDGE_CURVE('',#2175,#2176,#877,.T.);
#2810=EDGE_CURVE('',#2177,#2175,#1731,.T.);
#2811=EDGE_CURVE('',#2178,#2176,#1732,.T.);
#2812=EDGE_CURVE('',#2177,#2178,#878,.T.);
#2813=EDGE_CURVE('',#2179,#2177,#1733,.T.);
#2814=EDGE_CURVE('',#2180,#2178,#1734,.T.);
#2815=EDGE_CURVE('',#2179,#2180,#879,.T.);
#2816=EDGE_CURVE('',#2181,#2179,#1735,.T.);
#2817=EDGE_CURVE('',#2182,#2180,#1736,.T.);
#2818=EDGE_CURVE('',#2181,#2182,#880,.T.);
#2819=EDGE_CURVE('',#2152,#2181,#1737,.T.);
#2820=EDGE_CURVE('',#2153,#2182,#1738,.T.);
#2821=EDGE_CURVE('',#2183,#2184,#1739,.T.);
#2822=EDGE_CURVE('',#2184,#2185,#881,.T.);
#2823=EDGE_CURVE('',#2186,#2185,#1740,.T.);
#2824=EDGE_CURVE('',#2183,#2186,#882,.T.);
#2825=EDGE_CURVE('',#2187,#2183,#1741,.T.);
#2826=EDGE_CURVE('',#2188,#2186,#1742,.T.);
#2827=EDGE_CURVE('',#2187,#2188,#883,.T.);
#2828=EDGE_CURVE('',#2189,#2187,#1743,.T.);
#2829=EDGE_CURVE('',#2190,#2188,#1744,.T.);
#2830=EDGE_CURVE('',#2189,#2190,#884,.T.);
#2831=EDGE_CURVE('',#2191,#2189,#1745,.T.);
#2832=EDGE_CURVE('',#2192,#2190,#1746,.T.);
#2833=EDGE_CURVE('',#2191,#2192,#885,.T.);
#2834=EDGE_CURVE('',#2193,#2191,#1747,.T.);
#2835=EDGE_CURVE('',#2194,#2192,#1748,.T.);
#2836=EDGE_CURVE('',#2193,#2194,#886,.T.);
#2837=EDGE_CURVE('',#2195,#2193,#1749,.T.);
#2838=EDGE_CURVE('',#2196,#2194,#1750,.T.);
#2839=EDGE_CURVE('',#2195,#2196,#887,.T.);
#2840=EDGE_CURVE('',#2197,#2195,#1751,.T.);
#2841=EDGE_CURVE('',#2198,#2196,#1752,.T.);
#2842=EDGE_CURVE('',#2197,#2198,#888,.T.);
#2843=EDGE_CURVE('',#2199,#2197,#1753,.T.);
#2844=EDGE_CURVE('',#2200,#2198,#1754,.T.);
#2845=EDGE_CURVE('',#2199,#2200,#889,.T.);
#2846=EDGE_CURVE('',#2184,#2199,#1755,.T.);
#2847=EDGE_CURVE('',#2185,#2200,#1756,.T.);
#2848=EDGE_CURVE('',#2201,#2202,#1757,.T.);
#2849=EDGE_CURVE('',#2202,#2203,#890,.T.);
#2850=EDGE_CURVE('',#2204,#2203,#1758,.T.);
#2851=EDGE_CURVE('',#2201,#2204,#891,.T.);
#2852=EDGE_CURVE('',#2205,#2201,#1759,.T.);
#2853=EDGE_CURVE('',#2206,#2204,#1760,.T.);
#2854=EDGE_CURVE('',#2205,#2206,#892,.T.);
#2855=EDGE_CURVE('',#2207,#2205,#1761,.T.);
#2856=EDGE_CURVE('',#2208,#2206,#1762,.T.);
#2857=EDGE_CURVE('',#2207,#2208,#893,.T.);
#2858=EDGE_CURVE('',#2209,#2207,#1763,.T.);
#2859=EDGE_CURVE('',#2210,#2208,#1764,.T.);
#2860=EDGE_CURVE('',#2209,#2210,#894,.T.);
#2861=EDGE_CURVE('',#2211,#2209,#1765,.T.);
#2862=EDGE_CURVE('',#2212,#2210,#1766,.T.);
#2863=EDGE_CURVE('',#2211,#2212,#895,.T.);
#2864=EDGE_CURVE('',#2213,#2211,#1767,.T.);
#2865=EDGE_CURVE('',#2214,#2212,#1768,.T.);
#2866=EDGE_CURVE('',#2213,#2214,#896,.T.);
#2867=EDGE_CURVE('',#2215,#2213,#1769,.T.);
#2868=EDGE_CURVE('',#2216,#2214,#1770,.T.);
#2869=EDGE_CURVE('',#2215,#2216,#897,.T.);
#2870=EDGE_CURVE('',#2217,#2215,#1771,.T.);
#2871=EDGE_CURVE('',#2218,#2216,#1772,.T.);
#2872=EDGE_CURVE('',#2217,#2218,#898,.T.);
#2873=EDGE_CURVE('',#2219,#2217,#1773,.T.);
#2874=EDGE_CURVE('',#2220,#2218,#1774,.T.);
#2875=EDGE_CURVE('',#2219,#2220,#899,.T.);
#2876=EDGE_CURVE('',#2221,#2219,#1775,.T.);
#2877=EDGE_CURVE('',#2222,#2220,#1776,.T.);
#2878=EDGE_CURVE('',#2221,#2222,#900,.T.);
#2879=EDGE_CURVE('',#2223,#2221,#1777,.T.);
#2880=EDGE_CURVE('',#2224,#2222,#1778,.T.);
#2881=EDGE_CURVE('',#2223,#2224,#901,.T.);
#2882=EDGE_CURVE('',#2225,#2223,#1779,.T.);
#2883=EDGE_CURVE('',#2226,#2224,#1780,.T.);
#2884=EDGE_CURVE('',#2225,#2226,#902,.T.);
#2885=EDGE_CURVE('',#2227,#2225,#1781,.T.);
#2886=EDGE_CURVE('',#2228,#2226,#1782,.T.);
#2887=EDGE_CURVE('',#2227,#2228,#903,.T.);
#2888=EDGE_CURVE('',#2229,#2227,#1783,.T.);
#2889=EDGE_CURVE('',#2230,#2228,#1784,.T.);
#2890=EDGE_CURVE('',#2229,#2230,#904,.T.);
#2891=EDGE_CURVE('',#2231,#2229,#1785,.T.);
#2892=EDGE_CURVE('',#2232,#2230,#1786,.T.);
#2893=EDGE_CURVE('',#2231,#2232,#905,.T.);
#2894=EDGE_CURVE('',#2233,#2231,#1787,.T.);
#2895=EDGE_CURVE('',#2234,#2232,#1788,.T.);
#2896=EDGE_CURVE('',#2233,#2234,#906,.T.);
#2897=EDGE_CURVE('',#2235,#2233,#1789,.T.);
#2898=EDGE_CURVE('',#2236,#2234,#1790,.T.);
#2899=EDGE_CURVE('',#2235,#2236,#907,.T.);
#2900=EDGE_CURVE('',#2237,#2235,#908,.T.);
#2901=EDGE_CURVE('',#2238,#2236,#909,.T.);
#2902=EDGE_CURVE('',#2237,#2238,#910,.T.);
#2903=EDGE_CURVE('',#2202,#2237,#1791,.T.);
#2904=EDGE_CURVE('',#2203,#2238,#1792,.T.);
#2905=EDGE_CURVE('',#2239,#2240,#911,.T.);
#2906=EDGE_CURVE('',#2240,#2241,#912,.T.);
#2907=EDGE_CURVE('',#2242,#2241,#913,.T.);
#2908=EDGE_CURVE('',#2239,#2242,#914,.T.);
#2909=EDGE_CURVE('',#2243,#2239,#915,.T.);
#2910=EDGE_CURVE('',#2244,#2242,#916,.T.);
#2911=EDGE_CURVE('',#2243,#2244,#917,.T.);
#2912=EDGE_CURVE('',#2240,#2243,#918,.T.);
#2913=EDGE_CURVE('',#2241,#2244,#919,.T.);
#2914=EDGE_CURVE('',#2245,#2246,#920,.T.);
#2915=EDGE_CURVE('',#2246,#2247,#921,.T.);
#2916=EDGE_CURVE('',#2248,#2247,#922,.T.);
#2917=EDGE_CURVE('',#2245,#2248,#923,.T.);
#2918=EDGE_CURVE('',#2249,#2245,#924,.T.);
#2919=EDGE_CURVE('',#2250,#2248,#925,.T.);
#2920=EDGE_CURVE('',#2249,#2250,#926,.T.);
#2921=EDGE_CURVE('',#2251,#2249,#927,.T.);
#2922=EDGE_CURVE('',#2252,#2250,#928,.T.);
#2923=EDGE_CURVE('',#2251,#2252,#929,.T.);
#2924=EDGE_CURVE('',#2253,#2251,#930,.T.);
#2925=EDGE_CURVE('',#2254,#2252,#931,.T.);
#2926=EDGE_CURVE('',#2253,#2254,#932,.T.);
#2927=EDGE_CURVE('',#2255,#2253,#933,.T.);
#2928=EDGE_CURVE('',#2256,#2254,#934,.T.);
#2929=EDGE_CURVE('',#2255,#2256,#935,.T.);
#2930=EDGE_CURVE('',#2257,#2255,#936,.T.);
#2931=EDGE_CURVE('',#2258,#2256,#937,.T.);
#2932=EDGE_CURVE('',#2257,#2258,#938,.T.);
#2933=EDGE_CURVE('',#2259,#2257,#939,.T.);
#2934=EDGE_CURVE('',#2260,#2258,#940,.T.);
#2935=EDGE_CURVE('',#2259,#2260,#941,.T.);
#2936=EDGE_CURVE('',#2261,#2259,#942,.T.);
#2937=EDGE_CURVE('',#2262,#2260,#943,.T.);
#2938=EDGE_CURVE('',#2261,#2262,#944,.T.);
#2939=EDGE_CURVE('',#2263,#2261,#945,.T.);
#2940=EDGE_CURVE('',#2264,#2262,#946,.T.);
#2941=EDGE_CURVE('',#2263,#2264,#947,.T.);
#2942=EDGE_CURVE('',#2265,#2263,#948,.T.);
#2943=EDGE_CURVE('',#2266,#2264,#949,.T.);
#2944=EDGE_CURVE('',#2265,#2266,#950,.T.);
#2945=EDGE_CURVE('',#2246,#2265,#951,.T.);
#2946=EDGE_CURVE('',#2247,#2266,#952,.T.);
#2947=EDGE_CURVE('',#2267,#2268,#1793,.T.);
#2948=EDGE_CURVE('',#2268,#2269,#953,.T.);
#2949=EDGE_CURVE('',#2270,#2269,#1794,.T.);
#2950=EDGE_CURVE('',#2267,#2270,#954,.T.);
#2951=EDGE_CURVE('',#2271,#2267,#1795,.T.);
#2952=EDGE_CURVE('',#2272,#2270,#1796,.T.);
#2953=EDGE_CURVE('',#2271,#2272,#955,.T.);
#2954=EDGE_CURVE('',#2273,#2271,#1797,.T.);
#2955=EDGE_CURVE('',#2274,#2272,#1798,.T.);
#2956=EDGE_CURVE('',#2273,#2274,#956,.T.);
#2957=EDGE_CURVE('',#2275,#2273,#1799,.T.);
#2958=EDGE_CURVE('',#2276,#2274,#1800,.T.);
#2959=EDGE_CURVE('',#2275,#2276,#957,.T.);
#2960=EDGE_CURVE('',#2277,#2275,#1801,.T.);
#2961=EDGE_CURVE('',#2278,#2276,#1802,.T.);
#2962=EDGE_CURVE('',#2277,#2278,#958,.T.);
#2963=EDGE_CURVE('',#2279,#2277,#1803,.T.);
#2964=EDGE_CURVE('',#2280,#2278,#1804,.T.);
#2965=EDGE_CURVE('',#2279,#2280,#959,.T.);
#2966=EDGE_CURVE('',#2281,#2279,#1805,.T.);
#2967=EDGE_CURVE('',#2282,#2280,#1806,.T.);
#2968=EDGE_CURVE('',#2281,#2282,#960,.T.);
#2969=EDGE_CURVE('',#2283,#2281,#1807,.T.);
#2970=EDGE_CURVE('',#2284,#2282,#1808,.T.);
#2971=EDGE_CURVE('',#2283,#2284,#961,.T.);
#2972=EDGE_CURVE('',#2285,#2283,#1809,.T.);
#2973=EDGE_CURVE('',#2286,#2284,#1810,.T.);
#2974=EDGE_CURVE('',#2285,#2286,#962,.T.);
#2975=EDGE_CURVE('',#2287,#2285,#963,.T.);
#2976=EDGE_CURVE('',#2288,#2286,#964,.T.);
#2977=EDGE_CURVE('',#2287,#2288,#965,.T.);
#2978=EDGE_CURVE('',#2289,#2287,#1811,.T.);
#2979=EDGE_CURVE('',#2290,#2288,#1812,.T.);
#2980=EDGE_CURVE('',#2289,#2290,#966,.T.);
#2981=EDGE_CURVE('',#2291,#2289,#1813,.T.);
#2982=EDGE_CURVE('',#2292,#2290,#1814,.T.);
#2983=EDGE_CURVE('',#2291,#2292,#967,.T.);
#2984=EDGE_CURVE('',#2293,#2291,#1815,.T.);
#2985=EDGE_CURVE('',#2294,#2292,#1816,.T.);
#2986=EDGE_CURVE('',#2293,#2294,#968,.T.);
#2987=EDGE_CURVE('',#2295,#2293,#1817,.T.);
#2988=EDGE_CURVE('',#2296,#2294,#1818,.T.);
#2989=EDGE_CURVE('',#2295,#2296,#969,.T.);
#2990=EDGE_CURVE('',#2297,#2295,#1819,.T.);
#2991=EDGE_CURVE('',#2298,#2296,#1820,.T.);
#2992=EDGE_CURVE('',#2297,#2298,#970,.T.);
#2993=EDGE_CURVE('',#2299,#2297,#1821,.T.);
#2994=EDGE_CURVE('',#2300,#2298,#1822,.T.);
#2995=EDGE_CURVE('',#2299,#2300,#971,.T.);
#2996=EDGE_CURVE('',#2301,#2299,#1823,.T.);
#2997=EDGE_CURVE('',#2302,#2300,#1824,.T.);
#2998=EDGE_CURVE('',#2301,#2302,#972,.T.);
#2999=EDGE_CURVE('',#2303,#2301,#1825,.T.);
#3000=EDGE_CURVE('',#2304,#2302,#1826,.T.);
#3001=EDGE_CURVE('',#2303,#2304,#973,.T.);
#3002=EDGE_CURVE('',#2305,#2303,#1827,.T.);
#3003=EDGE_CURVE('',#2306,#2304,#1828,.T.);
#3004=EDGE_CURVE('',#2305,#2306,#974,.T.);
#3005=EDGE_CURVE('',#2307,#2305,#975,.T.);
#3006=EDGE_CURVE('',#2308,#2306,#976,.T.);
#3007=EDGE_CURVE('',#2307,#2308,#977,.T.);
#3008=EDGE_CURVE('',#2309,#2307,#978,.T.);
#3009=EDGE_CURVE('',#2310,#2308,#979,.T.);
#3010=EDGE_CURVE('',#2309,#2310,#980,.T.);
#3011=EDGE_CURVE('',#2268,#2309,#981,.T.);
#3012=EDGE_CURVE('',#2269,#2310,#982,.T.);
#3013=EDGE_CURVE('',#2311,#2312,#983,.T.);
#3014=EDGE_CURVE('',#2312,#2313,#984,.T.);
#3015=EDGE_CURVE('',#2314,#2313,#985,.T.);
#3016=EDGE_CURVE('',#2311,#2314,#986,.T.);
#3017=EDGE_CURVE('',#2315,#2311,#1829,.T.);
#3018=EDGE_CURVE('',#2316,#2314,#1830,.T.);
#3019=EDGE_CURVE('',#2315,#2316,#987,.T.);
#3020=EDGE_CURVE('',#2317,#2315,#1831,.T.);
#3021=EDGE_CURVE('',#2318,#2316,#1832,.T.);
#3022=EDGE_CURVE('',#2317,#2318,#988,.T.);
#3023=EDGE_CURVE('',#2319,#2317,#989,.T.);
#3024=EDGE_CURVE('',#2320,#2318,#990,.T.);
#3025=EDGE_CURVE('',#2319,#2320,#991,.T.);
#3026=EDGE_CURVE('',#2321,#2319,#1833,.T.);
#3027=EDGE_CURVE('',#2322,#2320,#1834,.T.);
#3028=EDGE_CURVE('',#2321,#2322,#992,.T.);
#3029=EDGE_CURVE('',#2323,#2321,#1835,.T.);
#3030=EDGE_CURVE('',#2324,#2322,#1836,.T.);
#3031=EDGE_CURVE('',#2323,#2324,#993,.T.);
#3032=EDGE_CURVE('',#2325,#2323,#994,.T.);
#3033=EDGE_CURVE('',#2326,#2324,#995,.T.);
#3034=EDGE_CURVE('',#2325,#2326,#996,.T.);
#3035=EDGE_CURVE('',#2327,#2325,#997,.T.);
#3036=EDGE_CURVE('',#2328,#2326,#998,.T.);
#3037=EDGE_CURVE('',#2327,#2328,#999,.T.);
#3038=EDGE_CURVE('',#2312,#2327,#1000,.T.);
#3039=EDGE_CURVE('',#2313,#2328,#1001,.T.);
#3040=EDGE_CURVE('',#2329,#2330,#1837,.T.);
#3041=EDGE_CURVE('',#2330,#2331,#1002,.T.);
#3042=EDGE_CURVE('',#2332,#2331,#1838,.T.);
#3043=EDGE_CURVE('',#2329,#2332,#1003,.T.);
#3044=EDGE_CURVE('',#2333,#2329,#1839,.T.);
#3045=EDGE_CURVE('',#2334,#2332,#1840,.T.);
#3046=EDGE_CURVE('',#2333,#2334,#1004,.T.);
#3047=EDGE_CURVE('',#2335,#2333,#1841,.T.);
#3048=EDGE_CURVE('',#2336,#2334,#1842,.T.);
#3049=EDGE_CURVE('',#2335,#2336,#1005,.T.);
#3050=EDGE_CURVE('',#2337,#2335,#1843,.T.);
#3051=EDGE_CURVE('',#2338,#2336,#1844,.T.);
#3052=EDGE_CURVE('',#2337,#2338,#1006,.T.);
#3053=EDGE_CURVE('',#2339,#2337,#1845,.T.);
#3054=EDGE_CURVE('',#2340,#2338,#1846,.T.);
#3055=EDGE_CURVE('',#2339,#2340,#1007,.T.);
#3056=EDGE_CURVE('',#2341,#2339,#1847,.T.);
#3057=EDGE_CURVE('',#2342,#2340,#1848,.T.);
#3058=EDGE_CURVE('',#2341,#2342,#1008,.T.);
#3059=EDGE_CURVE('',#2343,#2341,#1849,.T.);
#3060=EDGE_CURVE('',#2344,#2342,#1850,.T.);
#3061=EDGE_CURVE('',#2343,#2344,#1009,.T.);
#3062=EDGE_CURVE('',#2345,#2343,#1851,.T.);
#3063=EDGE_CURVE('',#2346,#2344,#1852,.T.);
#3064=EDGE_CURVE('',#2345,#2346,#1010,.T.);
#3065=EDGE_CURVE('',#2347,#2345,#1853,.T.);
#3066=EDGE_CURVE('',#2348,#2346,#1854,.T.);
#3067=EDGE_CURVE('',#2347,#2348,#1011,.T.);
#3068=EDGE_CURVE('',#2349,#2347,#1855,.T.);
#3069=EDGE_CURVE('',#2350,#2348,#1856,.T.);
#3070=EDGE_CURVE('',#2349,#2350,#1012,.T.);
#3071=EDGE_CURVE('',#2351,#2349,#1857,.T.);
#3072=EDGE_CURVE('',#2352,#2350,#1858,.T.);
#3073=EDGE_CURVE('',#2351,#2352,#1013,.T.);
#3074=EDGE_CURVE('',#2353,#2351,#1859,.T.);
#3075=EDGE_CURVE('',#2354,#2352,#1860,.T.);
#3076=EDGE_CURVE('',#2353,#2354,#1014,.T.);
#3077=EDGE_CURVE('',#2355,#2353,#1015,.T.);
#3078=EDGE_CURVE('',#2356,#2354,#1016,.T.);
#3079=EDGE_CURVE('',#2355,#2356,#1017,.T.);
#3080=EDGE_CURVE('',#2357,#2355,#1861,.T.);
#3081=EDGE_CURVE('',#2358,#2356,#1862,.T.);
#3082=EDGE_CURVE('',#2357,#2358,#1018,.T.);
#3083=EDGE_CURVE('',#2359,#2357,#1863,.T.);
#3084=EDGE_CURVE('',#2360,#2358,#1864,.T.);
#3085=EDGE_CURVE('',#2359,#2360,#1019,.T.);
#3086=EDGE_CURVE('',#2361,#2359,#1865,.T.);
#3087=EDGE_CURVE('',#2362,#2360,#1866,.T.);
#3088=EDGE_CURVE('',#2361,#2362,#1020,.T.);
#3089=EDGE_CURVE('',#2363,#2361,#1867,.T.);
#3090=EDGE_CURVE('',#2364,#2362,#1868,.T.);
#3091=EDGE_CURVE('',#2363,#2364,#1021,.T.);
#3092=EDGE_CURVE('',#2365,#2363,#1869,.T.);
#3093=EDGE_CURVE('',#2366,#2364,#1870,.T.);
#3094=EDGE_CURVE('',#2365,#2366,#1022,.T.);
#3095=EDGE_CURVE('',#2367,#2365,#1871,.T.);
#3096=EDGE_CURVE('',#2368,#2366,#1872,.T.);
#3097=EDGE_CURVE('',#2367,#2368,#1023,.T.);
#3098=EDGE_CURVE('',#2369,#2367,#1873,.T.);
#3099=EDGE_CURVE('',#2370,#2368,#1874,.T.);
#3100=EDGE_CURVE('',#2369,#2370,#1024,.T.);
#3101=EDGE_CURVE('',#2371,#2369,#1025,.T.);
#3102=EDGE_CURVE('',#2372,#2370,#1026,.T.);
#3103=EDGE_CURVE('',#2371,#2372,#1027,.T.);
#3104=EDGE_CURVE('',#2373,#2371,#1875,.T.);
#3105=EDGE_CURVE('',#2374,#2372,#1876,.T.);
#3106=EDGE_CURVE('',#2373,#2374,#1028,.T.);
#3107=EDGE_CURVE('',#2375,#2373,#1877,.T.);
#3108=EDGE_CURVE('',#2376,#2374,#1878,.T.);
#3109=EDGE_CURVE('',#2375,#2376,#1029,.T.);
#3110=EDGE_CURVE('',#2377,#2375,#1879,.T.);
#3111=EDGE_CURVE('',#2378,#2376,#1880,.T.);
#3112=EDGE_CURVE('',#2377,#2378,#1030,.T.);
#3113=EDGE_CURVE('',#2379,#2377,#1881,.T.);
#3114=EDGE_CURVE('',#2380,#2378,#1882,.T.);
#3115=EDGE_CURVE('',#2379,#2380,#1031,.T.);
#3116=EDGE_CURVE('',#2381,#2379,#1883,.T.);
#3117=EDGE_CURVE('',#2382,#2380,#1884,.T.);
#3118=EDGE_CURVE('',#2381,#2382,#1032,.T.);
#3119=EDGE_CURVE('',#2383,#2381,#1885,.T.);
#3120=EDGE_CURVE('',#2384,#2382,#1886,.T.);
#3121=EDGE_CURVE('',#2383,#2384,#1033,.T.);
#3122=EDGE_CURVE('',#2385,#2383,#1887,.T.);
#3123=EDGE_CURVE('',#2386,#2384,#1888,.T.);
#3124=EDGE_CURVE('',#2385,#2386,#1034,.T.);
#3125=EDGE_CURVE('',#2387,#2385,#1035,.T.);
#3126=EDGE_CURVE('',#2388,#2386,#1036,.T.);
#3127=EDGE_CURVE('',#2387,#2388,#1037,.T.);
#3128=EDGE_CURVE('',#2330,#2387,#1889,.T.);
#3129=EDGE_CURVE('',#2331,#2388,#1890,.T.);
#3130=EDGE_CURVE('',#2389,#2390,#1891,.T.);
#3131=EDGE_CURVE('',#2390,#2391,#1038,.T.);
#3132=EDGE_CURVE('',#2392,#2391,#1892,.T.);
#3133=EDGE_CURVE('',#2389,#2392,#1039,.T.);
#3134=EDGE_CURVE('',#2393,#2389,#1893,.T.);
#3135=EDGE_CURVE('',#2394,#2392,#1894,.T.);
#3136=EDGE_CURVE('',#2393,#2394,#1040,.T.);
#3137=EDGE_CURVE('',#2395,#2393,#1895,.T.);
#3138=EDGE_CURVE('',#2396,#2394,#1896,.T.);
#3139=EDGE_CURVE('',#2395,#2396,#1041,.T.);
#3140=EDGE_CURVE('',#2397,#2395,#1897,.T.);
#3141=EDGE_CURVE('',#2398,#2396,#1898,.T.);
#3142=EDGE_CURVE('',#2397,#2398,#1042,.T.);
#3143=EDGE_CURVE('',#2399,#2397,#1899,.T.);
#3144=EDGE_CURVE('',#2400,#2398,#1900,.T.);
#3145=EDGE_CURVE('',#2399,#2400,#1043,.T.);
#3146=EDGE_CURVE('',#2401,#2399,#1901,.T.);
#3147=EDGE_CURVE('',#2402,#2400,#1902,.T.);
#3148=EDGE_CURVE('',#2401,#2402,#1044,.T.);
#3149=EDGE_CURVE('',#2403,#2401,#1045,.T.);
#3150=EDGE_CURVE('',#2404,#2402,#1046,.T.);
#3151=EDGE_CURVE('',#2403,#2404,#1047,.T.);
#3152=EDGE_CURVE('',#2405,#2403,#1048,.T.);
#3153=EDGE_CURVE('',#2406,#2404,#1049,.T.);
#3154=EDGE_CURVE('',#2405,#2406,#1050,.T.);
#3155=EDGE_CURVE('',#2407,#2405,#1051,.T.);
#3156=EDGE_CURVE('',#2408,#2406,#1052,.T.);
#3157=EDGE_CURVE('',#2407,#2408,#1053,.T.);
#3158=EDGE_CURVE('',#2409,#2407,#1054,.T.);
#3159=EDGE_CURVE('',#2410,#2408,#1055,.T.);
#3160=EDGE_CURVE('',#2409,#2410,#1056,.T.);
#3161=EDGE_CURVE('',#2411,#2409,#1057,.T.);
#3162=EDGE_CURVE('',#2412,#2410,#1058,.T.);
#3163=EDGE_CURVE('',#2411,#2412,#1059,.T.);
#3164=EDGE_CURVE('',#2413,#2411,#1060,.T.);
#3165=EDGE_CURVE('',#2414,#2412,#1061,.T.);
#3166=EDGE_CURVE('',#2413,#2414,#1062,.T.);
#3167=EDGE_CURVE('',#2415,#2413,#1903,.T.);
#3168=EDGE_CURVE('',#2416,#2414,#1904,.T.);
#3169=EDGE_CURVE('',#2415,#2416,#1063,.T.);
#3170=EDGE_CURVE('',#2417,#2415,#1905,.T.);
#3171=EDGE_CURVE('',#2418,#2416,#1906,.T.);
#3172=EDGE_CURVE('',#2417,#2418,#1064,.T.);
#3173=EDGE_CURVE('',#2419,#2417,#1907,.T.);
#3174=EDGE_CURVE('',#2420,#2418,#1908,.T.);
#3175=EDGE_CURVE('',#2419,#2420,#1065,.T.);
#3176=EDGE_CURVE('',#2421,#2419,#1909,.T.);
#3177=EDGE_CURVE('',#2422,#2420,#1910,.T.);
#3178=EDGE_CURVE('',#2421,#2422,#1066,.T.);
#3179=EDGE_CURVE('',#2423,#2421,#1911,.T.);
#3180=EDGE_CURVE('',#2424,#2422,#1912,.T.);
#3181=EDGE_CURVE('',#2423,#2424,#1067,.T.);
#3182=EDGE_CURVE('',#2425,#2423,#1913,.T.);
#3183=EDGE_CURVE('',#2426,#2424,#1914,.T.);
#3184=EDGE_CURVE('',#2425,#2426,#1068,.T.);
#3185=EDGE_CURVE('',#2427,#2425,#1915,.T.);
#3186=EDGE_CURVE('',#2428,#2426,#1916,.T.);
#3187=EDGE_CURVE('',#2427,#2428,#1069,.T.);
#3188=EDGE_CURVE('',#2429,#2427,#1917,.T.);
#3189=EDGE_CURVE('',#2430,#2428,#1918,.T.);
#3190=EDGE_CURVE('',#2429,#2430,#1070,.T.);
#3191=EDGE_CURVE('',#2431,#2429,#1071,.T.);
#3192=EDGE_CURVE('',#2432,#2430,#1072,.T.);
#3193=EDGE_CURVE('',#2431,#2432,#1073,.T.);
#3194=EDGE_CURVE('',#2390,#2431,#1919,.T.);
#3195=EDGE_CURVE('',#2391,#2432,#1920,.T.);
#3196=EDGE_CURVE('',#2433,#2434,#1921,.T.);
#3197=EDGE_CURVE('',#2434,#2435,#1074,.T.);
#3198=EDGE_CURVE('',#2436,#2435,#1922,.T.);
#3199=EDGE_CURVE('',#2433,#2436,#1075,.T.);
#3200=EDGE_CURVE('',#2437,#2433,#1923,.T.);
#3201=EDGE_CURVE('',#2438,#2436,#1924,.T.);
#3202=EDGE_CURVE('',#2437,#2438,#1076,.T.);
#3203=EDGE_CURVE('',#2439,#2437,#1925,.T.);
#3204=EDGE_CURVE('',#2440,#2438,#1926,.T.);
#3205=EDGE_CURVE('',#2439,#2440,#1077,.T.);
#3206=EDGE_CURVE('',#2441,#2439,#1078,.T.);
#3207=EDGE_CURVE('',#2442,#2440,#1079,.T.);
#3208=EDGE_CURVE('',#2441,#2442,#1080,.T.);
#3209=EDGE_CURVE('',#2443,#2441,#1927,.T.);
#3210=EDGE_CURVE('',#2444,#2442,#1928,.T.);
#3211=EDGE_CURVE('',#2443,#2444,#1081,.T.);
#3212=EDGE_CURVE('',#2445,#2443,#1929,.T.);
#3213=EDGE_CURVE('',#2446,#2444,#1930,.T.);
#3214=EDGE_CURVE('',#2445,#2446,#1082,.T.);
#3215=EDGE_CURVE('',#2447,#2445,#1931,.T.);
#3216=EDGE_CURVE('',#2448,#2446,#1932,.T.);
#3217=EDGE_CURVE('',#2447,#2448,#1083,.T.);
#3218=EDGE_CURVE('',#2449,#2447,#1084,.T.);
#3219=EDGE_CURVE('',#2450,#2448,#1085,.T.);
#3220=EDGE_CURVE('',#2449,#2450,#1086,.T.);
#3221=EDGE_CURVE('',#2451,#2449,#1087,.T.);
#3222=EDGE_CURVE('',#2452,#2450,#1088,.T.);
#3223=EDGE_CURVE('',#2451,#2452,#1089,.T.);
#3224=EDGE_CURVE('',#2453,#2451,#1090,.T.);
#3225=EDGE_CURVE('',#2454,#2452,#1091,.T.);
#3226=EDGE_CURVE('',#2453,#2454,#1092,.T.);
#3227=EDGE_CURVE('',#2434,#2453,#1093,.T.);
#3228=EDGE_CURVE('',#2435,#2454,#1094,.T.);
#3229=EDGE_CURVE('',#2455,#2456,#1933,.T.);
#3230=EDGE_CURVE('',#2456,#2457,#1095,.T.);
#3231=EDGE_CURVE('',#2458,#2457,#1934,.T.);
#3232=EDGE_CURVE('',#2455,#2458,#1096,.T.);
#3233=EDGE_CURVE('',#2459,#2455,#1935,.T.);
#3234=EDGE_CURVE('',#2460,#2458,#1936,.T.);
#3235=EDGE_CURVE('',#2459,#2460,#1097,.T.);
#3236=EDGE_CURVE('',#2461,#2459,#1937,.T.);
#3237=EDGE_CURVE('',#2462,#2460,#1938,.T.);
#3238=EDGE_CURVE('',#2461,#2462,#1098,.T.);
#3239=EDGE_CURVE('',#2463,#2461,#1939,.T.);
#3240=EDGE_CURVE('',#2464,#2462,#1940,.T.);
#3241=EDGE_CURVE('',#2463,#2464,#1099,.T.);
#3242=EDGE_CURVE('',#2465,#2463,#1941,.T.);
#3243=EDGE_CURVE('',#2466,#2464,#1942,.T.);
#3244=EDGE_CURVE('',#2465,#2466,#1100,.T.);
#3245=EDGE_CURVE('',#2467,#2465,#1943,.T.);
#3246=EDGE_CURVE('',#2468,#2466,#1944,.T.);
#3247=EDGE_CURVE('',#2467,#2468,#1101,.T.);
#3248=EDGE_CURVE('',#2469,#2467,#1945,.T.);
#3249=EDGE_CURVE('',#2470,#2468,#1946,.T.);
#3250=EDGE_CURVE('',#2469,#2470,#1102,.T.);
#3251=EDGE_CURVE('',#2456,#2469,#1947,.T.);
#3252=EDGE_CURVE('',#2457,#2470,#1948,.T.);
#3253=EDGE_CURVE('',#2471,#2472,#1949,.T.);
#3254=EDGE_CURVE('',#2472,#2473,#1103,.T.);
#3255=EDGE_CURVE('',#2474,#2473,#1950,.T.);
#3256=EDGE_CURVE('',#2471,#2474,#1104,.T.);
#3257=EDGE_CURVE('',#2475,#2471,#1951,.T.);
#3258=EDGE_CURVE('',#2476,#2474,#1952,.T.);
#3259=EDGE_CURVE('',#2475,#2476,#1105,.T.);
#3260=EDGE_CURVE('',#2477,#2475,#1953,.T.);
#3261=EDGE_CURVE('',#2478,#2476,#1954,.T.);
#3262=EDGE_CURVE('',#2477,#2478,#1106,.T.);
#3263=EDGE_CURVE('',#2479,#2477,#1955,.T.);
#3264=EDGE_CURVE('',#2480,#2478,#1956,.T.);
#3265=EDGE_CURVE('',#2479,#2480,#1107,.T.);
#3266=EDGE_CURVE('',#2481,#2479,#1957,.T.);
#3267=EDGE_CURVE('',#2482,#2480,#1958,.T.);
#3268=EDGE_CURVE('',#2481,#2482,#1108,.T.);
#3269=EDGE_CURVE('',#2483,#2481,#1959,.T.);
#3270=EDGE_CURVE('',#2484,#2482,#1960,.T.);
#3271=EDGE_CURVE('',#2483,#2484,#1109,.T.);
#3272=EDGE_CURVE('',#2485,#2483,#1961,.T.);
#3273=EDGE_CURVE('',#2486,#2484,#1962,.T.);
#3274=EDGE_CURVE('',#2485,#2486,#1110,.T.);
#3275=EDGE_CURVE('',#2487,#2485,#1963,.T.);
#3276=EDGE_CURVE('',#2488,#2486,#1964,.T.);
#3277=EDGE_CURVE('',#2487,#2488,#1111,.T.);
#3278=EDGE_CURVE('',#2489,#2487,#1965,.T.);
#3279=EDGE_CURVE('',#2490,#2488,#1966,.T.);
#3280=EDGE_CURVE('',#2489,#2490,#1112,.T.);
#3281=EDGE_CURVE('',#2491,#2489,#1967,.T.);
#3282=EDGE_CURVE('',#2492,#2490,#1968,.T.);
#3283=EDGE_CURVE('',#2491,#2492,#1113,.T.);
#3284=EDGE_CURVE('',#2493,#2491,#1969,.T.);
#3285=EDGE_CURVE('',#2494,#2492,#1970,.T.);
#3286=EDGE_CURVE('',#2493,#2494,#1114,.T.);
#3287=EDGE_CURVE('',#2495,#2493,#1971,.T.);
#3288=EDGE_CURVE('',#2496,#2494,#1972,.T.);
#3289=EDGE_CURVE('',#2495,#2496,#1115,.T.);
#3290=EDGE_CURVE('',#2497,#2495,#1973,.T.);
#3291=EDGE_CURVE('',#2498,#2496,#1974,.T.);
#3292=EDGE_CURVE('',#2497,#2498,#1116,.T.);
#3293=EDGE_CURVE('',#2499,#2497,#1975,.T.);
#3294=EDGE_CURVE('',#2500,#2498,#1976,.T.);
#3295=EDGE_CURVE('',#2499,#2500,#1117,.T.);
#3296=EDGE_CURVE('',#2501,#2499,#1977,.T.);
#3297=EDGE_CURVE('',#2502,#2500,#1978,.T.);
#3298=EDGE_CURVE('',#2501,#2502,#1118,.T.);
#3299=EDGE_CURVE('',#2503,#2501,#1979,.T.);
#3300=EDGE_CURVE('',#2504,#2502,#1980,.T.);
#3301=EDGE_CURVE('',#2503,#2504,#1119,.T.);
#3302=EDGE_CURVE('',#2505,#2503,#1981,.T.);
#3303=EDGE_CURVE('',#2506,#2504,#1982,.T.);
#3304=EDGE_CURVE('',#2505,#2506,#1120,.T.);
#3305=EDGE_CURVE('',#2507,#2505,#1983,.T.);
#3306=EDGE_CURVE('',#2508,#2506,#1984,.T.);
#3307=EDGE_CURVE('',#2507,#2508,#1121,.T.);
#3308=EDGE_CURVE('',#2509,#2507,#1985,.T.);
#3309=EDGE_CURVE('',#2510,#2508,#1986,.T.);
#3310=EDGE_CURVE('',#2509,#2510,#1122,.T.);
#3311=EDGE_CURVE('',#2511,#2509,#1987,.T.);
#3312=EDGE_CURVE('',#2512,#2510,#1988,.T.);
#3313=EDGE_CURVE('',#2511,#2512,#1123,.T.);
#3314=EDGE_CURVE('',#2513,#2511,#1124,.T.);
#3315=EDGE_CURVE('',#2514,#2512,#1125,.T.);
#3316=EDGE_CURVE('',#2513,#2514,#1126,.T.);
#3317=EDGE_CURVE('',#2472,#2513,#1989,.T.);
#3318=EDGE_CURVE('',#2473,#2514,#1990,.T.);
#3319=EDGE_CURVE('',#2515,#2516,#1127,.T.);
#3320=EDGE_CURVE('',#2516,#2517,#1128,.T.);
#3321=EDGE_CURVE('',#2518,#2517,#1129,.T.);
#3322=EDGE_CURVE('',#2515,#2518,#1130,.T.);
#3323=EDGE_CURVE('',#2519,#2515,#1991,.T.);
#3324=EDGE_CURVE('',#2520,#2518,#1992,.T.);
#3325=EDGE_CURVE('',#2519,#2520,#1131,.T.);
#3326=EDGE_CURVE('',#2521,#2519,#1993,.T.);
#3327=EDGE_CURVE('',#2522,#2520,#1994,.T.);
#3328=EDGE_CURVE('',#2521,#2522,#1132,.T.);
#3329=EDGE_CURVE('',#2523,#2521,#1133,.T.);
#3330=EDGE_CURVE('',#2524,#2522,#1134,.T.);
#3331=EDGE_CURVE('',#2523,#2524,#1135,.T.);
#3332=EDGE_CURVE('',#2525,#2523,#1995,.T.);
#3333=EDGE_CURVE('',#2526,#2524,#1996,.T.);
#3334=EDGE_CURVE('',#2525,#2526,#1136,.T.);
#3335=EDGE_CURVE('',#2527,#2525,#1997,.T.);
#3336=EDGE_CURVE('',#2528,#2526,#1998,.T.);
#3337=EDGE_CURVE('',#2527,#2528,#1137,.T.);
#3338=EDGE_CURVE('',#2529,#2527,#1138,.T.);
#3339=EDGE_CURVE('',#2530,#2528,#1139,.T.);
#3340=EDGE_CURVE('',#2529,#2530,#1140,.T.);
#3341=EDGE_CURVE('',#2531,#2529,#1141,.T.);
#3342=EDGE_CURVE('',#2532,#2530,#1142,.T.);
#3343=EDGE_CURVE('',#2531,#2532,#1143,.T.);
#3344=EDGE_CURVE('',#2516,#2531,#1144,.T.);
#3345=EDGE_CURVE('',#2517,#2532,#1145,.T.);
#3346=EDGE_CURVE('',#2533,#2534,#1146,.T.);
#3347=EDGE_CURVE('',#2534,#2535,#1147,.T.);
#3348=EDGE_CURVE('',#2536,#2535,#1148,.T.);
#3349=EDGE_CURVE('',#2533,#2536,#1149,.T.);
#3350=EDGE_CURVE('',#2537,#2533,#1999,.T.);
#3351=EDGE_CURVE('',#2538,#2536,#2000,.T.);
#3352=EDGE_CURVE('',#2537,#2538,#1150,.T.);
#3353=EDGE_CURVE('',#2539,#2537,#2001,.T.);
#3354=EDGE_CURVE('',#2540,#2538,#2002,.T.);
#3355=EDGE_CURVE('',#2539,#2540,#1151,.T.);
#3356=EDGE_CURVE('',#2541,#2539,#1152,.T.);
#3357=EDGE_CURVE('',#2542,#2540,#1153,.T.);
#3358=EDGE_CURVE('',#2541,#2542,#1154,.T.);
#3359=EDGE_CURVE('',#2543,#2541,#2003,.T.);
#3360=EDGE_CURVE('',#2544,#2542,#2004,.T.);
#3361=EDGE_CURVE('',#2543,#2544,#1155,.T.);
#3362=EDGE_CURVE('',#2545,#2543,#2005,.T.);
#3363=EDGE_CURVE('',#2546,#2544,#2006,.T.);
#3364=EDGE_CURVE('',#2545,#2546,#1156,.T.);
#3365=EDGE_CURVE('',#2547,#2545,#1157,.T.);
#3366=EDGE_CURVE('',#2548,#2546,#1158,.T.);
#3367=EDGE_CURVE('',#2547,#2548,#1159,.T.);
#3368=EDGE_CURVE('',#2549,#2547,#1160,.T.);
#3369=EDGE_CURVE('',#2550,#2548,#1161,.T.);
#3370=EDGE_CURVE('',#2549,#2550,#1162,.T.);
#3371=EDGE_CURVE('',#2534,#2549,#1163,.T.);
#3372=EDGE_CURVE('',#2535,#2550,#1164,.T.);
#3373=EDGE_CURVE('',#2551,#2552,#1165,.T.);
#3374=EDGE_CURVE('',#2552,#2553,#1166,.T.);
#3375=EDGE_CURVE('',#2554,#2553,#1167,.T.);
#3376=EDGE_CURVE('',#2551,#2554,#1168,.T.);
#3377=EDGE_CURVE('',#2555,#2551,#2007,.T.);
#3378=EDGE_CURVE('',#2556,#2554,#2008,.T.);
#3379=EDGE_CURVE('',#2555,#2556,#1169,.T.);
#3380=EDGE_CURVE('',#2557,#2555,#2009,.T.);
#3381=EDGE_CURVE('',#2558,#2556,#2010,.T.);
#3382=EDGE_CURVE('',#2557,#2558,#1170,.T.);
#3383=EDGE_CURVE('',#2559,#2557,#1171,.T.);
#3384=EDGE_CURVE('',#2560,#2558,#1172,.T.);
#3385=EDGE_CURVE('',#2559,#2560,#1173,.T.);
#3386=EDGE_CURVE('',#2561,#2559,#2011,.T.);
#3387=EDGE_CURVE('',#2562,#2560,#2012,.T.);
#3388=EDGE_CURVE('',#2561,#2562,#1174,.T.);
#3389=EDGE_CURVE('',#2563,#2561,#2013,.T.);
#3390=EDGE_CURVE('',#2564,#2562,#2014,.T.);
#3391=EDGE_CURVE('',#2563,#2564,#1175,.T.);
#3392=EDGE_CURVE('',#2565,#2563,#1176,.T.);
#3393=EDGE_CURVE('',#2566,#2564,#1177,.T.);
#3394=EDGE_CURVE('',#2565,#2566,#1178,.T.);
#3395=EDGE_CURVE('',#2567,#2565,#1179,.T.);
#3396=EDGE_CURVE('',#2568,#2566,#1180,.T.);
#3397=EDGE_CURVE('',#2567,#2568,#1181,.T.);
#3398=EDGE_CURVE('',#2552,#2567,#1182,.T.);
#3399=EDGE_CURVE('',#2553,#2568,#1183,.T.);
#3400=ORIENTED_EDGE('',*,*,#2569,.T.);
#3401=ORIENTED_EDGE('',*,*,#2570,.T.);
#3402=ORIENTED_EDGE('',*,*,#2571,.F.);
#3403=ORIENTED_EDGE('',*,*,#2572,.F.);
#3404=ORIENTED_EDGE('',*,*,#2573,.T.);
#3405=ORIENTED_EDGE('',*,*,#2572,.T.);
#3406=ORIENTED_EDGE('',*,*,#2574,.F.);
#3407=ORIENTED_EDGE('',*,*,#2575,.F.);
#3408=ORIENTED_EDGE('',*,*,#2576,.T.);
#3409=ORIENTED_EDGE('',*,*,#2575,.T.);
#3410=ORIENTED_EDGE('',*,*,#2577,.F.);
#3411=ORIENTED_EDGE('',*,*,#2578,.F.);
#3412=ORIENTED_EDGE('',*,*,#2579,.T.);
#3413=ORIENTED_EDGE('',*,*,#2578,.T.);
#3414=ORIENTED_EDGE('',*,*,#2580,.F.);
#3415=ORIENTED_EDGE('',*,*,#2581,.F.);
#3416=ORIENTED_EDGE('',*,*,#2582,.T.);
#3417=ORIENTED_EDGE('',*,*,#2581,.T.);
#3418=ORIENTED_EDGE('',*,*,#2583,.F.);
#3419=ORIENTED_EDGE('',*,*,#2584,.F.);
#3420=ORIENTED_EDGE('',*,*,#2585,.T.);
#3421=ORIENTED_EDGE('',*,*,#2584,.T.);
#3422=ORIENTED_EDGE('',*,*,#2586,.F.);
#3423=ORIENTED_EDGE('',*,*,#2587,.F.);
#3424=ORIENTED_EDGE('',*,*,#2588,.T.);
#3425=ORIENTED_EDGE('',*,*,#2587,.T.);
#3426=ORIENTED_EDGE('',*,*,#2589,.F.);
#3427=ORIENTED_EDGE('',*,*,#2590,.F.);
#3428=ORIENTED_EDGE('',*,*,#2591,.T.);
#3429=ORIENTED_EDGE('',*,*,#2590,.T.);
#3430=ORIENTED_EDGE('',*,*,#2592,.F.);
#3431=ORIENTED_EDGE('',*,*,#2593,.F.);
#3432=ORIENTED_EDGE('',*,*,#2594,.T.);
#3433=ORIENTED_EDGE('',*,*,#2593,.T.);
#3434=ORIENTED_EDGE('',*,*,#2595,.F.);
#3435=ORIENTED_EDGE('',*,*,#2596,.F.);
#3436=ORIENTED_EDGE('',*,*,#2597,.T.);
#3437=ORIENTED_EDGE('',*,*,#2596,.T.);
#3438=ORIENTED_EDGE('',*,*,#2598,.F.);
#3439=ORIENTED_EDGE('',*,*,#2599,.F.);
#3440=ORIENTED_EDGE('',*,*,#2600,.T.);
#3441=ORIENTED_EDGE('',*,*,#2599,.T.);
#3442=ORIENTED_EDGE('',*,*,#2601,.F.);
#3443=ORIENTED_EDGE('',*,*,#2602,.F.);
#3444=ORIENTED_EDGE('',*,*,#2603,.T.);
#3445=ORIENTED_EDGE('',*,*,#2602,.T.);
#3446=ORIENTED_EDGE('',*,*,#2604,.F.);
#3447=ORIENTED_EDGE('',*,*,#2605,.F.);
#3448=ORIENTED_EDGE('',*,*,#2606,.T.);
#3449=ORIENTED_EDGE('',*,*,#2605,.T.);
#3450=ORIENTED_EDGE('',*,*,#2607,.F.);
#3451=ORIENTED_EDGE('',*,*,#2608,.F.);
#3452=ORIENTED_EDGE('',*,*,#2609,.T.);
#3453=ORIENTED_EDGE('',*,*,#2608,.T.);
#3454=ORIENTED_EDGE('',*,*,#2610,.F.);
#3455=ORIENTED_EDGE('',*,*,#2611,.F.);
#3456=ORIENTED_EDGE('',*,*,#2612,.T.);
#3457=ORIENTED_EDGE('',*,*,#2611,.T.);
#3458=ORIENTED_EDGE('',*,*,#2613,.F.);
#3459=ORIENTED_EDGE('',*,*,#2614,.F.);
#3460=ORIENTED_EDGE('',*,*,#2615,.T.);
#3461=ORIENTED_EDGE('',*,*,#2614,.T.);
#3462=ORIENTED_EDGE('',*,*,#2616,.F.);
#3463=ORIENTED_EDGE('',*,*,#2617,.F.);
#3464=ORIENTED_EDGE('',*,*,#2618,.T.);
#3465=ORIENTED_EDGE('',*,*,#2617,.T.);
#3466=ORIENTED_EDGE('',*,*,#2619,.F.);
#3467=ORIENTED_EDGE('',*,*,#2620,.F.);
#3468=ORIENTED_EDGE('',*,*,#2621,.T.);
#3469=ORIENTED_EDGE('',*,*,#2620,.T.);
#3470=ORIENTED_EDGE('',*,*,#2622,.F.);
#3471=ORIENTED_EDGE('',*,*,#2623,.F.);
#3472=ORIENTED_EDGE('',*,*,#2624,.T.);
#3473=ORIENTED_EDGE('',*,*,#2623,.T.);
#3474=ORIENTED_EDGE('',*,*,#2625,.F.);
#3475=ORIENTED_EDGE('',*,*,#2626,.F.);
#3476=ORIENTED_EDGE('',*,*,#2627,.T.);
#3477=ORIENTED_EDGE('',*,*,#2626,.T.);
#3478=ORIENTED_EDGE('',*,*,#2628,.F.);
#3479=ORIENTED_EDGE('',*,*,#2629,.F.);
#3480=ORIENTED_EDGE('',*,*,#2630,.T.);
#3481=ORIENTED_EDGE('',*,*,#2629,.T.);
#3482=ORIENTED_EDGE('',*,*,#2631,.F.);
#3483=ORIENTED_EDGE('',*,*,#2632,.F.);
#3484=ORIENTED_EDGE('',*,*,#2633,.T.);
#3485=ORIENTED_EDGE('',*,*,#2632,.T.);
#3486=ORIENTED_EDGE('',*,*,#2634,.F.);
#3487=ORIENTED_EDGE('',*,*,#2570,.F.);
#3488=ORIENTED_EDGE('',*,*,#2633,.F.);
#3489=ORIENTED_EDGE('',*,*,#2569,.F.);
#3490=ORIENTED_EDGE('',*,*,#2573,.F.);
#3491=ORIENTED_EDGE('',*,*,#2576,.F.);
#3492=ORIENTED_EDGE('',*,*,#2579,.F.);
#3493=ORIENTED_EDGE('',*,*,#2582,.F.);
#3494=ORIENTED_EDGE('',*,*,#2585,.F.);
#3495=ORIENTED_EDGE('',*,*,#2588,.F.);
#3496=ORIENTED_EDGE('',*,*,#2591,.F.);
#3497=ORIENTED_EDGE('',*,*,#2594,.F.);
#3498=ORIENTED_EDGE('',*,*,#2597,.F.);
#3499=ORIENTED_EDGE('',*,*,#2600,.F.);
#3500=ORIENTED_EDGE('',*,*,#2603,.F.);
#3501=ORIENTED_EDGE('',*,*,#2606,.F.);
#3502=ORIENTED_EDGE('',*,*,#2609,.F.);
#3503=ORIENTED_EDGE('',*,*,#2612,.F.);
#3504=ORIENTED_EDGE('',*,*,#2615,.F.);
#3505=ORIENTED_EDGE('',*,*,#2618,.F.);
#3506=ORIENTED_EDGE('',*,*,#2621,.F.);
#3507=ORIENTED_EDGE('',*,*,#2624,.F.);
#3508=ORIENTED_EDGE('',*,*,#2627,.F.);
#3509=ORIENTED_EDGE('',*,*,#2630,.F.);
#3510=ORIENTED_EDGE('',*,*,#2634,.T.);
#3511=ORIENTED_EDGE('',*,*,#2631,.T.);
#3512=ORIENTED_EDGE('',*,*,#2628,.T.);
#3513=ORIENTED_EDGE('',*,*,#2625,.T.);
#3514=ORIENTED_EDGE('',*,*,#2622,.T.);
#3515=ORIENTED_EDGE('',*,*,#2619,.T.);
#3516=ORIENTED_EDGE('',*,*,#2616,.T.);
#3517=ORIENTED_EDGE('',*,*,#2613,.T.);
#3518=ORIENTED_EDGE('',*,*,#2610,.T.);
#3519=ORIENTED_EDGE('',*,*,#2607,.T.);
#3520=ORIENTED_EDGE('',*,*,#2604,.T.);
#3521=ORIENTED_EDGE('',*,*,#2601,.T.);
#3522=ORIENTED_EDGE('',*,*,#2598,.T.);
#3523=ORIENTED_EDGE('',*,*,#2595,.T.);
#3524=ORIENTED_EDGE('',*,*,#2592,.T.);
#3525=ORIENTED_EDGE('',*,*,#2589,.T.);
#3526=ORIENTED_EDGE('',*,*,#2586,.T.);
#3527=ORIENTED_EDGE('',*,*,#2583,.T.);
#3528=ORIENTED_EDGE('',*,*,#2580,.T.);
#3529=ORIENTED_EDGE('',*,*,#2577,.T.);
#3530=ORIENTED_EDGE('',*,*,#2574,.T.);
#3531=ORIENTED_EDGE('',*,*,#2571,.T.);
#3532=ORIENTED_EDGE('',*,*,#2635,.T.);
#3533=ORIENTED_EDGE('',*,*,#2636,.T.);
#3534=ORIENTED_EDGE('',*,*,#2637,.F.);
#3535=ORIENTED_EDGE('',*,*,#2638,.F.);
#3536=ORIENTED_EDGE('',*,*,#2639,.T.);
#3537=ORIENTED_EDGE('',*,*,#2638,.T.);
#3538=ORIENTED_EDGE('',*,*,#2640,.F.);
#3539=ORIENTED_EDGE('',*,*,#2641,.F.);
#3540=ORIENTED_EDGE('',*,*,#2642,.T.);
#3541=ORIENTED_EDGE('',*,*,#2641,.T.);
#3542=ORIENTED_EDGE('',*,*,#2643,.F.);
#3543=ORIENTED_EDGE('',*,*,#2644,.F.);
#3544=ORIENTED_EDGE('',*,*,#2645,.T.);
#3545=ORIENTED_EDGE('',*,*,#2644,.T.);
#3546=ORIENTED_EDGE('',*,*,#2646,.F.);
#3547=ORIENTED_EDGE('',*,*,#2647,.F.);
#3548=ORIENTED_EDGE('',*,*,#2648,.T.);
#3549=ORIENTED_EDGE('',*,*,#2647,.T.);
#3550=ORIENTED_EDGE('',*,*,#2649,.F.);
#3551=ORIENTED_EDGE('',*,*,#2650,.F.);
#3552=ORIENTED_EDGE('',*,*,#2651,.T.);
#3553=ORIENTED_EDGE('',*,*,#2650,.T.);
#3554=ORIENTED_EDGE('',*,*,#2652,.F.);
#3555=ORIENTED_EDGE('',*,*,#2653,.F.);
#3556=ORIENTED_EDGE('',*,*,#2654,.T.);
#3557=ORIENTED_EDGE('',*,*,#2653,.T.);
#3558=ORIENTED_EDGE('',*,*,#2655,.F.);
#3559=ORIENTED_EDGE('',*,*,#2656,.F.);
#3560=ORIENTED_EDGE('',*,*,#2657,.T.);
#3561=ORIENTED_EDGE('',*,*,#2656,.T.);
#3562=ORIENTED_EDGE('',*,*,#2658,.F.);
#3563=ORIENTED_EDGE('',*,*,#2659,.F.);
#3564=ORIENTED_EDGE('',*,*,#2660,.T.);
#3565=ORIENTED_EDGE('',*,*,#2659,.T.);
#3566=ORIENTED_EDGE('',*,*,#2661,.F.);
#3567=ORIENTED_EDGE('',*,*,#2636,.F.);
#3568=ORIENTED_EDGE('',*,*,#2660,.F.);
#3569=ORIENTED_EDGE('',*,*,#2635,.F.);
#3570=ORIENTED_EDGE('',*,*,#2639,.F.);
#3571=ORIENTED_EDGE('',*,*,#2642,.F.);
#3572=ORIENTED_EDGE('',*,*,#2645,.F.);
#3573=ORIENTED_EDGE('',*,*,#2648,.F.);
#3574=ORIENTED_EDGE('',*,*,#2651,.F.);
#3575=ORIENTED_EDGE('',*,*,#2654,.F.);
#3576=ORIENTED_EDGE('',*,*,#2657,.F.);
#3577=ORIENTED_EDGE('',*,*,#2661,.T.);
#3578=ORIENTED_EDGE('',*,*,#2658,.T.);
#3579=ORIENTED_EDGE('',*,*,#2655,.T.);
#3580=ORIENTED_EDGE('',*,*,#2652,.T.);
#3581=ORIENTED_EDGE('',*,*,#2649,.T.);
#3582=ORIENTED_EDGE('',*,*,#2646,.T.);
#3583=ORIENTED_EDGE('',*,*,#2643,.T.);
#3584=ORIENTED_EDGE('',*,*,#2640,.T.);
#3585=ORIENTED_EDGE('',*,*,#2637,.T.);
#3586=ORIENTED_EDGE('',*,*,#2662,.T.);
#3587=ORIENTED_EDGE('',*,*,#2663,.T.);
#3588=ORIENTED_EDGE('',*,*,#2664,.F.);
#3589=ORIENTED_EDGE('',*,*,#2665,.F.);
#3590=ORIENTED_EDGE('',*,*,#2666,.T.);
#3591=ORIENTED_EDGE('',*,*,#2665,.T.);
#3592=ORIENTED_EDGE('',*,*,#2667,.F.);
#3593=ORIENTED_EDGE('',*,*,#2668,.F.);
#3594=ORIENTED_EDGE('',*,*,#2669,.T.);
#3595=ORIENTED_EDGE('',*,*,#2668,.T.);
#3596=ORIENTED_EDGE('',*,*,#2670,.F.);
#3597=ORIENTED_EDGE('',*,*,#2671,.F.);
#3598=ORIENTED_EDGE('',*,*,#2672,.T.);
#3599=ORIENTED_EDGE('',*,*,#2671,.T.);
#3600=ORIENTED_EDGE('',*,*,#2673,.F.);
#3601=ORIENTED_EDGE('',*,*,#2674,.F.);
#3602=ORIENTED_EDGE('',*,*,#2675,.T.);
#3603=ORIENTED_EDGE('',*,*,#2674,.T.);
#3604=ORIENTED_EDGE('',*,*,#2676,.F.);
#3605=ORIENTED_EDGE('',*,*,#2677,.F.);
#3606=ORIENTED_EDGE('',*,*,#2678,.T.);
#3607=ORIENTED_EDGE('',*,*,#2677,.T.);
#3608=ORIENTED_EDGE('',*,*,#2679,.F.);
#3609=ORIENTED_EDGE('',*,*,#2680,.F.);
#3610=ORIENTED_EDGE('',*,*,#2681,.T.);
#3611=ORIENTED_EDGE('',*,*,#2680,.T.);
#3612=ORIENTED_EDGE('',*,*,#2682,.F.);
#3613=ORIENTED_EDGE('',*,*,#2683,.F.);
#3614=ORIENTED_EDGE('',*,*,#2684,.T.);
#3615=ORIENTED_EDGE('',*,*,#2683,.T.);
#3616=ORIENTED_EDGE('',*,*,#2685,.F.);
#3617=ORIENTED_EDGE('',*,*,#2663,.F.);
#3618=ORIENTED_EDGE('',*,*,#2686,.T.);
#3619=ORIENTED_EDGE('',*,*,#2687,.T.);
#3620=ORIENTED_EDGE('',*,*,#2688,.F.);
#3621=ORIENTED_EDGE('',*,*,#2689,.F.);
#3622=ORIENTED_EDGE('',*,*,#2690,.T.);
#3623=ORIENTED_EDGE('',*,*,#2689,.T.);
#3624=ORIENTED_EDGE('',*,*,#2691,.F.);
#3625=ORIENTED_EDGE('',*,*,#2692,.F.);
#3626=ORIENTED_EDGE('',*,*,#2693,.T.);
#3627=ORIENTED_EDGE('',*,*,#2692,.T.);
#3628=ORIENTED_EDGE('',*,*,#2694,.F.);
#3629=ORIENTED_EDGE('',*,*,#2695,.F.);
#3630=ORIENTED_EDGE('',*,*,#2696,.T.);
#3631=ORIENTED_EDGE('',*,*,#2695,.T.);
#3632=ORIENTED_EDGE('',*,*,#2697,.F.);
#3633=ORIENTED_EDGE('',*,*,#2698,.F.);
#3634=ORIENTED_EDGE('',*,*,#2699,.T.);
#3635=ORIENTED_EDGE('',*,*,#2698,.T.);
#3636=ORIENTED_EDGE('',*,*,#2700,.F.);
#3637=ORIENTED_EDGE('',*,*,#2701,.F.);
#3638=ORIENTED_EDGE('',*,*,#2702,.T.);
#3639=ORIENTED_EDGE('',*,*,#2701,.T.);
#3640=ORIENTED_EDGE('',*,*,#2703,.F.);
#3641=ORIENTED_EDGE('',*,*,#2704,.F.);
#3642=ORIENTED_EDGE('',*,*,#2705,.T.);
#3643=ORIENTED_EDGE('',*,*,#2704,.T.);
#3644=ORIENTED_EDGE('',*,*,#2706,.F.);
#3645=ORIENTED_EDGE('',*,*,#2707,.F.);
#3646=ORIENTED_EDGE('',*,*,#2708,.T.);
#3647=ORIENTED_EDGE('',*,*,#2707,.T.);
#3648=ORIENTED_EDGE('',*,*,#2709,.F.);
#3649=ORIENTED_EDGE('',*,*,#2710,.F.);
#3650=ORIENTED_EDGE('',*,*,#2711,.T.);
#3651=ORIENTED_EDGE('',*,*,#2710,.T.);
#3652=ORIENTED_EDGE('',*,*,#2712,.F.);
#3653=ORIENTED_EDGE('',*,*,#2713,.F.);
#3654=ORIENTED_EDGE('',*,*,#2714,.T.);
#3655=ORIENTED_EDGE('',*,*,#2713,.T.);
#3656=ORIENTED_EDGE('',*,*,#2715,.F.);
#3657=ORIENTED_EDGE('',*,*,#2716,.F.);
#3658=ORIENTED_EDGE('',*,*,#2717,.T.);
#3659=ORIENTED_EDGE('',*,*,#2716,.T.);
#3660=ORIENTED_EDGE('',*,*,#2718,.F.);
#3661=ORIENTED_EDGE('',*,*,#2719,.F.);
#3662=ORIENTED_EDGE('',*,*,#2720,.T.);
#3663=ORIENTED_EDGE('',*,*,#2719,.T.);
#3664=ORIENTED_EDGE('',*,*,#2721,.F.);
#3665=ORIENTED_EDGE('',*,*,#2687,.F.);
#3666=ORIENTED_EDGE('',*,*,#2720,.F.);
#3667=ORIENTED_EDGE('',*,*,#2686,.F.);
#3668=ORIENTED_EDGE('',*,*,#2690,.F.);
#3669=ORIENTED_EDGE('',*,*,#2693,.F.);
#3670=ORIENTED_EDGE('',*,*,#2696,.F.);
#3671=ORIENTED_EDGE('',*,*,#2699,.F.);
#3672=ORIENTED_EDGE('',*,*,#2702,.F.);
#3673=ORIENTED_EDGE('',*,*,#2705,.F.);
#3674=ORIENTED_EDGE('',*,*,#2708,.F.);
#3675=ORIENTED_EDGE('',*,*,#2711,.F.);
#3676=ORIENTED_EDGE('',*,*,#2714,.F.);
#3677=ORIENTED_EDGE('',*,*,#2717,.F.);
#3678=ORIENTED_EDGE('',*,*,#2684,.F.);
#3679=ORIENTED_EDGE('',*,*,#2662,.F.);
#3680=ORIENTED_EDGE('',*,*,#2666,.F.);
#3681=ORIENTED_EDGE('',*,*,#2669,.F.);
#3682=ORIENTED_EDGE('',*,*,#2672,.F.);
#3683=ORIENTED_EDGE('',*,*,#2675,.F.);
#3684=ORIENTED_EDGE('',*,*,#2678,.F.);
#3685=ORIENTED_EDGE('',*,*,#2681,.F.);
#3686=ORIENTED_EDGE('',*,*,#2721,.T.);
#3687=ORIENTED_EDGE('',*,*,#2718,.T.);
#3688=ORIENTED_EDGE('',*,*,#2715,.T.);
#3689=ORIENTED_EDGE('',*,*,#2712,.T.);
#3690=ORIENTED_EDGE('',*,*,#2709,.T.);
#3691=ORIENTED_EDGE('',*,*,#2706,.T.);
#3692=ORIENTED_EDGE('',*,*,#2703,.T.);
#3693=ORIENTED_EDGE('',*,*,#2700,.T.);
#3694=ORIENTED_EDGE('',*,*,#2697,.T.);
#3695=ORIENTED_EDGE('',*,*,#2694,.T.);
#3696=ORIENTED_EDGE('',*,*,#2691,.T.);
#3697=ORIENTED_EDGE('',*,*,#2688,.T.);
#3698=ORIENTED_EDGE('',*,*,#2685,.T.);
#3699=ORIENTED_EDGE('',*,*,#2682,.T.);
#3700=ORIENTED_EDGE('',*,*,#2679,.T.);
#3701=ORIENTED_EDGE('',*,*,#2676,.T.);
#3702=ORIENTED_EDGE('',*,*,#2673,.T.);
#3703=ORIENTED_EDGE('',*,*,#2670,.T.);
#3704=ORIENTED_EDGE('',*,*,#2667,.T.);
#3705=ORIENTED_EDGE('',*,*,#2664,.T.);
#3706=ORIENTED_EDGE('',*,*,#2722,.T.);
#3707=ORIENTED_EDGE('',*,*,#2723,.T.);
#3708=ORIENTED_EDGE('',*,*,#2724,.F.);
#3709=ORIENTED_EDGE('',*,*,#2725,.F.);
#3710=ORIENTED_EDGE('',*,*,#2726,.T.);
#3711=ORIENTED_EDGE('',*,*,#2725,.T.);
#3712=ORIENTED_EDGE('',*,*,#2727,.F.);
#3713=ORIENTED_EDGE('',*,*,#2728,.F.);
#3714=ORIENTED_EDGE('',*,*,#2729,.T.);
#3715=ORIENTED_EDGE('',*,*,#2728,.T.);
#3716=ORIENTED_EDGE('',*,*,#2730,.F.);
#3717=ORIENTED_EDGE('',*,*,#2731,.F.);
#3718=ORIENTED_EDGE('',*,*,#2732,.T.);
#3719=ORIENTED_EDGE('',*,*,#2731,.T.);
#3720=ORIENTED_EDGE('',*,*,#2733,.F.);
#3721=ORIENTED_EDGE('',*,*,#2734,.F.);
#3722=ORIENTED_EDGE('',*,*,#2735,.T.);
#3723=ORIENTED_EDGE('',*,*,#2734,.T.);
#3724=ORIENTED_EDGE('',*,*,#2736,.F.);
#3725=ORIENTED_EDGE('',*,*,#2737,.F.);
#3726=ORIENTED_EDGE('',*,*,#2738,.T.);
#3727=ORIENTED_EDGE('',*,*,#2737,.T.);
#3728=ORIENTED_EDGE('',*,*,#2739,.F.);
#3729=ORIENTED_EDGE('',*,*,#2740,.F.);
#3730=ORIENTED_EDGE('',*,*,#2741,.T.);
#3731=ORIENTED_EDGE('',*,*,#2740,.T.);
#3732=ORIENTED_EDGE('',*,*,#2742,.F.);
#3733=ORIENTED_EDGE('',*,*,#2743,.F.);
#3734=ORIENTED_EDGE('',*,*,#2744,.T.);
#3735=ORIENTED_EDGE('',*,*,#2743,.T.);
#3736=ORIENTED_EDGE('',*,*,#2745,.F.);
#3737=ORIENTED_EDGE('',*,*,#2746,.F.);
#3738=ORIENTED_EDGE('',*,*,#2747,.T.);
#3739=ORIENTED_EDGE('',*,*,#2746,.T.);
#3740=ORIENTED_EDGE('',*,*,#2748,.F.);
#3741=ORIENTED_EDGE('',*,*,#2723,.F.);
#3742=ORIENTED_EDGE('',*,*,#2749,.T.);
#3743=ORIENTED_EDGE('',*,*,#2750,.T.);
#3744=ORIENTED_EDGE('',*,*,#2751,.F.);
#3745=ORIENTED_EDGE('',*,*,#2752,.F.);
#3746=ORIENTED_EDGE('',*,*,#2753,.T.);
#3747=ORIENTED_EDGE('',*,*,#2752,.T.);
#3748=ORIENTED_EDGE('',*,*,#2754,.F.);
#3749=ORIENTED_EDGE('',*,*,#2755,.F.);
#3750=ORIENTED_EDGE('',*,*,#2756,.T.);
#3751=ORIENTED_EDGE('',*,*,#2755,.T.);
#3752=ORIENTED_EDGE('',*,*,#2757,.F.);
#3753=ORIENTED_EDGE('',*,*,#2758,.F.);
#3754=ORIENTED_EDGE('',*,*,#2759,.T.);
#3755=ORIENTED_EDGE('',*,*,#2758,.T.);
#3756=ORIENTED_EDGE('',*,*,#2760,.F.);
#3757=ORIENTED_EDGE('',*,*,#2761,.F.);
#3758=ORIENTED_EDGE('',*,*,#2762,.T.);
#3759=ORIENTED_EDGE('',*,*,#2761,.T.);
#3760=ORIENTED_EDGE('',*,*,#2763,.F.);
#3761=ORIENTED_EDGE('',*,*,#2764,.F.);
#3762=ORIENTED_EDGE('',*,*,#2765,.T.);
#3763=ORIENTED_EDGE('',*,*,#2764,.T.);
#3764=ORIENTED_EDGE('',*,*,#2766,.F.);
#3765=ORIENTED_EDGE('',*,*,#2767,.F.);
#3766=ORIENTED_EDGE('',*,*,#2768,.T.);
#3767=ORIENTED_EDGE('',*,*,#2767,.T.);
#3768=ORIENTED_EDGE('',*,*,#2769,.F.);
#3769=ORIENTED_EDGE('',*,*,#2770,.F.);
#3770=ORIENTED_EDGE('',*,*,#2771,.T.);
#3771=ORIENTED_EDGE('',*,*,#2770,.T.);
#3772=ORIENTED_EDGE('',*,*,#2772,.F.);
#3773=ORIENTED_EDGE('',*,*,#2750,.F.);
#3774=ORIENTED_EDGE('',*,*,#2773,.T.);
#3775=ORIENTED_EDGE('',*,*,#2774,.T.);
#3776=ORIENTED_EDGE('',*,*,#2775,.F.);
#3777=ORIENTED_EDGE('',*,*,#2776,.F.);
#3778=ORIENTED_EDGE('',*,*,#2777,.T.);
#3779=ORIENTED_EDGE('',*,*,#2776,.T.);
#3780=ORIENTED_EDGE('',*,*,#2778,.F.);
#3781=ORIENTED_EDGE('',*,*,#2779,.F.);
#3782=ORIENTED_EDGE('',*,*,#2780,.T.);
#3783=ORIENTED_EDGE('',*,*,#2779,.T.);
#3784=ORIENTED_EDGE('',*,*,#2781,.F.);
#3785=ORIENTED_EDGE('',*,*,#2782,.F.);
#3786=ORIENTED_EDGE('',*,*,#2783,.T.);
#3787=ORIENTED_EDGE('',*,*,#2782,.T.);
#3788=ORIENTED_EDGE('',*,*,#2784,.F.);
#3789=ORIENTED_EDGE('',*,*,#2785,.F.);
#3790=ORIENTED_EDGE('',*,*,#2786,.T.);
#3791=ORIENTED_EDGE('',*,*,#2785,.T.);
#3792=ORIENTED_EDGE('',*,*,#2787,.F.);
#3793=ORIENTED_EDGE('',*,*,#2788,.F.);
#3794=ORIENTED_EDGE('',*,*,#2789,.T.);
#3795=ORIENTED_EDGE('',*,*,#2788,.T.);
#3796=ORIENTED_EDGE('',*,*,#2790,.F.);
#3797=ORIENTED_EDGE('',*,*,#2791,.F.);
#3798=ORIENTED_EDGE('',*,*,#2792,.T.);
#3799=ORIENTED_EDGE('',*,*,#2791,.T.);
#3800=ORIENTED_EDGE('',*,*,#2793,.F.);
#3801=ORIENTED_EDGE('',*,*,#2794,.F.);
#3802=ORIENTED_EDGE('',*,*,#2795,.T.);
#3803=ORIENTED_EDGE('',*,*,#2794,.T.);
#3804=ORIENTED_EDGE('',*,*,#2796,.F.);
#3805=ORIENTED_EDGE('',*,*,#2797,.F.);
#3806=ORIENTED_EDGE('',*,*,#2798,.T.);
#3807=ORIENTED_EDGE('',*,*,#2797,.T.);
#3808=ORIENTED_EDGE('',*,*,#2799,.F.);
#3809=ORIENTED_EDGE('',*,*,#2800,.F.);
#3810=ORIENTED_EDGE('',*,*,#2801,.T.);
#3811=ORIENTED_EDGE('',*,*,#2800,.T.);
#3812=ORIENTED_EDGE('',*,*,#2802,.F.);
#3813=ORIENTED_EDGE('',*,*,#2803,.F.);
#3814=ORIENTED_EDGE('',*,*,#2804,.T.);
#3815=ORIENTED_EDGE('',*,*,#2803,.T.);
#3816=ORIENTED_EDGE('',*,*,#2805,.F.);
#3817=ORIENTED_EDGE('',*,*,#2806,.F.);
#3818=ORIENTED_EDGE('',*,*,#2807,.T.);
#3819=ORIENTED_EDGE('',*,*,#2806,.T.);
#3820=ORIENTED_EDGE('',*,*,#2808,.F.);
#3821=ORIENTED_EDGE('',*,*,#2809,.F.);
#3822=ORIENTED_EDGE('',*,*,#2810,.T.);
#3823=ORIENTED_EDGE('',*,*,#2809,.T.);
#3824=ORIENTED_EDGE('',*,*,#2811,.F.);
#3825=ORIENTED_EDGE('',*,*,#2812,.F.);
#3826=ORIENTED_EDGE('',*,*,#2813,.T.);
#3827=ORIENTED_EDGE('',*,*,#2812,.T.);
#3828=ORIENTED_EDGE('',*,*,#2814,.F.);
#3829=ORIENTED_EDGE('',*,*,#2815,.F.);
#3830=ORIENTED_EDGE('',*,*,#2816,.T.);
#3831=ORIENTED_EDGE('',*,*,#2815,.T.);
#3832=ORIENTED_EDGE('',*,*,#2817,.F.);
#3833=ORIENTED_EDGE('',*,*,#2818,.F.);
#3834=ORIENTED_EDGE('',*,*,#2819,.T.);
#3835=ORIENTED_EDGE('',*,*,#2818,.T.);
#3836=ORIENTED_EDGE('',*,*,#2820,.F.);
#3837=ORIENTED_EDGE('',*,*,#2774,.F.);
#3838=ORIENTED_EDGE('',*,*,#2819,.F.);
#3839=ORIENTED_EDGE('',*,*,#2773,.F.);
#3840=ORIENTED_EDGE('',*,*,#2777,.F.);
#3841=ORIENTED_EDGE('',*,*,#2780,.F.);
#3842=ORIENTED_EDGE('',*,*,#2783,.F.);
#3843=ORIENTED_EDGE('',*,*,#2786,.F.);
#3844=ORIENTED_EDGE('',*,*,#2789,.F.);
#3845=ORIENTED_EDGE('',*,*,#2792,.F.);
#3846=ORIENTED_EDGE('',*,*,#2795,.F.);
#3847=ORIENTED_EDGE('',*,*,#2798,.F.);
#3848=ORIENTED_EDGE('',*,*,#2801,.F.);
#3849=ORIENTED_EDGE('',*,*,#2804,.F.);
#3850=ORIENTED_EDGE('',*,*,#2807,.F.);
#3851=ORIENTED_EDGE('',*,*,#2810,.F.);
#3852=ORIENTED_EDGE('',*,*,#2813,.F.);
#3853=ORIENTED_EDGE('',*,*,#2816,.F.);
#3854=ORIENTED_EDGE('',*,*,#2771,.F.);
#3855=ORIENTED_EDGE('',*,*,#2749,.F.);
#3856=ORIENTED_EDGE('',*,*,#2753,.F.);
#3857=ORIENTED_EDGE('',*,*,#2756,.F.);
#3858=ORIENTED_EDGE('',*,*,#2759,.F.);
#3859=ORIENTED_EDGE('',*,*,#2762,.F.);
#3860=ORIENTED_EDGE('',*,*,#2765,.F.);
#3861=ORIENTED_EDGE('',*,*,#2768,.F.);
#3862=ORIENTED_EDGE('',*,*,#2747,.F.);
#3863=ORIENTED_EDGE('',*,*,#2722,.F.);
#3864=ORIENTED_EDGE('',*,*,#2726,.F.);
#3865=ORIENTED_EDGE('',*,*,#2729,.F.);
#3866=ORIENTED_EDGE('',*,*,#2732,.F.);
#3867=ORIENTED_EDGE('',*,*,#2735,.F.);
#3868=ORIENTED_EDGE('',*,*,#2738,.F.);
#3869=ORIENTED_EDGE('',*,*,#2741,.F.);
#3870=ORIENTED_EDGE('',*,*,#2744,.F.);
#3871=ORIENTED_EDGE('',*,*,#2820,.T.);
#3872=ORIENTED_EDGE('',*,*,#2817,.T.);
#3873=ORIENTED_EDGE('',*,*,#2814,.T.);
#3874=ORIENTED_EDGE('',*,*,#2811,.T.);
#3875=ORIENTED_EDGE('',*,*,#2808,.T.);
#3876=ORIENTED_EDGE('',*,*,#2805,.T.);
#3877=ORIENTED_EDGE('',*,*,#2802,.T.);
#3878=ORIENTED_EDGE('',*,*,#2799,.T.);
#3879=ORIENTED_EDGE('',*,*,#2796,.T.);
#3880=ORIENTED_EDGE('',*,*,#2793,.T.);
#3881=ORIENTED_EDGE('',*,*,#2790,.T.);
#3882=ORIENTED_EDGE('',*,*,#2787,.T.);
#3883=ORIENTED_EDGE('',*,*,#2784,.T.);
#3884=ORIENTED_EDGE('',*,*,#2781,.T.);
#3885=ORIENTED_EDGE('',*,*,#2778,.T.);
#3886=ORIENTED_EDGE('',*,*,#2775,.T.);
#3887=ORIENTED_EDGE('',*,*,#2772,.T.);
#3888=ORIENTED_EDGE('',*,*,#2769,.T.);
#3889=ORIENTED_EDGE('',*,*,#2766,.T.);
#3890=ORIENTED_EDGE('',*,*,#2763,.T.);
#3891=ORIENTED_EDGE('',*,*,#2760,.T.);
#3892=ORIENTED_EDGE('',*,*,#2757,.T.);
#3893=ORIENTED_EDGE('',*,*,#2754,.T.);
#3894=ORIENTED_EDGE('',*,*,#2751,.T.);
#3895=ORIENTED_EDGE('',*,*,#2748,.T.);
#3896=ORIENTED_EDGE('',*,*,#2745,.T.);
#3897=ORIENTED_EDGE('',*,*,#2742,.T.);
#3898=ORIENTED_EDGE('',*,*,#2739,.T.);
#3899=ORIENTED_EDGE('',*,*,#2736,.T.);
#3900=ORIENTED_EDGE('',*,*,#2733,.T.);
#3901=ORIENTED_EDGE('',*,*,#2730,.T.);
#3902=ORIENTED_EDGE('',*,*,#2727,.T.);
#3903=ORIENTED_EDGE('',*,*,#2724,.T.);
#3904=ORIENTED_EDGE('',*,*,#2821,.T.);
#3905=ORIENTED_EDGE('',*,*,#2822,.T.);
#3906=ORIENTED_EDGE('',*,*,#2823,.F.);
#3907=ORIENTED_EDGE('',*,*,#2824,.F.);
#3908=ORIENTED_EDGE('',*,*,#2825,.T.);
#3909=ORIENTED_EDGE('',*,*,#2824,.T.);
#3910=ORIENTED_EDGE('',*,*,#2826,.F.);
#3911=ORIENTED_EDGE('',*,*,#2827,.F.);
#3912=ORIENTED_EDGE('',*,*,#2828,.T.);
#3913=ORIENTED_EDGE('',*,*,#2827,.T.);
#3914=ORIENTED_EDGE('',*,*,#2829,.F.);
#3915=ORIENTED_EDGE('',*,*,#2830,.F.);
#3916=ORIENTED_EDGE('',*,*,#2831,.T.);
#3917=ORIENTED_EDGE('',*,*,#2830,.T.);
#3918=ORIENTED_EDGE('',*,*,#2832,.F.);
#3919=ORIENTED_EDGE('',*,*,#2833,.F.);
#3920=ORIENTED_EDGE('',*,*,#2834,.T.);
#3921=ORIENTED_EDGE('',*,*,#2833,.T.);
#3922=ORIENTED_EDGE('',*,*,#2835,.F.);
#3923=ORIENTED_EDGE('',*,*,#2836,.F.);
#3924=ORIENTED_EDGE('',*,*,#2837,.T.);
#3925=ORIENTED_EDGE('',*,*,#2836,.T.);
#3926=ORIENTED_EDGE('',*,*,#2838,.F.);
#3927=ORIENTED_EDGE('',*,*,#2839,.F.);
#3928=ORIENTED_EDGE('',*,*,#2840,.T.);
#3929=ORIENTED_EDGE('',*,*,#2839,.T.);
#3930=ORIENTED_EDGE('',*,*,#2841,.F.);
#3931=ORIENTED_EDGE('',*,*,#2842,.F.);
#3932=ORIENTED_EDGE('',*,*,#2843,.T.);
#3933=ORIENTED_EDGE('',*,*,#2842,.T.);
#3934=ORIENTED_EDGE('',*,*,#2844,.F.);
#3935=ORIENTED_EDGE('',*,*,#2845,.F.);
#3936=ORIENTED_EDGE('',*,*,#2846,.T.);
#3937=ORIENTED_EDGE('',*,*,#2845,.T.);
#3938=ORIENTED_EDGE('',*,*,#2847,.F.);
#3939=ORIENTED_EDGE('',*,*,#2822,.F.);
#3940=ORIENTED_EDGE('',*,*,#2848,.T.);
#3941=ORIENTED_EDGE('',*,*,#2849,.T.);
#3942=ORIENTED_EDGE('',*,*,#2850,.F.);
#3943=ORIENTED_EDGE('',*,*,#2851,.F.);
#3944=ORIENTED_EDGE('',*,*,#2852,.T.);
#3945=ORIENTED_EDGE('',*,*,#2851,.T.);
#3946=ORIENTED_EDGE('',*,*,#2853,.F.);
#3947=ORIENTED_EDGE('',*,*,#2854,.F.);
#3948=ORIENTED_EDGE('',*,*,#2855,.T.);
#3949=ORIENTED_EDGE('',*,*,#2854,.T.);
#3950=ORIENTED_EDGE('',*,*,#2856,.F.);
#3951=ORIENTED_EDGE('',*,*,#2857,.F.);
#3952=ORIENTED_EDGE('',*,*,#2858,.T.);
#3953=ORIENTED_EDGE('',*,*,#2857,.T.);
#3954=ORIENTED_EDGE('',*,*,#2859,.F.);
#3955=ORIENTED_EDGE('',*,*,#2860,.F.);
#3956=ORIENTED_EDGE('',*,*,#2861,.T.);
#3957=ORIENTED_EDGE('',*,*,#2860,.T.);
#3958=ORIENTED_EDGE('',*,*,#2862,.F.);
#3959=ORIENTED_EDGE('',*,*,#2863,.F.);
#3960=ORIENTED_EDGE('',*,*,#2864,.T.);
#3961=ORIENTED_EDGE('',*,*,#2863,.T.);
#3962=ORIENTED_EDGE('',*,*,#2865,.F.);
#3963=ORIENTED_EDGE('',*,*,#2866,.F.);
#3964=ORIENTED_EDGE('',*,*,#2867,.T.);
#3965=ORIENTED_EDGE('',*,*,#2866,.T.);
#3966=ORIENTED_EDGE('',*,*,#2868,.F.);
#3967=ORIENTED_EDGE('',*,*,#2869,.F.);
#3968=ORIENTED_EDGE('',*,*,#2870,.T.);
#3969=ORIENTED_EDGE('',*,*,#2869,.T.);
#3970=ORIENTED_EDGE('',*,*,#2871,.F.);
#3971=ORIENTED_EDGE('',*,*,#2872,.F.);
#3972=ORIENTED_EDGE('',*,*,#2873,.T.);
#3973=ORIENTED_EDGE('',*,*,#2872,.T.);
#3974=ORIENTED_EDGE('',*,*,#2874,.F.);
#3975=ORIENTED_EDGE('',*,*,#2875,.F.);
#3976=ORIENTED_EDGE('',*,*,#2876,.T.);
#3977=ORIENTED_EDGE('',*,*,#2875,.T.);
#3978=ORIENTED_EDGE('',*,*,#2877,.F.);
#3979=ORIENTED_EDGE('',*,*,#2878,.F.);
#3980=ORIENTED_EDGE('',*,*,#2879,.T.);
#3981=ORIENTED_EDGE('',*,*,#2878,.T.);
#3982=ORIENTED_EDGE('',*,*,#2880,.F.);
#3983=ORIENTED_EDGE('',*,*,#2881,.F.);
#3984=ORIENTED_EDGE('',*,*,#2882,.T.);
#3985=ORIENTED_EDGE('',*,*,#2881,.T.);
#3986=ORIENTED_EDGE('',*,*,#2883,.F.);
#3987=ORIENTED_EDGE('',*,*,#2884,.F.);
#3988=ORIENTED_EDGE('',*,*,#2885,.T.);
#3989=ORIENTED_EDGE('',*,*,#2884,.T.);
#3990=ORIENTED_EDGE('',*,*,#2886,.F.);
#3991=ORIENTED_EDGE('',*,*,#2887,.F.);
#3992=ORIENTED_EDGE('',*,*,#2888,.T.);
#3993=ORIENTED_EDGE('',*,*,#2887,.T.);
#3994=ORIENTED_EDGE('',*,*,#2889,.F.);
#3995=ORIENTED_EDGE('',*,*,#2890,.F.);
#3996=ORIENTED_EDGE('',*,*,#2891,.T.);
#3997=ORIENTED_EDGE('',*,*,#2890,.T.);
#3998=ORIENTED_EDGE('',*,*,#2892,.F.);
#3999=ORIENTED_EDGE('',*,*,#2893,.F.);
#4000=ORIENTED_EDGE('',*,*,#2894,.T.);
#4001=ORIENTED_EDGE('',*,*,#2893,.T.);
#4002=ORIENTED_EDGE('',*,*,#2895,.F.);
#4003=ORIENTED_EDGE('',*,*,#2896,.F.);
#4004=ORIENTED_EDGE('',*,*,#2897,.T.);
#4005=ORIENTED_EDGE('',*,*,#2896,.T.);
#4006=ORIENTED_EDGE('',*,*,#2898,.F.);
#4007=ORIENTED_EDGE('',*,*,#2899,.F.);
#4008=ORIENTED_EDGE('',*,*,#2900,.T.);
#4009=ORIENTED_EDGE('',*,*,#2899,.T.);
#4010=ORIENTED_EDGE('',*,*,#2901,.F.);
#4011=ORIENTED_EDGE('',*,*,#2902,.F.);
#4012=ORIENTED_EDGE('',*,*,#2903,.T.);
#4013=ORIENTED_EDGE('',*,*,#2902,.T.);
#4014=ORIENTED_EDGE('',*,*,#2904,.F.);
#4015=ORIENTED_EDGE('',*,*,#2849,.F.);
#4016=ORIENTED_EDGE('',*,*,#2903,.F.);
#4017=ORIENTED_EDGE('',*,*,#2848,.F.);
#4018=ORIENTED_EDGE('',*,*,#2852,.F.);
#4019=ORIENTED_EDGE('',*,*,#2855,.F.);
#4020=ORIENTED_EDGE('',*,*,#2858,.F.);
#4021=ORIENTED_EDGE('',*,*,#2861,.F.);
#4022=ORIENTED_EDGE('',*,*,#2864,.F.);
#4023=ORIENTED_EDGE('',*,*,#2867,.F.);
#4024=ORIENTED_EDGE('',*,*,#2870,.F.);
#4025=ORIENTED_EDGE('',*,*,#2873,.F.);
#4026=ORIENTED_EDGE('',*,*,#2876,.F.);
#4027=ORIENTED_EDGE('',*,*,#2879,.F.);
#4028=ORIENTED_EDGE('',*,*,#2882,.F.);
#4029=ORIENTED_EDGE('',*,*,#2885,.F.);
#4030=ORIENTED_EDGE('',*,*,#2888,.F.);
#4031=ORIENTED_EDGE('',*,*,#2891,.F.);
#4032=ORIENTED_EDGE('',*,*,#2894,.F.);
#4033=ORIENTED_EDGE('',*,*,#2897,.F.);
#4034=ORIENTED_EDGE('',*,*,#2900,.F.);
#4035=ORIENTED_EDGE('',*,*,#2846,.F.);
#4036=ORIENTED_EDGE('',*,*,#2821,.F.);
#4037=ORIENTED_EDGE('',*,*,#2825,.F.);
#4038=ORIENTED_EDGE('',*,*,#2828,.F.);
#4039=ORIENTED_EDGE('',*,*,#2831,.F.);
#4040=ORIENTED_EDGE('',*,*,#2834,.F.);
#4041=ORIENTED_EDGE('',*,*,#2837,.F.);
#4042=ORIENTED_EDGE('',*,*,#2840,.F.);
#4043=ORIENTED_EDGE('',*,*,#2843,.F.);
#4044=ORIENTED_EDGE('',*,*,#2904,.T.);
#4045=ORIENTED_EDGE('',*,*,#2901,.T.);
#4046=ORIENTED_EDGE('',*,*,#2898,.T.);
#4047=ORIENTED_EDGE('',*,*,#2895,.T.);
#4048=ORIENTED_EDGE('',*,*,#2892,.T.);
#4049=ORIENTED_EDGE('',*,*,#2889,.T.);
#4050=ORIENTED_EDGE('',*,*,#2886,.T.);
#4051=ORIENTED_EDGE('',*,*,#2883,.T.);
#4052=ORIENTED_EDGE('',*,*,#2880,.T.);
#4053=ORIENTED_EDGE('',*,*,#2877,.T.);
#4054=ORIENTED_EDGE('',*,*,#2874,.T.);
#4055=ORIENTED_EDGE('',*,*,#2871,.T.);
#4056=ORIENTED_EDGE('',*,*,#2868,.T.);
#4057=ORIENTED_EDGE('',*,*,#2865,.T.);
#4058=ORIENTED_EDGE('',*,*,#2862,.T.);
#4059=ORIENTED_EDGE('',*,*,#2859,.T.);
#4060=ORIENTED_EDGE('',*,*,#2856,.T.);
#4061=ORIENTED_EDGE('',*,*,#2853,.T.);
#4062=ORIENTED_EDGE('',*,*,#2850,.T.);
#4063=ORIENTED_EDGE('',*,*,#2847,.T.);
#4064=ORIENTED_EDGE('',*,*,#2844,.T.);
#4065=ORIENTED_EDGE('',*,*,#2841,.T.);
#4066=ORIENTED_EDGE('',*,*,#2838,.T.);
#4067=ORIENTED_EDGE('',*,*,#2835,.T.);
#4068=ORIENTED_EDGE('',*,*,#2832,.T.);
#4069=ORIENTED_EDGE('',*,*,#2829,.T.);
#4070=ORIENTED_EDGE('',*,*,#2826,.T.);
#4071=ORIENTED_EDGE('',*,*,#2823,.T.);
#4072=ORIENTED_EDGE('',*,*,#2905,.T.);
#4073=ORIENTED_EDGE('',*,*,#2906,.T.);
#4074=ORIENTED_EDGE('',*,*,#2907,.F.);
#4075=ORIENTED_EDGE('',*,*,#2908,.F.);
#4076=ORIENTED_EDGE('',*,*,#2909,.T.);
#4077=ORIENTED_EDGE('',*,*,#2908,.T.);
#4078=ORIENTED_EDGE('',*,*,#2910,.F.);
#4079=ORIENTED_EDGE('',*,*,#2911,.F.);
#4080=ORIENTED_EDGE('',*,*,#2912,.T.);
#4081=ORIENTED_EDGE('',*,*,#2911,.T.);
#4082=ORIENTED_EDGE('',*,*,#2913,.F.);
#4083=ORIENTED_EDGE('',*,*,#2906,.F.);
#4084=ORIENTED_EDGE('',*,*,#2914,.T.);
#4085=ORIENTED_EDGE('',*,*,#2915,.T.);
#4086=ORIENTED_EDGE('',*,*,#2916,.F.);
#4087=ORIENTED_EDGE('',*,*,#2917,.F.);
#4088=ORIENTED_EDGE('',*,*,#2918,.T.);
#4089=ORIENTED_EDGE('',*,*,#2917,.T.);
#4090=ORIENTED_EDGE('',*,*,#2919,.F.);
#4091=ORIENTED_EDGE('',*,*,#2920,.F.);
#4092=ORIENTED_EDGE('',*,*,#2921,.T.);
#4093=ORIENTED_EDGE('',*,*,#2920,.T.);
#4094=ORIENTED_EDGE('',*,*,#2922,.F.);
#4095=ORIENTED_EDGE('',*,*,#2923,.F.);
#4096=ORIENTED_EDGE('',*,*,#2924,.T.);
#4097=ORIENTED_EDGE('',*,*,#2923,.T.);
#4098=ORIENTED_EDGE('',*,*,#2925,.F.);
#4099=ORIENTED_EDGE('',*,*,#2926,.F.);
#4100=ORIENTED_EDGE('',*,*,#2927,.T.);
#4101=ORIENTED_EDGE('',*,*,#2926,.T.);
#4102=ORIENTED_EDGE('',*,*,#2928,.F.);
#4103=ORIENTED_EDGE('',*,*,#2929,.F.);
#4104=ORIENTED_EDGE('',*,*,#2930,.T.);
#4105=ORIENTED_EDGE('',*,*,#2929,.T.);
#4106=ORIENTED_EDGE('',*,*,#2931,.F.);
#4107=ORIENTED_EDGE('',*,*,#2932,.F.);
#4108=ORIENTED_EDGE('',*,*,#2933,.T.);
#4109=ORIENTED_EDGE('',*,*,#2932,.T.);
#4110=ORIENTED_EDGE('',*,*,#2934,.F.);
#4111=ORIENTED_EDGE('',*,*,#2935,.F.);
#4112=ORIENTED_EDGE('',*,*,#2936,.T.);
#4113=ORIENTED_EDGE('',*,*,#2935,.T.);
#4114=ORIENTED_EDGE('',*,*,#2937,.F.);
#4115=ORIENTED_EDGE('',*,*,#2938,.F.);
#4116=ORIENTED_EDGE('',*,*,#2939,.T.);
#4117=ORIENTED_EDGE('',*,*,#2938,.T.);
#4118=ORIENTED_EDGE('',*,*,#2940,.F.);
#4119=ORIENTED_EDGE('',*,*,#2941,.F.);
#4120=ORIENTED_EDGE('',*,*,#2942,.T.);
#4121=ORIENTED_EDGE('',*,*,#2941,.T.);
#4122=ORIENTED_EDGE('',*,*,#2943,.F.);
#4123=ORIENTED_EDGE('',*,*,#2944,.F.);
#4124=ORIENTED_EDGE('',*,*,#2945,.T.);
#4125=ORIENTED_EDGE('',*,*,#2944,.T.);
#4126=ORIENTED_EDGE('',*,*,#2946,.F.);
#4127=ORIENTED_EDGE('',*,*,#2915,.F.);
#4128=ORIENTED_EDGE('',*,*,#2945,.F.);
#4129=ORIENTED_EDGE('',*,*,#2914,.F.);
#4130=ORIENTED_EDGE('',*,*,#2918,.F.);
#4131=ORIENTED_EDGE('',*,*,#2921,.F.);
#4132=ORIENTED_EDGE('',*,*,#2924,.F.);
#4133=ORIENTED_EDGE('',*,*,#2927,.F.);
#4134=ORIENTED_EDGE('',*,*,#2930,.F.);
#4135=ORIENTED_EDGE('',*,*,#2933,.F.);
#4136=ORIENTED_EDGE('',*,*,#2936,.F.);
#4137=ORIENTED_EDGE('',*,*,#2939,.F.);
#4138=ORIENTED_EDGE('',*,*,#2942,.F.);
#4139=ORIENTED_EDGE('',*,*,#2912,.F.);
#4140=ORIENTED_EDGE('',*,*,#2905,.F.);
#4141=ORIENTED_EDGE('',*,*,#2909,.F.);
#4142=ORIENTED_EDGE('',*,*,#2946,.T.);
#4143=ORIENTED_EDGE('',*,*,#2943,.T.);
#4144=ORIENTED_EDGE('',*,*,#2940,.T.);
#4145=ORIENTED_EDGE('',*,*,#2937,.T.);
#4146=ORIENTED_EDGE('',*,*,#2934,.T.);
#4147=ORIENTED_EDGE('',*,*,#2931,.T.);
#4148=ORIENTED_EDGE('',*,*,#2928,.T.);
#4149=ORIENTED_EDGE('',*,*,#2925,.T.);
#4150=ORIENTED_EDGE('',*,*,#2922,.T.);
#4151=ORIENTED_EDGE('',*,*,#2919,.T.);
#4152=ORIENTED_EDGE('',*,*,#2916,.T.);
#4153=ORIENTED_EDGE('',*,*,#2913,.T.);
#4154=ORIENTED_EDGE('',*,*,#2910,.T.);
#4155=ORIENTED_EDGE('',*,*,#2907,.T.);
#4156=ORIENTED_EDGE('',*,*,#2947,.T.);
#4157=ORIENTED_EDGE('',*,*,#2948,.T.);
#4158=ORIENTED_EDGE('',*,*,#2949,.F.);
#4159=ORIENTED_EDGE('',*,*,#2950,.F.);
#4160=ORIENTED_EDGE('',*,*,#2951,.T.);
#4161=ORIENTED_EDGE('',*,*,#2950,.T.);
#4162=ORIENTED_EDGE('',*,*,#2952,.F.);
#4163=ORIENTED_EDGE('',*,*,#2953,.F.);
#4164=ORIENTED_EDGE('',*,*,#2954,.T.);
#4165=ORIENTED_EDGE('',*,*,#2953,.T.);
#4166=ORIENTED_EDGE('',*,*,#2955,.F.);
#4167=ORIENTED_EDGE('',*,*,#2956,.F.);
#4168=ORIENTED_EDGE('',*,*,#2957,.T.);
#4169=ORIENTED_EDGE('',*,*,#2956,.T.);
#4170=ORIENTED_EDGE('',*,*,#2958,.F.);
#4171=ORIENTED_EDGE('',*,*,#2959,.F.);
#4172=ORIENTED_EDGE('',*,*,#2960,.T.);
#4173=ORIENTED_EDGE('',*,*,#2959,.T.);
#4174=ORIENTED_EDGE('',*,*,#2961,.F.);
#4175=ORIENTED_EDGE('',*,*,#2962,.F.);
#4176=ORIENTED_EDGE('',*,*,#2963,.T.);
#4177=ORIENTED_EDGE('',*,*,#2962,.T.);
#4178=ORIENTED_EDGE('',*,*,#2964,.F.);
#4179=ORIENTED_EDGE('',*,*,#2965,.F.);
#4180=ORIENTED_EDGE('',*,*,#2966,.T.);
#4181=ORIENTED_EDGE('',*,*,#2965,.T.);
#4182=ORIENTED_EDGE('',*,*,#2967,.F.);
#4183=ORIENTED_EDGE('',*,*,#2968,.F.);
#4184=ORIENTED_EDGE('',*,*,#2969,.T.);
#4185=ORIENTED_EDGE('',*,*,#2968,.T.);
#4186=ORIENTED_EDGE('',*,*,#2970,.F.);
#4187=ORIENTED_EDGE('',*,*,#2971,.F.);
#4188=ORIENTED_EDGE('',*,*,#2972,.T.);
#4189=ORIENTED_EDGE('',*,*,#2971,.T.);
#4190=ORIENTED_EDGE('',*,*,#2973,.F.);
#4191=ORIENTED_EDGE('',*,*,#2974,.F.);
#4192=ORIENTED_EDGE('',*,*,#2975,.T.);
#4193=ORIENTED_EDGE('',*,*,#2974,.T.);
#4194=ORIENTED_EDGE('',*,*,#2976,.F.);
#4195=ORIENTED_EDGE('',*,*,#2977,.F.);
#4196=ORIENTED_EDGE('',*,*,#2978,.T.);
#4197=ORIENTED_EDGE('',*,*,#2977,.T.);
#4198=ORIENTED_EDGE('',*,*,#2979,.F.);
#4199=ORIENTED_EDGE('',*,*,#2980,.F.);
#4200=ORIENTED_EDGE('',*,*,#2981,.T.);
#4201=ORIENTED_EDGE('',*,*,#2980,.T.);
#4202=ORIENTED_EDGE('',*,*,#2982,.F.);
#4203=ORIENTED_EDGE('',*,*,#2983,.F.);
#4204=ORIENTED_EDGE('',*,*,#2984,.T.);
#4205=ORIENTED_EDGE('',*,*,#2983,.T.);
#4206=ORIENTED_EDGE('',*,*,#2985,.F.);
#4207=ORIENTED_EDGE('',*,*,#2986,.F.);
#4208=ORIENTED_EDGE('',*,*,#2987,.T.);
#4209=ORIENTED_EDGE('',*,*,#2986,.T.);
#4210=ORIENTED_EDGE('',*,*,#2988,.F.);
#4211=ORIENTED_EDGE('',*,*,#2989,.F.);
#4212=ORIENTED_EDGE('',*,*,#2990,.T.);
#4213=ORIENTED_EDGE('',*,*,#2989,.T.);
#4214=ORIENTED_EDGE('',*,*,#2991,.F.);
#4215=ORIENTED_EDGE('',*,*,#2992,.F.);
#4216=ORIENTED_EDGE('',*,*,#2993,.T.);
#4217=ORIENTED_EDGE('',*,*,#2992,.T.);
#4218=ORIENTED_EDGE('',*,*,#2994,.F.);
#4219=ORIENTED_EDGE('',*,*,#2995,.F.);
#4220=ORIENTED_EDGE('',*,*,#2996,.T.);
#4221=ORIENTED_EDGE('',*,*,#2995,.T.);
#4222=ORIENTED_EDGE('',*,*,#2997,.F.);
#4223=ORIENTED_EDGE('',*,*,#2998,.F.);
#4224=ORIENTED_EDGE('',*,*,#2999,.T.);
#4225=ORIENTED_EDGE('',*,*,#2998,.T.);
#4226=ORIENTED_EDGE('',*,*,#3000,.F.);
#4227=ORIENTED_EDGE('',*,*,#3001,.F.);
#4228=ORIENTED_EDGE('',*,*,#3002,.T.);
#4229=ORIENTED_EDGE('',*,*,#3001,.T.);
#4230=ORIENTED_EDGE('',*,*,#3003,.F.);
#4231=ORIENTED_EDGE('',*,*,#3004,.F.);
#4232=ORIENTED_EDGE('',*,*,#3005,.T.);
#4233=ORIENTED_EDGE('',*,*,#3004,.T.);
#4234=ORIENTED_EDGE('',*,*,#3006,.F.);
#4235=ORIENTED_EDGE('',*,*,#3007,.F.);
#4236=ORIENTED_EDGE('',*,*,#3008,.T.);
#4237=ORIENTED_EDGE('',*,*,#3007,.T.);
#4238=ORIENTED_EDGE('',*,*,#3009,.F.);
#4239=ORIENTED_EDGE('',*,*,#3010,.F.);
#4240=ORIENTED_EDGE('',*,*,#3011,.T.);
#4241=ORIENTED_EDGE('',*,*,#3010,.T.);
#4242=ORIENTED_EDGE('',*,*,#3012,.F.);
#4243=ORIENTED_EDGE('',*,*,#2948,.F.);
#4244=ORIENTED_EDGE('',*,*,#3011,.F.);
#4245=ORIENTED_EDGE('',*,*,#2947,.F.);
#4246=ORIENTED_EDGE('',*,*,#2951,.F.);
#4247=ORIENTED_EDGE('',*,*,#2954,.F.);
#4248=ORIENTED_EDGE('',*,*,#2957,.F.);
#4249=ORIENTED_EDGE('',*,*,#2960,.F.);
#4250=ORIENTED_EDGE('',*,*,#2963,.F.);
#4251=ORIENTED_EDGE('',*,*,#2966,.F.);
#4252=ORIENTED_EDGE('',*,*,#2969,.F.);
#4253=ORIENTED_EDGE('',*,*,#2972,.F.);
#4254=ORIENTED_EDGE('',*,*,#2975,.F.);
#4255=ORIENTED_EDGE('',*,*,#2978,.F.);
#4256=ORIENTED_EDGE('',*,*,#2981,.F.);
#4257=ORIENTED_EDGE('',*,*,#2984,.F.);
#4258=ORIENTED_EDGE('',*,*,#2987,.F.);
#4259=ORIENTED_EDGE('',*,*,#2990,.F.);
#4260=ORIENTED_EDGE('',*,*,#2993,.F.);
#4261=ORIENTED_EDGE('',*,*,#2996,.F.);
#4262=ORIENTED_EDGE('',*,*,#2999,.F.);
#4263=ORIENTED_EDGE('',*,*,#3002,.F.);
#4264=ORIENTED_EDGE('',*,*,#3005,.F.);
#4265=ORIENTED_EDGE('',*,*,#3008,.F.);
#4266=ORIENTED_EDGE('',*,*,#3012,.T.);
#4267=ORIENTED_EDGE('',*,*,#3009,.T.);
#4268=ORIENTED_EDGE('',*,*,#3006,.T.);
#4269=ORIENTED_EDGE('',*,*,#3003,.T.);
#4270=ORIENTED_EDGE('',*,*,#3000,.T.);
#4271=ORIENTED_EDGE('',*,*,#2997,.T.);
#4272=ORIENTED_EDGE('',*,*,#2994,.T.);
#4273=ORIENTED_EDGE('',*,*,#2991,.T.);
#4274=ORIENTED_EDGE('',*,*,#2988,.T.);
#4275=ORIENTED_EDGE('',*,*,#2985,.T.);
#4276=ORIENTED_EDGE('',*,*,#2982,.T.);
#4277=ORIENTED_EDGE('',*,*,#2979,.T.);
#4278=ORIENTED_EDGE('',*,*,#2976,.T.);
#4279=ORIENTED_EDGE('',*,*,#2973,.T.);
#4280=ORIENTED_EDGE('',*,*,#2970,.T.);
#4281=ORIENTED_EDGE('',*,*,#2967,.T.);
#4282=ORIENTED_EDGE('',*,*,#2964,.T.);
#4283=ORIENTED_EDGE('',*,*,#2961,.T.);
#4284=ORIENTED_EDGE('',*,*,#2958,.T.);
#4285=ORIENTED_EDGE('',*,*,#2955,.T.);
#4286=ORIENTED_EDGE('',*,*,#2952,.T.);
#4287=ORIENTED_EDGE('',*,*,#2949,.T.);
#4288=ORIENTED_EDGE('',*,*,#3013,.T.);
#4289=ORIENTED_EDGE('',*,*,#3014,.T.);
#4290=ORIENTED_EDGE('',*,*,#3015,.F.);
#4291=ORIENTED_EDGE('',*,*,#3016,.F.);
#4292=ORIENTED_EDGE('',*,*,#3017,.T.);
#4293=ORIENTED_EDGE('',*,*,#3016,.T.);
#4294=ORIENTED_EDGE('',*,*,#3018,.F.);
#4295=ORIENTED_EDGE('',*,*,#3019,.F.);
#4296=ORIENTED_EDGE('',*,*,#3020,.T.);
#4297=ORIENTED_EDGE('',*,*,#3019,.T.);
#4298=ORIENTED_EDGE('',*,*,#3021,.F.);
#4299=ORIENTED_EDGE('',*,*,#3022,.F.);
#4300=ORIENTED_EDGE('',*,*,#3023,.T.);
#4301=ORIENTED_EDGE('',*,*,#3022,.T.);
#4302=ORIENTED_EDGE('',*,*,#3024,.F.);
#4303=ORIENTED_EDGE('',*,*,#3025,.F.);
#4304=ORIENTED_EDGE('',*,*,#3026,.T.);
#4305=ORIENTED_EDGE('',*,*,#3025,.T.);
#4306=ORIENTED_EDGE('',*,*,#3027,.F.);
#4307=ORIENTED_EDGE('',*,*,#3028,.F.);
#4308=ORIENTED_EDGE('',*,*,#3029,.T.);
#4309=ORIENTED_EDGE('',*,*,#3028,.T.);
#4310=ORIENTED_EDGE('',*,*,#3030,.F.);
#4311=ORIENTED_EDGE('',*,*,#3031,.F.);
#4312=ORIENTED_EDGE('',*,*,#3032,.T.);
#4313=ORIENTED_EDGE('',*,*,#3031,.T.);
#4314=ORIENTED_EDGE('',*,*,#3033,.F.);
#4315=ORIENTED_EDGE('',*,*,#3034,.F.);
#4316=ORIENTED_EDGE('',*,*,#3035,.T.);
#4317=ORIENTED_EDGE('',*,*,#3034,.T.);
#4318=ORIENTED_EDGE('',*,*,#3036,.F.);
#4319=ORIENTED_EDGE('',*,*,#3037,.F.);
#4320=ORIENTED_EDGE('',*,*,#3038,.T.);
#4321=ORIENTED_EDGE('',*,*,#3037,.T.);
#4322=ORIENTED_EDGE('',*,*,#3039,.F.);
#4323=ORIENTED_EDGE('',*,*,#3014,.F.);
#4324=ORIENTED_EDGE('',*,*,#3038,.F.);
#4325=ORIENTED_EDGE('',*,*,#3013,.F.);
#4326=ORIENTED_EDGE('',*,*,#3017,.F.);
#4327=ORIENTED_EDGE('',*,*,#3020,.F.);
#4328=ORIENTED_EDGE('',*,*,#3023,.F.);
#4329=ORIENTED_EDGE('',*,*,#3026,.F.);
#4330=ORIENTED_EDGE('',*,*,#3029,.F.);
#4331=ORIENTED_EDGE('',*,*,#3032,.F.);
#4332=ORIENTED_EDGE('',*,*,#3035,.F.);
#4333=ORIENTED_EDGE('',*,*,#3039,.T.);
#4334=ORIENTED_EDGE('',*,*,#3036,.T.);
#4335=ORIENTED_EDGE('',*,*,#3033,.T.);
#4336=ORIENTED_EDGE('',*,*,#3030,.T.);
#4337=ORIENTED_EDGE('',*,*,#3027,.T.);
#4338=ORIENTED_EDGE('',*,*,#3024,.T.);
#4339=ORIENTED_EDGE('',*,*,#3021,.T.);
#4340=ORIENTED_EDGE('',*,*,#3018,.T.);
#4341=ORIENTED_EDGE('',*,*,#3015,.T.);
#4342=ORIENTED_EDGE('',*,*,#3040,.T.);
#4343=ORIENTED_EDGE('',*,*,#3041,.T.);
#4344=ORIENTED_EDGE('',*,*,#3042,.F.);
#4345=ORIENTED_EDGE('',*,*,#3043,.F.);
#4346=ORIENTED_EDGE('',*,*,#3044,.T.);
#4347=ORIENTED_EDGE('',*,*,#3043,.T.);
#4348=ORIENTED_EDGE('',*,*,#3045,.F.);
#4349=ORIENTED_EDGE('',*,*,#3046,.F.);
#4350=ORIENTED_EDGE('',*,*,#3047,.T.);
#4351=ORIENTED_EDGE('',*,*,#3046,.T.);
#4352=ORIENTED_EDGE('',*,*,#3048,.F.);
#4353=ORIENTED_EDGE('',*,*,#3049,.F.);
#4354=ORIENTED_EDGE('',*,*,#3050,.T.);
#4355=ORIENTED_EDGE('',*,*,#3049,.T.);
#4356=ORIENTED_EDGE('',*,*,#3051,.F.);
#4357=ORIENTED_EDGE('',*,*,#3052,.F.);
#4358=ORIENTED_EDGE('',*,*,#3053,.T.);
#4359=ORIENTED_EDGE('',*,*,#3052,.T.);
#4360=ORIENTED_EDGE('',*,*,#3054,.F.);
#4361=ORIENTED_EDGE('',*,*,#3055,.F.);
#4362=ORIENTED_EDGE('',*,*,#3056,.T.);
#4363=ORIENTED_EDGE('',*,*,#3055,.T.);
#4364=ORIENTED_EDGE('',*,*,#3057,.F.);
#4365=ORIENTED_EDGE('',*,*,#3058,.F.);
#4366=ORIENTED_EDGE('',*,*,#3059,.T.);
#4367=ORIENTED_EDGE('',*,*,#3058,.T.);
#4368=ORIENTED_EDGE('',*,*,#3060,.F.);
#4369=ORIENTED_EDGE('',*,*,#3061,.F.);
#4370=ORIENTED_EDGE('',*,*,#3062,.T.);
#4371=ORIENTED_EDGE('',*,*,#3061,.T.);
#4372=ORIENTED_EDGE('',*,*,#3063,.F.);
#4373=ORIENTED_EDGE('',*,*,#3064,.F.);
#4374=ORIENTED_EDGE('',*,*,#3065,.T.);
#4375=ORIENTED_EDGE('',*,*,#3064,.T.);
#4376=ORIENTED_EDGE('',*,*,#3066,.F.);
#4377=ORIENTED_EDGE('',*,*,#3067,.F.);
#4378=ORIENTED_EDGE('',*,*,#3068,.T.);
#4379=ORIENTED_EDGE('',*,*,#3067,.T.);
#4380=ORIENTED_EDGE('',*,*,#3069,.F.);
#4381=ORIENTED_EDGE('',*,*,#3070,.F.);
#4382=ORIENTED_EDGE('',*,*,#3071,.T.);
#4383=ORIENTED_EDGE('',*,*,#3070,.T.);
#4384=ORIENTED_EDGE('',*,*,#3072,.F.);
#4385=ORIENTED_EDGE('',*,*,#3073,.F.);
#4386=ORIENTED_EDGE('',*,*,#3074,.T.);
#4387=ORIENTED_EDGE('',*,*,#3073,.T.);
#4388=ORIENTED_EDGE('',*,*,#3075,.F.);
#4389=ORIENTED_EDGE('',*,*,#3076,.F.);
#4390=ORIENTED_EDGE('',*,*,#3077,.T.);
#4391=ORIENTED_EDGE('',*,*,#3076,.T.);
#4392=ORIENTED_EDGE('',*,*,#3078,.F.);
#4393=ORIENTED_EDGE('',*,*,#3079,.F.);
#4394=ORIENTED_EDGE('',*,*,#3080,.T.);
#4395=ORIENTED_EDGE('',*,*,#3079,.T.);
#4396=ORIENTED_EDGE('',*,*,#3081,.F.);
#4397=ORIENTED_EDGE('',*,*,#3082,.F.);
#4398=ORIENTED_EDGE('',*,*,#3083,.T.);
#4399=ORIENTED_EDGE('',*,*,#3082,.T.);
#4400=ORIENTED_EDGE('',*,*,#3084,.F.);
#4401=ORIENTED_EDGE('',*,*,#3085,.F.);
#4402=ORIENTED_EDGE('',*,*,#3086,.T.);
#4403=ORIENTED_EDGE('',*,*,#3085,.T.);
#4404=ORIENTED_EDGE('',*,*,#3087,.F.);
#4405=ORIENTED_EDGE('',*,*,#3088,.F.);
#4406=ORIENTED_EDGE('',*,*,#3089,.T.);
#4407=ORIENTED_EDGE('',*,*,#3088,.T.);
#4408=ORIENTED_EDGE('',*,*,#3090,.F.);
#4409=ORIENTED_EDGE('',*,*,#3091,.F.);
#4410=ORIENTED_EDGE('',*,*,#3092,.T.);
#4411=ORIENTED_EDGE('',*,*,#3091,.T.);
#4412=ORIENTED_EDGE('',*,*,#3093,.F.);
#4413=ORIENTED_EDGE('',*,*,#3094,.F.);
#4414=ORIENTED_EDGE('',*,*,#3095,.T.);
#4415=ORIENTED_EDGE('',*,*,#3094,.T.);
#4416=ORIENTED_EDGE('',*,*,#3096,.F.);
#4417=ORIENTED_EDGE('',*,*,#3097,.F.);
#4418=ORIENTED_EDGE('',*,*,#3098,.T.);
#4419=ORIENTED_EDGE('',*,*,#3097,.T.);
#4420=ORIENTED_EDGE('',*,*,#3099,.F.);
#4421=ORIENTED_EDGE('',*,*,#3100,.F.);
#4422=ORIENTED_EDGE('',*,*,#3101,.T.);
#4423=ORIENTED_EDGE('',*,*,#3100,.T.);
#4424=ORIENTED_EDGE('',*,*,#3102,.F.);
#4425=ORIENTED_EDGE('',*,*,#3103,.F.);
#4426=ORIENTED_EDGE('',*,*,#3104,.T.);
#4427=ORIENTED_EDGE('',*,*,#3103,.T.);
#4428=ORIENTED_EDGE('',*,*,#3105,.F.);
#4429=ORIENTED_EDGE('',*,*,#3106,.F.);
#4430=ORIENTED_EDGE('',*,*,#3107,.T.);
#4431=ORIENTED_EDGE('',*,*,#3106,.T.);
#4432=ORIENTED_EDGE('',*,*,#3108,.F.);
#4433=ORIENTED_EDGE('',*,*,#3109,.F.);
#4434=ORIENTED_EDGE('',*,*,#3110,.T.);
#4435=ORIENTED_EDGE('',*,*,#3109,.T.);
#4436=ORIENTED_EDGE('',*,*,#3111,.F.);
#4437=ORIENTED_EDGE('',*,*,#3112,.F.);
#4438=ORIENTED_EDGE('',*,*,#3113,.T.);
#4439=ORIENTED_EDGE('',*,*,#3112,.T.);
#4440=ORIENTED_EDGE('',*,*,#3114,.F.);
#4441=ORIENTED_EDGE('',*,*,#3115,.F.);
#4442=ORIENTED_EDGE('',*,*,#3116,.T.);
#4443=ORIENTED_EDGE('',*,*,#3115,.T.);
#4444=ORIENTED_EDGE('',*,*,#3117,.F.);
#4445=ORIENTED_EDGE('',*,*,#3118,.F.);
#4446=ORIENTED_EDGE('',*,*,#3119,.T.);
#4447=ORIENTED_EDGE('',*,*,#3118,.T.);
#4448=ORIENTED_EDGE('',*,*,#3120,.F.);
#4449=ORIENTED_EDGE('',*,*,#3121,.F.);
#4450=ORIENTED_EDGE('',*,*,#3122,.T.);
#4451=ORIENTED_EDGE('',*,*,#3121,.T.);
#4452=ORIENTED_EDGE('',*,*,#3123,.F.);
#4453=ORIENTED_EDGE('',*,*,#3124,.F.);
#4454=ORIENTED_EDGE('',*,*,#3125,.T.);
#4455=ORIENTED_EDGE('',*,*,#3124,.T.);
#4456=ORIENTED_EDGE('',*,*,#3126,.F.);
#4457=ORIENTED_EDGE('',*,*,#3127,.F.);
#4458=ORIENTED_EDGE('',*,*,#3128,.T.);
#4459=ORIENTED_EDGE('',*,*,#3127,.T.);
#4460=ORIENTED_EDGE('',*,*,#3129,.F.);
#4461=ORIENTED_EDGE('',*,*,#3041,.F.);
#4462=ORIENTED_EDGE('',*,*,#3128,.F.);
#4463=ORIENTED_EDGE('',*,*,#3040,.F.);
#4464=ORIENTED_EDGE('',*,*,#3044,.F.);
#4465=ORIENTED_EDGE('',*,*,#3047,.F.);
#4466=ORIENTED_EDGE('',*,*,#3050,.F.);
#4467=ORIENTED_EDGE('',*,*,#3053,.F.);
#4468=ORIENTED_EDGE('',*,*,#3056,.F.);
#4469=ORIENTED_EDGE('',*,*,#3059,.F.);
#4470=ORIENTED_EDGE('',*,*,#3062,.F.);
#4471=ORIENTED_EDGE('',*,*,#3065,.F.);
#4472=ORIENTED_EDGE('',*,*,#3068,.F.);
#4473=ORIENTED_EDGE('',*,*,#3071,.F.);
#4474=ORIENTED_EDGE('',*,*,#3074,.F.);
#4475=ORIENTED_EDGE('',*,*,#3077,.F.);
#4476=ORIENTED_EDGE('',*,*,#3080,.F.);
#4477=ORIENTED_EDGE('',*,*,#3083,.F.);
#4478=ORIENTED_EDGE('',*,*,#3086,.F.);
#4479=ORIENTED_EDGE('',*,*,#3089,.F.);
#4480=ORIENTED_EDGE('',*,*,#3092,.F.);
#4481=ORIENTED_EDGE('',*,*,#3095,.F.);
#4482=ORIENTED_EDGE('',*,*,#3098,.F.);
#4483=ORIENTED_EDGE('',*,*,#3101,.F.);
#4484=ORIENTED_EDGE('',*,*,#3104,.F.);
#4485=ORIENTED_EDGE('',*,*,#3107,.F.);
#4486=ORIENTED_EDGE('',*,*,#3110,.F.);
#4487=ORIENTED_EDGE('',*,*,#3113,.F.);
#4488=ORIENTED_EDGE('',*,*,#3116,.F.);
#4489=ORIENTED_EDGE('',*,*,#3119,.F.);
#4490=ORIENTED_EDGE('',*,*,#3122,.F.);
#4491=ORIENTED_EDGE('',*,*,#3125,.F.);
#4492=ORIENTED_EDGE('',*,*,#3129,.T.);
#4493=ORIENTED_EDGE('',*,*,#3126,.T.);
#4494=ORIENTED_EDGE('',*,*,#3123,.T.);
#4495=ORIENTED_EDGE('',*,*,#3120,.T.);
#4496=ORIENTED_EDGE('',*,*,#3117,.T.);
#4497=ORIENTED_EDGE('',*,*,#3114,.T.);
#4498=ORIENTED_EDGE('',*,*,#3111,.T.);
#4499=ORIENTED_EDGE('',*,*,#3108,.T.);
#4500=ORIENTED_EDGE('',*,*,#3105,.T.);
#4501=ORIENTED_EDGE('',*,*,#3102,.T.);
#4502=ORIENTED_EDGE('',*,*,#3099,.T.);
#4503=ORIENTED_EDGE('',*,*,#3096,.T.);
#4504=ORIENTED_EDGE('',*,*,#3093,.T.);
#4505=ORIENTED_EDGE('',*,*,#3090,.T.);
#4506=ORIENTED_EDGE('',*,*,#3087,.T.);
#4507=ORIENTED_EDGE('',*,*,#3084,.T.);
#4508=ORIENTED_EDGE('',*,*,#3081,.T.);
#4509=ORIENTED_EDGE('',*,*,#3078,.T.);
#4510=ORIENTED_EDGE('',*,*,#3075,.T.);
#4511=ORIENTED_EDGE('',*,*,#3072,.T.);
#4512=ORIENTED_EDGE('',*,*,#3069,.T.);
#4513=ORIENTED_EDGE('',*,*,#3066,.T.);
#4514=ORIENTED_EDGE('',*,*,#3063,.T.);
#4515=ORIENTED_EDGE('',*,*,#3060,.T.);
#4516=ORIENTED_EDGE('',*,*,#3057,.T.);
#4517=ORIENTED_EDGE('',*,*,#3054,.T.);
#4518=ORIENTED_EDGE('',*,*,#3051,.T.);
#4519=ORIENTED_EDGE('',*,*,#3048,.T.);
#4520=ORIENTED_EDGE('',*,*,#3045,.T.);
#4521=ORIENTED_EDGE('',*,*,#3042,.T.);
#4522=ORIENTED_EDGE('',*,*,#3130,.T.);
#4523=ORIENTED_EDGE('',*,*,#3131,.T.);
#4524=ORIENTED_EDGE('',*,*,#3132,.F.);
#4525=ORIENTED_EDGE('',*,*,#3133,.F.);
#4526=ORIENTED_EDGE('',*,*,#3134,.T.);
#4527=ORIENTED_EDGE('',*,*,#3133,.T.);
#4528=ORIENTED_EDGE('',*,*,#3135,.F.);
#4529=ORIENTED_EDGE('',*,*,#3136,.F.);
#4530=ORIENTED_EDGE('',*,*,#3137,.T.);
#4531=ORIENTED_EDGE('',*,*,#3136,.T.);
#4532=ORIENTED_EDGE('',*,*,#3138,.F.);
#4533=ORIENTED_EDGE('',*,*,#3139,.F.);
#4534=ORIENTED_EDGE('',*,*,#3140,.T.);
#4535=ORIENTED_EDGE('',*,*,#3139,.T.);
#4536=ORIENTED_EDGE('',*,*,#3141,.F.);
#4537=ORIENTED_EDGE('',*,*,#3142,.F.);
#4538=ORIENTED_EDGE('',*,*,#3143,.T.);
#4539=ORIENTED_EDGE('',*,*,#3142,.T.);
#4540=ORIENTED_EDGE('',*,*,#3144,.F.);
#4541=ORIENTED_EDGE('',*,*,#3145,.F.);
#4542=ORIENTED_EDGE('',*,*,#3146,.T.);
#4543=ORIENTED_EDGE('',*,*,#3145,.T.);
#4544=ORIENTED_EDGE('',*,*,#3147,.F.);
#4545=ORIENTED_EDGE('',*,*,#3148,.F.);
#4546=ORIENTED_EDGE('',*,*,#3149,.T.);
#4547=ORIENTED_EDGE('',*,*,#3148,.T.);
#4548=ORIENTED_EDGE('',*,*,#3150,.F.);
#4549=ORIENTED_EDGE('',*,*,#3151,.F.);
#4550=ORIENTED_EDGE('',*,*,#3152,.T.);
#4551=ORIENTED_EDGE('',*,*,#3151,.T.);
#4552=ORIENTED_EDGE('',*,*,#3153,.F.);
#4553=ORIENTED_EDGE('',*,*,#3154,.F.);
#4554=ORIENTED_EDGE('',*,*,#3155,.T.);
#4555=ORIENTED_EDGE('',*,*,#3154,.T.);
#4556=ORIENTED_EDGE('',*,*,#3156,.F.);
#4557=ORIENTED_EDGE('',*,*,#3157,.F.);
#4558=ORIENTED_EDGE('',*,*,#3158,.T.);
#4559=ORIENTED_EDGE('',*,*,#3157,.T.);
#4560=ORIENTED_EDGE('',*,*,#3159,.F.);
#4561=ORIENTED_EDGE('',*,*,#3160,.F.);
#4562=ORIENTED_EDGE('',*,*,#3161,.T.);
#4563=ORIENTED_EDGE('',*,*,#3160,.T.);
#4564=ORIENTED_EDGE('',*,*,#3162,.F.);
#4565=ORIENTED_EDGE('',*,*,#3163,.F.);
#4566=ORIENTED_EDGE('',*,*,#3164,.T.);
#4567=ORIENTED_EDGE('',*,*,#3163,.T.);
#4568=ORIENTED_EDGE('',*,*,#3165,.F.);
#4569=ORIENTED_EDGE('',*,*,#3166,.F.);
#4570=ORIENTED_EDGE('',*,*,#3167,.T.);
#4571=ORIENTED_EDGE('',*,*,#3166,.T.);
#4572=ORIENTED_EDGE('',*,*,#3168,.F.);
#4573=ORIENTED_EDGE('',*,*,#3169,.F.);
#4574=ORIENTED_EDGE('',*,*,#3170,.T.);
#4575=ORIENTED_EDGE('',*,*,#3169,.T.);
#4576=ORIENTED_EDGE('',*,*,#3171,.F.);
#4577=ORIENTED_EDGE('',*,*,#3172,.F.);
#4578=ORIENTED_EDGE('',*,*,#3173,.T.);
#4579=ORIENTED_EDGE('',*,*,#3172,.T.);
#4580=ORIENTED_EDGE('',*,*,#3174,.F.);
#4581=ORIENTED_EDGE('',*,*,#3175,.F.);
#4582=ORIENTED_EDGE('',*,*,#3176,.T.);
#4583=ORIENTED_EDGE('',*,*,#3175,.T.);
#4584=ORIENTED_EDGE('',*,*,#3177,.F.);
#4585=ORIENTED_EDGE('',*,*,#3178,.F.);
#4586=ORIENTED_EDGE('',*,*,#3179,.T.);
#4587=ORIENTED_EDGE('',*,*,#3178,.T.);
#4588=ORIENTED_EDGE('',*,*,#3180,.F.);
#4589=ORIENTED_EDGE('',*,*,#3181,.F.);
#4590=ORIENTED_EDGE('',*,*,#3182,.T.);
#4591=ORIENTED_EDGE('',*,*,#3181,.T.);
#4592=ORIENTED_EDGE('',*,*,#3183,.F.);
#4593=ORIENTED_EDGE('',*,*,#3184,.F.);
#4594=ORIENTED_EDGE('',*,*,#3185,.T.);
#4595=ORIENTED_EDGE('',*,*,#3184,.T.);
#4596=ORIENTED_EDGE('',*,*,#3186,.F.);
#4597=ORIENTED_EDGE('',*,*,#3187,.F.);
#4598=ORIENTED_EDGE('',*,*,#3188,.T.);
#4599=ORIENTED_EDGE('',*,*,#3187,.T.);
#4600=ORIENTED_EDGE('',*,*,#3189,.F.);
#4601=ORIENTED_EDGE('',*,*,#3190,.F.);
#4602=ORIENTED_EDGE('',*,*,#3191,.T.);
#4603=ORIENTED_EDGE('',*,*,#3190,.T.);
#4604=ORIENTED_EDGE('',*,*,#3192,.F.);
#4605=ORIENTED_EDGE('',*,*,#3193,.F.);
#4606=ORIENTED_EDGE('',*,*,#3194,.T.);
#4607=ORIENTED_EDGE('',*,*,#3193,.T.);
#4608=ORIENTED_EDGE('',*,*,#3195,.F.);
#4609=ORIENTED_EDGE('',*,*,#3131,.F.);
#4610=ORIENTED_EDGE('',*,*,#3194,.F.);
#4611=ORIENTED_EDGE('',*,*,#3130,.F.);
#4612=ORIENTED_EDGE('',*,*,#3134,.F.);
#4613=ORIENTED_EDGE('',*,*,#3137,.F.);
#4614=ORIENTED_EDGE('',*,*,#3140,.F.);
#4615=ORIENTED_EDGE('',*,*,#3143,.F.);
#4616=ORIENTED_EDGE('',*,*,#3146,.F.);
#4617=ORIENTED_EDGE('',*,*,#3149,.F.);
#4618=ORIENTED_EDGE('',*,*,#3152,.F.);
#4619=ORIENTED_EDGE('',*,*,#3155,.F.);
#4620=ORIENTED_EDGE('',*,*,#3158,.F.);
#4621=ORIENTED_EDGE('',*,*,#3161,.F.);
#4622=ORIENTED_EDGE('',*,*,#3164,.F.);
#4623=ORIENTED_EDGE('',*,*,#3167,.F.);
#4624=ORIENTED_EDGE('',*,*,#3170,.F.);
#4625=ORIENTED_EDGE('',*,*,#3173,.F.);
#4626=ORIENTED_EDGE('',*,*,#3176,.F.);
#4627=ORIENTED_EDGE('',*,*,#3179,.F.);
#4628=ORIENTED_EDGE('',*,*,#3182,.F.);
#4629=ORIENTED_EDGE('',*,*,#3185,.F.);
#4630=ORIENTED_EDGE('',*,*,#3188,.F.);
#4631=ORIENTED_EDGE('',*,*,#3191,.F.);
#4632=ORIENTED_EDGE('',*,*,#3195,.T.);
#4633=ORIENTED_EDGE('',*,*,#3192,.T.);
#4634=ORIENTED_EDGE('',*,*,#3189,.T.);
#4635=ORIENTED_EDGE('',*,*,#3186,.T.);
#4636=ORIENTED_EDGE('',*,*,#3183,.T.);
#4637=ORIENTED_EDGE('',*,*,#3180,.T.);
#4638=ORIENTED_EDGE('',*,*,#3177,.T.);
#4639=ORIENTED_EDGE('',*,*,#3174,.T.);
#4640=ORIENTED_EDGE('',*,*,#3171,.T.);
#4641=ORIENTED_EDGE('',*,*,#3168,.T.);
#4642=ORIENTED_EDGE('',*,*,#3165,.T.);
#4643=ORIENTED_EDGE('',*,*,#3162,.T.);
#4644=ORIENTED_EDGE('',*,*,#3159,.T.);
#4645=ORIENTED_EDGE('',*,*,#3156,.T.);
#4646=ORIENTED_EDGE('',*,*,#3153,.T.);
#4647=ORIENTED_EDGE('',*,*,#3150,.T.);
#4648=ORIENTED_EDGE('',*,*,#3147,.T.);
#4649=ORIENTED_EDGE('',*,*,#3144,.T.);
#4650=ORIENTED_EDGE('',*,*,#3141,.T.);
#4651=ORIENTED_EDGE('',*,*,#3138,.T.);
#4652=ORIENTED_EDGE('',*,*,#3135,.T.);
#4653=ORIENTED_EDGE('',*,*,#3132,.T.);
#4654=ORIENTED_EDGE('',*,*,#3196,.T.);
#4655=ORIENTED_EDGE('',*,*,#3197,.T.);
#4656=ORIENTED_EDGE('',*,*,#3198,.F.);
#4657=ORIENTED_EDGE('',*,*,#3199,.F.);
#4658=ORIENTED_EDGE('',*,*,#3200,.T.);
#4659=ORIENTED_EDGE('',*,*,#3199,.T.);
#4660=ORIENTED_EDGE('',*,*,#3201,.F.);
#4661=ORIENTED_EDGE('',*,*,#3202,.F.);
#4662=ORIENTED_EDGE('',*,*,#3203,.T.);
#4663=ORIENTED_EDGE('',*,*,#3202,.T.);
#4664=ORIENTED_EDGE('',*,*,#3204,.F.);
#4665=ORIENTED_EDGE('',*,*,#3205,.F.);
#4666=ORIENTED_EDGE('',*,*,#3206,.T.);
#4667=ORIENTED_EDGE('',*,*,#3205,.T.);
#4668=ORIENTED_EDGE('',*,*,#3207,.F.);
#4669=ORIENTED_EDGE('',*,*,#3208,.F.);
#4670=ORIENTED_EDGE('',*,*,#3209,.T.);
#4671=ORIENTED_EDGE('',*,*,#3208,.T.);
#4672=ORIENTED_EDGE('',*,*,#3210,.F.);
#4673=ORIENTED_EDGE('',*,*,#3211,.F.);
#4674=ORIENTED_EDGE('',*,*,#3212,.T.);
#4675=ORIENTED_EDGE('',*,*,#3211,.T.);
#4676=ORIENTED_EDGE('',*,*,#3213,.F.);
#4677=ORIENTED_EDGE('',*,*,#3214,.F.);
#4678=ORIENTED_EDGE('',*,*,#3215,.T.);
#4679=ORIENTED_EDGE('',*,*,#3214,.T.);
#4680=ORIENTED_EDGE('',*,*,#3216,.F.);
#4681=ORIENTED_EDGE('',*,*,#3217,.F.);
#4682=ORIENTED_EDGE('',*,*,#3218,.T.);
#4683=ORIENTED_EDGE('',*,*,#3217,.T.);
#4684=ORIENTED_EDGE('',*,*,#3219,.F.);
#4685=ORIENTED_EDGE('',*,*,#3220,.F.);
#4686=ORIENTED_EDGE('',*,*,#3221,.T.);
#4687=ORIENTED_EDGE('',*,*,#3220,.T.);
#4688=ORIENTED_EDGE('',*,*,#3222,.F.);
#4689=ORIENTED_EDGE('',*,*,#3223,.F.);
#4690=ORIENTED_EDGE('',*,*,#3224,.T.);
#4691=ORIENTED_EDGE('',*,*,#3223,.T.);
#4692=ORIENTED_EDGE('',*,*,#3225,.F.);
#4693=ORIENTED_EDGE('',*,*,#3226,.F.);
#4694=ORIENTED_EDGE('',*,*,#3227,.T.);
#4695=ORIENTED_EDGE('',*,*,#3226,.T.);
#4696=ORIENTED_EDGE('',*,*,#3228,.F.);
#4697=ORIENTED_EDGE('',*,*,#3197,.F.);
#4698=ORIENTED_EDGE('',*,*,#3227,.F.);
#4699=ORIENTED_EDGE('',*,*,#3196,.F.);
#4700=ORIENTED_EDGE('',*,*,#3200,.F.);
#4701=ORIENTED_EDGE('',*,*,#3203,.F.);
#4702=ORIENTED_EDGE('',*,*,#3206,.F.);
#4703=ORIENTED_EDGE('',*,*,#3209,.F.);
#4704=ORIENTED_EDGE('',*,*,#3212,.F.);
#4705=ORIENTED_EDGE('',*,*,#3215,.F.);
#4706=ORIENTED_EDGE('',*,*,#3218,.F.);
#4707=ORIENTED_EDGE('',*,*,#3221,.F.);
#4708=ORIENTED_EDGE('',*,*,#3224,.F.);
#4709=ORIENTED_EDGE('',*,*,#3228,.T.);
#4710=ORIENTED_EDGE('',*,*,#3225,.T.);
#4711=ORIENTED_EDGE('',*,*,#3222,.T.);
#4712=ORIENTED_EDGE('',*,*,#3219,.T.);
#4713=ORIENTED_EDGE('',*,*,#3216,.T.);
#4714=ORIENTED_EDGE('',*,*,#3213,.T.);
#4715=ORIENTED_EDGE('',*,*,#3210,.T.);
#4716=ORIENTED_EDGE('',*,*,#3207,.T.);
#4717=ORIENTED_EDGE('',*,*,#3204,.T.);
#4718=ORIENTED_EDGE('',*,*,#3201,.T.);
#4719=ORIENTED_EDGE('',*,*,#3198,.T.);
#4720=ORIENTED_EDGE('',*,*,#3229,.T.);
#4721=ORIENTED_EDGE('',*,*,#3230,.T.);
#4722=ORIENTED_EDGE('',*,*,#3231,.F.);
#4723=ORIENTED_EDGE('',*,*,#3232,.F.);
#4724=ORIENTED_EDGE('',*,*,#3233,.T.);
#4725=ORIENTED_EDGE('',*,*,#3232,.T.);
#4726=ORIENTED_EDGE('',*,*,#3234,.F.);
#4727=ORIENTED_EDGE('',*,*,#3235,.F.);
#4728=ORIENTED_EDGE('',*,*,#3236,.T.);
#4729=ORIENTED_EDGE('',*,*,#3235,.T.);
#4730=ORIENTED_EDGE('',*,*,#3237,.F.);
#4731=ORIENTED_EDGE('',*,*,#3238,.F.);
#4732=ORIENTED_EDGE('',*,*,#3239,.T.);
#4733=ORIENTED_EDGE('',*,*,#3238,.T.);
#4734=ORIENTED_EDGE('',*,*,#3240,.F.);
#4735=ORIENTED_EDGE('',*,*,#3241,.F.);
#4736=ORIENTED_EDGE('',*,*,#3242,.T.);
#4737=ORIENTED_EDGE('',*,*,#3241,.T.);
#4738=ORIENTED_EDGE('',*,*,#3243,.F.);
#4739=ORIENTED_EDGE('',*,*,#3244,.F.);
#4740=ORIENTED_EDGE('',*,*,#3245,.T.);
#4741=ORIENTED_EDGE('',*,*,#3244,.T.);
#4742=ORIENTED_EDGE('',*,*,#3246,.F.);
#4743=ORIENTED_EDGE('',*,*,#3247,.F.);
#4744=ORIENTED_EDGE('',*,*,#3248,.T.);
#4745=ORIENTED_EDGE('',*,*,#3247,.T.);
#4746=ORIENTED_EDGE('',*,*,#3249,.F.);
#4747=ORIENTED_EDGE('',*,*,#3250,.F.);
#4748=ORIENTED_EDGE('',*,*,#3251,.T.);
#4749=ORIENTED_EDGE('',*,*,#3250,.T.);
#4750=ORIENTED_EDGE('',*,*,#3252,.F.);
#4751=ORIENTED_EDGE('',*,*,#3230,.F.);
#4752=ORIENTED_EDGE('',*,*,#3253,.T.);
#4753=ORIENTED_EDGE('',*,*,#3254,.T.);
#4754=ORIENTED_EDGE('',*,*,#3255,.F.);
#4755=ORIENTED_EDGE('',*,*,#3256,.F.);
#4756=ORIENTED_EDGE('',*,*,#3257,.T.);
#4757=ORIENTED_EDGE('',*,*,#3256,.T.);
#4758=ORIENTED_EDGE('',*,*,#3258,.F.);
#4759=ORIENTED_EDGE('',*,*,#3259,.F.);
#4760=ORIENTED_EDGE('',*,*,#3260,.T.);
#4761=ORIENTED_EDGE('',*,*,#3259,.T.);
#4762=ORIENTED_EDGE('',*,*,#3261,.F.);
#4763=ORIENTED_EDGE('',*,*,#3262,.F.);
#4764=ORIENTED_EDGE('',*,*,#3263,.T.);
#4765=ORIENTED_EDGE('',*,*,#3262,.T.);
#4766=ORIENTED_EDGE('',*,*,#3264,.F.);
#4767=ORIENTED_EDGE('',*,*,#3265,.F.);
#4768=ORIENTED_EDGE('',*,*,#3266,.T.);
#4769=ORIENTED_EDGE('',*,*,#3265,.T.);
#4770=ORIENTED_EDGE('',*,*,#3267,.F.);
#4771=ORIENTED_EDGE('',*,*,#3268,.F.);
#4772=ORIENTED_EDGE('',*,*,#3269,.T.);
#4773=ORIENTED_EDGE('',*,*,#3268,.T.);
#4774=ORIENTED_EDGE('',*,*,#3270,.F.);
#4775=ORIENTED_EDGE('',*,*,#3271,.F.);
#4776=ORIENTED_EDGE('',*,*,#3272,.T.);
#4777=ORIENTED_EDGE('',*,*,#3271,.T.);
#4778=ORIENTED_EDGE('',*,*,#3273,.F.);
#4779=ORIENTED_EDGE('',*,*,#3274,.F.);
#4780=ORIENTED_EDGE('',*,*,#3275,.T.);
#4781=ORIENTED_EDGE('',*,*,#3274,.T.);
#4782=ORIENTED_EDGE('',*,*,#3276,.F.);
#4783=ORIENTED_EDGE('',*,*,#3277,.F.);
#4784=ORIENTED_EDGE('',*,*,#3278,.T.);
#4785=ORIENTED_EDGE('',*,*,#3277,.T.);
#4786=ORIENTED_EDGE('',*,*,#3279,.F.);
#4787=ORIENTED_EDGE('',*,*,#3280,.F.);
#4788=ORIENTED_EDGE('',*,*,#3281,.T.);
#4789=ORIENTED_EDGE('',*,*,#3280,.T.);
#4790=ORIENTED_EDGE('',*,*,#3282,.F.);
#4791=ORIENTED_EDGE('',*,*,#3283,.F.);
#4792=ORIENTED_EDGE('',*,*,#3284,.T.);
#4793=ORIENTED_EDGE('',*,*,#3283,.T.);
#4794=ORIENTED_EDGE('',*,*,#3285,.F.);
#4795=ORIENTED_EDGE('',*,*,#3286,.F.);
#4796=ORIENTED_EDGE('',*,*,#3287,.T.);
#4797=ORIENTED_EDGE('',*,*,#3286,.T.);
#4798=ORIENTED_EDGE('',*,*,#3288,.F.);
#4799=ORIENTED_EDGE('',*,*,#3289,.F.);
#4800=ORIENTED_EDGE('',*,*,#3290,.T.);
#4801=ORIENTED_EDGE('',*,*,#3289,.T.);
#4802=ORIENTED_EDGE('',*,*,#3291,.F.);
#4803=ORIENTED_EDGE('',*,*,#3292,.F.);
#4804=ORIENTED_EDGE('',*,*,#3293,.T.);
#4805=ORIENTED_EDGE('',*,*,#3292,.T.);
#4806=ORIENTED_EDGE('',*,*,#3294,.F.);
#4807=ORIENTED_EDGE('',*,*,#3295,.F.);
#4808=ORIENTED_EDGE('',*,*,#3296,.T.);
#4809=ORIENTED_EDGE('',*,*,#3295,.T.);
#4810=ORIENTED_EDGE('',*,*,#3297,.F.);
#4811=ORIENTED_EDGE('',*,*,#3298,.F.);
#4812=ORIENTED_EDGE('',*,*,#3299,.T.);
#4813=ORIENTED_EDGE('',*,*,#3298,.T.);
#4814=ORIENTED_EDGE('',*,*,#3300,.F.);
#4815=ORIENTED_EDGE('',*,*,#3301,.F.);
#4816=ORIENTED_EDGE('',*,*,#3302,.T.);
#4817=ORIENTED_EDGE('',*,*,#3301,.T.);
#4818=ORIENTED_EDGE('',*,*,#3303,.F.);
#4819=ORIENTED_EDGE('',*,*,#3304,.F.);
#4820=ORIENTED_EDGE('',*,*,#3305,.T.);
#4821=ORIENTED_EDGE('',*,*,#3304,.T.);
#4822=ORIENTED_EDGE('',*,*,#3306,.F.);
#4823=ORIENTED_EDGE('',*,*,#3307,.F.);
#4824=ORIENTED_EDGE('',*,*,#3308,.T.);
#4825=ORIENTED_EDGE('',*,*,#3307,.T.);
#4826=ORIENTED_EDGE('',*,*,#3309,.F.);
#4827=ORIENTED_EDGE('',*,*,#3310,.F.);
#4828=ORIENTED_EDGE('',*,*,#3311,.T.);
#4829=ORIENTED_EDGE('',*,*,#3310,.T.);
#4830=ORIENTED_EDGE('',*,*,#3312,.F.);
#4831=ORIENTED_EDGE('',*,*,#3313,.F.);
#4832=ORIENTED_EDGE('',*,*,#3314,.T.);
#4833=ORIENTED_EDGE('',*,*,#3313,.T.);
#4834=ORIENTED_EDGE('',*,*,#3315,.F.);
#4835=ORIENTED_EDGE('',*,*,#3316,.F.);
#4836=ORIENTED_EDGE('',*,*,#3317,.T.);
#4837=ORIENTED_EDGE('',*,*,#3316,.T.);
#4838=ORIENTED_EDGE('',*,*,#3318,.F.);
#4839=ORIENTED_EDGE('',*,*,#3254,.F.);
#4840=ORIENTED_EDGE('',*,*,#3317,.F.);
#4841=ORIENTED_EDGE('',*,*,#3253,.F.);
#4842=ORIENTED_EDGE('',*,*,#3257,.F.);
#4843=ORIENTED_EDGE('',*,*,#3260,.F.);
#4844=ORIENTED_EDGE('',*,*,#3263,.F.);
#4845=ORIENTED_EDGE('',*,*,#3266,.F.);
#4846=ORIENTED_EDGE('',*,*,#3269,.F.);
#4847=ORIENTED_EDGE('',*,*,#3272,.F.);
#4848=ORIENTED_EDGE('',*,*,#3275,.F.);
#4849=ORIENTED_EDGE('',*,*,#3278,.F.);
#4850=ORIENTED_EDGE('',*,*,#3281,.F.);
#4851=ORIENTED_EDGE('',*,*,#3284,.F.);
#4852=ORIENTED_EDGE('',*,*,#3287,.F.);
#4853=ORIENTED_EDGE('',*,*,#3290,.F.);
#4854=ORIENTED_EDGE('',*,*,#3293,.F.);
#4855=ORIENTED_EDGE('',*,*,#3296,.F.);
#4856=ORIENTED_EDGE('',*,*,#3299,.F.);
#4857=ORIENTED_EDGE('',*,*,#3302,.F.);
#4858=ORIENTED_EDGE('',*,*,#3305,.F.);
#4859=ORIENTED_EDGE('',*,*,#3308,.F.);
#4860=ORIENTED_EDGE('',*,*,#3311,.F.);
#4861=ORIENTED_EDGE('',*,*,#3314,.F.);
#4862=ORIENTED_EDGE('',*,*,#3251,.F.);
#4863=ORIENTED_EDGE('',*,*,#3229,.F.);
#4864=ORIENTED_EDGE('',*,*,#3233,.F.);
#4865=ORIENTED_EDGE('',*,*,#3236,.F.);
#4866=ORIENTED_EDGE('',*,*,#3239,.F.);
#4867=ORIENTED_EDGE('',*,*,#3242,.F.);
#4868=ORIENTED_EDGE('',*,*,#3245,.F.);
#4869=ORIENTED_EDGE('',*,*,#3248,.F.);
#4870=ORIENTED_EDGE('',*,*,#3318,.T.);
#4871=ORIENTED_EDGE('',*,*,#3315,.T.);
#4872=ORIENTED_EDGE('',*,*,#3312,.T.);
#4873=ORIENTED_EDGE('',*,*,#3309,.T.);
#4874=ORIENTED_EDGE('',*,*,#3306,.T.);
#4875=ORIENTED_EDGE('',*,*,#3303,.T.);
#4876=ORIENTED_EDGE('',*,*,#3300,.T.);
#4877=ORIENTED_EDGE('',*,*,#3297,.T.);
#4878=ORIENTED_EDGE('',*,*,#3294,.T.);
#4879=ORIENTED_EDGE('',*,*,#3291,.T.);
#4880=ORIENTED_EDGE('',*,*,#3288,.T.);
#4881=ORIENTED_EDGE('',*,*,#3285,.T.);
#4882=ORIENTED_EDGE('',*,*,#3282,.T.);
#4883=ORIENTED_EDGE('',*,*,#3279,.T.);
#4884=ORIENTED_EDGE('',*,*,#3276,.T.);
#4885=ORIENTED_EDGE('',*,*,#3273,.T.);
#4886=ORIENTED_EDGE('',*,*,#3270,.T.);
#4887=ORIENTED_EDGE('',*,*,#3267,.T.);
#4888=ORIENTED_EDGE('',*,*,#3264,.T.);
#4889=ORIENTED_EDGE('',*,*,#3261,.T.);
#4890=ORIENTED_EDGE('',*,*,#3258,.T.);
#4891=ORIENTED_EDGE('',*,*,#3255,.T.);
#4892=ORIENTED_EDGE('',*,*,#3252,.T.);
#4893=ORIENTED_EDGE('',*,*,#3249,.T.);
#4894=ORIENTED_EDGE('',*,*,#3246,.T.);
#4895=ORIENTED_EDGE('',*,*,#3243,.T.);
#4896=ORIENTED_EDGE('',*,*,#3240,.T.);
#4897=ORIENTED_EDGE('',*,*,#3237,.T.);
#4898=ORIENTED_EDGE('',*,*,#3234,.T.);
#4899=ORIENTED_EDGE('',*,*,#3231,.T.);
#4900=ORIENTED_EDGE('',*,*,#3319,.T.);
#4901=ORIENTED_EDGE('',*,*,#3320,.T.);
#4902=ORIENTED_EDGE('',*,*,#3321,.F.);
#4903=ORIENTED_EDGE('',*,*,#3322,.F.);
#4904=ORIENTED_EDGE('',*,*,#3323,.T.);
#4905=ORIENTED_EDGE('',*,*,#3322,.T.);
#4906=ORIENTED_EDGE('',*,*,#3324,.F.);
#4907=ORIENTED_EDGE('',*,*,#3325,.F.);
#4908=ORIENTED_EDGE('',*,*,#3326,.T.);
#4909=ORIENTED_EDGE('',*,*,#3325,.T.);
#4910=ORIENTED_EDGE('',*,*,#3327,.F.);
#4911=ORIENTED_EDGE('',*,*,#3328,.F.);
#4912=ORIENTED_EDGE('',*,*,#3329,.T.);
#4913=ORIENTED_EDGE('',*,*,#3328,.T.);
#4914=ORIENTED_EDGE('',*,*,#3330,.F.);
#4915=ORIENTED_EDGE('',*,*,#3331,.F.);
#4916=ORIENTED_EDGE('',*,*,#3332,.T.);
#4917=ORIENTED_EDGE('',*,*,#3331,.T.);
#4918=ORIENTED_EDGE('',*,*,#3333,.F.);
#4919=ORIENTED_EDGE('',*,*,#3334,.F.);
#4920=ORIENTED_EDGE('',*,*,#3335,.T.);
#4921=ORIENTED_EDGE('',*,*,#3334,.T.);
#4922=ORIENTED_EDGE('',*,*,#3336,.F.);
#4923=ORIENTED_EDGE('',*,*,#3337,.F.);
#4924=ORIENTED_EDGE('',*,*,#3338,.T.);
#4925=ORIENTED_EDGE('',*,*,#3337,.T.);
#4926=ORIENTED_EDGE('',*,*,#3339,.F.);
#4927=ORIENTED_EDGE('',*,*,#3340,.F.);
#4928=ORIENTED_EDGE('',*,*,#3341,.T.);
#4929=ORIENTED_EDGE('',*,*,#3340,.T.);
#4930=ORIENTED_EDGE('',*,*,#3342,.F.);
#4931=ORIENTED_EDGE('',*,*,#3343,.F.);
#4932=ORIENTED_EDGE('',*,*,#3344,.T.);
#4933=ORIENTED_EDGE('',*,*,#3343,.T.);
#4934=ORIENTED_EDGE('',*,*,#3345,.F.);
#4935=ORIENTED_EDGE('',*,*,#3320,.F.);
#4936=ORIENTED_EDGE('',*,*,#3344,.F.);
#4937=ORIENTED_EDGE('',*,*,#3319,.F.);
#4938=ORIENTED_EDGE('',*,*,#3323,.F.);
#4939=ORIENTED_EDGE('',*,*,#3326,.F.);
#4940=ORIENTED_EDGE('',*,*,#3329,.F.);
#4941=ORIENTED_EDGE('',*,*,#3332,.F.);
#4942=ORIENTED_EDGE('',*,*,#3335,.F.);
#4943=ORIENTED_EDGE('',*,*,#3338,.F.);
#4944=ORIENTED_EDGE('',*,*,#3341,.F.);
#4945=ORIENTED_EDGE('',*,*,#3345,.T.);
#4946=ORIENTED_EDGE('',*,*,#3342,.T.);
#4947=ORIENTED_EDGE('',*,*,#3339,.T.);
#4948=ORIENTED_EDGE('',*,*,#3336,.T.);
#4949=ORIENTED_EDGE('',*,*,#3333,.T.);
#4950=ORIENTED_EDGE('',*,*,#3330,.T.);
#4951=ORIENTED_EDGE('',*,*,#3327,.T.);
#4952=ORIENTED_EDGE('',*,*,#3324,.T.);
#4953=ORIENTED_EDGE('',*,*,#3321,.T.);
#4954=ORIENTED_EDGE('',*,*,#3346,.T.);
#4955=ORIENTED_EDGE('',*,*,#3347,.T.);
#4956=ORIENTED_EDGE('',*,*,#3348,.F.);
#4957=ORIENTED_EDGE('',*,*,#3349,.F.);
#4958=ORIENTED_EDGE('',*,*,#3350,.T.);
#4959=ORIENTED_EDGE('',*,*,#3349,.T.);
#4960=ORIENTED_EDGE('',*,*,#3351,.F.);
#4961=ORIENTED_EDGE('',*,*,#3352,.F.);
#4962=ORIENTED_EDGE('',*,*,#3353,.T.);
#4963=ORIENTED_EDGE('',*,*,#3352,.T.);
#4964=ORIENTED_EDGE('',*,*,#3354,.F.);
#4965=ORIENTED_EDGE('',*,*,#3355,.F.);
#4966=ORIENTED_EDGE('',*,*,#3356,.T.);
#4967=ORIENTED_EDGE('',*,*,#3355,.T.);
#4968=ORIENTED_EDGE('',*,*,#3357,.F.);
#4969=ORIENTED_EDGE('',*,*,#3358,.F.);
#4970=ORIENTED_EDGE('',*,*,#3359,.T.);
#4971=ORIENTED_EDGE('',*,*,#3358,.T.);
#4972=ORIENTED_EDGE('',*,*,#3360,.F.);
#4973=ORIENTED_EDGE('',*,*,#3361,.F.);
#4974=ORIENTED_EDGE('',*,*,#3362,.T.);
#4975=ORIENTED_EDGE('',*,*,#3361,.T.);
#4976=ORIENTED_EDGE('',*,*,#3363,.F.);
#4977=ORIENTED_EDGE('',*,*,#3364,.F.);
#4978=ORIENTED_EDGE('',*,*,#3365,.T.);
#4979=ORIENTED_EDGE('',*,*,#3364,.T.);
#4980=ORIENTED_EDGE('',*,*,#3366,.F.);
#4981=ORIENTED_EDGE('',*,*,#3367,.F.);
#4982=ORIENTED_EDGE('',*,*,#3368,.T.);
#4983=ORIENTED_EDGE('',*,*,#3367,.T.);
#4984=ORIENTED_EDGE('',*,*,#3369,.F.);
#4985=ORIENTED_EDGE('',*,*,#3370,.F.);
#4986=ORIENTED_EDGE('',*,*,#3371,.T.);
#4987=ORIENTED_EDGE('',*,*,#3370,.T.);
#4988=ORIENTED_EDGE('',*,*,#3372,.F.);
#4989=ORIENTED_EDGE('',*,*,#3347,.F.);
#4990=ORIENTED_EDGE('',*,*,#3371,.F.);
#4991=ORIENTED_EDGE('',*,*,#3346,.F.);
#4992=ORIENTED_EDGE('',*,*,#3350,.F.);
#4993=ORIENTED_EDGE('',*,*,#3353,.F.);
#4994=ORIENTED_EDGE('',*,*,#3356,.F.);
#4995=ORIENTED_EDGE('',*,*,#3359,.F.);
#4996=ORIENTED_EDGE('',*,*,#3362,.F.);
#4997=ORIENTED_EDGE('',*,*,#3365,.F.);
#4998=ORIENTED_EDGE('',*,*,#3368,.F.);
#4999=ORIENTED_EDGE('',*,*,#3372,.T.);
#5000=ORIENTED_EDGE('',*,*,#3369,.T.);
#5001=ORIENTED_EDGE('',*,*,#3366,.T.);
#5002=ORIENTED_EDGE('',*,*,#3363,.T.);
#5003=ORIENTED_EDGE('',*,*,#3360,.T.);
#5004=ORIENTED_EDGE('',*,*,#3357,.T.);
#5005=ORIENTED_EDGE('',*,*,#3354,.T.);
#5006=ORIENTED_EDGE('',*,*,#3351,.T.);
#5007=ORIENTED_EDGE('',*,*,#3348,.T.);
#5008=ORIENTED_EDGE('',*,*,#3373,.T.);
#5009=ORIENTED_EDGE('',*,*,#3374,.T.);
#5010=ORIENTED_EDGE('',*,*,#3375,.F.);
#5011=ORIENTED_EDGE('',*,*,#3376,.F.);
#5012=ORIENTED_EDGE('',*,*,#3377,.T.);
#5013=ORIENTED_EDGE('',*,*,#3376,.T.);
#5014=ORIENTED_EDGE('',*,*,#3378,.F.);
#5015=ORIENTED_EDGE('',*,*,#3379,.F.);
#5016=ORIENTED_EDGE('',*,*,#3380,.T.);
#5017=ORIENTED_EDGE('',*,*,#3379,.T.);
#5018=ORIENTED_EDGE('',*,*,#3381,.F.);
#5019=ORIENTED_EDGE('',*,*,#3382,.F.);
#5020=ORIENTED_EDGE('',*,*,#3383,.T.);
#5021=ORIENTED_EDGE('',*,*,#3382,.T.);
#5022=ORIENTED_EDGE('',*,*,#3384,.F.);
#5023=ORIENTED_EDGE('',*,*,#3385,.F.);
#5024=ORIENTED_EDGE('',*,*,#3386,.T.);
#5025=ORIENTED_EDGE('',*,*,#3385,.T.);
#5026=ORIENTED_EDGE('',*,*,#3387,.F.);
#5027=ORIENTED_EDGE('',*,*,#3388,.F.);
#5028=ORIENTED_EDGE('',*,*,#3389,.T.);
#5029=ORIENTED_EDGE('',*,*,#3388,.T.);
#5030=ORIENTED_EDGE('',*,*,#3390,.F.);
#5031=ORIENTED_EDGE('',*,*,#3391,.F.);
#5032=ORIENTED_EDGE('',*,*,#3392,.T.);
#5033=ORIENTED_EDGE('',*,*,#3391,.T.);
#5034=ORIENTED_EDGE('',*,*,#3393,.F.);
#5035=ORIENTED_EDGE('',*,*,#3394,.F.);
#5036=ORIENTED_EDGE('',*,*,#3395,.T.);
#5037=ORIENTED_EDGE('',*,*,#3394,.T.);
#5038=ORIENTED_EDGE('',*,*,#3396,.F.);
#5039=ORIENTED_EDGE('',*,*,#3397,.F.);
#5040=ORIENTED_EDGE('',*,*,#3398,.T.);
#5041=ORIENTED_EDGE('',*,*,#3397,.T.);
#5042=ORIENTED_EDGE('',*,*,#3399,.F.);
#5043=ORIENTED_EDGE('',*,*,#3374,.F.);
#5044=ORIENTED_EDGE('',*,*,#3398,.F.);
#5045=ORIENTED_EDGE('',*,*,#3373,.F.);
#5046=ORIENTED_EDGE('',*,*,#3377,.F.);
#5047=ORIENTED_EDGE('',*,*,#3380,.F.);
#5048=ORIENTED_EDGE('',*,*,#3383,.F.);
#5049=ORIENTED_EDGE('',*,*,#3386,.F.);
#5050=ORIENTED_EDGE('',*,*,#3389,.F.);
#5051=ORIENTED_EDGE('',*,*,#3392,.F.);
#5052=ORIENTED_EDGE('',*,*,#3395,.F.);
#5053=ORIENTED_EDGE('',*,*,#3399,.T.);
#5054=ORIENTED_EDGE('',*,*,#3396,.T.);
#5055=ORIENTED_EDGE('',*,*,#3393,.T.);
#5056=ORIENTED_EDGE('',*,*,#3390,.T.);
#5057=ORIENTED_EDGE('',*,*,#3387,.T.);
#5058=ORIENTED_EDGE('',*,*,#3384,.T.);
#5059=ORIENTED_EDGE('',*,*,#3381,.T.);
#5060=ORIENTED_EDGE('',*,*,#3378,.T.);
#5061=ORIENTED_EDGE('',*,*,#3375,.T.);
#5062=B_SPLINE_SURFACE_WITH_KNOTS('',3,1,((#6307,#6308),(#6309,#6310),(#6311,
#6312),(#6313,#6314),(#6315,#6316)),.UNSPECIFIED.,.F.,.F.,.F.,(4,1,4),(2,
2),(0.,0.0218176016904285,0.0420889149214224),(0.,0.0800000000000001),
 .UNSPECIFIED.);
#5063=B_SPLINE_SURFACE_WITH_KNOTS('',3,1,((#6333,#6334),(#6335,#6336),(#6337,
#6338),(#6339,#6340),(#6341,#6342)),.UNSPECIFIED.,.F.,.F.,.F.,(4,1,4),(2,
2),(0.,0.0598001535264518,0.0949654394031728),(0.,0.0800000000000001),
 .UNSPECIFIED.);
#5064=B_SPLINE_SURFACE_WITH_KNOTS('',3,1,((#6356,#6357),(#6358,#6359),(#6360,
#6361),(#6362,#6363),(#6364,#6365)),.UNSPECIFIED.,.F.,.F.,.F.,(4,1,4),(2,
2),(0.,0.0536000960859172,0.129175919133879),(0.,0.0800000000000001),
 .UNSPECIFIED.);
#5065=B_SPLINE_SURFACE_WITH_KNOTS('',3,1,((#6379,#6380),(#6381,#6382),(#6383,
#6384),(#6385,#6386),(#6387,#6388)),.UNSPECIFIED.,.F.,.F.,.F.,(4,1,4),(2,
2),(0.,0.0339638057000802,0.073741391225506),(0.,0.0800000000000001),
 .UNSPECIFIED.);
#5066=B_SPLINE_SURFACE_WITH_KNOTS('',3,1,((#6402,#6403),(#6404,#6405),(#6406,
#6407),(#6408,#6409),(#6410,#6411)),.UNSPECIFIED.,.F.,.F.,.F.,(4,1,4),(2,
2),(0.,0.0299157313730873,0.0605775010531365),(0.,0.0800000000000001),
 .UNSPECIFIED.);
#5067=B_SPLINE_SURFACE_WITH_KNOTS('',3,1,((#6425,#6426),(#6427,#6428),(#6429,
#6430),(#6431,#6432),(#6433,#6434)),.UNSPECIFIED.,.F.,.F.,.F.,(4,1,4),(2,
2),(0.,0.0546459146323912,0.109879961756188),(0.,0.0800000000000001),
 .UNSPECIFIED.);
#5068=B_SPLINE_SURFACE_WITH_KNOTS('',3,1,((#6448,#6449),(#6450,#6451),(#6452,
#6453),(#6454,#6455),(#6456,#6457)),.UNSPECIFIED.,.F.,.F.,.F.,(4,1,4),(2,
2),(0.,0.0652285099029585,0.12303364202659),(0.,0.0800000000000001),
 .UNSPECIFIED.);
#5069=B_SPLINE_SURFACE_WITH_KNOTS('',3,1,((#6471,#6472),(#6473,#6474),(#6475,
#6476),(#6477,#6478),(#6479,#6480)),.UNSPECIFIED.,.F.,.F.,.F.,(4,1,4),(2,
2),(0.,0.0568469588697056,0.121552665190366),(0.,0.0800000000000001),
 .UNSPECIFIED.);
#5070=B_SPLINE_SURFACE_WITH_KNOTS('',3,1,((#6494,#6495),(#6496,#6497),(#6498,
#6499),(#6500,#6501),(#6502,#6503)),.UNSPECIFIED.,.F.,.F.,.F.,(4,1,4),(2,
2),(0.,0.0640461417390412,0.120272793611969),(0.,0.0800000000000001),
 .UNSPECIFIED.);
#5071=B_SPLINE_SURFACE_WITH_KNOTS('',3,1,((#6523,#6524),(#6525,#6526),(#6527,
#6528),(#6529,#6530),(#6531,#6532)),.UNSPECIFIED.,.F.,.F.,.F.,(4,1,4),(2,
2),(0.,0.0375179065301811,0.0800334878150295),(0.,0.0800000000000001),
 .UNSPECIFIED.);
#5072=B_SPLINE_SURFACE_WITH_KNOTS('',3,1,((#6546,#6547),(#6548,#6549),(#6550,
#6551),(#6552,#6553),(#6554,#6555)),.UNSPECIFIED.,.F.,.F.,.F.,(4,1,4),(2,
2),(0.,0.0404549665622204,0.0773518399790095),(0.,0.0800000000000001),
 .UNSPECIFIED.);
#5073=B_SPLINE_SURFACE_WITH_KNOTS('',3,1,((#6569,#6570),(#6571,#6572),(#6573,
#6574),(#6575,#6576),(#6577,#6578)),.UNSPECIFIED.,.F.,.F.,.F.,(4,1,4),(2,
2),(0.,0.0354121134006625,0.0738764663882883),(0.,0.0800000000000001),
 .UNSPECIFIED.);
#5074=B_SPLINE_SURFACE_WITH_KNOTS('',3,1,((#6592,#6593),(#6594,#6595),(#6596,
#6597),(#6598,#6599),(#6600,#6601)),.UNSPECIFIED.,.F.,.F.,.F.,(4,1,4),(2,
2),(0.,0.0342303438784064,0.0682980381398307),(0.,0.0800000000000001),
 .UNSPECIFIED.);
#5075=B_SPLINE_SURFACE_WITH_KNOTS('',3,1,((#6615,#6616),(#6617,#6618),(#6619,
#6620),(#6621,#6622),(#6623,#6624)),.UNSPECIFIED.,.F.,.F.,.F.,(4,1,4),(2,
2),(0.,0.0437534791805283,0.0803580527028946),(0.,0.0800000000000001),
 .UNSPECIFIED.);
#5076=B_SPLINE_SURFACE_WITH_KNOTS('',3,1,((#6638,#6639),(#6640,#6641),(#6642,
#6643),(#6644,#6645),(#6646,#6647)),.UNSPECIFIED.,.F.,.F.,.F.,(4,1,4),(2,
2),(0.,0.090815464464552,0.152920812027033),(0.,0.0800000000000001),
 .UNSPECIFIED.);
#5077=B_SPLINE_SURFACE_WITH_KNOTS('',3,1,((#6661,#6662),(#6663,#6664),(#6665,
#6666),(#6667,#6668),(#6669,#6670)),.UNSPECIFIED.,.F.,.F.,.F.,(4,1,4),(2,
2),(0.,0.0490850721416762,0.110607491428957),(0.,0.0800000000000001),
 .UNSPECIFIED.);
#5078=B_SPLINE_SURFACE_WITH_KNOTS('',3,1,((#6684,#6685),(#6686,#6687),(#6688,
#6689),(#6690,#6691),(#6692,#6693)),.UNSPECIFIED.,.F.,.F.,.F.,(4,1,4),(2,
2),(0.,0.0372947996925052,0.0780238865095945),(0.,0.0800000000000001),
 .UNSPECIFIED.);
#5079=B_SPLINE_SURFACE_WITH_KNOTS('',3,1,((#6707,#6708),(#6709,#6710),(#6711,
#6712),(#6713,#6714),(#6715,#6716)),.UNSPECIFIED.,.F.,.F.,.F.,(4,1,4),(2,
2),(0.,0.0217910848164856,0.0434483310073029),(0.,0.0800000000000001),
 .UNSPECIFIED.);
#5080=B_SPLINE_SURFACE_WITH_KNOTS('',3,1,((#6756,#6757),(#6758,#6759),(#6760,
#6761),(#6762,#6763),(#6764,#6765)),.UNSPECIFIED.,.F.,.F.,.F.,(4,1,4),(2,
2),(0.,0.0472746173127617,0.0866738092703374),(0.,0.0800000000000001),
 .UNSPECIFIED.);
#5081=B_SPLINE_SURFACE_WITH_KNOTS('',3,1,((#6779,#6780),(#6781,#6782),(#6783,
#6784),(#6785,#6786),(#6787,#6788)),.UNSPECIFIED.,.F.,.F.,.F.,(4,1,4),(2,
2),(0.,0.0551897050158099,0.107749556236625),(0.,0.0800000000000001),
 .UNSPECIFIED.);
#5082=B_SPLINE_SURFACE_WITH_KNOTS('',3,1,((#6808,#6809),(#6810,#6811),(#6812,
#6813),(#6814,#6815),(#6816,#6817)),.UNSPECIFIED.,.F.,.F.,.F.,(4,1,4),(2,
2),(0.,0.0387270999342029,0.0719123587156729),(0.,0.0800000000000001),
 .UNSPECIFIED.);
#5083=B_SPLINE_SURFACE_WITH_KNOTS('',3,1,((#6831,#6832),(#6833,#6834),(#6835,
#6836),(#6837,#6838),(#6839,#6840)),.UNSPECIFIED.,.F.,.F.,.F.,(4,1,4),(2,
2),(0.,0.0332542522838567,0.072159610968571),(0.,0.0800000000000001),
 .UNSPECIFIED.);
#5084=B_SPLINE_SURFACE_WITH_KNOTS('',3,1,((#6871,#6872),(#6873,#6874),(#6875,
#6876),(#6877,#6878),(#6879,#6880)),.UNSPECIFIED.,.F.,.F.,.F.,(4,1,4),(2,
2),(0.,0.0390683181795671,0.0789652543239475),(0.,0.0800000000000001),
 .UNSPECIFIED.);
#5085=B_SPLINE_SURFACE_WITH_KNOTS('',3,1,((#6897,#6898),(#6899,#6900),(#6901,
#6902),(#6903,#6904),(#6905,#6906)),.UNSPECIFIED.,.F.,.F.,.F.,(4,1,4),(2,
2),(0.,0.0443328831879838,0.0850115598154877),(0.,0.0800000000000001),
 .UNSPECIFIED.);
#5086=B_SPLINE_SURFACE_WITH_KNOTS('',3,1,((#6920,#6921),(#6922,#6923),(#6924,
#6925),(#6926,#6927),(#6928,#6929)),.UNSPECIFIED.,.F.,.F.,.F.,(4,1,4),(2,
2),(0.,0.103000893333528,0.168048607304288),(0.,0.0800000000000001),
 .UNSPECIFIED.);
#5087=B_SPLINE_SURFACE_WITH_KNOTS('',3,1,((#6943,#6944),(#6945,#6946),(#6947,
#6948),(#6949,#6950),(#6951,#6952)),.UNSPECIFIED.,.F.,.F.,.F.,(4,1,4),(2,
2),(0.,0.0651281084228092,0.167703710886641),(0.,0.0800000000000001),
 .UNSPECIFIED.);
#5088=B_SPLINE_SURFACE_WITH_KNOTS('',3,1,((#6966,#6967),(#6968,#6969),(#6970,
#6971),(#6972,#6973),(#6974,#6975)),.UNSPECIFIED.,.F.,.F.,.F.,(4,1,4),(2,
2),(0.,0.0402050701011079,0.0845906652172728),(0.,0.0800000000000001),
 .UNSPECIFIED.);
#5089=B_SPLINE_SURFACE_WITH_KNOTS('',3,1,((#6989,#6990),(#6991,#6992),(#6993,
#6994),(#6995,#6996),(#6997,#6998)),.UNSPECIFIED.,.F.,.F.,.F.,(4,1,4),(2,
2),(0.,0.0443948451323618,0.0846608441620445),(0.,0.0800000000000001),
 .UNSPECIFIED.);
#5090=B_SPLINE_SURFACE_WITH_KNOTS('',3,1,((#7012,#7013),(#7014,#7015),(#7016,
#7017),(#7018,#7019),(#7020,#7021)),.UNSPECIFIED.,.F.,.F.,.F.,(4,1,4),(2,
2),(0.,0.102824756132062,0.167948437267609),(0.,0.0800000000000001),
 .UNSPECIFIED.);
#5091=B_SPLINE_SURFACE_WITH_KNOTS('',3,1,((#7035,#7036),(#7037,#7038),(#7039,
#7040),(#7041,#7042),(#7043,#7044)),.UNSPECIFIED.,.F.,.F.,.F.,(4,1,4),(2,
2),(0.,0.0692709879129147,0.173342298058409),(0.,0.0800000000000001),
 .UNSPECIFIED.);
#5092=B_SPLINE_SURFACE_WITH_KNOTS('',3,1,((#7055,#7056),(#7057,#7058),(#7059,
#7060),(#7061,#7062),(#7063,#7064)),.UNSPECIFIED.,.F.,.F.,.F.,(4,1,4),(2,
2),(0.,0.0658347279988518,0.128408661771583),(0.,0.0800000000000001),
 .UNSPECIFIED.);
#5093=B_SPLINE_SURFACE_WITH_KNOTS('',3,1,((#7081,#7082),(#7083,#7084),(#7085,
#7086),(#7087,#7088),(#7089,#7090)),.UNSPECIFIED.,.F.,.F.,.F.,(4,1,4),(2,
2),(0.,0.0461651246786702,0.0968349289720671),(0.,0.0800000000000001),
 .UNSPECIFIED.);
#5094=B_SPLINE_SURFACE_WITH_KNOTS('',3,1,((#7104,#7105),(#7106,#7107),(#7108,
#7109),(#7110,#7111),(#7112,#7113)),.UNSPECIFIED.,.F.,.F.,.F.,(4,1,4),(2,
2),(0.,0.0529024584391459,0.100621087380616),(0.,0.0800000000000001),
 .UNSPECIFIED.);
#5095=B_SPLINE_SURFACE_WITH_KNOTS('',3,1,((#7127,#7128),(#7129,#7130),(#7131,
#7132),(#7133,#7134),(#7135,#7136)),.UNSPECIFIED.,.F.,.F.,.F.,(4,1,4),(2,
2),(0.,0.079681439837166,0.14380166635471),(0.,0.0800000000000001),
 .UNSPECIFIED.);
#5096=B_SPLINE_SURFACE_WITH_KNOTS('',3,1,((#7150,#7151),(#7152,#7153),(#7154,
#7155),(#7156,#7157),(#7158,#7159)),.UNSPECIFIED.,.F.,.F.,.F.,(4,1,4),(2,
2),(0.,0.0520196140847323,0.118757006426962),(0.,0.0800000000000001),
 .UNSPECIFIED.);
#5097=B_SPLINE_SURFACE_WITH_KNOTS('',3,1,((#7173,#7174),(#7175,#7176),(#7177,
#7178),(#7179,#7180),(#7181,#7182)),.UNSPECIFIED.,.F.,.F.,.F.,(4,1,4),(2,
2),(0.,0.0381001227654107,0.0808374674599438),(0.,0.0800000000000001),
 .UNSPECIFIED.);
#5098=B_SPLINE_SURFACE_WITH_KNOTS('',3,1,((#7196,#7197),(#7198,#7199),(#7200,
#7201),(#7202,#7203),(#7204,#7205)),.UNSPECIFIED.,.F.,.F.,.F.,(4,1,4),(2,
2),(0.,0.0339981706933887,0.0691189350907898),(0.,0.0800000000000001),
 .UNSPECIFIED.);
#5099=B_SPLINE_SURFACE_WITH_KNOTS('',3,1,((#7219,#7220),(#7221,#7222),(#7223,
#7224),(#7225,#7226),(#7227,#7228)),.UNSPECIFIED.,.F.,.F.,.F.,(4,1,4),(2,
2),(0.,0.037993915798521,0.073042421014239),(0.,0.0800000000000001),
 .UNSPECIFIED.);
#5100=B_SPLINE_SURFACE_WITH_KNOTS('',3,1,((#7242,#7243),(#7244,#7245),(#7246,
#7247),(#7248,#7249),(#7250,#7251)),.UNSPECIFIED.,.F.,.F.,.F.,(4,1,4),(2,
2),(0.,0.0463151088179566,0.0968162357820773),(0.,0.0800000000000001),
 .UNSPECIFIED.);
#5101=B_SPLINE_SURFACE_WITH_KNOTS('',3,1,((#7265,#7266),(#7267,#7268),(#7269,
#7270),(#7271,#7272),(#7273,#7274)),.UNSPECIFIED.,.F.,.F.,.F.,(4,1,4),(2,
2),(0.,0.0531295225517055,0.100607450608798),(0.,0.0800000000000001),
 .UNSPECIFIED.);
#5102=B_SPLINE_SURFACE_WITH_KNOTS('',3,1,((#7288,#7289),(#7290,#7291),(#7292,
#7293),(#7294,#7295),(#7296,#7297)),.UNSPECIFIED.,.F.,.F.,.F.,(4,1,4),(2,
2),(0.,0.0801071092667821,0.14414397241998),(0.,0.0800000000000001),
 .UNSPECIFIED.);
#5103=B_SPLINE_SURFACE_WITH_KNOTS('',3,1,((#7311,#7312),(#7313,#7314),(#7315,
#7316),(#7317,#7318),(#7319,#7320)),.UNSPECIFIED.,.F.,.F.,.F.,(4,1,4),(2,
2),(0.,0.0900221168515158,0.211899081112814),(0.,0.0800000000000001),
 .UNSPECIFIED.);
#5104=B_SPLINE_SURFACE_WITH_KNOTS('',3,1,((#7333,#7334),(#7335,#7336),(#7337,
#7338),(#7339,#7340),(#7341,#7342)),.UNSPECIFIED.,.F.,.F.,.F.,(4,1,4),(2,
2),(0.,0.0402903893336851,0.0790976727214657),(0.,0.0800000000000001),
 .UNSPECIFIED.);
#5105=B_SPLINE_SURFACE_WITH_KNOTS('',3,1,((#7359,#7360),(#7361,#7362),(#7363,
#7364),(#7365,#7366),(#7367,#7368)),.UNSPECIFIED.,.F.,.F.,.F.,(4,1,4),(2,
2),(0.,0.039588521038265,0.0808171933230362),(0.,0.0800000000000001),
 .UNSPECIFIED.);
#5106=B_SPLINE_SURFACE_WITH_KNOTS('',3,1,((#7382,#7383),(#7384,#7385),(#7386,
#7387),(#7388,#7389),(#7390,#7391)),.UNSPECIFIED.,.F.,.F.,.F.,(4,1,4),(2,
2),(0.,0.0411751588903121,0.0808349370488873),(0.,0.0800000000000001),
 .UNSPECIFIED.);
#5107=B_SPLINE_SURFACE_WITH_KNOTS('',3,1,((#7405,#7406),(#7407,#7408),(#7409,
#7410),(#7411,#7412),(#7413,#7414)),.UNSPECIFIED.,.F.,.F.,.F.,(4,1,4),(2,
2),(0.,0.038665378330147,0.0791236398710967),(0.,0.0800000000000001),
 .UNSPECIFIED.);
#5108=B_SPLINE_SURFACE_WITH_KNOTS('',3,1,((#7428,#7429),(#7430,#7431),(#7432,
#7433),(#7434,#7435),(#7436,#7437)),.UNSPECIFIED.,.F.,.F.,.F.,(4,1,4),(2,
2),(0.,0.0407790881983587,0.0795880132196552),(0.,0.0800000000000001),
 .UNSPECIFIED.);
#5109=B_SPLINE_SURFACE_WITH_KNOTS('',3,1,((#7451,#7452),(#7453,#7454),(#7455,
#7456),(#7457,#7458),(#7459,#7460)),.UNSPECIFIED.,.F.,.F.,.F.,(4,1,4),(2,
2),(0.,0.0273769196897683,0.0549485850630399),(0.,0.0800000000000001),
 .UNSPECIFIED.);
#5110=B_SPLINE_SURFACE_WITH_KNOTS('',3,1,((#7474,#7475),(#7476,#7477),(#7478,
#7479),(#7480,#7481),(#7482,#7483)),.UNSPECIFIED.,.F.,.F.,.F.,(4,1,4),(2,
2),(0.,0.026831713646857,0.0539126248664207),(0.,0.0800000000000001),
 .UNSPECIFIED.);
#5111=B_SPLINE_SURFACE_WITH_KNOTS('',3,1,((#7497,#7498),(#7499,#7500),(#7501,
#7502),(#7503,#7504),(#7505,#7506)),.UNSPECIFIED.,.F.,.F.,.F.,(4,1,4),(2,
2),(0.,0.0260173454794762,0.0526434158477411),(0.,0.0800000000000001),
 .UNSPECIFIED.);
#5112=B_SPLINE_SURFACE_WITH_KNOTS('',3,1,((#7520,#7521),(#7522,#7523),(#7524,
#7525),(#7526,#7527),(#7528,#7529)),.UNSPECIFIED.,.F.,.F.,.F.,(4,1,4),(2,
2),(0.,0.0385950002083268,0.0786185555549038),(0.,0.0800000000000001),
 .UNSPECIFIED.);
#5113=B_SPLINE_SURFACE_WITH_KNOTS('',3,1,((#7540,#7541),(#7542,#7543),(#7544,
#7545),(#7546,#7547),(#7548,#7549)),.UNSPECIFIED.,.F.,.F.,.F.,(4,1,4),(2,
2),(0.,0.0326342038141044,0.0637829324544554),(0.,0.0800000000000001),
 .UNSPECIFIED.);
#5114=B_SPLINE_SURFACE_WITH_KNOTS('',3,1,((#7566,#7567),(#7568,#7569),(#7570,
#7571),(#7572,#7573),(#7574,#7575)),.UNSPECIFIED.,.F.,.F.,.F.,(4,1,4),(2,
2),(0.,0.0313579949205228,0.0637702499518982),(0.,0.0800000000000001),
 .UNSPECIFIED.);
#5115=B_SPLINE_SURFACE_WITH_KNOTS('',3,1,((#7589,#7590),(#7591,#7592),(#7593,
#7594),(#7595,#7596),(#7597,#7598)),.UNSPECIFIED.,.F.,.F.,.F.,(4,1,4),(2,
2),(0.,0.0315895542304577,0.0626677070148854),(0.,0.0800000000000001),
 .UNSPECIFIED.);
#5116=B_SPLINE_SURFACE_WITH_KNOTS('',3,1,((#7612,#7613),(#7614,#7615),(#7616,
#7617),(#7618,#7619),(#7620,#7621)),.UNSPECIFIED.,.F.,.F.,.F.,(4,1,4),(2,
2),(0.,0.03029640648041,0.0607651633979536),(0.,0.0800000000000001),
 .UNSPECIFIED.);
#5117=B_SPLINE_SURFACE_WITH_KNOTS('',3,1,((#7635,#7636),(#7637,#7638),(#7639,
#7640),(#7641,#7642),(#7643,#7644)),.UNSPECIFIED.,.F.,.F.,.F.,(4,1,4),(2,
2),(0.,0.0327036020865077,0.0633554141059179),(0.,0.0800000000000001),
 .UNSPECIFIED.);
#5118=B_SPLINE_SURFACE_WITH_KNOTS('',3,1,((#7658,#7659),(#7660,#7661),(#7662,
#7663),(#7664,#7665),(#7666,#7667)),.UNSPECIFIED.,.F.,.F.,.F.,(4,1,4),(2,
2),(0.,0.0312204422343226,0.0647788647982613),(0.,0.0800000000000001),
 .UNSPECIFIED.);
#5119=B_SPLINE_SURFACE_WITH_KNOTS('',3,1,((#7681,#7682),(#7683,#7684),(#7685,
#7686),(#7687,#7688),(#7689,#7690)),.UNSPECIFIED.,.F.,.F.,.F.,(4,1,4),(2,
2),(0.,0.0327329917489224,0.0636652968038899),(0.,0.0800000000000001),
 .UNSPECIFIED.);
#5120=B_SPLINE_SURFACE_WITH_KNOTS('',3,1,((#7704,#7705),(#7706,#7707),(#7708,
#7709),(#7710,#7711),(#7712,#7713)),.UNSPECIFIED.,.F.,.F.,.F.,(4,1,4),(2,
2),(0.,0.0302322596487886,0.0599640696393697),(0.,0.0800000000000001),
 .UNSPECIFIED.);
#5121=B_SPLINE_SURFACE_WITH_KNOTS('',3,1,((#7724,#7725),(#7726,#7727),(#7728,
#7729),(#7730,#7731),(#7732,#7733)),.UNSPECIFIED.,.F.,.F.,.F.,(4,1,4),(2,
2),(0.,0.0451836443896067,0.0862901044993198),(0.,0.0800000000000001),
 .UNSPECIFIED.);
#5122=B_SPLINE_SURFACE_WITH_KNOTS('',3,1,((#7750,#7751),(#7752,#7753),(#7754,
#7755),(#7756,#7757),(#7758,#7759)),.UNSPECIFIED.,.F.,.F.,.F.,(4,1,4),(2,
2),(0.,0.0599561146367429,0.121128999698535),(0.,0.0800000000000001),
 .UNSPECIFIED.);
#5123=B_SPLINE_SURFACE_WITH_KNOTS('',3,1,((#7773,#7774),(#7775,#7776),(#7777,
#7778),(#7779,#7780),(#7781,#7782)),.UNSPECIFIED.,.F.,.F.,.F.,(4,1,4),(2,
2),(0.,0.0677336557619183,0.12962721792257),(0.,0.0800000000000001),
 .UNSPECIFIED.);
#5124=B_SPLINE_SURFACE_WITH_KNOTS('',3,1,((#7796,#7797),(#7798,#7799),(#7800,
#7801),(#7802,#7803),(#7804,#7805)),.UNSPECIFIED.,.F.,.F.,.F.,(4,1,4),(2,
2),(0.,0.0618934800478109,0.129627145413942),(0.,0.0800000000000001),
 .UNSPECIFIED.);
#5125=B_SPLINE_SURFACE_WITH_KNOTS('',3,1,((#7819,#7820),(#7821,#7822),(#7823,
#7824),(#7825,#7826),(#7827,#7828)),.UNSPECIFIED.,.F.,.F.,.F.,(4,1,4),(2,
2),(0.,0.0600839770391247,0.119549640984918),(0.,0.0800000000000001),
 .UNSPECIFIED.);
#5126=B_SPLINE_SURFACE_WITH_KNOTS('',3,1,((#7842,#7843),(#7844,#7845),(#7846,
#7847),(#7848,#7849),(#7850,#7851)),.UNSPECIFIED.,.F.,.F.,.F.,(4,1,4),(2,
2),(0.,0.0409161364474536,0.0844833845291401),(0.,0.0800000000000001),
 .UNSPECIFIED.);
#5127=B_SPLINE_SURFACE_WITH_KNOTS('',3,1,((#7865,#7866),(#7867,#7868),(#7869,
#7870),(#7871,#7872),(#7873,#7874)),.UNSPECIFIED.,.F.,.F.,.F.,(4,1,4),(2,
2),(0.,0.0449995358001123,0.0861812769662166),(0.,0.0800000000000001),
 .UNSPECIFIED.);
#5128=B_SPLINE_SURFACE_WITH_KNOTS('',3,1,((#7888,#7889),(#7890,#7891),(#7892,
#7893),(#7894,#7895),(#7896,#7897)),.UNSPECIFIED.,.F.,.F.,.F.,(4,1,4),(2,
2),(0.,0.0321962455286292,0.0687319054240846),(0.,0.0800000000000001),
 .UNSPECIFIED.);
#5129=B_SPLINE_SURFACE_WITH_KNOTS('',3,1,((#7911,#7912),(#7913,#7914),(#7915,
#7916),(#7917,#7918),(#7919,#7920)),.UNSPECIFIED.,.F.,.F.,.F.,(4,1,4),(2,
2),(0.,0.0328954482691171,0.0642408960569505),(0.,0.0800000000000001),
 .UNSPECIFIED.);
#5130=B_SPLINE_SURFACE_WITH_KNOTS('',3,1,((#7934,#7935),(#7936,#7937),(#7938,
#7939),(#7940,#7941),(#7942,#7943)),.UNSPECIFIED.,.F.,.F.,.F.,(4,1,4),(2,
2),(0.,0.0516017767130313,0.102972044627825),(0.,0.0800000000000001),
 .UNSPECIFIED.);
#5131=B_SPLINE_SURFACE_WITH_KNOTS('',3,1,((#7957,#7958),(#7959,#7960),(#7961,
#7962),(#7963,#7964),(#7965,#7966)),.UNSPECIFIED.,.F.,.F.,.F.,(4,1,4),(2,
2),(0.,0.0598560889946542,0.114302643542405),(0.,0.0800000000000001),
 .UNSPECIFIED.);
#5132=B_SPLINE_SURFACE_WITH_KNOTS('',3,1,((#7980,#7981),(#7982,#7983),(#7984,
#7985),(#7986,#7987),(#7988,#7989)),.UNSPECIFIED.,.F.,.F.,.F.,(4,1,4),(2,
2),(0.,0.0535362678815566,0.112930937295095),(0.,0.0800000000000001),
 .UNSPECIFIED.);
#5133=B_SPLINE_SURFACE_WITH_KNOTS('',3,1,((#8003,#8004),(#8005,#8006),(#8007,
#8008),(#8009,#8010),(#8011,#8012)),.UNSPECIFIED.,.F.,.F.,.F.,(4,1,4),(2,
2),(0.,0.0511700332051771,0.102058510458641),(0.,0.0800000000000001),
 .UNSPECIFIED.);
#5134=B_SPLINE_SURFACE_WITH_KNOTS('',3,1,((#8026,#8027),(#8028,#8029),(#8030,
#8031),(#8032,#8033),(#8034,#8035)),.UNSPECIFIED.,.F.,.F.,.F.,(4,1,4),(2,
2),(0.,0.0316519612438911,0.0655607456519841),(0.,0.0800000000000001),
 .UNSPECIFIED.);
#5135=B_SPLINE_SURFACE_WITH_KNOTS('',3,1,((#8049,#8050),(#8051,#8052),(#8053,
#8054),(#8055,#8056),(#8057,#8058)),.UNSPECIFIED.,.F.,.F.,.F.,(4,1,4),(2,
2),(0.,0.0373326383076392,0.0700726863730868),(0.,0.0800000000000001),
 .UNSPECIFIED.);
#5136=B_SPLINE_SURFACE_WITH_KNOTS('',3,1,((#8072,#8073),(#8074,#8075),(#8076,
#8077),(#8078,#8079),(#8080,#8081)),.UNSPECIFIED.,.F.,.F.,.F.,(4,1,4),(2,
2),(0.,0.0409708073282192,0.084982353918847),(0.,0.0800000000000001),
 .UNSPECIFIED.);
#5137=B_SPLINE_SURFACE_WITH_KNOTS('',3,1,((#8094,#8095),(#8096,#8097),(#8098,
#8099),(#8100,#8101),(#8102,#8103)),.UNSPECIFIED.,.F.,.F.,.F.,(4,1,4),(2,
2),(0.,0.039180148475849,0.0784233920337735),(0.,0.0800000000000001),
 .UNSPECIFIED.);
#5138=B_SPLINE_SURFACE_WITH_KNOTS('',3,1,((#8120,#8121),(#8122,#8123),(#8124,
#8125),(#8126,#8127),(#8128,#8129)),.UNSPECIFIED.,.F.,.F.,.F.,(4,1,4),(2,
2),(0.,0.0384786628209138,0.0775751576991428),(0.,0.0800000000000001),
 .UNSPECIFIED.);
#5139=B_SPLINE_SURFACE_WITH_KNOTS('',3,1,((#8143,#8144),(#8145,#8146),(#8147,
#8148),(#8149,#8150),(#8151,#8152)),.UNSPECIFIED.,.F.,.F.,.F.,(4,1,4),(2,
2),(0.,0.0468117556265154,0.0876699107624476),(0.,0.0800000000000001),
 .UNSPECIFIED.);
#5140=B_SPLINE_SURFACE_WITH_KNOTS('',3,1,((#8166,#8167),(#8168,#8169),(#8170,
#8171),(#8172,#8173),(#8174,#8175)),.UNSPECIFIED.,.F.,.F.,.F.,(4,1,4),(2,
2),(0.,0.0425367631382475,0.0913011753020643),(0.,0.0800000000000001),
 .UNSPECIFIED.);
#5141=B_SPLINE_SURFACE_WITH_KNOTS('',3,1,((#8189,#8190),(#8191,#8192),(#8193,
#8194),(#8195,#8196),(#8197,#8198)),.UNSPECIFIED.,.F.,.F.,.F.,(4,1,4),(2,
2),(0.,0.036994096574436,0.0756728824615977),(0.,0.0800000000000001),
 .UNSPECIFIED.);
#5142=B_SPLINE_SURFACE_WITH_KNOTS('',3,1,((#8212,#8213),(#8214,#8215),(#8216,
#8217),(#8218,#8219),(#8220,#8221)),.UNSPECIFIED.,.F.,.F.,.F.,(4,1,4),(2,
2),(0.,0.0272457732425106,0.0535211635235323),(0.,0.0800000000000001),
 .UNSPECIFIED.);
#5143=B_SPLINE_SURFACE_WITH_KNOTS('',3,1,((#8235,#8236),(#8237,#8238),(#8239,
#8240),(#8241,#8242),(#8243,#8244)),.UNSPECIFIED.,.F.,.F.,.F.,(4,1,4),(2,
2),(0.,0.0303241359714812,0.0589117031488922),(0.,0.0800000000000001),
 .UNSPECIFIED.);
#5144=B_SPLINE_SURFACE_WITH_KNOTS('',3,1,((#8258,#8259),(#8260,#8261),(#8262,
#8263),(#8264,#8265),(#8266,#8267)),.UNSPECIFIED.,.F.,.F.,.F.,(4,1,4),(2,
2),(0.,0.0312144870235774,0.0625191352927194),(0.,0.0800000000000001),
 .UNSPECIFIED.);
#5145=B_SPLINE_SURFACE_WITH_KNOTS('',3,1,((#8281,#8282),(#8283,#8284),(#8285,
#8286),(#8287,#8288),(#8289,#8290)),.UNSPECIFIED.,.F.,.F.,.F.,(4,1,4),(2,
2),(0.,0.0406633844022827,0.085001280552299),(0.,0.0800000000000001),
 .UNSPECIFIED.);
#5146=B_SPLINE_SURFACE_WITH_KNOTS('',3,1,((#8301,#8302),(#8303,#8304),(#8305,
#8306),(#8307,#8308),(#8309,#8310)),.UNSPECIFIED.,.F.,.F.,.F.,(4,1,4),(2,
2),(0.,0.0542663042135734,0.103815346437514),(0.,0.0800000000000001),
 .UNSPECIFIED.);
#5147=B_SPLINE_SURFACE_WITH_KNOTS('',3,1,((#8327,#8328),(#8329,#8330),(#8331,
#8332),(#8333,#8334),(#8335,#8336)),.UNSPECIFIED.,.F.,.F.,.F.,(4,1,4),(2,
2),(0.,0.0696610976291184,0.14211783608149),(0.,0.0800000000000001),
 .UNSPECIFIED.);
#5148=B_SPLINE_SURFACE_WITH_KNOTS('',3,1,((#8350,#8351),(#8352,#8353),(#8354,
#8355),(#8356,#8357),(#8358,#8359)),.UNSPECIFIED.,.F.,.F.,.F.,(4,1,4),(2,
2),(0.,0.125884337958883,0.220443457534191),(0.,0.0800000000000001),
 .UNSPECIFIED.);
#5149=B_SPLINE_SURFACE_WITH_KNOTS('',3,1,((#8373,#8374),(#8375,#8376),(#8377,
#8378),(#8379,#8380),(#8381,#8382)),.UNSPECIFIED.,.F.,.F.,.F.,(4,1,4),(2,
2),(0.,0.0832102077729628,0.195223955250071),(0.,0.0800000000000001),
 .UNSPECIFIED.);
#5150=B_SPLINE_SURFACE_WITH_KNOTS('',3,1,((#8396,#8397),(#8398,#8399),(#8400,
#8401),(#8402,#8403),(#8404,#8405)),.UNSPECIFIED.,.F.,.F.,.F.,(4,1,4),(2,
2),(0.,0.0710688016269973,0.140800901674629),(0.,0.0800000000000001),
 .UNSPECIFIED.);
#5151=B_SPLINE_SURFACE_WITH_KNOTS('',3,1,((#8419,#8420),(#8421,#8422),(#8423,
#8424),(#8425,#8426),(#8427,#8428)),.UNSPECIFIED.,.F.,.F.,.F.,(4,1,4),(2,
2),(0.,0.0411453414347849,0.0841154329900053),(0.,0.0800000000000001),
 .UNSPECIFIED.);
#5152=B_SPLINE_SURFACE_WITH_KNOTS('',3,1,((#8442,#8443),(#8444,#8445),(#8446,
#8447),(#8448,#8449),(#8450,#8451)),.UNSPECIFIED.,.F.,.F.,.F.,(4,1,4),(2,
2),(0.,0.0428753060228332,0.0839351228129366),(0.,0.0800000000000001),
 .UNSPECIFIED.);
#5153=B_SPLINE_SURFACE_WITH_KNOTS('',3,1,((#8465,#8466),(#8467,#8468),(#8469,
#8470),(#8471,#8472),(#8473,#8474)),.UNSPECIFIED.,.F.,.F.,.F.,(4,1,4),(2,
2),(0.,0.0457338619948745,0.090644427081241),(0.,0.0800000000000001),
 .UNSPECIFIED.);
#5154=B_SPLINE_SURFACE_WITH_KNOTS('',3,1,((#8488,#8489),(#8490,#8491),(#8492,
#8493),(#8494,#8495),(#8496,#8497)),.UNSPECIFIED.,.F.,.F.,.F.,(4,1,4),(2,
2),(0.,0.0610350779868393,0.126904054592791),(0.,0.0800000000000001),
 .UNSPECIFIED.);
#5155=B_SPLINE_SURFACE_WITH_KNOTS('',3,1,((#8511,#8512),(#8513,#8514),(#8515,
#8516),(#8517,#8518),(#8519,#8520)),.UNSPECIFIED.,.F.,.F.,.F.,(4,1,4),(2,
2),(0.,0.0579084577641827,0.116399031324587),(0.,0.0800000000000001),
 .UNSPECIFIED.);
#5156=B_SPLINE_SURFACE_WITH_KNOTS('',3,1,((#8534,#8535),(#8536,#8537),(#8538,
#8539),(#8540,#8541),(#8542,#8543)),.UNSPECIFIED.,.F.,.F.,.F.,(4,1,4),(2,
2),(0.,0.035048505215718,0.0696535870939551),(0.,0.0800000000000001),
 .UNSPECIFIED.);
#5157=B_SPLINE_SURFACE_WITH_KNOTS('',3,1,((#8557,#8558),(#8559,#8560),(#8561,
#8562),(#8563,#8564),(#8565,#8566)),.UNSPECIFIED.,.F.,.F.,.F.,(4,1,4),(2,
2),(0.,0.0383740788053719,0.0744949009520681),(0.,0.0800000000000001),
 .UNSPECIFIED.);
#5158=B_SPLINE_SURFACE_WITH_KNOTS('',3,1,((#8580,#8581),(#8582,#8583),(#8584,
#8585),(#8586,#8587),(#8588,#8589)),.UNSPECIFIED.,.F.,.F.,.F.,(4,1,4),(2,
2),(0.,0.0508124035199345,0.117400033233114),(0.,0.0800000000000001),
 .UNSPECIFIED.);
#5159=B_SPLINE_SURFACE_WITH_KNOTS('',3,1,((#8603,#8604),(#8605,#8606),(#8607,
#8608),(#8609,#8610),(#8611,#8612)),.UNSPECIFIED.,.F.,.F.,.F.,(4,1,4),(2,
2),(0.,0.0367179624187499,0.0775554197174561),(0.,0.0800000000000001),
 .UNSPECIFIED.);
#5160=B_SPLINE_SURFACE_WITH_KNOTS('',3,1,((#8626,#8627),(#8628,#8629),(#8630,
#8631),(#8632,#8633),(#8634,#8635)),.UNSPECIFIED.,.F.,.F.,.F.,(4,1,4),(2,
2),(0.,0.027843365821479,0.0547659772387825),(0.,0.0800000000000001),
 .UNSPECIFIED.);
#5161=B_SPLINE_SURFACE_WITH_KNOTS('',3,1,((#8649,#8650),(#8651,#8652),(#8653,
#8654),(#8655,#8656),(#8657,#8658)),.UNSPECIFIED.,.F.,.F.,.F.,(4,1,4),(2,
2),(0.,0.0340676942614243,0.0682980852053608),(0.,0.0800000000000001),
 .UNSPECIFIED.);
#5162=B_SPLINE_SURFACE_WITH_KNOTS('',3,1,((#8672,#8673),(#8674,#8675),(#8676,
#8677),(#8678,#8679),(#8680,#8681)),.UNSPECIFIED.,.F.,.F.,.F.,(4,1,4),(2,
2),(0.,0.0327372835405923,0.0578634464404441),(0.,0.0800000000000001),
 .UNSPECIFIED.);
#5163=B_SPLINE_SURFACE_WITH_KNOTS('',3,1,((#8701,#8702),(#8703,#8704),(#8705,
#8706),(#8707,#8708),(#8709,#8710)),.UNSPECIFIED.,.F.,.F.,.F.,(4,1,4),(2,
2),(0.,0.0496793846116063,0.103836991705219),(0.,0.0800000000000001),
 .UNSPECIFIED.);
#5164=B_SPLINE_SURFACE_WITH_KNOTS('',3,1,((#8809,#8810),(#8811,#8812),(#8813,
#8814),(#8815,#8816),(#8817,#8818)),.UNSPECIFIED.,.F.,.F.,.F.,(4,1,4),(2,
2),(0.,0.0218176075139688,0.0420889059528155),(0.,0.0800000000000001),
 .UNSPECIFIED.);
#5165=B_SPLINE_SURFACE_WITH_KNOTS('',3,1,((#8835,#8836),(#8837,#8838),(#8839,
#8840),(#8841,#8842),(#8843,#8844)),.UNSPECIFIED.,.F.,.F.,.F.,(4,1,4),(2,
2),(0.,0.0598001535264518,0.0949654394031728),(0.,0.0800000000000001),
 .UNSPECIFIED.);
#5166=B_SPLINE_SURFACE_WITH_KNOTS('',3,1,((#8858,#8859),(#8860,#8861),(#8862,
#8863),(#8864,#8865),(#8866,#8867)),.UNSPECIFIED.,.F.,.F.,.F.,(4,1,4),(2,
2),(0.,0.0536000537971173,0.12917587153259),(0.,0.0800000000000001),
 .UNSPECIFIED.);
#5167=B_SPLINE_SURFACE_WITH_KNOTS('',3,1,((#8881,#8882),(#8883,#8884),(#8885,
#8886),(#8887,#8888),(#8889,#8890)),.UNSPECIFIED.,.F.,.F.,.F.,(4,1,4),(2,
2),(0.,0.0339637534766598,0.0737413858924635),(0.,0.0800000000000001),
 .UNSPECIFIED.);
#5168=B_SPLINE_SURFACE_WITH_KNOTS('',3,1,((#8904,#8905),(#8906,#8907),(#8908,
#8909),(#8910,#8911),(#8912,#8913)),.UNSPECIFIED.,.F.,.F.,.F.,(4,1,4),(2,
2),(0.,0.0299157610181046,0.0605775306981538),(0.,0.0800000000000001),
 .UNSPECIFIED.);
#5169=B_SPLINE_SURFACE_WITH_KNOTS('',3,1,((#8927,#8928),(#8929,#8930),(#8931,
#8932),(#8933,#8934),(#8935,#8936)),.UNSPECIFIED.,.F.,.F.,.F.,(4,1,4),(2,
2),(0.,0.0546459733174597,0.109879939285712),(0.,0.0800000000000001),
 .UNSPECIFIED.);
#5170=B_SPLINE_SURFACE_WITH_KNOTS('',3,1,((#8950,#8951),(#8952,#8953),(#8954,
#8955),(#8956,#8957),(#8958,#8959)),.UNSPECIFIED.,.F.,.F.,.F.,(4,1,4),(2,
2),(0.,0.0652285053449521,0.123033652898628),(0.,0.0800000000000001),
 .UNSPECIFIED.);
#5171=B_SPLINE_SURFACE_WITH_KNOTS('',3,1,((#8973,#8974),(#8975,#8976),(#8977,
#8978),(#8979,#8980),(#8981,#8982)),.UNSPECIFIED.,.F.,.F.,.F.,(4,1,4),(2,
2),(0.,0.0568469296351124,0.12155270350367),(0.,0.0800000000000001),
 .UNSPECIFIED.);
#5172=B_SPLINE_SURFACE_WITH_KNOTS('',3,1,((#8996,#8997),(#8998,#8999),(#9000,
#9001),(#9002,#9003),(#9004,#9005)),.UNSPECIFIED.,.F.,.F.,.F.,(4,1,4),(2,
2),(0.,0.0640461995873068,0.120272768121803),(0.,0.0800000000000001),
 .UNSPECIFIED.);
#5173=B_SPLINE_SURFACE_WITH_KNOTS('',3,1,((#9025,#9026),(#9027,#9028),(#9029,
#9030),(#9031,#9032),(#9033,#9034)),.UNSPECIFIED.,.F.,.F.,.F.,(4,1,4),(2,
2),(0.,0.0375179701973238,0.0800335123930926),(0.,0.0800000000000001),
 .UNSPECIFIED.);
#5174=B_SPLINE_SURFACE_WITH_KNOTS('',3,1,((#9048,#9049),(#9050,#9051),(#9052,
#9053),(#9054,#9055),(#9056,#9057)),.UNSPECIFIED.,.F.,.F.,.F.,(4,1,4),(2,
2),(0.,0.0404549665622204,0.0773518059567474),(0.,0.0800000000000001),
 .UNSPECIFIED.);
#5175=B_SPLINE_SURFACE_WITH_KNOTS('',3,1,((#9071,#9072),(#9073,#9074),(#9075,
#9076),(#9077,#9078),(#9079,#9080)),.UNSPECIFIED.,.F.,.F.,.F.,(4,1,4),(2,
2),(0.,0.0354121134006625,0.0738765251855123),(0.,0.0800000000000001),
 .UNSPECIFIED.);
#5176=B_SPLINE_SURFACE_WITH_KNOTS('',3,1,((#9094,#9095),(#9096,#9097),(#9098,
#9099),(#9100,#9101),(#9102,#9103)),.UNSPECIFIED.,.F.,.F.,.F.,(4,1,4),(2,
2),(0.,0.0342303210135999,0.068298049735794),(0.,0.0800000000000001),
 .UNSPECIFIED.);
#5177=B_SPLINE_SURFACE_WITH_KNOTS('',3,1,((#9117,#9118),(#9119,#9120),(#9121,
#9122),(#9123,#9124),(#9125,#9126)),.UNSPECIFIED.,.F.,.F.,.F.,(4,1,4),(2,
2),(0.,0.0437534499090946,0.0803580234314609),(0.,0.0800000000000001),
 .UNSPECIFIED.);
#5178=B_SPLINE_SURFACE_WITH_KNOTS('',3,1,((#9140,#9141),(#9142,#9143),(#9144,
#9145),(#9146,#9147),(#9148,#9149)),.UNSPECIFIED.,.F.,.F.,.F.,(4,1,4),(2,
2),(0.,0.0908154700048634,0.15292086159336),(0.,0.0800000000000001),
 .UNSPECIFIED.);
#5179=B_SPLINE_SURFACE_WITH_KNOTS('',3,1,((#9163,#9164),(#9165,#9166),(#9167,
#9168),(#9169,#9170),(#9171,#9172)),.UNSPECIFIED.,.F.,.F.,.F.,(4,1,4),(2,
2),(0.,0.0490851135575105,0.110607487905956),(0.,0.0800000000000001),
 .UNSPECIFIED.);
#5180=B_SPLINE_SURFACE_WITH_KNOTS('',3,1,((#9186,#9187),(#9188,#9189),(#9190,
#9191),(#9192,#9193),(#9194,#9195)),.UNSPECIFIED.,.F.,.F.,.F.,(4,1,4),(2,
2),(0.,0.0372947866103706,0.0780238734274599),(0.,0.0800000000000001),
 .UNSPECIFIED.);
#5181=B_SPLINE_SURFACE_WITH_KNOTS('',3,1,((#9209,#9210),(#9211,#9212),(#9213,
#9214),(#9215,#9216),(#9217,#9218)),.UNSPECIFIED.,.F.,.F.,.F.,(4,1,4),(2,
2),(0.,0.0217910867989323,0.0434483172669869),(0.,0.0800000000000001),
 .UNSPECIFIED.);
#5182=B_SPLINE_SURFACE_WITH_KNOTS('',3,1,((#9258,#9259),(#9260,#9261),(#9262,
#9263),(#9264,#9265),(#9266,#9267)),.UNSPECIFIED.,.F.,.F.,.F.,(4,1,4),(2,
2),(0.,0.0472745758158476,0.0866738005378113),(0.,0.0800000000000001),
 .UNSPECIFIED.);
#5183=B_SPLINE_SURFACE_WITH_KNOTS('',3,1,((#9281,#9282),(#9283,#9284),(#9285,
#9286),(#9287,#9288),(#9289,#9290)),.UNSPECIFIED.,.F.,.F.,.F.,(4,1,4),(2,
2),(0.,0.0551897050158099,0.107749556236625),(0.,0.0800000000000001),
 .UNSPECIFIED.);
#5184=B_SPLINE_SURFACE_WITH_KNOTS('',3,1,((#9310,#9311),(#9312,#9313),(#9314,
#9315),(#9316,#9317),(#9318,#9319)),.UNSPECIFIED.,.F.,.F.,.F.,(4,1,4),(2,
2),(0.,0.0387270999342029,0.0719123587156729),(0.,0.0800000000000001),
 .UNSPECIFIED.);
#5185=B_SPLINE_SURFACE_WITH_KNOTS('',3,1,((#9333,#9334),(#9335,#9336),(#9337,
#9338),(#9339,#9340),(#9341,#9342)),.UNSPECIFIED.,.F.,.F.,.F.,(4,1,4),(2,
2),(0.,0.0332542982856907,0.0721596069386628),(0.,0.0800000000000001),
 .UNSPECIFIED.);
#5186=B_SPLINE_SURFACE_WITH_KNOTS('',3,1,((#9373,#9374),(#9375,#9376),(#9377,
#9378),(#9379,#9380),(#9381,#9382)),.UNSPECIFIED.,.F.,.F.,.F.,(4,1,4),(2,
2),(0.,0.0610753476027705,0.118397575438087),(0.,0.0800000000000001),
 .UNSPECIFIED.);
#5187=B_SPLINE_SURFACE_WITH_KNOTS('',3,1,((#9399,#9400),(#9401,#9402),(#9403,
#9404),(#9405,#9406),(#9407,#9408)),.UNSPECIFIED.,.F.,.F.,.F.,(4,1,4),(2,
2),(0.,0.0638731384757737,0.131508677860341),(0.,0.0800000000000001),
 .UNSPECIFIED.);
#5188=B_SPLINE_SURFACE_WITH_KNOTS('',3,1,((#9422,#9423),(#9424,#9425),(#9426,
#9427),(#9428,#9429),(#9430,#9431)),.UNSPECIFIED.,.F.,.F.,.F.,(4,1,4),(2,
2),(0.,0.0617045681115293,0.123734456319688),(0.,0.0800000000000001),
 .UNSPECIFIED.);
#5189=B_SPLINE_SURFACE_WITH_KNOTS('',3,1,((#9445,#9446),(#9447,#9448),(#9449,
#9450),(#9451,#9452),(#9453,#9454)),.UNSPECIFIED.,.F.,.F.,.F.,(4,1,4),(2,
2),(0.,0.0405737228660203,0.0853350695821744),(0.,0.0800000000000001),
 .UNSPECIFIED.);
#5190=B_SPLINE_SURFACE_WITH_KNOTS('',3,1,((#9468,#9469),(#9470,#9471),(#9472,
#9473),(#9474,#9475),(#9476,#9477)),.UNSPECIFIED.,.F.,.F.,.F.,(4,1,4),(2,
2),(0.,0.0424338464910251,0.0823307425093003),(0.,0.0800000000000001),
 .UNSPECIFIED.);
#5191=B_SPLINE_SURFACE_WITH_KNOTS('',3,1,((#9491,#9492),(#9493,#9494),(#9495,
#9496),(#9497,#9498),(#9499,#9500)),.UNSPECIFIED.,.F.,.F.,.F.,(4,1,4),(2,
2),(0.,0.0321769566753228,0.0673182682992443),(0.,0.0800000000000001),
 .UNSPECIFIED.);
#5192=B_SPLINE_SURFACE_WITH_KNOTS('',3,1,((#9514,#9515),(#9516,#9517),(#9518,
#9519),(#9520,#9521),(#9522,#9523)),.UNSPECIFIED.,.F.,.F.,.F.,(4,1,4),(2,
2),(0.,0.0312555376472925,0.062193149567601),(0.,0.0800000000000001),
 .UNSPECIFIED.);
#5193=B_SPLINE_SURFACE_WITH_KNOTS('',3,1,((#9537,#9538),(#9539,#9540),(#9541,
#9542),(#9543,#9544),(#9545,#9546)),.UNSPECIFIED.,.F.,.F.,.F.,(4,1,4),(2,
2),(0.,0.0342057657538168,0.0676922560135504),(0.,0.0800000000000001),
 .UNSPECIFIED.);
#5194=B_SPLINE_SURFACE_WITH_KNOTS('',3,1,((#9560,#9561),(#9562,#9563),(#9564,
#9565),(#9566,#9567),(#9568,#9569)),.UNSPECIFIED.,.F.,.F.,.F.,(4,1,4),(2,
2),(0.,0.0367040089779317,0.0717278884739949),(0.,0.0800000000000001),
 .UNSPECIFIED.);
#5195=B_SPLINE_SURFACE_WITH_KNOTS('',3,1,((#9583,#9584),(#9585,#9586),(#9587,
#9588),(#9589,#9590),(#9591,#9592)),.UNSPECIFIED.,.F.,.F.,.F.,(4,1,4),(2,
2),(0.,0.0395569285603717,0.0779990605853786),(0.,0.0800000000000001),
 .UNSPECIFIED.);
#5196=B_SPLINE_SURFACE_WITH_KNOTS('',3,1,((#9606,#9607),(#9608,#9609),(#9610,
#9611),(#9612,#9613),(#9614,#9615)),.UNSPECIFIED.,.F.,.F.,.F.,(4,1,4),(2,
2),(0.,0.0515577297547186,0.106705839734694),(0.,0.0800000000000001),
 .UNSPECIFIED.);
#5197=B_SPLINE_SURFACE_WITH_KNOTS('',3,1,((#9629,#9630),(#9631,#9632),(#9633,
#9634),(#9635,#9636),(#9637,#9638)),.UNSPECIFIED.,.F.,.F.,.F.,(4,1,4),(2,
2),(0.,0.0577560143518382,0.110035964036563),(0.,0.0800000000000001),
 .UNSPECIFIED.);
#5198=B_SPLINE_SURFACE_WITH_KNOTS('',3,1,((#9658,#9659),(#9660,#9661),(#9662,
#9663),(#9664,#9665),(#9666,#9667)),.UNSPECIFIED.,.F.,.F.,.F.,(4,1,4),(2,
2),(0.,0.0342977307749464,0.0752204843304529),(0.,0.0800000000000001),
 .UNSPECIFIED.);
#5199=B_SPLINE_SURFACE_WITH_KNOTS('',3,1,((#9681,#9682),(#9683,#9684),(#9685,
#9686),(#9687,#9688),(#9689,#9690)),.UNSPECIFIED.,.F.,.F.,.F.,(4,1,4),(2,
2),(0.,0.0333062984553339,0.0650304159974321),(0.,0.0800000000000001),
 .UNSPECIFIED.);
#5200=B_SPLINE_SURFACE_WITH_KNOTS('',3,1,((#9704,#9705),(#9706,#9707),(#9708,
#9709),(#9710,#9711),(#9712,#9713)),.UNSPECIFIED.,.F.,.F.,.F.,(4,1,4),(2,
2),(0.,0.0310107670314217,0.0643027700297314),(0.,0.0800000000000001),
 .UNSPECIFIED.);
#5201=B_SPLINE_SURFACE_WITH_KNOTS('',3,1,((#9727,#9728),(#9729,#9730),(#9731,
#9732),(#9733,#9734),(#9735,#9736)),.UNSPECIFIED.,.F.,.F.,.F.,(4,1,4),(2,
2),(0.,0.0313904842147987,0.0617573469507271),(0.,0.0800000000000001),
 .UNSPECIFIED.);
#5202=B_SPLINE_SURFACE_WITH_KNOTS('',3,1,((#9750,#9751),(#9752,#9753),(#9754,
#9755),(#9756,#9757),(#9758,#9759)),.UNSPECIFIED.,.F.,.F.,.F.,(4,1,4),(2,
2),(0.,0.0350733740678862,0.0729845560340777),(0.,0.0800000000000001),
 .UNSPECIFIED.);
#5203=B_SPLINE_SURFACE_WITH_KNOTS('',3,1,((#9773,#9774),(#9775,#9776),(#9777,
#9778),(#9779,#9780),(#9781,#9782)),.UNSPECIFIED.,.F.,.F.,.F.,(4,1,4),(2,
2),(0.,0.0376108132970383,0.0743129721866254),(0.,0.0800000000000001),
 .UNSPECIFIED.);
#5204=B_SPLINE_SURFACE_WITH_KNOTS('',3,1,((#9796,#9797),(#9798,#9799),(#9800,
#9801),(#9802,#9803),(#9804,#9805)),.UNSPECIFIED.,.F.,.F.,.F.,(4,1,4),(2,
2),(0.,0.00556583404137605,0.00991769523789547),(0.,0.0800000000000001),
 .UNSPECIFIED.);
#5205=B_SPLINE_SURFACE_WITH_KNOTS('',3,1,((#9825,#9826),(#9827,#9828),(#9829,
#9830),(#9831,#9832),(#9833,#9834)),.UNSPECIFIED.,.F.,.F.,.F.,(4,1,4),(2,
2),(0.,0.0196002096404197,0.0439333859436336),(0.,0.0800000000000001),
 .UNSPECIFIED.);
#5206=B_SPLINE_SURFACE_WITH_KNOTS('',3,1,((#9848,#9849),(#9850,#9851),(#9852,
#9853),(#9854,#9855),(#9856,#9857)),.UNSPECIFIED.,.F.,.F.,.F.,(4,1,4),(2,
2),(0.,0.0376015574550056,0.0770915097376104),(0.,0.0800000000000001),
 .UNSPECIFIED.);
#5207=B_SPLINE_SURFACE_WITH_KNOTS('',3,1,((#9871,#9872),(#9873,#9874),(#9875,
#9876),(#9877,#9878),(#9879,#9880)),.UNSPECIFIED.,.F.,.F.,.F.,(4,1,4),(2,
2),(0.,0.0391541379235305,0.0764715612254127),(0.,0.0800000000000001),
 .UNSPECIFIED.);
#5208=B_SPLINE_SURFACE_WITH_KNOTS('',3,1,((#9894,#9895),(#9896,#9897),(#9898,
#9899),(#9900,#9901),(#9902,#9903)),.UNSPECIFIED.,.F.,.F.,.F.,(4,1,4),(2,
2),(0.,0.0404391751765394,0.0818812857336721),(0.,0.0800000000000001),
 .UNSPECIFIED.);
#5209=B_SPLINE_SURFACE_WITH_KNOTS('',3,1,((#9917,#9918),(#9919,#9920),(#9921,
#9922),(#9923,#9924),(#9925,#9926)),.UNSPECIFIED.,.F.,.F.,.F.,(4,1,4),(2,
2),(0.,0.0406038516044686,0.080618956644265),(0.,0.0800000000000001),
 .UNSPECIFIED.);
#5210=B_SPLINE_SURFACE_WITH_KNOTS('',3,1,((#9940,#9941),(#9942,#9943),(#9944,
#9945),(#9946,#9947),(#9948,#9949)),.UNSPECIFIED.,.F.,.F.,.F.,(4,1,4),(2,
2),(0.,0.0330921010431209,0.067337296503284),(0.,0.0800000000000001),
 .UNSPECIFIED.);
#5211=B_SPLINE_SURFACE_WITH_KNOTS('',3,1,((#9963,#9964),(#9965,#9966),(#9967,
#9968),(#9969,#9970),(#9971,#9972)),.UNSPECIFIED.,.F.,.F.,.F.,(4,1,4),(2,
2),(0.,0.0471374156499247,0.0844463385034418),(0.,0.0800000000000001),
 .UNSPECIFIED.);
#5212=B_SPLINE_SURFACE_WITH_KNOTS('',3,1,((#9992,#9993),(#9994,#9995),(#9996,
#9997),(#9998,#9999),(#10000,#10001)),.UNSPECIFIED.,.F.,.F.,.F.,(4,1,4),
(2,2),(0.,0.0564294709496232,0.115111848789961),(0.,0.0800000000000001),
 .UNSPECIFIED.);
#5213=B_SPLINE_SURFACE_WITH_KNOTS('',3,1,((#10014,#10015),(#10016,#10017),
(#10018,#10019),(#10020,#10021),(#10022,#10023)),.UNSPECIFIED.,.F.,.F.,
 .F.,(4,1,4),(2,2),(0.,0.0627197098398673,0.119946942309451),(0.,0.0800000000000001),
 .UNSPECIFIED.);
#5214=B_SPLINE_SURFACE_WITH_KNOTS('',3,1,((#10040,#10041),(#10042,#10043),
(#10044,#10045),(#10046,#10047),(#10048,#10049)),.UNSPECIFIED.,.F.,.F.,
 .F.,(4,1,4),(2,2),(0.,0.072853600854711,0.148822340672413),(0.,0.0800000000000001),
 .UNSPECIFIED.);
#5215=B_SPLINE_SURFACE_WITH_KNOTS('',3,1,((#10063,#10064),(#10065,#10066),
(#10067,#10068),(#10069,#10070),(#10071,#10072)),.UNSPECIFIED.,.F.,.F.,
 .F.,(4,1,4),(2,2),(0.,0.0640358816831102,0.125702735904233),(0.,0.0800000000000001),
 .UNSPECIFIED.);
#5216=B_SPLINE_SURFACE_WITH_KNOTS('',3,1,((#10086,#10087),(#10088,#10089),
(#10090,#10091),(#10092,#10093),(#10094,#10095)),.UNSPECIFIED.,.F.,.F.,
 .F.,(4,1,4),(2,2),(0.,0.0618681352980181,0.127640514642888),(0.,0.0800000000000001),
 .UNSPECIFIED.);
#5217=B_SPLINE_SURFACE_WITH_KNOTS('',3,1,((#10109,#10110),(#10111,#10112),
(#10113,#10114),(#10115,#10116),(#10117,#10118)),.UNSPECIFIED.,.F.,.F.,
 .F.,(4,1,4),(2,2),(0.,0.0614242280757362,0.122013841226584),(0.,0.0800000000000001),
 .UNSPECIFIED.);
#5218=B_SPLINE_SURFACE_WITH_KNOTS('',3,1,((#10132,#10133),(#10134,#10135),
(#10136,#10137),(#10138,#10139),(#10140,#10141)),.UNSPECIFIED.,.F.,.F.,
 .F.,(4,1,4),(2,2),(0.,0.0517851519522547,0.100763289056962),(0.,0.0800000000000001),
 .UNSPECIFIED.);
#5219=B_SPLINE_SURFACE_WITH_KNOTS('',3,1,((#10191,#10192),(#10193,#10194),
(#10195,#10196),(#10197,#10198),(#10199,#10200)),.UNSPECIFIED.,.F.,.F.,
 .F.,(4,1,4),(2,2),(0.,0.0262669441094077,0.0515730003932563),(0.,0.0800000000000001),
 .UNSPECIFIED.);
#5220=B_SPLINE_SURFACE_WITH_KNOTS('',3,1,((#10214,#10215),(#10216,#10217),
(#10218,#10219),(#10220,#10221),(#10222,#10223)),.UNSPECIFIED.,.F.,.F.,
 .F.,(4,1,4),(2,2),(0.,0.0284283714879703,0.0557413051256862),(0.,0.0800000000000001),
 .UNSPECIFIED.);
#5221=B_SPLINE_SURFACE_WITH_KNOTS('',3,1,((#10237,#10238),(#10239,#10240),
(#10241,#10242),(#10243,#10244),(#10245,#10246)),.UNSPECIFIED.,.F.,.F.,
 .F.,(4,1,4),(2,2),(0.,0.0408648848577099,0.0846717705740038),(0.,0.0800000000000001),
 .UNSPECIFIED.);
#5222=B_SPLINE_SURFACE_WITH_KNOTS('',3,1,((#10260,#10261),(#10262,#10263),
(#10264,#10265),(#10266,#10267),(#10268,#10269)),.UNSPECIFIED.,.F.,.F.,
 .F.,(4,1,4),(2,2),(0.,0.0475636126146235,0.0897992944261258),(0.,0.0800000000000001),
 .UNSPECIFIED.);
#5223=B_SPLINE_SURFACE_WITH_KNOTS('',3,1,((#10283,#10284),(#10285,#10286),
(#10287,#10288),(#10289,#10290),(#10291,#10292)),.UNSPECIFIED.,.F.,.F.,
 .F.,(4,1,4),(2,2),(0.,0.0451858352075359,0.0955690738275269),(0.,0.0800000000000001),
 .UNSPECIFIED.);
#5224=B_SPLINE_SURFACE_WITH_KNOTS('',3,1,((#10306,#10307),(#10308,#10309),
(#10310,#10311),(#10312,#10313),(#10314,#10315)),.UNSPECIFIED.,.F.,.F.,
 .F.,(4,1,4),(2,2),(0.,0.0417719491070894,0.0841000439771112),(0.,0.0800000000000001),
 .UNSPECIFIED.);
#5225=B_SPLINE_SURFACE_WITH_KNOTS('',3,1,((#10329,#10330),(#10331,#10332),
(#10333,#10334),(#10335,#10336),(#10337,#10338)),.UNSPECIFIED.,.F.,.F.,
 .F.,(4,1,4),(2,2),(0.,0.0338678413150431,0.0685620567337463),(0.,0.0800000000000001),
 .UNSPECIFIED.);
#5226=B_SPLINE_SURFACE_WITH_KNOTS('',3,1,((#10352,#10353),(#10354,#10355),
(#10356,#10357),(#10358,#10359),(#10360,#10361)),.UNSPECIFIED.,.F.,.F.,
 .F.,(4,1,4),(2,2),(0.,0.042936932216716,0.0794229547053171),(0.,0.0800000000000001),
 .UNSPECIFIED.);
#5227=B_SPLINE_SURFACE_WITH_KNOTS('',3,1,((#10381,#10382),(#10383,#10384),
(#10385,#10386),(#10387,#10388),(#10389,#10390)),.UNSPECIFIED.,.F.,.F.,
 .F.,(4,1,4),(2,2),(0.,0.0557992389326012,0.114706257561376),(0.,0.0800000000000001),
 .UNSPECIFIED.);
#5228=B_SPLINE_SURFACE_WITH_KNOTS('',3,1,((#10403,#10404),(#10405,#10406),
(#10407,#10408),(#10409,#10410),(#10411,#10412)),.UNSPECIFIED.,.F.,.F.,
 .F.,(4,1,4),(2,2),(0.,0.0834828267181977,0.158230793087571),(0.,0.0800000000000001),
 .UNSPECIFIED.);
#5229=B_SPLINE_SURFACE_WITH_KNOTS('',3,1,((#10429,#10430),(#10431,#10432),
(#10433,#10434),(#10435,#10436),(#10437,#10438)),.UNSPECIFIED.,.F.,.F.,
 .F.,(4,1,4),(2,2),(0.,0.0863378669212026,0.173320094222271),(0.,0.0800000000000001),
 .UNSPECIFIED.);
#5230=B_SPLINE_SURFACE_WITH_KNOTS('',3,1,((#10452,#10453),(#10454,#10455),
(#10456,#10457),(#10458,#10459),(#10460,#10461)),.UNSPECIFIED.,.F.,.F.,
 .F.,(4,1,4),(2,2),(0.,0.0654480883065756,0.144688986355528),(0.,0.0800000000000001),
 .UNSPECIFIED.);
#5231=B_SPLINE_SURFACE_WITH_KNOTS('',3,1,((#10481,#10482),(#10483,#10484),
(#10485,#10486),(#10487,#10488),(#10489,#10490)),.UNSPECIFIED.,.F.,.F.,
 .F.,(4,1,4),(2,2),(0.,0.0674502230403241,0.139654095901599),(0.,0.0800000000000001),
 .UNSPECIFIED.);
#5232=B_SPLINE_SURFACE_WITH_KNOTS('',3,1,((#10504,#10505),(#10506,#10507),
(#10508,#10509),(#10510,#10511),(#10512,#10513)),.UNSPECIFIED.,.F.,.F.,
 .F.,(4,1,4),(2,2),(0.,0.0949559097434613,0.188046095621246),(0.,0.0800000000000001),
 .UNSPECIFIED.);
#5233=B_SPLINE_SURFACE_WITH_KNOTS('',3,1,((#10527,#10528),(#10529,#10530),
(#10531,#10532),(#10533,#10534),(#10535,#10536)),.UNSPECIFIED.,.F.,.F.,
 .F.,(4,1,4),(2,2),(0.,0.0759298508360621,0.165317634624141),(0.,0.0800000000000001),
 .UNSPECIFIED.);
#5234=B_SPLINE_SURFACE_WITH_KNOTS('',3,1,((#10573,#10574),(#10575,#10576),
(#10577,#10578),(#10579,#10580),(#10581,#10582)),.UNSPECIFIED.,.F.,.F.,
 .F.,(4,1,4),(2,2),(0.,0.0394988511456073,0.0777590875577101),(0.,0.0800000000000001),
 .UNSPECIFIED.);
#5235=B_SPLINE_SURFACE_WITH_KNOTS('',3,1,((#10599,#10600),(#10601,#10602),
(#10603,#10604),(#10605,#10606),(#10607,#10608)),.UNSPECIFIED.,.F.,.F.,
 .F.,(4,1,4),(2,2),(0.,0.0392374244798337,0.0789038416010834),(0.,0.0800000000000001),
 .UNSPECIFIED.);
#5236=B_SPLINE_SURFACE_WITH_KNOTS('',3,1,((#10622,#10623),(#10624,#10625),
(#10626,#10627),(#10628,#10629),(#10630,#10631)),.UNSPECIFIED.,.F.,.F.,
 .F.,(4,1,4),(2,2),(0.,0.043903338707427,0.0845028358580415),(0.,0.0800000000000001),
 .UNSPECIFIED.);
#5237=B_SPLINE_SURFACE_WITH_KNOTS('',3,1,((#10645,#10646),(#10647,#10648),
(#10649,#10650),(#10651,#10652),(#10653,#10654)),.UNSPECIFIED.,.F.,.F.,
 .F.,(4,1,4),(2,2),(0.,0.0446152851786176,0.0934688491099336),(0.,0.0800000000000001),
 .UNSPECIFIED.);
#5238=B_SPLINE_SURFACE_WITH_KNOTS('',3,1,((#10668,#10669),(#10670,#10671),
(#10672,#10673),(#10674,#10675),(#10676,#10677)),.UNSPECIFIED.,.F.,.F.,
 .F.,(4,1,4),(2,2),(0.,0.0391857270156543,0.0806258232515251),(0.,0.0800000000000001),
 .UNSPECIFIED.);
#5239=B_SPLINE_SURFACE_WITH_KNOTS('',3,1,((#10691,#10692),(#10693,#10694),
(#10695,#10696),(#10697,#10698),(#10699,#10700)),.UNSPECIFIED.,.F.,.F.,
 .F.,(4,1,4),(2,2),(0.,0.0386597436353011,0.0761361519538434),(0.,0.0800000000000001),
 .UNSPECIFIED.);
#5240=B_SPLINE_SURFACE_WITH_KNOTS('',3,1,((#10714,#10715),(#10716,#10717),
(#10718,#10719),(#10720,#10721),(#10722,#10723)),.UNSPECIFIED.,.F.,.F.,
 .F.,(4,1,4),(2,2),(0.,0.047933252337126,0.0901537432213935),(0.,0.0800000000000001),
 .UNSPECIFIED.);
#5241=B_SPLINE_SURFACE_WITH_KNOTS('',3,1,((#10737,#10738),(#10739,#10740),
(#10741,#10742),(#10743,#10744),(#10745,#10746)),.UNSPECIFIED.,.F.,.F.,
 .F.,(4,1,4),(2,2),(0.,0.0412998748142406,0.0889551600979055),(0.,0.0800000000000001),
 .UNSPECIFIED.);
#5242=B_SPLINE_SURFACE_WITH_KNOTS('',3,1,((#10757,#10758),(#10759,#10760),
(#10761,#10762),(#10763,#10764),(#10765,#10766)),.UNSPECIFIED.,.F.,.F.,
 .F.,(4,1,4),(2,2),(0.,0.0539033664421157,0.102901750395014),(0.,0.0800000000000001),
 .UNSPECIFIED.);
#5243=B_SPLINE_SURFACE_WITH_KNOTS('',3,1,((#10783,#10784),(#10785,#10786),
(#10787,#10788),(#10789,#10790),(#10791,#10792)),.UNSPECIFIED.,.F.,.F.,
 .F.,(4,1,4),(2,2),(0.,0.0497624477264923,0.101963431063346),(0.,0.0800000000000001),
 .UNSPECIFIED.);
#5244=B_SPLINE_SURFACE_WITH_KNOTS('',3,1,((#10806,#10807),(#10808,#10809),
(#10810,#10811),(#10812,#10813),(#10814,#10815)),.UNSPECIFIED.,.F.,.F.,
 .F.,(4,1,4),(2,2),(0.,0.0562135654102698,0.107522572435112),(0.,0.0800000000000001),
 .UNSPECIFIED.);
#5245=B_SPLINE_SURFACE_WITH_KNOTS('',3,1,((#10829,#10830),(#10831,#10832),
(#10833,#10834),(#10835,#10836),(#10837,#10838)),.UNSPECIFIED.,.F.,.F.,
 .F.,(4,1,4),(2,2),(0.,0.0862756250673372,0.154755083513855),(0.,0.0800000000000001),
 .UNSPECIFIED.);
#5246=B_SPLINE_SURFACE_WITH_KNOTS('',3,1,((#10852,#10853),(#10854,#10855),
(#10856,#10857),(#10858,#10859),(#10860,#10861)),.UNSPECIFIED.,.F.,.F.,
 .F.,(4,1,4),(2,2),(0.,0.0614278130587069,0.142773013808487),(0.,0.0800000000000001),
 .UNSPECIFIED.);
#5247=B_SPLINE_SURFACE_WITH_KNOTS('',3,1,((#10875,#10876),(#10877,#10878),
(#10879,#10880),(#10881,#10882),(#10883,#10884)),.UNSPECIFIED.,.F.,.F.,
 .F.,(4,1,4),(2,2),(0.,0.0478250233988194,0.0980697749958685),(0.,0.0800000000000001),
 .UNSPECIFIED.);
#5248=B_SPLINE_SURFACE_WITH_KNOTS('',3,1,((#10898,#10899),(#10900,#10901),
(#10902,#10903),(#10904,#10905),(#10906,#10907)),.UNSPECIFIED.,.F.,.F.,
 .F.,(4,1,4),(2,2),(0.,0.0471002935910652,0.0938312363437858),(0.,0.0800000000000001),
 .UNSPECIFIED.);
#5249=B_SPLINE_SURFACE_WITH_KNOTS('',3,1,((#10921,#10922),(#10923,#10924),
(#10925,#10926),(#10927,#10928),(#10929,#10930)),.UNSPECIFIED.,.F.,.F.,
 .F.,(4,1,4),(2,2),(0.,0.0614448244139299,0.124424785137188),(0.,0.0800000000000001),
 .UNSPECIFIED.);
#5250=B_SPLINE_SURFACE_WITH_KNOTS('',3,1,((#10944,#10945),(#10946,#10947),
(#10948,#10949),(#10950,#10951),(#10952,#10953)),.UNSPECIFIED.,.F.,.F.,
 .F.,(4,1,4),(2,2),(0.,0.0695420717516922,0.132926869225299),(0.,0.0800000000000001),
 .UNSPECIFIED.);
#5251=B_SPLINE_SURFACE_WITH_KNOTS('',3,1,((#10967,#10968),(#10969,#10970),
(#10971,#10972),(#10973,#10974),(#10975,#10976)),.UNSPECIFIED.,.F.,.F.,
 .F.,(4,1,4),(2,2),(0.,0.0613339947432805,0.12870360827559),(0.,0.0800000000000001),
 .UNSPECIFIED.);
#5252=B_SPLINE_SURFACE_WITH_KNOTS('',3,1,((#10990,#10991),(#10992,#10993),
(#10994,#10995),(#10996,#10997),(#10998,#10999)),.UNSPECIFIED.,.F.,.F.,
 .F.,(4,1,4),(2,2),(0.,0.0583937831469982,0.116875064484167),(0.,0.0800000000000001),
 .UNSPECIFIED.);
#5253=B_SPLINE_SURFACE_WITH_KNOTS('',3,1,((#11013,#11014),(#11015,#11016),
(#11017,#11018),(#11019,#11020),(#11021,#11022)),.UNSPECIFIED.,.F.,.F.,
 .F.,(4,1,4),(2,2),(0.,0.0357532840831579,0.0718490146087595),(0.,0.0800000000000001),
 .UNSPECIFIED.);
#5254=B_SPLINE_SURFACE_WITH_KNOTS('',3,1,((#11036,#11037),(#11038,#11039),
(#11040,#11041),(#11042,#11043),(#11044,#11045)),.UNSPECIFIED.,.F.,.F.,
 .F.,(4,1,4),(2,2),(0.,0.0344119940372132,0.0700201861488216),(0.,0.0800000000000001),
 .UNSPECIFIED.);
#5255=B_SPLINE_SURFACE_WITH_KNOTS('',3,1,((#11059,#11060),(#11061,#11062),
(#11063,#11064),(#11065,#11066),(#11067,#11068)),.UNSPECIFIED.,.F.,.F.,
 .F.,(4,1,4),(2,2),(0.,0.00511669584497052,0.0122835956500121),(0.,0.0800000000000001),
 .UNSPECIFIED.);
#5256=B_SPLINE_SURFACE_WITH_KNOTS('',3,1,((#11082,#11083),(#11084,#11085),
(#11086,#11087),(#11088,#11089),(#11090,#11091)),.UNSPECIFIED.,.F.,.F.,
 .F.,(4,1,4),(2,2),(0.,0.0378121228900605,0.0757401848352604),(0.,0.0800000000000001),
 .UNSPECIFIED.);
#5257=B_SPLINE_SURFACE_WITH_KNOTS('',3,1,((#11105,#11106),(#11107,#11108),
(#11109,#11110),(#11111,#11112),(#11113,#11114)),.UNSPECIFIED.,.F.,.F.,
 .F.,(4,1,4),(2,2),(0.,0.0284856085928077,0.0631402316591597),(0.,0.0800000000000001),
 .UNSPECIFIED.);
#5258=B_SPLINE_SURFACE_WITH_KNOTS('',3,1,((#11128,#11129),(#11130,#11131),
(#11132,#11133),(#11134,#11135),(#11136,#11137)),.UNSPECIFIED.,.F.,.F.,
 .F.,(4,1,4),(2,2),(0.,0.0246785992176313,0.0495403448005961),(0.,0.0800000000000001),
 .UNSPECIFIED.);
#5259=B_SPLINE_SURFACE_WITH_KNOTS('',3,1,((#11151,#11152),(#11153,#11154),
(#11155,#11156),(#11157,#11158),(#11159,#11160)),.UNSPECIFIED.,.F.,.F.,
 .F.,(4,1,4),(2,2),(0.,0.0267149049225851,0.0516261784150691),(0.,0.0800000000000001),
 .UNSPECIFIED.);
#5260=B_SPLINE_SURFACE_WITH_KNOTS('',3,1,((#11174,#11175),(#11176,#11177),
(#11178,#11179),(#11180,#11181),(#11182,#11183)),.UNSPECIFIED.,.F.,.F.,
 .F.,(4,1,4),(2,2),(0.,0.0279321433902613,0.0583942075983068),(0.,0.0800000000000001),
 .UNSPECIFIED.);
#5261=B_SPLINE_SURFACE_WITH_KNOTS('',3,1,((#11197,#11198),(#11199,#11200),
(#11201,#11202),(#11203,#11204),(#11205,#11206)),.UNSPECIFIED.,.F.,.F.,
 .F.,(4,1,4),(2,2),(0.,0.0375194855488833,0.0677418228842806),(0.,0.0800000000000001),
 .UNSPECIFIED.);
#5262=B_SPLINE_SURFACE_WITH_KNOTS('',3,1,((#11226,#11227),(#11228,#11229),
(#11230,#11231),(#11232,#11233),(#11234,#11235)),.UNSPECIFIED.,.F.,.F.,
 .F.,(4,1,4),(2,2),(0.,0.0493013359643665,0.103821617157995),(0.,0.0800000000000001),
 .UNSPECIFIED.);
#5263=B_SPLINE_SURFACE_WITH_KNOTS('',3,1,((#11257,#11258),(#11259,#11260),
(#11261,#11262),(#11263,#11264),(#11265,#11266)),.UNSPECIFIED.,.F.,.F.,
 .F.,(4,1,4),(2,2),(0.,0.0472745758158476,0.0866738005378113),(0.,0.0800000000000001),
 .UNSPECIFIED.);
#5264=B_SPLINE_SURFACE_WITH_KNOTS('',3,1,((#11280,#11281),(#11282,#11283),
(#11284,#11285),(#11286,#11287),(#11288,#11289)),.UNSPECIFIED.,.F.,.F.,
 .F.,(4,1,4),(2,2),(0.,0.0551897050158099,0.107749556236625),(0.,0.0800000000000001),
 .UNSPECIFIED.);
#5265=B_SPLINE_SURFACE_WITH_KNOTS('',3,1,((#11309,#11310),(#11311,#11312),
(#11313,#11314),(#11315,#11316),(#11317,#11318)),.UNSPECIFIED.,.F.,.F.,
 .F.,(4,1,4),(2,2),(0.,0.0387270999342029,0.0719123587156729),(0.,0.0800000000000001),
 .UNSPECIFIED.);
#5266=B_SPLINE_SURFACE_WITH_KNOTS('',3,1,((#11332,#11333),(#11334,#11335),
(#11336,#11337),(#11338,#11339),(#11340,#11341)),.UNSPECIFIED.,.F.,.F.,
 .F.,(4,1,4),(2,2),(0.,0.0332542752847683,0.0721596089536082),(0.,0.0800000000000001),
 .UNSPECIFIED.);
#5267=B_SPLINE_SURFACE_WITH_KNOTS('',3,1,((#11381,#11382),(#11383,#11384),
(#11385,#11386),(#11387,#11388),(#11389,#11390)),.UNSPECIFIED.,.F.,.F.,
 .F.,(4,1,4),(2,2),(0.,0.0472745758158476,0.0866738005378113),(0.,0.0800000000000001),
 .UNSPECIFIED.);
#5268=B_SPLINE_SURFACE_WITH_KNOTS('',3,1,((#11404,#11405),(#11406,#11407),
(#11408,#11409),(#11410,#11411),(#11412,#11413)),.UNSPECIFIED.,.F.,.F.,
 .F.,(4,1,4),(2,2),(0.,0.0551897050158099,0.107749556236625),(0.,0.0800000000000001),
 .UNSPECIFIED.);
#5269=B_SPLINE_SURFACE_WITH_KNOTS('',3,1,((#11433,#11434),(#11435,#11436),
(#11437,#11438),(#11439,#11440),(#11441,#11442)),.UNSPECIFIED.,.F.,.F.,
 .F.,(4,1,4),(2,2),(0.,0.0387270999342029,0.0719123587156729),(0.,0.0800000000000001),
 .UNSPECIFIED.);
#5270=B_SPLINE_SURFACE_WITH_KNOTS('',3,1,((#11456,#11457),(#11458,#11459),
(#11460,#11461),(#11462,#11463),(#11464,#11465)),.UNSPECIFIED.,.F.,.F.,
 .F.,(4,1,4),(2,2),(0.,0.0332542982856907,0.0721596069386628),(0.,0.0800000000000001),
 .UNSPECIFIED.);
#5271=B_SPLINE_SURFACE_WITH_KNOTS('',3,1,((#11505,#11506),(#11507,#11508),
(#11509,#11510),(#11511,#11512),(#11513,#11514)),.UNSPECIFIED.,.F.,.F.,
 .F.,(4,1,4),(2,2),(0.,0.0472746186027961,0.0866737935331426),(0.,0.0800000000000001),
 .UNSPECIFIED.);
#5272=B_SPLINE_SURFACE_WITH_KNOTS('',3,1,((#11528,#11529),(#11530,#11531),
(#11532,#11533),(#11534,#11535),(#11536,#11537)),.UNSPECIFIED.,.F.,.F.,
 .F.,(4,1,4),(2,2),(0.,0.0551897194734553,0.10774957069427),(0.,0.0800000000000001),
 .UNSPECIFIED.);
#5273=B_SPLINE_SURFACE_WITH_KNOTS('',3,1,((#11557,#11558),(#11559,#11560),
(#11561,#11562),(#11563,#11564),(#11565,#11566)),.UNSPECIFIED.,.F.,.F.,
 .F.,(4,1,4),(2,2),(0.,0.0387271284116506,0.0719123634552067),(0.,0.0800000000000001),
 .UNSPECIFIED.);
#5274=B_SPLINE_SURFACE_WITH_KNOTS('',3,1,((#11580,#11581),(#11582,#11583),
(#11584,#11585),(#11586,#11587),(#11588,#11589)),.UNSPECIFIED.,.F.,.F.,
 .F.,(4,1,4),(2,2),(0.,0.0332543361874765,0.0721596124438792),(0.,0.0800000000000001),
 .UNSPECIFIED.);
#5275=ADVANCED_FACE('',(#153),#5062,.T.);
#5276=ADVANCED_FACE('',(#154),#5063,.T.);
#5277=ADVANCED_FACE('',(#155),#5064,.T.);
#5278=ADVANCED_FACE('',(#156),#5065,.T.);
#5279=ADVANCED_FACE('',(#157),#5066,.T.);
#5280=ADVANCED_FACE('',(#158),#5067,.T.);
#5281=ADVANCED_FACE('',(#159),#5068,.T.);
#5282=ADVANCED_FACE('',(#160),#5069,.T.);
#5283=ADVANCED_FACE('',(#161),#5070,.T.);
#5284=ADVANCED_FACE('',(#162),#59,.T.);
#5285=ADVANCED_FACE('',(#163),#5071,.T.);
#5286=ADVANCED_FACE('',(#164),#5072,.T.);
#5287=ADVANCED_FACE('',(#165),#5073,.T.);
#5288=ADVANCED_FACE('',(#166),#5074,.T.);
#5289=ADVANCED_FACE('',(#167),#5075,.T.);
#5290=ADVANCED_FACE('',(#168),#5076,.T.);
#5291=ADVANCED_FACE('',(#169),#5077,.T.);
#5292=ADVANCED_FACE('',(#170),#5078,.T.);
#5293=ADVANCED_FACE('',(#171),#5079,.T.);
#5294=ADVANCED_FACE('',(#172),#60,.T.);
#5295=ADVANCED_FACE('',(#173),#61,.T.);
#5296=ADVANCED_FACE('',(#174),#62,.T.);
#5297=ADVANCED_FACE('',(#175),#63,.T.);
#5298=ADVANCED_FACE('',(#176),#64,.F.);
#5299=ADVANCED_FACE('',(#177),#65,.T.);
#5300=ADVANCED_FACE('',(#178),#5080,.T.);
#5301=ADVANCED_FACE('',(#179),#5081,.T.);
#5302=ADVANCED_FACE('',(#180),#66,.T.);
#5303=ADVANCED_FACE('',(#181),#5082,.T.);
#5304=ADVANCED_FACE('',(#182),#5083,.T.);
#5305=ADVANCED_FACE('',(#183),#67,.T.);
#5306=ADVANCED_FACE('',(#184),#68,.T.);
#5307=ADVANCED_FACE('',(#185),#69,.T.);
#5308=ADVANCED_FACE('',(#186),#70,.T.);
#5309=ADVANCED_FACE('',(#187),#71,.F.);
#5310=ADVANCED_FACE('',(#188),#5084,.T.);
#5311=ADVANCED_FACE('',(#189),#5085,.T.);
#5312=ADVANCED_FACE('',(#190),#5086,.T.);
#5313=ADVANCED_FACE('',(#191),#5087,.T.);
#5314=ADVANCED_FACE('',(#192),#5088,.T.);
#5315=ADVANCED_FACE('',(#193),#5089,.T.);
#5316=ADVANCED_FACE('',(#194),#5090,.T.);
#5317=ADVANCED_FACE('',(#195),#5091,.T.);
#5318=ADVANCED_FACE('',(#196),#5092,.T.);
#5319=ADVANCED_FACE('',(#197),#5093,.T.);
#5320=ADVANCED_FACE('',(#198),#5094,.T.);
#5321=ADVANCED_FACE('',(#199),#5095,.T.);
#5322=ADVANCED_FACE('',(#200),#5096,.T.);
#5323=ADVANCED_FACE('',(#201),#5097,.T.);
#5324=ADVANCED_FACE('',(#202),#5098,.T.);
#5325=ADVANCED_FACE('',(#203),#5099,.T.);
#5326=ADVANCED_FACE('',(#204),#5100,.T.);
#5327=ADVANCED_FACE('',(#205),#5101,.T.);
#5328=ADVANCED_FACE('',(#206),#5102,.T.);
#5329=ADVANCED_FACE('',(#207),#5103,.T.);
#5330=ADVANCED_FACE('',(#208,#17),#72,.T.);
#5331=ADVANCED_FACE('',(#209,#18),#73,.F.);
#5332=ADVANCED_FACE('',(#210),#5104,.T.);
#5333=ADVANCED_FACE('',(#211),#5105,.T.);
#5334=ADVANCED_FACE('',(#212),#5106,.T.);
#5335=ADVANCED_FACE('',(#213),#5107,.T.);
#5336=ADVANCED_FACE('',(#214),#5108,.T.);
#5337=ADVANCED_FACE('',(#215),#5109,.T.);
#5338=ADVANCED_FACE('',(#216),#5110,.T.);
#5339=ADVANCED_FACE('',(#217),#5111,.T.);
#5340=ADVANCED_FACE('',(#218),#5112,.T.);
#5341=ADVANCED_FACE('',(#219),#5113,.T.);
#5342=ADVANCED_FACE('',(#220),#5114,.T.);
#5343=ADVANCED_FACE('',(#221),#5115,.T.);
#5344=ADVANCED_FACE('',(#222),#5116,.T.);
#5345=ADVANCED_FACE('',(#223),#5117,.T.);
#5346=ADVANCED_FACE('',(#224),#5118,.T.);
#5347=ADVANCED_FACE('',(#225),#5119,.T.);
#5348=ADVANCED_FACE('',(#226),#5120,.T.);
#5349=ADVANCED_FACE('',(#227),#5121,.T.);
#5350=ADVANCED_FACE('',(#228),#5122,.T.);
#5351=ADVANCED_FACE('',(#229),#5123,.T.);
#5352=ADVANCED_FACE('',(#230),#5124,.T.);
#5353=ADVANCED_FACE('',(#231),#5125,.T.);
#5354=ADVANCED_FACE('',(#232),#5126,.T.);
#5355=ADVANCED_FACE('',(#233),#5127,.T.);
#5356=ADVANCED_FACE('',(#234),#5128,.T.);
#5357=ADVANCED_FACE('',(#235),#5129,.T.);
#5358=ADVANCED_FACE('',(#236),#5130,.T.);
#5359=ADVANCED_FACE('',(#237),#5131,.T.);
#5360=ADVANCED_FACE('',(#238),#5132,.T.);
#5361=ADVANCED_FACE('',(#239),#5133,.T.);
#5362=ADVANCED_FACE('',(#240),#5134,.T.);
#5363=ADVANCED_FACE('',(#241),#5135,.T.);
#5364=ADVANCED_FACE('',(#242),#5136,.T.);
#5365=ADVANCED_FACE('',(#243,#19,#20),#74,.T.);
#5366=ADVANCED_FACE('',(#244,#21,#22),#75,.F.);
#5367=ADVANCED_FACE('',(#245),#5137,.T.);
#5368=ADVANCED_FACE('',(#246),#5138,.T.);
#5369=ADVANCED_FACE('',(#247),#5139,.T.);
#5370=ADVANCED_FACE('',(#248),#5140,.T.);
#5371=ADVANCED_FACE('',(#249),#5141,.T.);
#5372=ADVANCED_FACE('',(#250),#5142,.T.);
#5373=ADVANCED_FACE('',(#251),#5143,.T.);
#5374=ADVANCED_FACE('',(#252),#5144,.T.);
#5375=ADVANCED_FACE('',(#253),#5145,.T.);
#5376=ADVANCED_FACE('',(#254),#5146,.T.);
#5377=ADVANCED_FACE('',(#255),#5147,.T.);
#5378=ADVANCED_FACE('',(#256),#5148,.T.);
#5379=ADVANCED_FACE('',(#257),#5149,.T.);
#5380=ADVANCED_FACE('',(#258),#5150,.T.);
#5381=ADVANCED_FACE('',(#259),#5151,.T.);
#5382=ADVANCED_FACE('',(#260),#5152,.T.);
#5383=ADVANCED_FACE('',(#261),#5153,.T.);
#5384=ADVANCED_FACE('',(#262),#5154,.T.);
#5385=ADVANCED_FACE('',(#263),#5155,.T.);
#5386=ADVANCED_FACE('',(#264),#5156,.T.);
#5387=ADVANCED_FACE('',(#265),#5157,.T.);
#5388=ADVANCED_FACE('',(#266),#5158,.T.);
#5389=ADVANCED_FACE('',(#267),#5159,.T.);
#5390=ADVANCED_FACE('',(#268),#5160,.T.);
#5391=ADVANCED_FACE('',(#269),#5161,.T.);
#5392=ADVANCED_FACE('',(#270),#5162,.T.);
#5393=ADVANCED_FACE('',(#271),#76,.T.);
#5394=ADVANCED_FACE('',(#272),#5163,.T.);
#5395=ADVANCED_FACE('',(#273,#23),#77,.T.);
#5396=ADVANCED_FACE('',(#274,#24),#78,.F.);
#5397=ADVANCED_FACE('',(#275),#79,.T.);
#5398=ADVANCED_FACE('',(#276),#80,.T.);
#5399=ADVANCED_FACE('',(#277),#81,.T.);
#5400=ADVANCED_FACE('',(#278),#82,.T.);
#5401=ADVANCED_FACE('',(#279),#83,.T.);
#5402=ADVANCED_FACE('',(#280),#84,.T.);
#5403=ADVANCED_FACE('',(#281),#85,.T.);
#5404=ADVANCED_FACE('',(#282),#86,.T.);
#5405=ADVANCED_FACE('',(#283),#87,.T.);
#5406=ADVANCED_FACE('',(#284),#88,.T.);
#5407=ADVANCED_FACE('',(#285),#89,.T.);
#5408=ADVANCED_FACE('',(#286),#90,.T.);
#5409=ADVANCED_FACE('',(#287),#91,.T.);
#5410=ADVANCED_FACE('',(#288),#92,.T.);
#5411=ADVANCED_FACE('',(#289,#25),#93,.T.);
#5412=ADVANCED_FACE('',(#290,#26),#94,.T.);
#5413=ADVANCED_FACE('',(#291),#5164,.T.);
#5414=ADVANCED_FACE('',(#292),#5165,.T.);
#5415=ADVANCED_FACE('',(#293),#5166,.T.);
#5416=ADVANCED_FACE('',(#294),#5167,.T.);
#5417=ADVANCED_FACE('',(#295),#5168,.T.);
#5418=ADVANCED_FACE('',(#296),#5169,.T.);
#5419=ADVANCED_FACE('',(#297),#5170,.T.);
#5420=ADVANCED_FACE('',(#298),#5171,.T.);
#5421=ADVANCED_FACE('',(#299),#5172,.T.);
#5422=ADVANCED_FACE('',(#300),#95,.T.);
#5423=ADVANCED_FACE('',(#301),#5173,.T.);
#5424=ADVANCED_FACE('',(#302),#5174,.T.);
#5425=ADVANCED_FACE('',(#303),#5175,.T.);
#5426=ADVANCED_FACE('',(#304),#5176,.T.);
#5427=ADVANCED_FACE('',(#305),#5177,.T.);
#5428=ADVANCED_FACE('',(#306),#5178,.T.);
#5429=ADVANCED_FACE('',(#307),#5179,.T.);
#5430=ADVANCED_FACE('',(#308),#5180,.T.);
#5431=ADVANCED_FACE('',(#309),#5181,.T.);
#5432=ADVANCED_FACE('',(#310),#96,.T.);
#5433=ADVANCED_FACE('',(#311),#97,.T.);
#5434=ADVANCED_FACE('',(#312),#98,.T.);
#5435=ADVANCED_FACE('',(#313),#99,.T.);
#5436=ADVANCED_FACE('',(#314),#100,.F.);
#5437=ADVANCED_FACE('',(#315),#101,.T.);
#5438=ADVANCED_FACE('',(#316),#5182,.T.);
#5439=ADVANCED_FACE('',(#317),#5183,.T.);
#5440=ADVANCED_FACE('',(#318),#102,.T.);
#5441=ADVANCED_FACE('',(#319),#5184,.T.);
#5442=ADVANCED_FACE('',(#320),#5185,.T.);
#5443=ADVANCED_FACE('',(#321),#103,.T.);
#5444=ADVANCED_FACE('',(#322),#104,.T.);
#5445=ADVANCED_FACE('',(#323),#105,.T.);
#5446=ADVANCED_FACE('',(#324),#106,.T.);
#5447=ADVANCED_FACE('',(#325),#107,.F.);
#5448=ADVANCED_FACE('',(#326),#5186,.T.);
#5449=ADVANCED_FACE('',(#327),#5187,.T.);
#5450=ADVANCED_FACE('',(#328),#5188,.T.);
#5451=ADVANCED_FACE('',(#329),#5189,.T.);
#5452=ADVANCED_FACE('',(#330),#5190,.T.);
#5453=ADVANCED_FACE('',(#331),#5191,.T.);
#5454=ADVANCED_FACE('',(#332),#5192,.T.);
#5455=ADVANCED_FACE('',(#333),#5193,.T.);
#5456=ADVANCED_FACE('',(#334),#5194,.T.);
#5457=ADVANCED_FACE('',(#335),#5195,.T.);
#5458=ADVANCED_FACE('',(#336),#5196,.T.);
#5459=ADVANCED_FACE('',(#337),#5197,.T.);
#5460=ADVANCED_FACE('',(#338),#108,.T.);
#5461=ADVANCED_FACE('',(#339),#5198,.T.);
#5462=ADVANCED_FACE('',(#340),#5199,.T.);
#5463=ADVANCED_FACE('',(#341),#5200,.T.);
#5464=ADVANCED_FACE('',(#342),#5201,.T.);
#5465=ADVANCED_FACE('',(#343),#5202,.T.);
#5466=ADVANCED_FACE('',(#344),#5203,.T.);
#5467=ADVANCED_FACE('',(#345),#5204,.T.);
#5468=ADVANCED_FACE('',(#346),#109,.T.);
#5469=ADVANCED_FACE('',(#347),#5205,.T.);
#5470=ADVANCED_FACE('',(#348),#5206,.T.);
#5471=ADVANCED_FACE('',(#349),#5207,.T.);
#5472=ADVANCED_FACE('',(#350),#5208,.T.);
#5473=ADVANCED_FACE('',(#351),#5209,.T.);
#5474=ADVANCED_FACE('',(#352),#5210,.T.);
#5475=ADVANCED_FACE('',(#353),#5211,.T.);
#5476=ADVANCED_FACE('',(#354),#110,.T.);
#5477=ADVANCED_FACE('',(#355),#5212,.T.);
#5478=ADVANCED_FACE('',(#356),#111,.T.);
#5479=ADVANCED_FACE('',(#357),#112,.F.);
#5480=ADVANCED_FACE('',(#358),#5213,.T.);
#5481=ADVANCED_FACE('',(#359),#5214,.T.);
#5482=ADVANCED_FACE('',(#360),#5215,.T.);
#5483=ADVANCED_FACE('',(#361),#5216,.T.);
#5484=ADVANCED_FACE('',(#362),#5217,.T.);
#5485=ADVANCED_FACE('',(#363),#5218,.T.);
#5486=ADVANCED_FACE('',(#364),#113,.T.);
#5487=ADVANCED_FACE('',(#365),#114,.T.);
#5488=ADVANCED_FACE('',(#366),#115,.T.);
#5489=ADVANCED_FACE('',(#367),#116,.T.);
#5490=ADVANCED_FACE('',(#368),#117,.T.);
#5491=ADVANCED_FACE('',(#369),#118,.T.);
#5492=ADVANCED_FACE('',(#370),#5219,.T.);
#5493=ADVANCED_FACE('',(#371),#5220,.T.);
#5494=ADVANCED_FACE('',(#372),#5221,.T.);
#5495=ADVANCED_FACE('',(#373),#5222,.T.);
#5496=ADVANCED_FACE('',(#374),#5223,.T.);
#5497=ADVANCED_FACE('',(#375),#5224,.T.);
#5498=ADVANCED_FACE('',(#376),#5225,.T.);
#5499=ADVANCED_FACE('',(#377),#5226,.T.);
#5500=ADVANCED_FACE('',(#378),#119,.T.);
#5501=ADVANCED_FACE('',(#379),#5227,.T.);
#5502=ADVANCED_FACE('',(#380),#120,.T.);
#5503=ADVANCED_FACE('',(#381),#121,.F.);
#5504=ADVANCED_FACE('',(#382),#5228,.T.);
#5505=ADVANCED_FACE('',(#383),#5229,.T.);
#5506=ADVANCED_FACE('',(#384),#5230,.T.);
#5507=ADVANCED_FACE('',(#385),#122,.T.);
#5508=ADVANCED_FACE('',(#386),#5231,.T.);
#5509=ADVANCED_FACE('',(#387),#5232,.T.);
#5510=ADVANCED_FACE('',(#388),#5233,.T.);
#5511=ADVANCED_FACE('',(#389),#123,.T.);
#5512=ADVANCED_FACE('',(#390),#124,.T.);
#5513=ADVANCED_FACE('',(#391),#125,.T.);
#5514=ADVANCED_FACE('',(#392),#126,.T.);
#5515=ADVANCED_FACE('',(#393),#127,.T.);
#5516=ADVANCED_FACE('',(#394),#128,.F.);
#5517=ADVANCED_FACE('',(#395),#5234,.T.);
#5518=ADVANCED_FACE('',(#396),#5235,.T.);
#5519=ADVANCED_FACE('',(#397),#5236,.T.);
#5520=ADVANCED_FACE('',(#398),#5237,.T.);
#5521=ADVANCED_FACE('',(#399),#5238,.T.);
#5522=ADVANCED_FACE('',(#400),#5239,.T.);
#5523=ADVANCED_FACE('',(#401),#5240,.T.);
#5524=ADVANCED_FACE('',(#402),#5241,.T.);
#5525=ADVANCED_FACE('',(#403),#5242,.T.);
#5526=ADVANCED_FACE('',(#404),#5243,.T.);
#5527=ADVANCED_FACE('',(#405),#5244,.T.);
#5528=ADVANCED_FACE('',(#406),#5245,.T.);
#5529=ADVANCED_FACE('',(#407),#5246,.T.);
#5530=ADVANCED_FACE('',(#408),#5247,.T.);
#5531=ADVANCED_FACE('',(#409),#5248,.T.);
#5532=ADVANCED_FACE('',(#410),#5249,.T.);
#5533=ADVANCED_FACE('',(#411),#5250,.T.);
#5534=ADVANCED_FACE('',(#412),#5251,.T.);
#5535=ADVANCED_FACE('',(#413),#5252,.T.);
#5536=ADVANCED_FACE('',(#414),#5253,.T.);
#5537=ADVANCED_FACE('',(#415),#5254,.T.);
#5538=ADVANCED_FACE('',(#416),#5255,.T.);
#5539=ADVANCED_FACE('',(#417),#5256,.T.);
#5540=ADVANCED_FACE('',(#418),#5257,.T.);
#5541=ADVANCED_FACE('',(#419),#5258,.T.);
#5542=ADVANCED_FACE('',(#420),#5259,.T.);
#5543=ADVANCED_FACE('',(#421),#5260,.T.);
#5544=ADVANCED_FACE('',(#422),#5261,.T.);
#5545=ADVANCED_FACE('',(#423),#129,.T.);
#5546=ADVANCED_FACE('',(#424),#5262,.T.);
#5547=ADVANCED_FACE('',(#425,#27),#130,.T.);
#5548=ADVANCED_FACE('',(#426,#28),#131,.F.);
#5549=ADVANCED_FACE('',(#427),#132,.T.);
#5550=ADVANCED_FACE('',(#428),#5263,.T.);
#5551=ADVANCED_FACE('',(#429),#5264,.T.);
#5552=ADVANCED_FACE('',(#430),#133,.T.);
#5553=ADVANCED_FACE('',(#431),#5265,.T.);
#5554=ADVANCED_FACE('',(#432),#5266,.T.);
#5555=ADVANCED_FACE('',(#433),#134,.T.);
#5556=ADVANCED_FACE('',(#434),#135,.T.);
#5557=ADVANCED_FACE('',(#435),#136,.T.);
#5558=ADVANCED_FACE('',(#436),#137,.T.);
#5559=ADVANCED_FACE('',(#437),#138,.F.);
#5560=ADVANCED_FACE('',(#438),#139,.T.);
#5561=ADVANCED_FACE('',(#439),#5267,.T.);
#5562=ADVANCED_FACE('',(#440),#5268,.T.);
#5563=ADVANCED_FACE('',(#441),#140,.T.);
#5564=ADVANCED_FACE('',(#442),#5269,.T.);
#5565=ADVANCED_FACE('',(#443),#5270,.T.);
#5566=ADVANCED_FACE('',(#444),#141,.T.);
#5567=ADVANCED_FACE('',(#445),#142,.T.);
#5568=ADVANCED_FACE('',(#446),#143,.T.);
#5569=ADVANCED_FACE('',(#447),#144,.T.);
#5570=ADVANCED_FACE('',(#448),#145,.F.);
#5571=ADVANCED_FACE('',(#449),#146,.T.);
#5572=ADVANCED_FACE('',(#450),#5271,.T.);
#5573=ADVANCED_FACE('',(#451),#5272,.T.);
#5574=ADVANCED_FACE('',(#452),#147,.T.);
#5575=ADVANCED_FACE('',(#453),#5273,.T.);
#5576=ADVANCED_FACE('',(#454),#5274,.T.);
#5577=ADVANCED_FACE('',(#455),#148,.T.);
#5578=ADVANCED_FACE('',(#456),#149,.T.);
#5579=ADVANCED_FACE('',(#457),#150,.T.);
#5580=ADVANCED_FACE('',(#458),#151,.T.);
#5581=ADVANCED_FACE('',(#459),#152,.F.);
#5582=CLOSED_SHELL('',(#5275,#5276,#5277,#5278,#5279,#5280,#5281,#5282,
#5283,#5284,#5285,#5286,#5287,#5288,#5289,#5290,#5291,#5292,#5293,#5294,
#5295,#5296,#5297,#5298));
#5583=CLOSED_SHELL('',(#5299,#5300,#5301,#5302,#5303,#5304,#5305,#5306,
#5307,#5308,#5309));
#5584=CLOSED_SHELL('',(#5310,#5311,#5312,#5313,#5314,#5315,#5316,#5317,
#5318,#5319,#5320,#5321,#5322,#5323,#5324,#5325,#5326,#5327,#5328,#5329,
#5330,#5331));
#5585=CLOSED_SHELL('',(#5332,#5333,#5334,#5335,#5336,#5337,#5338,#5339,
#5340,#5341,#5342,#5343,#5344,#5345,#5346,#5347,#5348,#5349,#5350,#5351,
#5352,#5353,#5354,#5355,#5356,#5357,#5358,#5359,#5360,#5361,#5362,#5363,
#5364,#5365,#5366));
#5586=CLOSED_SHELL('',(#5367,#5368,#5369,#5370,#5371,#5372,#5373,#5374,
#5375,#5376,#5377,#5378,#5379,#5380,#5381,#5382,#5383,#5384,#5385,#5386,
#5387,#5388,#5389,#5390,#5391,#5392,#5393,#5394,#5395,#5396));
#5587=CLOSED_SHELL('',(#5397,#5398,#5399,#5400,#5401,#5402,#5403,#5404,
#5405,#5406,#5407,#5408,#5409,#5410,#5411,#5412));
#5588=CLOSED_SHELL('',(#5413,#5414,#5415,#5416,#5417,#5418,#5419,#5420,
#5421,#5422,#5423,#5424,#5425,#5426,#5427,#5428,#5429,#5430,#5431,#5432,
#5433,#5434,#5435,#5436));
#5589=CLOSED_SHELL('',(#5437,#5438,#5439,#5440,#5441,#5442,#5443,#5444,
#5445,#5446,#5447));
#5590=CLOSED_SHELL('',(#5448,#5449,#5450,#5451,#5452,#5453,#5454,#5455,
#5456,#5457,#5458,#5459,#5460,#5461,#5462,#5463,#5464,#5465,#5466,#5467,
#5468,#5469,#5470,#5471,#5472,#5473,#5474,#5475,#5476,#5477,#5478,#5479));
#5591=CLOSED_SHELL('',(#5480,#5481,#5482,#5483,#5484,#5485,#5486,#5487,
#5488,#5489,#5490,#5491,#5492,#5493,#5494,#5495,#5496,#5497,#5498,#5499,
#5500,#5501,#5502,#5503));
#5592=CLOSED_SHELL('',(#5504,#5505,#5506,#5507,#5508,#5509,#5510,#5511,
#5512,#5513,#5514,#5515,#5516));
#5593=CLOSED_SHELL('',(#5517,#5518,#5519,#5520,#5521,#5522,#5523,#5524,
#5525,#5526,#5527,#5528,#5529,#5530,#5531,#5532,#5533,#5534,#5535,#5536,
#5537,#5538,#5539,#5540,#5541,#5542,#5543,#5544,#5545,#5546,#5547,#5548));
#5594=CLOSED_SHELL('',(#5549,#5550,#5551,#5552,#5553,#5554,#5555,#5556,
#5557,#5558,#5559));
#5595=CLOSED_SHELL('',(#5560,#5561,#5562,#5563,#5564,#5565,#5566,#5567,
#5568,#5569,#5570));
#5596=CLOSED_SHELL('',(#5571,#5572,#5573,#5574,#5575,#5576,#5577,#5578,
#5579,#5580,#5581));
#5597=DERIVED_UNIT_ELEMENT(#5599,1.);
#5598=DERIVED_UNIT_ELEMENT(#11630,-3.);
#5599=(
MASS_UNIT()
NAMED_UNIT(*)
SI_UNIT(.KILO.,.GRAM.)
);
#5600=DERIVED_UNIT((#5597,#5598));
#5601=MEASURE_REPRESENTATION_ITEM('density measure',
POSITIVE_RATIO_MEASURE(7850.),#5600);
#5602=PROPERTY_DEFINITION_REPRESENTATION(#5607,#5604);
#5603=PROPERTY_DEFINITION_REPRESENTATION(#5608,#5605);
#5604=REPRESENTATION('material name',(#5606),#11625);
#5605=REPRESENTATION('density',(#5601),#11625);
#5606=DESCRIPTIVE_REPRESENTATION_ITEM('Steel','Steel');
#5607=PROPERTY_DEFINITION('material property','material name',#11643);
#5608=PROPERTY_DEFINITION('material property','density of part',#11643);
#5609=AXIS2_PLACEMENT_3D('',#6305,#5706,#5707);
#5610=AXIS2_PLACEMENT_3D('',#6306,#5708,#5709);
#5611=AXIS2_PLACEMENT_3D('',#6517,#5720,#5721);
#5612=AXIS2_PLACEMENT_3D('',#6730,#5734,#5735);
#5613=AXIS2_PLACEMENT_3D('',#6736,#5739,#5740);
#5614=AXIS2_PLACEMENT_3D('',#6742,#5744,#5745);
#5615=AXIS2_PLACEMENT_3D('',#6745,#5748,#5749);
#5616=AXIS2_PLACEMENT_3D('',#6746,#5750,#5751);
#5617=AXIS2_PLACEMENT_3D('',#6747,#5752,#5753);
#5618=AXIS2_PLACEMENT_3D('',#6802,#5760,#5761);
#5619=AXIS2_PLACEMENT_3D('',#6854,#5767,#5768);
#5620=AXIS2_PLACEMENT_3D('',#6860,#5772,#5773);
#5621=AXIS2_PLACEMENT_3D('',#6866,#5777,#5778);
#5622=AXIS2_PLACEMENT_3D('',#6869,#5781,#5782);
#5623=AXIS2_PLACEMENT_3D('',#6870,#5783,#5784);
#5624=AXIS2_PLACEMENT_3D('',#7331,#5805,#5806);
#5625=AXIS2_PLACEMENT_3D('',#7332,#5807,#5808);
#5626=AXIS2_PLACEMENT_3D('',#8092,#5842,#5843);
#5627=AXIS2_PLACEMENT_3D('',#8093,#5844,#5845);
#5628=AXIS2_PLACEMENT_3D('',#8695,#5873,#5874);
#5629=AXIS2_PLACEMENT_3D('',#8721,#5878,#5879);
#5630=AXIS2_PLACEMENT_3D('',#8722,#5880,#5881);
#5631=AXIS2_PLACEMENT_3D('',#8723,#5882,#5883);
#5632=AXIS2_PLACEMENT_3D('',#8732,#5888,#5889);
#5633=AXIS2_PLACEMENT_3D('',#8738,#5893,#5894);
#5634=AXIS2_PLACEMENT_3D('',#8741,#5897,#5898);
#5635=AXIS2_PLACEMENT_3D('',#8750,#5903,#5904);
#5636=AXIS2_PLACEMENT_3D('',#8756,#5908,#5909);
#5637=AXIS2_PLACEMENT_3D('',#8762,#5913,#5914);
#5638=AXIS2_PLACEMENT_3D('',#8768,#5918,#5919);
#5639=AXIS2_PLACEMENT_3D('',#8774,#5923,#5924);
#5640=AXIS2_PLACEMENT_3D('',#8780,#5928,#5929);
#5641=AXIS2_PLACEMENT_3D('',#8786,#5933,#5934);
#5642=AXIS2_PLACEMENT_3D('',#8792,#5938,#5939);
#5643=AXIS2_PLACEMENT_3D('',#8798,#5943,#5944);
#5644=AXIS2_PLACEMENT_3D('',#8804,#5948,#5949);
#5645=AXIS2_PLACEMENT_3D('',#8807,#5952,#5953);
#5646=AXIS2_PLACEMENT_3D('',#8808,#5954,#5955);
#5647=AXIS2_PLACEMENT_3D('',#9019,#5966,#5967);
#5648=AXIS2_PLACEMENT_3D('',#9232,#5980,#5981);
#5649=AXIS2_PLACEMENT_3D('',#9238,#5985,#5986);
#5650=AXIS2_PLACEMENT_3D('',#9244,#5990,#5991);
#5651=AXIS2_PLACEMENT_3D('',#9247,#5994,#5995);
#5652=AXIS2_PLACEMENT_3D('',#9248,#5996,#5997);
#5653=AXIS2_PLACEMENT_3D('',#9249,#5998,#5999);
#5654=AXIS2_PLACEMENT_3D('',#9304,#6006,#6007);
#5655=AXIS2_PLACEMENT_3D('',#9356,#6013,#6014);
#5656=AXIS2_PLACEMENT_3D('',#9362,#6018,#6019);
#5657=AXIS2_PLACEMENT_3D('',#9368,#6023,#6024);
#5658=AXIS2_PLACEMENT_3D('',#9371,#6027,#6028);
#5659=AXIS2_PLACEMENT_3D('',#9372,#6029,#6030);
#5660=AXIS2_PLACEMENT_3D('',#9652,#6044,#6045);
#5661=AXIS2_PLACEMENT_3D('',#9819,#6056,#6057);
#5662=AXIS2_PLACEMENT_3D('',#9986,#6068,#6069);
#5663=AXIS2_PLACEMENT_3D('',#10012,#6073,#6074);
#5664=AXIS2_PLACEMENT_3D('',#10013,#6075,#6076);
#5665=AXIS2_PLACEMENT_3D('',#10155,#6084,#6085);
#5666=AXIS2_PLACEMENT_3D('',#10161,#6089,#6090);
#5667=AXIS2_PLACEMENT_3D('',#10167,#6094,#6095);
#5668=AXIS2_PLACEMENT_3D('',#10173,#6099,#6100);
#5669=AXIS2_PLACEMENT_3D('',#10179,#6104,#6105);
#5670=AXIS2_PLACEMENT_3D('',#10185,#6109,#6110);
#5671=AXIS2_PLACEMENT_3D('',#10375,#6122,#6123);
#5672=AXIS2_PLACEMENT_3D('',#10401,#6127,#6128);
#5673=AXIS2_PLACEMENT_3D('',#10402,#6129,#6130);
#5674=AXIS2_PLACEMENT_3D('',#10475,#6135,#6136);
#5675=AXIS2_PLACEMENT_3D('',#10550,#6143,#6144);
#5676=AXIS2_PLACEMENT_3D('',#10556,#6148,#6149);
#5677=AXIS2_PLACEMENT_3D('',#10562,#6153,#6154);
#5678=AXIS2_PLACEMENT_3D('',#10568,#6158,#6159);
#5679=AXIS2_PLACEMENT_3D('',#10571,#6162,#6163);
#5680=AXIS2_PLACEMENT_3D('',#10572,#6164,#6165);
#5681=AXIS2_PLACEMENT_3D('',#11220,#6195,#6196);
#5682=AXIS2_PLACEMENT_3D('',#11246,#6200,#6201);
#5683=AXIS2_PLACEMENT_3D('',#11247,#6202,#6203);
#5684=AXIS2_PLACEMENT_3D('',#11248,#6204,#6205);
#5685=AXIS2_PLACEMENT_3D('',#11303,#6212,#6213);
#5686=AXIS2_PLACEMENT_3D('',#11355,#6219,#6220);
#5687=AXIS2_PLACEMENT_3D('',#11361,#6224,#6225);
#5688=AXIS2_PLACEMENT_3D('',#11367,#6229,#6230);
#5689=AXIS2_PLACEMENT_3D('',#11370,#6233,#6234);
#5690=AXIS2_PLACEMENT_3D('',#11371,#6235,#6236);
#5691=AXIS2_PLACEMENT_3D('',#11372,#6237,#6238);
#5692=AXIS2_PLACEMENT_3D('',#11427,#6245,#6246);
#5693=AXIS2_PLACEMENT_3D('',#11479,#6252,#6253);
#5694=AXIS2_PLACEMENT_3D('',#11485,#6257,#6258);
#5695=AXIS2_PLACEMENT_3D('',#11491,#6262,#6263);
#5696=AXIS2_PLACEMENT_3D('',#11494,#6266,#6267);
#5697=AXIS2_PLACEMENT_3D('',#11495,#6268,#6269);
#5698=AXIS2_PLACEMENT_3D('',#11496,#6270,#6271);
#5699=AXIS2_PLACEMENT_3D('',#11551,#6278,#6279);
#5700=AXIS2_PLACEMENT_3D('',#11603,#6285,#6286);
#5701=AXIS2_PLACEMENT_3D('',#11609,#6290,#6291);
#5702=AXIS2_PLACEMENT_3D('',#11615,#6295,#6296);
#5703=AXIS2_PLACEMENT_3D('',#11618,#6299,#6300);
#5704=AXIS2_PLACEMENT_3D('',#11619,#6301,#6302);
#5705=AXIS2_PLACEMENT_3D('',#11620,#6303,#6304);
#5706=DIRECTION('axis',(0.,0.,1.));
#5707=DIRECTION('refdir',(1.,0.,0.));
#5708=DIRECTION('axis',(0.,0.,1.));
#5709=DIRECTION('refdir',(1.,0.,0.));
#5710=DIRECTION('',(0.,-1.,0.));
#5711=DIRECTION('',(0.,-1.,0.));
#5712=DIRECTION('',(0.,-1.,0.));
#5713=DIRECTION('',(0.,-1.,0.));
#5714=DIRECTION('',(0.,-1.,0.));
#5715=DIRECTION('',(0.,-1.,0.));
#5716=DIRECTION('',(0.,-1.,0.));
#5717=DIRECTION('',(0.,-1.,0.));
#5718=DIRECTION('',(0.,-1.,0.));
#5719=DIRECTION('',(0.,-1.,0.));
#5720=DIRECTION('center_axis',(-0.100711004704149,0.,0.994915721823452));
#5721=DIRECTION('ref_axis',(-0.994915721823452,0.,-0.100711004704149));
#5722=DIRECTION('',(-0.994915721823452,0.,-0.100711004704149));
#5723=DIRECTION('',(-0.994915721823452,0.,-0.100711004704149));
#5724=DIRECTION('',(0.,-1.,0.));
#5725=DIRECTION('',(0.,-1.,0.));
#5726=DIRECTION('',(0.,-1.,0.));
#5727=DIRECTION('',(0.,-1.,0.));
#5728=DIRECTION('',(0.,-1.,0.));
#5729=DIRECTION('',(0.,-1.,0.));
#5730=DIRECTION('',(0.,-1.,0.));
#5731=DIRECTION('',(0.,-1.,0.));
#5732=DIRECTION('',(0.,-1.,0.));
#5733=DIRECTION('',(0.,-1.,0.));
#5734=DIRECTION('center_axis',(0.00146178895445996,0.,0.999998931585956));
#5735=DIRECTION('ref_axis',(-0.999998931585956,0.,0.00146178895445996));
#5736=DIRECTION('',(-0.999998931585956,0.,0.00146178895445996));
#5737=DIRECTION('',(-0.999998931585956,0.,0.00146178895445996));
#5738=DIRECTION('',(0.,-1.,0.));
#5739=DIRECTION('center_axis',(0.999998931585956,0.,-0.00146178895446098));
#5740=DIRECTION('ref_axis',(0.00146178895446098,0.,0.999998931585956));
#5741=DIRECTION('',(0.00146178895446098,0.,0.999998931585956));
#5742=DIRECTION('',(0.00146178895446098,0.,0.999998931585956));
#5743=DIRECTION('',(0.,-1.,0.));
#5744=DIRECTION('center_axis',(-0.001461788954465,0.,-0.999998931585956));
#5745=DIRECTION('ref_axis',(0.999998931585956,0.,-0.001461788954465));
#5746=DIRECTION('',(0.999998931585956,0.,-0.001461788954465));
#5747=DIRECTION('',(0.999998931585956,0.,-0.001461788954465));
#5748=DIRECTION('center_axis',(0.,1.,0.));
#5749=DIRECTION('ref_axis',(-1.,0.,0.));
#5750=DIRECTION('center_axis',(0.,1.,0.));
#5751=DIRECTION('ref_axis',(-1.,0.,0.));
#5752=DIRECTION('center_axis',(0.00190924416358644,0.,-0.999998177391701));
#5753=DIRECTION('ref_axis',(0.999998177391701,0.,0.00190924416358644));
#5754=DIRECTION('',(0.999998177391701,0.,0.00190924416358644));
#5755=DIRECTION('',(0.,-1.,0.));
#5756=DIRECTION('',(0.999998177391701,0.,0.00190924416358644));
#5757=DIRECTION('',(0.,-1.,0.));
#5758=DIRECTION('',(0.,-1.,0.));
#5759=DIRECTION('',(0.,-1.,0.));
#5760=DIRECTION('center_axis',(-0.999998177391707,0.,-0.00190924416052651));
#5761=DIRECTION('ref_axis',(0.00190924416052651,0.,-0.999998177391707));
#5762=DIRECTION('',(0.00190924416052651,0.,-0.999998177391707));
#5763=DIRECTION('',(0.00190924416052651,0.,-0.999998177391707));
#5764=DIRECTION('',(0.,-1.,0.));
#5765=DIRECTION('',(0.,-1.,0.));
#5766=DIRECTION('',(0.,-1.,0.));
#5767=DIRECTION('center_axis',(-0.999998177391707,0.,-0.00190924416052835));
#5768=DIRECTION('ref_axis',(0.00190924416052835,0.,-0.999998177391707));
#5769=DIRECTION('',(0.00190924416052835,0.,-0.999998177391707));
#5770=DIRECTION('',(0.00190924416052835,0.,-0.999998177391707));
#5771=DIRECTION('',(0.,-1.,0.));
#5772=DIRECTION('center_axis',(-0.00190924416357084,0.,0.999998177391701));
#5773=DIRECTION('ref_axis',(-0.999998177391701,0.,-0.00190924416357084));
#5774=DIRECTION('',(-0.999998177391701,0.,-0.00190924416357084));
#5775=DIRECTION('',(-0.999998177391701,0.,-0.00190924416357084));
#5776=DIRECTION('',(0.,-1.,0.));
#5777=DIRECTION('center_axis',(0.999998177391707,0.,0.00190924416052812));
#5778=DIRECTION('ref_axis',(-0.00190924416052812,0.,0.999998177391707));
#5779=DIRECTION('',(-0.00190924416052812,0.,0.999998177391707));
#5780=DIRECTION('',(-0.00190924416052812,0.,0.999998177391707));
#5781=DIRECTION('center_axis',(0.,1.,0.));
#5782=DIRECTION('ref_axis',(-1.,0.,0.));
#5783=DIRECTION('center_axis',(0.,1.,0.));
#5784=DIRECTION('ref_axis',(-1.,0.,0.));
#5785=DIRECTION('',(0.,-1.,0.));
#5786=DIRECTION('',(0.,-1.,0.));
#5787=DIRECTION('',(0.,-1.,0.));
#5788=DIRECTION('',(0.,-1.,0.));
#5789=DIRECTION('',(0.,-1.,0.));
#5790=DIRECTION('',(0.,-1.,0.));
#5791=DIRECTION('',(0.,-1.,0.));
#5792=DIRECTION('',(0.,-1.,0.));
#5793=DIRECTION('',(0.,-1.,0.));
#5794=DIRECTION('',(0.,-1.,0.));
#5795=DIRECTION('',(0.,-1.,0.));
#5796=DIRECTION('',(0.,-1.,0.));
#5797=DIRECTION('',(0.,-1.,0.));
#5798=DIRECTION('',(0.,-1.,0.));
#5799=DIRECTION('',(0.,-1.,0.));
#5800=DIRECTION('',(0.,-1.,0.));
#5801=DIRECTION('',(0.,-1.,0.));
#5802=DIRECTION('',(0.,-1.,0.));
#5803=DIRECTION('',(0.,-1.,0.));
#5804=DIRECTION('',(0.,-1.,0.));
#5805=DIRECTION('center_axis',(0.,1.,0.));
#5806=DIRECTION('ref_axis',(-1.,0.,0.));
#5807=DIRECTION('center_axis',(0.,1.,0.));
#5808=DIRECTION('ref_axis',(-1.,0.,0.));
#5809=DIRECTION('',(0.,-1.,0.));
#5810=DIRECTION('',(0.,-1.,0.));
#5811=DIRECTION('',(0.,-1.,0.));
#5812=DIRECTION('',(0.,-1.,0.));
#5813=DIRECTION('',(0.,-1.,0.));
#5814=DIRECTION('',(0.,-1.,0.));
#5815=DIRECTION('',(0.,-1.,0.));
#5816=DIRECTION('',(0.,-1.,0.));
#5817=DIRECTION('',(0.,-1.,0.));
#5818=DIRECTION('',(0.,-1.,0.));
#5819=DIRECTION('',(0.,-1.,0.));
#5820=DIRECTION('',(0.,-1.,0.));
#5821=DIRECTION('',(0.,-1.,0.));
#5822=DIRECTION('',(0.,-1.,0.));
#5823=DIRECTION('',(0.,-1.,0.));
#5824=DIRECTION('',(0.,-1.,0.));
#5825=DIRECTION('',(0.,-1.,0.));
#5826=DIRECTION('',(0.,-1.,0.));
#5827=DIRECTION('',(0.,-1.,0.));
#5828=DIRECTION('',(0.,-1.,0.));
#5829=DIRECTION('',(0.,-1.,0.));
#5830=DIRECTION('',(0.,-1.,0.));
#5831=DIRECTION('',(0.,-1.,0.));
#5832=DIRECTION('',(0.,-1.,0.));
#5833=DIRECTION('',(0.,-1.,0.));
#5834=DIRECTION('',(0.,-1.,0.));
#5835=DIRECTION('',(0.,-1.,0.));
#5836=DIRECTION('',(0.,-1.,0.));
#5837=DIRECTION('',(0.,-1.,0.));
#5838=DIRECTION('',(0.,-1.,0.));
#5839=DIRECTION('',(0.,-1.,0.));
#5840=DIRECTION('',(0.,-1.,0.));
#5841=DIRECTION('',(0.,-1.,0.));
#5842=DIRECTION('center_axis',(0.,1.,0.));
#5843=DIRECTION('ref_axis',(-1.,0.,0.));
#5844=DIRECTION('center_axis',(0.,1.,0.));
#5845=DIRECTION('ref_axis',(-1.,0.,0.));
#5846=DIRECTION('',(0.,-1.,0.));
#5847=DIRECTION('',(0.,-1.,0.));
#5848=DIRECTION('',(0.,-1.,0.));
#5849=DIRECTION('',(0.,-1.,0.));
#5850=DIRECTION('',(0.,-1.,0.));
#5851=DIRECTION('',(0.,-1.,0.));
#5852=DIRECTION('',(0.,-1.,0.));
#5853=DIRECTION('',(0.,-1.,0.));
#5854=DIRECTION('',(0.,-1.,0.));
#5855=DIRECTION('',(0.,-1.,0.));
#5856=DIRECTION('',(0.,-1.,0.));
#5857=DIRECTION('',(0.,-1.,0.));
#5858=DIRECTION('',(0.,-1.,0.));
#5859=DIRECTION('',(0.,-1.,0.));
#5860=DIRECTION('',(0.,-1.,0.));
#5861=DIRECTION('',(0.,-1.,0.));
#5862=DIRECTION('',(0.,-1.,0.));
#5863=DIRECTION('',(0.,-1.,0.));
#5864=DIRECTION('',(0.,-1.,0.));
#5865=DIRECTION('',(0.,-1.,0.));
#5866=DIRECTION('',(0.,-1.,0.));
#5867=DIRECTION('',(0.,-1.,0.));
#5868=DIRECTION('',(0.,-1.,0.));
#5869=DIRECTION('',(0.,-1.,0.));
#5870=DIRECTION('',(0.,-1.,0.));
#5871=DIRECTION('',(0.,-1.,0.));
#5872=DIRECTION('',(0.,-1.,0.));
#5873=DIRECTION('center_axis',(0.0760710877429487,0.,0.997102396752512));
#5874=DIRECTION('ref_axis',(-0.997102396752512,0.,0.0760710877429487));
#5875=DIRECTION('',(-0.997102396752512,0.,0.0760710877429487));
#5876=DIRECTION('',(-0.997102396752512,0.,0.0760710877429487));
#5877=DIRECTION('',(0.,-1.,0.));
#5878=DIRECTION('center_axis',(0.,1.,0.));
#5879=DIRECTION('ref_axis',(-1.,0.,0.));
#5880=DIRECTION('center_axis',(0.,1.,0.));
#5881=DIRECTION('ref_axis',(-1.,0.,0.));
#5882=DIRECTION('center_axis',(0.820295690546395,0.,0.57193966471212));
#5883=DIRECTION('ref_axis',(-0.57193966471212,0.,0.820295690546395));
#5884=DIRECTION('',(-0.57193966471212,0.,0.820295690546395));
#5885=DIRECTION('',(0.,-1.,0.));
#5886=DIRECTION('',(-0.57193966471212,0.,0.820295690546395));
#5887=DIRECTION('',(0.,-1.,0.));
#5888=DIRECTION('center_axis',(-0.999998177391707,0.,-0.00190924416052808));
#5889=DIRECTION('ref_axis',(0.00190924416052808,0.,-0.999998177391707));
#5890=DIRECTION('',(0.00190924416052808,0.,-0.999998177391707));
#5891=DIRECTION('',(0.00190924416052808,0.,-0.999998177391707));
#5892=DIRECTION('',(0.,-1.,0.));
#5893=DIRECTION('center_axis',(0.00190924416357899,0.,-0.999998177391701));
#5894=DIRECTION('ref_axis',(0.999998177391701,0.,0.00190924416357899));
#5895=DIRECTION('',(0.999998177391701,0.,0.00190924416357899));
#5896=DIRECTION('',(0.999998177391701,0.,0.00190924416357899));
#5897=DIRECTION('center_axis',(0.999998177391707,0.,0.00190924416052868));
#5898=DIRECTION('ref_axis',(-0.00190924416052868,0.,0.999998177391707));
#5899=DIRECTION('',(-0.00190924416052868,0.,0.999998177391707));
#5900=DIRECTION('',(0.,-1.,0.));
#5901=DIRECTION('',(-0.00190924416052868,0.,0.999998177391707));
#5902=DIRECTION('',(0.,-1.,0.));
#5903=DIRECTION('center_axis',(-0.00190924416357188,0.,0.999998177391701));
#5904=DIRECTION('ref_axis',(-0.999998177391701,0.,-0.00190924416357188));
#5905=DIRECTION('',(-0.999998177391701,0.,-0.00190924416357188));
#5906=DIRECTION('',(-0.999998177391701,0.,-0.00190924416357188));
#5907=DIRECTION('',(0.,-1.,0.));
#5908=DIRECTION('center_axis',(0.999998177391707,0.,0.00190924416052943));
#5909=DIRECTION('ref_axis',(-0.00190924416052943,0.,0.999998177391707));
#5910=DIRECTION('',(-0.00190924416052943,0.,0.999998177391707));
#5911=DIRECTION('',(-0.00190924416052943,0.,0.999998177391707));
#5912=DIRECTION('',(0.,-1.,0.));
#5913=DIRECTION('center_axis',(0.00190924416357188,0.,-0.999998177391701));
#5914=DIRECTION('ref_axis',(0.999998177391701,0.,0.00190924416357188));
#5915=DIRECTION('',(0.999998177391701,0.,0.00190924416357188));
#5916=DIRECTION('',(0.999998177391701,0.,0.00190924416357188));
#5917=DIRECTION('',(0.,-1.,0.));
#5918=DIRECTION('center_axis',(0.999998177391707,0.,0.00190924416052846));
#5919=DIRECTION('ref_axis',(-0.00190924416052846,0.,0.999998177391707));
#5920=DIRECTION('',(-0.00190924416052846,0.,0.999998177391707));
#5921=DIRECTION('',(-0.00190924416052846,0.,0.999998177391707));
#5922=DIRECTION('',(0.,-1.,0.));
#5923=DIRECTION('center_axis',(0.00190924416358353,0.,-0.999998177391701));
#5924=DIRECTION('ref_axis',(0.999998177391701,0.,0.00190924416358353));
#5925=DIRECTION('',(0.999998177391701,0.,0.00190924416358353));
#5926=DIRECTION('',(0.999998177391701,0.,0.00190924416358353));
#5927=DIRECTION('',(0.,-1.,0.));
#5928=DIRECTION('center_axis',(-0.816510613491449,0.,-0.577330423636082));
#5929=DIRECTION('ref_axis',(0.577330423636082,0.,-0.816510613491449));
#5930=DIRECTION('',(0.577330423636082,0.,-0.816510613491449));
#5931=DIRECTION('',(0.577330423636082,0.,-0.816510613491449));
#5932=DIRECTION('',(0.,-1.,0.));
#5933=DIRECTION('center_axis',(-0.999998177391707,0.,-0.00190924416052746));
#5934=DIRECTION('ref_axis',(0.00190924416052746,0.,-0.999998177391707));
#5935=DIRECTION('',(0.00190924416052746,0.,-0.999998177391707));
#5936=DIRECTION('',(0.00190924416052746,0.,-0.999998177391707));
#5937=DIRECTION('',(0.,-1.,0.));
#5938=DIRECTION('center_axis',(-0.00190924416358295,0.,0.999998177391701));
#5939=DIRECTION('ref_axis',(-0.999998177391701,0.,-0.00190924416358295));
#5940=DIRECTION('',(-0.999998177391701,0.,-0.00190924416358295));
#5941=DIRECTION('',(-0.999998177391701,0.,-0.00190924416358295));
#5942=DIRECTION('',(0.,-1.,0.));
#5943=DIRECTION('center_axis',(-0.999998177391707,0.,-0.00190924416052868));
#5944=DIRECTION('ref_axis',(0.00190924416052868,0.,-0.999998177391707));
#5945=DIRECTION('',(0.00190924416052868,0.,-0.999998177391707));
#5946=DIRECTION('',(0.00190924416052868,0.,-0.999998177391707));
#5947=DIRECTION('',(0.,-1.,0.));
#5948=DIRECTION('center_axis',(-0.00190924416357084,0.,0.999998177391701));
#5949=DIRECTION('ref_axis',(-0.999998177391701,0.,-0.00190924416357084));
#5950=DIRECTION('',(-0.999998177391701,0.,-0.00190924416357084));
#5951=DIRECTION('',(-0.999998177391701,0.,-0.00190924416357084));
#5952=DIRECTION('center_axis',(0.,1.,0.));
#5953=DIRECTION('ref_axis',(-1.,0.,0.));
#5954=DIRECTION('center_axis',(0.,-1.,0.));
#5955=DIRECTION('ref_axis',(0.,0.,-1.));
#5956=DIRECTION('',(0.,-1.,0.));
#5957=DIRECTION('',(0.,-1.,0.));
#5958=DIRECTION('',(0.,-1.,0.));
#5959=DIRECTION('',(0.,-1.,0.));
#5960=DIRECTION('',(0.,-1.,0.));
#5961=DIRECTION('',(0.,-1.,0.));
#5962=DIRECTION('',(0.,-1.,0.));
#5963=DIRECTION('',(0.,-1.,0.));
#5964=DIRECTION('',(0.,-1.,0.));
#5965=DIRECTION('',(0.,-1.,0.));
#5966=DIRECTION('center_axis',(-0.104064417123237,0.,0.994570559130322));
#5967=DIRECTION('ref_axis',(-0.994570559130322,0.,-0.104064417123237));
#5968=DIRECTION('',(-0.994570559130322,0.,-0.104064417123237));
#5969=DIRECTION('',(-0.994570559130322,0.,-0.104064417123237));
#5970=DIRECTION('',(0.,-1.,0.));
#5971=DIRECTION('',(0.,-1.,0.));
#5972=DIRECTION('',(0.,-1.,0.));
#5973=DIRECTION('',(0.,-1.,0.));
#5974=DIRECTION('',(0.,-1.,0.));
#5975=DIRECTION('',(0.,-1.,0.));
#5976=DIRECTION('',(0.,-1.,0.));
#5977=DIRECTION('',(0.,-1.,0.));
#5978=DIRECTION('',(0.,-1.,0.));
#5979=DIRECTION('',(0.,-1.,0.));
#5980=DIRECTION('center_axis',(-0.00190924416357953,0.,0.999998177391701));
#5981=DIRECTION('ref_axis',(-0.999998177391701,0.,-0.00190924416357953));
#5982=DIRECTION('',(-0.999998177391701,0.,-0.00190924416357953));
#5983=DIRECTION('',(-0.999998177391701,0.,-0.00190924416357953));
#5984=DIRECTION('',(0.,-1.,0.));
#5985=DIRECTION('center_axis',(0.999998177391707,0.,0.00190924416052664));
#5986=DIRECTION('ref_axis',(-0.00190924416052664,0.,0.999998177391707));
#5987=DIRECTION('',(-0.00190924416052664,0.,0.999998177391707));
#5988=DIRECTION('',(-0.00190924416052664,0.,0.999998177391707));
#5989=DIRECTION('',(0.,-1.,0.));
#5990=DIRECTION('center_axis',(0.00190924416357798,0.,-0.999998177391701));
#5991=DIRECTION('ref_axis',(0.999998177391701,0.,0.00190924416357798));
#5992=DIRECTION('',(0.999998177391701,0.,0.00190924416357798));
#5993=DIRECTION('',(0.999998177391701,0.,0.00190924416357798));
#5994=DIRECTION('center_axis',(0.,1.,0.));
#5995=DIRECTION('ref_axis',(-1.,0.,0.));
#5996=DIRECTION('center_axis',(0.,1.,0.));
#5997=DIRECTION('ref_axis',(-1.,0.,0.));
#5998=DIRECTION('center_axis',(0.0019092441635818,0.,-0.999998177391701));
#5999=DIRECTION('ref_axis',(0.999998177391701,0.,0.0019092441635818));
#6000=DIRECTION('',(0.999998177391701,0.,0.0019092441635818));
#6001=DIRECTION('',(0.,-1.,0.));
#6002=DIRECTION('',(0.999998177391701,0.,0.0019092441635818));
#6003=DIRECTION('',(0.,-1.,0.));
#6004=DIRECTION('',(0.,-1.,0.));
#6005=DIRECTION('',(0.,-1.,0.));
#6006=DIRECTION('center_axis',(-0.999998177391707,0.,-0.00190924416052835));
#6007=DIRECTION('ref_axis',(0.00190924416052835,0.,-0.999998177391707));
#6008=DIRECTION('',(0.00190924416052835,0.,-0.999998177391707));
#6009=DIRECTION('',(0.00190924416052835,0.,-0.999998177391707));
#6010=DIRECTION('',(0.,-1.,0.));
#6011=DIRECTION('',(0.,-1.,0.));
#6012=DIRECTION('',(0.,-1.,0.));
#6013=DIRECTION('center_axis',(-0.999998177391707,0.,-0.00190924416052836));
#6014=DIRECTION('ref_axis',(0.00190924416052836,0.,-0.999998177391707));
#6015=DIRECTION('',(0.00190924416052836,0.,-0.999998177391707));
#6016=DIRECTION('',(0.00190924416052836,0.,-0.999998177391707));
#6017=DIRECTION('',(0.,-1.,0.));
#6018=DIRECTION('center_axis',(-0.00190924416358231,0.,0.999998177391701));
#6019=DIRECTION('ref_axis',(-0.999998177391701,0.,-0.00190924416358231));
#6020=DIRECTION('',(-0.999998177391701,0.,-0.00190924416358231));
#6021=DIRECTION('',(-0.999998177391701,0.,-0.00190924416358231));
#6022=DIRECTION('',(0.,-1.,0.));
#6023=DIRECTION('center_axis',(0.999998177391707,0.,0.00190924416052812));
#6024=DIRECTION('ref_axis',(-0.00190924416052812,0.,0.999998177391707));
#6025=DIRECTION('',(-0.00190924416052812,0.,0.999998177391707));
#6026=DIRECTION('',(-0.00190924416052812,0.,0.999998177391707));
#6027=DIRECTION('center_axis',(0.,1.,0.));
#6028=DIRECTION('ref_axis',(-1.,0.,0.));
#6029=DIRECTION('center_axis',(0.,1.,0.));
#6030=DIRECTION('ref_axis',(-1.,0.,0.));
#6031=DIRECTION('',(0.,-1.,0.));
#6032=DIRECTION('',(0.,-1.,0.));
#6033=DIRECTION('',(0.,-1.,0.));
#6034=DIRECTION('',(0.,-1.,0.));
#6035=DIRECTION('',(0.,-1.,0.));
#6036=DIRECTION('',(0.,-1.,0.));
#6037=DIRECTION('',(0.,-1.,0.));
#6038=DIRECTION('',(0.,-1.,0.));
#6039=DIRECTION('',(0.,-1.,0.));
#6040=DIRECTION('',(0.,-1.,0.));
#6041=DIRECTION('',(0.,-1.,0.));
#6042=DIRECTION('',(0.,-1.,0.));
#6043=DIRECTION('',(0.,-1.,0.));
#6044=DIRECTION('center_axis',(-0.176913362288366,0.,0.984226428340463));
#6045=DIRECTION('ref_axis',(-0.984226428340464,0.,-0.176913362288366));
#6046=DIRECTION('',(-0.984226428340463,0.,-0.176913362288366));
#6047=DIRECTION('',(-0.984226428340463,0.,-0.176913362288366));
#6048=DIRECTION('',(0.,-1.,0.));
#6049=DIRECTION('',(0.,-1.,0.));
#6050=DIRECTION('',(0.,-1.,0.));
#6051=DIRECTION('',(0.,-1.,0.));
#6052=DIRECTION('',(0.,-1.,0.));
#6053=DIRECTION('',(0.,-1.,0.));
#6054=DIRECTION('',(0.,-1.,0.));
#6055=DIRECTION('',(0.,-1.,0.));
#6056=DIRECTION('center_axis',(-0.991841766009806,0.,-0.127475139531399));
#6057=DIRECTION('ref_axis',(0.127475139531399,0.,-0.991841766009806));
#6058=DIRECTION('',(0.127475139531399,0.,-0.991841766009806));
#6059=DIRECTION('',(0.127475139531399,0.,-0.991841766009806));
#6060=DIRECTION('',(0.,-1.,0.));
#6061=DIRECTION('',(0.,-1.,0.));
#6062=DIRECTION('',(0.,-1.,0.));
#6063=DIRECTION('',(0.,-1.,0.));
#6064=DIRECTION('',(0.,-1.,0.));
#6065=DIRECTION('',(0.,-1.,0.));
#6066=DIRECTION('',(0.,-1.,0.));
#6067=DIRECTION('',(0.,-1.,0.));
#6068=DIRECTION('center_axis',(-0.130271424500182,0.,-0.991478368880882));
#6069=DIRECTION('ref_axis',(0.991478368880882,0.,-0.130271424500182));
#6070=DIRECTION('',(0.991478368880882,0.,-0.130271424500182));
#6071=DIRECTION('',(0.991478368880882,0.,-0.130271424500182));
#6072=DIRECTION('',(0.,-1.,0.));
#6073=DIRECTION('center_axis',(0.,1.,0.));
#6074=DIRECTION('ref_axis',(-1.,0.,0.));
#6075=DIRECTION('center_axis',(0.,1.,0.));
#6076=DIRECTION('ref_axis',(-1.,0.,0.));
#6077=DIRECTION('',(0.,-1.,0.));
#6078=DIRECTION('',(0.,-1.,0.));
#6079=DIRECTION('',(0.,-1.,0.));
#6080=DIRECTION('',(0.,-1.,0.));
#6081=DIRECTION('',(0.,-1.,0.));
#6082=DIRECTION('',(0.,-1.,0.));
#6083=DIRECTION('',(0.,-1.,0.));
#6084=DIRECTION('center_axis',(0.980107747201726,0.,0.198466127777912));
#6085=DIRECTION('ref_axis',(-0.198466127777912,0.,0.980107747201726));
#6086=DIRECTION('',(-0.198466127777912,0.,0.980107747201726));
#6087=DIRECTION('',(-0.198466127777912,0.,0.980107747201726));
#6088=DIRECTION('',(0.,-1.,0.));
#6089=DIRECTION('center_axis',(-0.00190924416357617,0.,0.999998177391701));
#6090=DIRECTION('ref_axis',(-0.999998177391701,0.,-0.00190924416357617));
#6091=DIRECTION('',(-0.999998177391701,0.,-0.00190924416357617));
#6092=DIRECTION('',(-0.999998177391701,0.,-0.00190924416357617));
#6093=DIRECTION('',(0.,-1.,0.));
#6094=DIRECTION('center_axis',(0.999998177391707,0.,0.00190924416052807));
#6095=DIRECTION('ref_axis',(-0.00190924416052807,0.,0.999998177391707));
#6096=DIRECTION('',(-0.00190924416052807,0.,0.999998177391707));
#6097=DIRECTION('',(-0.00190924416052807,0.,0.999998177391707));
#6098=DIRECTION('',(0.,-1.,0.));
#6099=DIRECTION('center_axis',(0.0019092441635817,0.,-0.999998177391701));
#6100=DIRECTION('ref_axis',(0.999998177391701,0.,0.0019092441635817));
#6101=DIRECTION('',(0.999998177391701,0.,0.0019092441635817));
#6102=DIRECTION('',(0.999998177391701,0.,0.0019092441635817));
#6103=DIRECTION('',(0.,-1.,0.));
#6104=DIRECTION('center_axis',(-0.982324006926177,0.,-0.187188529072964));
#6105=DIRECTION('ref_axis',(0.187188529072964,0.,-0.982324006926177));
#6106=DIRECTION('',(0.187188529072964,0.,-0.982324006926177));
#6107=DIRECTION('',(0.187188529072964,0.,-0.982324006926177));
#6108=DIRECTION('',(0.,-1.,0.));
#6109=DIRECTION('center_axis',(-0.130981020830605,0.,0.991384875909539));
#6110=DIRECTION('ref_axis',(-0.991384875909539,0.,-0.130981020830605));
#6111=DIRECTION('',(-0.991384875909539,0.,-0.130981020830605));
#6112=DIRECTION('',(-0.991384875909539,0.,-0.130981020830605));
#6113=DIRECTION('',(0.,-1.,0.));
#6114=DIRECTION('',(0.,-1.,0.));
#6115=DIRECTION('',(0.,-1.,0.));
#6116=DIRECTION('',(0.,-1.,0.));
#6117=DIRECTION('',(0.,-1.,0.));
#6118=DIRECTION('',(0.,-1.,0.));
#6119=DIRECTION('',(0.,-1.,0.));
#6120=DIRECTION('',(0.,-1.,0.));
#6121=DIRECTION('',(0.,-1.,0.));
#6122=DIRECTION('center_axis',(-0.0824520041399725,0.,-0.996595036618837));
#6123=DIRECTION('ref_axis',(0.996595036618838,0.,-0.0824520041399725));
#6124=DIRECTION('',(0.996595036618838,0.,-0.0824520041399725));
#6125=DIRECTION('',(0.996595036618838,0.,-0.0824520041399725));
#6126=DIRECTION('',(0.,-1.,0.));
#6127=DIRECTION('center_axis',(0.,1.,0.));
#6128=DIRECTION('ref_axis',(-1.,0.,0.));
#6129=DIRECTION('center_axis',(0.,1.,0.));
#6130=DIRECTION('ref_axis',(-1.,0.,0.));
#6131=DIRECTION('',(0.,-1.,0.));
#6132=DIRECTION('',(0.,-1.,0.));
#6133=DIRECTION('',(0.,-1.,0.));
#6134=DIRECTION('',(0.,-1.,0.));
#6135=DIRECTION('center_axis',(-0.00190924416360092,0.,0.999998177391701));
#6136=DIRECTION('ref_axis',(-0.999998177391701,0.,-0.00190924416360092));
#6137=DIRECTION('',(-0.999998177391701,0.,-0.00190924416360092));
#6138=DIRECTION('',(-0.999998177391701,0.,-0.00190924416360092));
#6139=DIRECTION('',(0.,-1.,0.));
#6140=DIRECTION('',(0.,-1.,0.));
#6141=DIRECTION('',(0.,-1.,0.));
#6142=DIRECTION('',(0.,-1.,0.));
#6143=DIRECTION('center_axis',(0.999998177391707,0.,0.00190924416052929));
#6144=DIRECTION('ref_axis',(-0.00190924416052929,0.,0.999998177391707));
#6145=DIRECTION('',(-0.00190924416052929,0.,0.999998177391707));
#6146=DIRECTION('',(-0.00190924416052929,0.,0.999998177391707));
#6147=DIRECTION('',(0.,-1.,0.));
#6148=DIRECTION('center_axis',(0.00190924416358209,0.,-0.999998177391701));
#6149=DIRECTION('ref_axis',(0.999998177391701,0.,0.00190924416358209));
#6150=DIRECTION('',(0.999998177391701,0.,0.00190924416358209));
#6151=DIRECTION('',(0.999998177391701,0.,0.00190924416358209));
#6152=DIRECTION('',(0.,-1.,0.));
#6153=DIRECTION('center_axis',(-0.999998177391707,0.,-0.0019092441605285));
#6154=DIRECTION('ref_axis',(0.0019092441605285,0.,-0.999998177391707));
#6155=DIRECTION('',(0.0019092441605285,0.,-0.999998177391707));
#6156=DIRECTION('',(0.0019092441605285,0.,-0.999998177391707));
#6157=DIRECTION('',(0.,-1.,0.));
#6158=DIRECTION('center_axis',(-0.00190924416358515,0.,0.999998177391701));
#6159=DIRECTION('ref_axis',(-0.999998177391701,0.,-0.00190924416358515));
#6160=DIRECTION('',(-0.999998177391701,0.,-0.00190924416358515));
#6161=DIRECTION('',(-0.999998177391701,0.,-0.00190924416358515));
#6162=DIRECTION('center_axis',(0.,1.,0.));
#6163=DIRECTION('ref_axis',(-1.,0.,0.));
#6164=DIRECTION('center_axis',(0.,1.,0.));
#6165=DIRECTION('ref_axis',(-1.,0.,0.));
#6166=DIRECTION('',(0.,-1.,0.));
#6167=DIRECTION('',(0.,-1.,0.));
#6168=DIRECTION('',(0.,-1.,0.));
#6169=DIRECTION('',(0.,-1.,0.));
#6170=DIRECTION('',(0.,-1.,0.));
#6171=DIRECTION('',(0.,-1.,0.));
#6172=DIRECTION('',(0.,-1.,0.));
#6173=DIRECTION('',(0.,-1.,0.));
#6174=DIRECTION('',(0.,-1.,0.));
#6175=DIRECTION('',(0.,-1.,0.));
#6176=DIRECTION('',(0.,-1.,0.));
#6177=DIRECTION('',(0.,-1.,0.));
#6178=DIRECTION('',(0.,-1.,0.));
#6179=DIRECTION('',(0.,-1.,0.));
#6180=DIRECTION('',(0.,-1.,0.));
#6181=DIRECTION('',(0.,-1.,0.));
#6182=DIRECTION('',(0.,-1.,0.));
#6183=DIRECTION('',(0.,-1.,0.));
#6184=DIRECTION('',(0.,-1.,0.));
#6185=DIRECTION('',(0.,-1.,0.));
#6186=DIRECTION('',(0.,-1.,0.));
#6187=DIRECTION('',(0.,-1.,0.));
#6188=DIRECTION('',(0.,-1.,0.));
#6189=DIRECTION('',(0.,-1.,0.));
#6190=DIRECTION('',(0.,-1.,0.));
#6191=DIRECTION('',(0.,-1.,0.));
#6192=DIRECTION('',(0.,-1.,0.));
#6193=DIRECTION('',(0.,-1.,0.));
#6194=DIRECTION('',(0.,-1.,0.));
#6195=DIRECTION('center_axis',(-0.0901914711085864,0.,-0.995924444192063));
#6196=DIRECTION('ref_axis',(0.995924444192063,0.,-0.0901914711085864));
#6197=DIRECTION('',(0.995924444192063,0.,-0.0901914711085864));
#6198=DIRECTION('',(0.995924444192063,0.,-0.0901914711085864));
#6199=DIRECTION('',(0.,-1.,0.));
#6200=DIRECTION('center_axis',(0.,1.,0.));
#6201=DIRECTION('ref_axis',(-1.,0.,0.));
#6202=DIRECTION('center_axis',(0.,1.,0.));
#6203=DIRECTION('ref_axis',(-1.,0.,0.));
#6204=DIRECTION('center_axis',(0.00190924416360424,0.,-0.999998177391701));
#6205=DIRECTION('ref_axis',(0.999998177391701,0.,0.00190924416360424));
#6206=DIRECTION('',(0.999998177391701,0.,0.00190924416360424));
#6207=DIRECTION('',(0.,-1.,0.));
#6208=DIRECTION('',(0.999998177391701,0.,0.00190924416360424));
#6209=DIRECTION('',(0.,-1.,0.));
#6210=DIRECTION('',(0.,-1.,0.));
#6211=DIRECTION('',(0.,-1.,0.));
#6212=DIRECTION('center_axis',(-0.999998177391707,0.,-0.00190924416052838));
#6213=DIRECTION('ref_axis',(0.00190924416052838,0.,-0.999998177391707));
#6214=DIRECTION('',(0.00190924416052838,0.,-0.999998177391707));
#6215=DIRECTION('',(0.00190924416052838,0.,-0.999998177391707));
#6216=DIRECTION('',(0.,-1.,0.));
#6217=DIRECTION('',(0.,-1.,0.));
#6218=DIRECTION('',(0.,-1.,0.));
#6219=DIRECTION('center_axis',(-0.999998177391707,0.,-0.00190924416052835));
#6220=DIRECTION('ref_axis',(0.00190924416052835,0.,-0.999998177391707));
#6221=DIRECTION('',(0.00190924416052835,0.,-0.999998177391707));
#6222=DIRECTION('',(0.00190924416052835,0.,-0.999998177391707));
#6223=DIRECTION('',(0.,-1.,0.));
#6224=DIRECTION('center_axis',(-0.00190924416358231,0.,0.999998177391701));
#6225=DIRECTION('ref_axis',(-0.999998177391701,0.,-0.00190924416358231));
#6226=DIRECTION('',(-0.999998177391701,0.,-0.00190924416358231));
#6227=DIRECTION('',(-0.999998177391701,0.,-0.00190924416358231));
#6228=DIRECTION('',(0.,-1.,0.));
#6229=DIRECTION('center_axis',(0.999998177391707,0.,0.00190924416052834));
#6230=DIRECTION('ref_axis',(-0.00190924416052834,0.,0.999998177391707));
#6231=DIRECTION('',(-0.00190924416052834,0.,0.999998177391707));
#6232=DIRECTION('',(-0.00190924416052834,0.,0.999998177391707));
#6233=DIRECTION('center_axis',(0.,1.,0.));
#6234=DIRECTION('ref_axis',(-1.,0.,0.));
#6235=DIRECTION('center_axis',(0.,1.,0.));
#6236=DIRECTION('ref_axis',(-1.,0.,0.));
#6237=DIRECTION('center_axis',(0.00190924416358644,0.,-0.999998177391701));
#6238=DIRECTION('ref_axis',(0.999998177391701,0.,0.00190924416358644));
#6239=DIRECTION('',(0.999998177391701,0.,0.00190924416358644));
#6240=DIRECTION('',(0.,-1.,0.));
#6241=DIRECTION('',(0.999998177391701,0.,0.00190924416358644));
#6242=DIRECTION('',(0.,-1.,0.));
#6243=DIRECTION('',(0.,-1.,0.));
#6244=DIRECTION('',(0.,-1.,0.));
#6245=DIRECTION('center_axis',(-0.999998177391707,0.,-0.00190924416052838));
#6246=DIRECTION('ref_axis',(0.00190924416052838,0.,-0.999998177391707));
#6247=DIRECTION('',(0.00190924416052838,0.,-0.999998177391707));
#6248=DIRECTION('',(0.00190924416052838,0.,-0.999998177391707));
#6249=DIRECTION('',(0.,-1.,0.));
#6250=DIRECTION('',(0.,-1.,0.));
#6251=DIRECTION('',(0.,-1.,0.));
#6252=DIRECTION('center_axis',(-0.999998177391707,0.,-0.00190924416052835));
#6253=DIRECTION('ref_axis',(0.00190924416052835,0.,-0.999998177391707));
#6254=DIRECTION('',(0.00190924416052835,0.,-0.999998177391707));
#6255=DIRECTION('',(0.00190924416052835,0.,-0.999998177391707));
#6256=DIRECTION('',(0.,-1.,0.));
#6257=DIRECTION('center_axis',(-0.00190924416357084,0.,0.999998177391701));
#6258=DIRECTION('ref_axis',(-0.999998177391701,0.,-0.00190924416357084));
#6259=DIRECTION('',(-0.999998177391701,0.,-0.00190924416357084));
#6260=DIRECTION('',(-0.999998177391701,0.,-0.00190924416357084));
#6261=DIRECTION('',(0.,-1.,0.));
#6262=DIRECTION('center_axis',(0.999998177391707,0.,0.00190924416052834));
#6263=DIRECTION('ref_axis',(-0.00190924416052834,0.,0.999998177391707));
#6264=DIRECTION('',(-0.00190924416052834,0.,0.999998177391707));
#6265=DIRECTION('',(-0.00190924416052834,0.,0.999998177391707));
#6266=DIRECTION('center_axis',(0.,1.,0.));
#6267=DIRECTION('ref_axis',(-1.,0.,0.));
#6268=DIRECTION('center_axis',(0.,1.,0.));
#6269=DIRECTION('ref_axis',(-1.,0.,0.));
#6270=DIRECTION('center_axis',(-0.00146178895448458,0.,-0.999998931585956));
#6271=DIRECTION('ref_axis',(0.999998931585956,0.,-0.00146178895448458));
#6272=DIRECTION('',(0.999998931585956,0.,-0.00146178895448458));
#6273=DIRECTION('',(0.,-1.,0.));
#6274=DIRECTION('',(0.999998931585956,0.,-0.00146178895448458));
#6275=DIRECTION('',(0.,-1.,0.));
#6276=DIRECTION('',(0.,-1.,0.));
#6277=DIRECTION('',(0.,-1.,0.));
#6278=DIRECTION('center_axis',(-0.999998931585956,0.,0.00146178895446031));
#6279=DIRECTION('ref_axis',(-0.00146178895446031,0.,-0.999998931585956));
#6280=DIRECTION('',(-0.00146178895446031,0.,-0.999998931585956));
#6281=DIRECTION('',(-0.00146178895446031,0.,-0.999998931585956));
#6282=DIRECTION('',(0.,-1.,0.));
#6283=DIRECTION('',(0.,-1.,0.));
#6284=DIRECTION('',(0.,-1.,0.));
#6285=DIRECTION('center_axis',(-0.999998931585956,0.,0.00146178895446099));
#6286=DIRECTION('ref_axis',(-0.00146178895446099,0.,-0.999998931585956));
#6287=DIRECTION('',(-0.00146178895446099,0.,-0.999998931585956));
#6288=DIRECTION('',(-0.00146178895446099,0.,-0.999998931585956));
#6289=DIRECTION('',(0.,-1.,0.));
#6290=DIRECTION('center_axis',(0.00146178895447611,0.,0.999998931585956));
#6291=DIRECTION('ref_axis',(-0.999998931585956,0.,0.00146178895447611));
#6292=DIRECTION('',(-0.999998931585956,0.,0.00146178895447611));
#6293=DIRECTION('',(-0.999998931585956,0.,0.00146178895447611));
#6294=DIRECTION('',(0.,-1.,0.));
#6295=DIRECTION('center_axis',(0.999998931585956,0.,-0.00146178895446098));
#6296=DIRECTION('ref_axis',(0.00146178895446098,0.,0.999998931585956));
#6297=DIRECTION('',(0.00146178895446098,0.,0.999998931585956));
#6298=DIRECTION('',(0.00146178895446098,0.,0.999998931585956));
#6299=DIRECTION('center_axis',(0.,1.,0.));
#6300=DIRECTION('ref_axis',(-1.,0.,0.));
#6301=DIRECTION('center_axis',(0.,1.,0.));
#6302=DIRECTION('ref_axis',(-1.,0.,0.));
#6303=DIRECTION('',(0.,0.,1.));
#6304=DIRECTION('',(1.,0.,0.));
#6305=CARTESIAN_POINT('',(0.,0.,0.));
#6306=CARTESIAN_POINT('',(0.,0.,0.));
#6307=CARTESIAN_POINT('Ctrl Pts',(0.464819717513445,0.62992125984252,-11.9398487117564));
#6308=CARTESIAN_POINT('Ctrl Pts',(0.464819717513445,0.598425196850394,-11.9398487117564));
#6309=CARTESIAN_POINT('Ctrl Pts',(0.462880197416857,0.62992125984252,-11.9377351980538));
#6310=CARTESIAN_POINT('Ctrl Pts',(0.462880197416857,0.598425196850394,-11.9377351980538));
#6311=CARTESIAN_POINT('Ctrl Pts',(0.459138617682661,0.62992125984252,-11.9336579626326));
#6312=CARTESIAN_POINT('Ctrl Pts',(0.459138617682661,0.598425196850394,-11.9336579626326));
#6313=CARTESIAN_POINT('Ctrl Pts',(0.456098105808407,0.62992125984252,-11.9290353126133));
#6314=CARTESIAN_POINT('Ctrl Pts',(0.456098105808407,0.598425196850394,-11.9290353126133));
#6315=CARTESIAN_POINT('Ctrl Pts',(0.454633701969519,0.62992125984252,-11.9268089024843));
#6316=CARTESIAN_POINT('Ctrl Pts',(0.454633701969519,0.598425196850394,-11.9268089024843));
#6317=CARTESIAN_POINT('',(0.464819717513445,0.62992125984252,-11.9398487117564));
#6318=CARTESIAN_POINT('',(0.454633701969519,0.62992125984252,-11.9268089024843));
#6319=CARTESIAN_POINT('Ctrl Pts',(0.464819717513445,0.62992125984252,-11.9398487117564));
#6320=CARTESIAN_POINT('Ctrl Pts',(0.462880197416857,0.62992125984252,-11.9377351980538));
#6321=CARTESIAN_POINT('Ctrl Pts',(0.459138617682661,0.62992125984252,-11.9336579626326));
#6322=CARTESIAN_POINT('Ctrl Pts',(0.456098105808407,0.62992125984252,-11.9290353126133));
#6323=CARTESIAN_POINT('Ctrl Pts',(0.454633701969519,0.62992125984252,-11.9268089024843));
#6324=CARTESIAN_POINT('',(0.454633701969519,0.598425196850394,-11.9268089024843));
#6325=CARTESIAN_POINT('',(0.454633701969519,0.62992125984252,-11.9268089024843));
#6326=CARTESIAN_POINT('',(0.464819717513445,0.598425196850394,-11.9398487117564));
#6327=CARTESIAN_POINT('Ctrl Pts',(0.464819717513445,0.598425196850394,-11.9398487117564));
#6328=CARTESIAN_POINT('Ctrl Pts',(0.462880197416857,0.598425196850394,-11.9377351980538));
#6329=CARTESIAN_POINT('Ctrl Pts',(0.459138617682661,0.598425196850394,-11.9336579626326));
#6330=CARTESIAN_POINT('Ctrl Pts',(0.456098105808407,0.598425196850394,-11.9290353126133));
#6331=CARTESIAN_POINT('Ctrl Pts',(0.454633701969519,0.598425196850394,-11.9268089024843));
#6332=CARTESIAN_POINT('',(0.464819717513445,0.62992125984252,-11.9398487117564));
#6333=CARTESIAN_POINT('Ctrl Pts',(0.492713032069042,0.62992125984252,-11.9647307807115));
#6334=CARTESIAN_POINT('Ctrl Pts',(0.492713032069042,0.598425196850394,-11.9647307807115));
#6335=CARTESIAN_POINT('Ctrl Pts',(0.486690501401924,0.62992125984252,-11.959693705177));
#6336=CARTESIAN_POINT('Ctrl Pts',(0.486690501401924,0.598425196850394,-11.959693705177));
#6337=CARTESIAN_POINT('Ctrl Pts',(0.477126441154671,0.62992125984252,-11.9516945937496));
#6338=CARTESIAN_POINT('Ctrl Pts',(0.477126441154671,0.598425196850394,-11.9516945937496));
#6339=CARTESIAN_POINT('Ctrl Pts',(0.468145369115852,0.62992125984252,-11.9430498299079));
#6340=CARTESIAN_POINT('Ctrl Pts',(0.468145369115852,0.598425196850394,-11.9430498299079));
#6341=CARTESIAN_POINT('Ctrl Pts',(0.464819717513445,0.62992125984252,-11.9398487117564));
#6342=CARTESIAN_POINT('Ctrl Pts',(0.464819717513445,0.598425196850394,-11.9398487117564));
#6343=CARTESIAN_POINT('',(0.492713032069042,0.62992125984252,-11.9647307807115));
#6344=CARTESIAN_POINT('Ctrl Pts',(0.492713032069042,0.62992125984252,-11.9647307807115));
#6345=CARTESIAN_POINT('Ctrl Pts',(0.486690501401924,0.62992125984252,-11.959693705177));
#6346=CARTESIAN_POINT('Ctrl Pts',(0.477126441154671,0.62992125984252,-11.9516945937496));
#6347=CARTESIAN_POINT('Ctrl Pts',(0.468145369115852,0.62992125984252,-11.9430498299079));
#6348=CARTESIAN_POINT('Ctrl Pts',(0.464819717513445,0.62992125984252,-11.9398487117564));
#6349=CARTESIAN_POINT('',(0.492713032069042,0.598425196850394,-11.9647307807115));
#6350=CARTESIAN_POINT('Ctrl Pts',(0.492713032069042,0.598425196850394,-11.9647307807115));
#6351=CARTESIAN_POINT('Ctrl Pts',(0.486690501401924,0.598425196850394,-11.959693705177));
#6352=CARTESIAN_POINT('Ctrl Pts',(0.477126441154671,0.598425196850394,-11.9516945937496));
#6353=CARTESIAN_POINT('Ctrl Pts',(0.468145369115852,0.598425196850394,-11.9430498299079));
#6354=CARTESIAN_POINT('Ctrl Pts',(0.464819717513445,0.598425196850394,-11.9398487117564));
#6355=CARTESIAN_POINT('',(0.492713032069042,0.62992125984252,-11.9647307807115));
#6356=CARTESIAN_POINT('Ctrl Pts',(0.529857174450277,0.62992125984252,-11.9994286483418));
#6357=CARTESIAN_POINT('Ctrl Pts',(0.529857174450277,0.598425196850394,-11.9994286483418));
#6358=CARTESIAN_POINT('Ctrl Pts',(0.524973978012735,0.62992125984252,-11.994360303454));
#6359=CARTESIAN_POINT('Ctrl Pts',(0.524973978012735,0.598425196850394,-11.994360303454));
#6360=CARTESIAN_POINT('Ctrl Pts',(0.51320550306225,0.62992125984252,-11.9821456218176));
#6361=CARTESIAN_POINT('Ctrl Pts',(0.51320550306225,0.598425196850394,-11.9821456218176));
#6362=CARTESIAN_POINT('Ctrl Pts',(0.500276998778653,0.62992125984252,-11.971158764844));
#6363=CARTESIAN_POINT('Ctrl Pts',(0.500276998778653,0.598425196850394,-11.971158764844));
#6364=CARTESIAN_POINT('Ctrl Pts',(0.492713032069042,0.62992125984252,-11.9647307807115));
#6365=CARTESIAN_POINT('Ctrl Pts',(0.492713032069042,0.598425196850394,-11.9647307807115));
#6366=CARTESIAN_POINT('',(0.529857174450277,0.62992125984252,-11.9994286483418));
#6367=CARTESIAN_POINT('Ctrl Pts',(0.529857174450277,0.62992125984252,-11.9994286483418));
#6368=CARTESIAN_POINT('Ctrl Pts',(0.524973978012735,0.62992125984252,-11.994360303454));
#6369=CARTESIAN_POINT('Ctrl Pts',(0.51320550306225,0.62992125984252,-11.9821456218176));
#6370=CARTESIAN_POINT('Ctrl Pts',(0.500276998778653,0.62992125984252,-11.971158764844));
#6371=CARTESIAN_POINT('Ctrl Pts',(0.492713032069042,0.62992125984252,-11.9647307807115));
#6372=CARTESIAN_POINT('',(0.529857174450277,0.598425196850394,-11.9994286483418));
#6373=CARTESIAN_POINT('Ctrl Pts',(0.529857174450277,0.598425196850394,-11.9994286483418));
#6374=CARTESIAN_POINT('Ctrl Pts',(0.524973978012735,0.598425196850394,-11.994360303454));
#6375=CARTESIAN_POINT('Ctrl Pts',(0.51320550306225,0.598425196850394,-11.9821456218176));
#6376=CARTESIAN_POINT('Ctrl Pts',(0.500276998778653,0.598425196850394,-11.971158764844));
#6377=CARTESIAN_POINT('Ctrl Pts',(0.492713032069042,0.598425196850394,-11.9647307807115));
#6378=CARTESIAN_POINT('',(0.529857174450277,0.62992125984252,-11.9994286483418));
#6379=CARTESIAN_POINT('Ctrl Pts',(0.545935269689308,0.62992125984252,-12.0234877967674));
#6380=CARTESIAN_POINT('Ctrl Pts',(0.545935269689308,0.598425196850394,-12.0234877967674));
#6381=CARTESIAN_POINT('Ctrl Pts',(0.543931602276112,0.62992125984252,-12.0194877925457));
#6382=CARTESIAN_POINT('Ctrl Pts',(0.543931602276112,0.598425196850394,-12.0194877925457));
#6383=CARTESIAN_POINT('Ctrl Pts',(0.539581288182721,0.62992125984252,-12.01080308039));
#6384=CARTESIAN_POINT('Ctrl Pts',(0.539581288182721,0.598425196850394,-12.01080308039));
#6385=CARTESIAN_POINT('Ctrl Pts',(0.533264549822413,0.62992125984252,-12.0034143030451));
#6386=CARTESIAN_POINT('Ctrl Pts',(0.533264549822413,0.598425196850394,-12.0034143030451));
#6387=CARTESIAN_POINT('Ctrl Pts',(0.529857174450277,0.62992125984252,-11.9994286483418));
#6388=CARTESIAN_POINT('Ctrl Pts',(0.529857174450277,0.598425196850394,-11.9994286483418));
#6389=CARTESIAN_POINT('',(0.545935269689308,0.62992125984252,-12.0234877967674));
#6390=CARTESIAN_POINT('Ctrl Pts',(0.545935269689308,0.62992125984252,-12.0234877967674));
#6391=CARTESIAN_POINT('Ctrl Pts',(0.543931602276112,0.62992125984252,-12.0194877925457));
#6392=CARTESIAN_POINT('Ctrl Pts',(0.539581288182721,0.62992125984252,-12.01080308039));
#6393=CARTESIAN_POINT('Ctrl Pts',(0.533264549822413,0.62992125984252,-12.0034143030451));
#6394=CARTESIAN_POINT('Ctrl Pts',(0.529857174450277,0.62992125984252,-11.9994286483418));
#6395=CARTESIAN_POINT('',(0.545935269689308,0.598425196850394,-12.0234877967674));
#6396=CARTESIAN_POINT('Ctrl Pts',(0.545935269689308,0.598425196850394,-12.0234877967674));
#6397=CARTESIAN_POINT('Ctrl Pts',(0.543931602276112,0.598425196850394,-12.0194877925457));
#6398=CARTESIAN_POINT('Ctrl Pts',(0.539581288182721,0.598425196850394,-12.01080308039));
#6399=CARTESIAN_POINT('Ctrl Pts',(0.533264549822413,0.598425196850394,-12.0034143030451));
#6400=CARTESIAN_POINT('Ctrl Pts',(0.529857174450277,0.598425196850394,-11.9994286483418));
#6401=CARTESIAN_POINT('',(0.545935269689308,0.62992125984252,-12.0234877967674));
#6402=CARTESIAN_POINT('Ctrl Pts',(0.550735290849875,0.62992125984252,-12.0467247981243));
#6403=CARTESIAN_POINT('Ctrl Pts',(0.550735290849875,0.598425196850394,-12.0467247981243));
#6404=CARTESIAN_POINT('Ctrl Pts',(0.550529888969546,0.62992125984252,-12.0427796314256));
#6405=CARTESIAN_POINT('Ctrl Pts',(0.550529888969546,0.598425196850394,-12.0427796314256));
#6406=CARTESIAN_POINT('Ctrl Pts',(0.550113962898184,0.62992125984252,-12.0347909134876));
#6407=CARTESIAN_POINT('Ctrl Pts',(0.550113962898184,0.598425196850394,-12.0347909134876));
#6408=CARTESIAN_POINT('Ctrl Pts',(0.547339556765526,0.62992125984252,-12.0272863098283));
#6409=CARTESIAN_POINT('Ctrl Pts',(0.547339556765526,0.598425196850394,-12.0272863098283));
#6410=CARTESIAN_POINT('Ctrl Pts',(0.545935269689308,0.62992125984252,-12.0234877967674));
#6411=CARTESIAN_POINT('Ctrl Pts',(0.545935269689308,0.598425196850394,-12.0234877967674));
#6412=CARTESIAN_POINT('',(0.550735290849875,0.62992125984252,-12.0467247981243));
#6413=CARTESIAN_POINT('Ctrl Pts',(0.550735290849875,0.62992125984252,-12.0467247981243));
#6414=CARTESIAN_POINT('Ctrl Pts',(0.550529888969546,0.62992125984252,-12.0427796314256));
#6415=CARTESIAN_POINT('Ctrl Pts',(0.550113962898184,0.62992125984252,-12.0347909134876));
#6416=CARTESIAN_POINT('Ctrl Pts',(0.547339556765526,0.62992125984252,-12.0272863098283));
#6417=CARTESIAN_POINT('Ctrl Pts',(0.545935269689308,0.62992125984252,-12.0234877967674));
#6418=CARTESIAN_POINT('',(0.550735290849875,0.598425196850394,-12.0467247981243));
#6419=CARTESIAN_POINT('Ctrl Pts',(0.550735290849875,0.598425196850394,-12.0467247981243));
#6420=CARTESIAN_POINT('Ctrl Pts',(0.550529888969546,0.598425196850394,-12.0427796314256));
#6421=CARTESIAN_POINT('Ctrl Pts',(0.550113962898184,0.598425196850394,-12.0347909134876));
#6422=CARTESIAN_POINT('Ctrl Pts',(0.547339556765526,0.598425196850394,-12.0272863098283));
#6423=CARTESIAN_POINT('Ctrl Pts',(0.545935269689308,0.598425196850394,-12.0234877967674));
#6424=CARTESIAN_POINT('',(0.550735290849875,0.62992125984252,-12.0467247981243));
#6425=CARTESIAN_POINT('Ctrl Pts',(0.534162267336126,0.62992125984252,-12.0856409966642));
#6426=CARTESIAN_POINT('Ctrl Pts',(0.534162267336126,0.598425196850394,-12.0856409966642));
#6427=CARTESIAN_POINT('Ctrl Pts',(0.538987555617641,0.62992125984252,-12.0800774036814));
#6428=CARTESIAN_POINT('Ctrl Pts',(0.538987555617641,0.598425196850394,-12.0800774036814));
#6429=CARTESIAN_POINT('Ctrl Pts',(0.548690064861051,0.62992125984252,-12.0688903389522));
#6430=CARTESIAN_POINT('Ctrl Pts',(0.548690064861051,0.598425196850394,-12.0688903389522));
#6431=CARTESIAN_POINT('Ctrl Pts',(0.550051120503508,0.62992125984252,-12.0541396294576));
#6432=CARTESIAN_POINT('Ctrl Pts',(0.550051120503508,0.598425196850394,-12.0541396294576));
#6433=CARTESIAN_POINT('Ctrl Pts',(0.550735290849875,0.62992125984252,-12.0467247981243));
#6434=CARTESIAN_POINT('Ctrl Pts',(0.550735290849875,0.598425196850394,-12.0467247981243));
#6435=CARTESIAN_POINT('',(0.534162267336126,0.62992125984252,-12.0856409966642));
#6436=CARTESIAN_POINT('Ctrl Pts',(0.534162267336126,0.62992125984252,-12.0856409966642));
#6437=CARTESIAN_POINT('Ctrl Pts',(0.538987555617641,0.62992125984252,-12.0800774036814));
#6438=CARTESIAN_POINT('Ctrl Pts',(0.548690064861051,0.62992125984252,-12.0688903389522));
#6439=CARTESIAN_POINT('Ctrl Pts',(0.550051120503508,0.62992125984252,-12.0541396294576));
#6440=CARTESIAN_POINT('Ctrl Pts',(0.550735290849875,0.62992125984252,-12.0467247981243));
#6441=CARTESIAN_POINT('',(0.534162267336126,0.598425196850394,-12.0856409966642));
#6442=CARTESIAN_POINT('Ctrl Pts',(0.534162267336126,0.598425196850394,-12.0856409966642));
#6443=CARTESIAN_POINT('Ctrl Pts',(0.538987555617641,0.598425196850394,-12.0800774036814));
#6444=CARTESIAN_POINT('Ctrl Pts',(0.548690064861051,0.598425196850394,-12.0688903389522));
#6445=CARTESIAN_POINT('Ctrl Pts',(0.550051120503508,0.598425196850394,-12.0541396294576));
#6446=CARTESIAN_POINT('Ctrl Pts',(0.550735290849875,0.598425196850394,-12.0467247981243));
#6447=CARTESIAN_POINT('',(0.534162267336126,0.62992125984252,-12.0856409966642));
#6448=CARTESIAN_POINT('Ctrl Pts',(0.489290773589985,0.62992125984252,-12.1012858675037));
#6449=CARTESIAN_POINT('Ctrl Pts',(0.489290773589985,0.598425196850394,-12.1012858675037));
#6450=CARTESIAN_POINT('Ctrl Pts',(0.498052051836736,0.62992125984252,-12.1008172701941));
#6451=CARTESIAN_POINT('Ctrl Pts',(0.498052051836736,0.598425196850394,-12.1008172701941));
#6452=CARTESIAN_POINT('Ctrl Pts',(0.514577524718298,0.62992125984252,-12.0999334046308));
#6453=CARTESIAN_POINT('Ctrl Pts',(0.514577524718298,0.598425196850394,-12.0999334046308));
#6454=CARTESIAN_POINT('Ctrl Pts',(0.527902002412574,0.62992125984252,-12.0902095662907));
#6455=CARTESIAN_POINT('Ctrl Pts',(0.527902002412574,0.598425196850394,-12.0902095662907));
#6456=CARTESIAN_POINT('Ctrl Pts',(0.534162267336126,0.62992125984252,-12.0856409966642));
#6457=CARTESIAN_POINT('Ctrl Pts',(0.534162267336126,0.598425196850394,-12.0856409966642));
#6458=CARTESIAN_POINT('',(0.489290773589985,0.62992125984252,-12.1012858675037));
#6459=CARTESIAN_POINT('Ctrl Pts',(0.489290773589985,0.62992125984252,-12.1012858675037));
#6460=CARTESIAN_POINT('Ctrl Pts',(0.498052051836736,0.62992125984252,-12.1008172701941));
#6461=CARTESIAN_POINT('Ctrl Pts',(0.514577524718298,0.62992125984252,-12.0999334046308));
#6462=CARTESIAN_POINT('Ctrl Pts',(0.527902002412574,0.62992125984252,-12.0902095662907));
#6463=CARTESIAN_POINT('Ctrl Pts',(0.534162267336126,0.62992125984252,-12.0856409966642));
#6464=CARTESIAN_POINT('',(0.489290773589985,0.598425196850394,-12.1012858675037));
#6465=CARTESIAN_POINT('Ctrl Pts',(0.489290773589985,0.598425196850394,-12.1012858675037));
#6466=CARTESIAN_POINT('Ctrl Pts',(0.498052051836736,0.598425196850394,-12.1008172701941));
#6467=CARTESIAN_POINT('Ctrl Pts',(0.514577524718298,0.598425196850394,-12.0999334046308));
#6468=CARTESIAN_POINT('Ctrl Pts',(0.527902002412574,0.598425196850394,-12.0902095662907));
#6469=CARTESIAN_POINT('Ctrl Pts',(0.534162267336126,0.598425196850394,-12.0856409966642));
#6470=CARTESIAN_POINT('',(0.489290773589985,0.62992125984252,-12.1012858675037));
#6471=CARTESIAN_POINT('Ctrl Pts',(0.444597914846366,0.62992125984252,-12.0865842946814));
#6472=CARTESIAN_POINT('Ctrl Pts',(0.444597914846366,0.598425196850394,-12.0865842946814));
#6473=CARTESIAN_POINT('Ctrl Pts',(0.450886775394098,0.62992125984252,-12.0908576082948));
#6474=CARTESIAN_POINT('Ctrl Pts',(0.450886775394098,0.598425196850394,-12.0908576082948));
#6475=CARTESIAN_POINT('Ctrl Pts',(0.464333893336492,0.62992125984252,-12.0999949952233));
#6476=CARTESIAN_POINT('Ctrl Pts',(0.464333893336492,0.598425196850394,-12.0999949952233));
#6477=CARTESIAN_POINT('Ctrl Pts',(0.48062081394596,0.62992125984252,-12.1008374216057));
#6478=CARTESIAN_POINT('Ctrl Pts',(0.48062081394596,0.598425196850394,-12.1008374216057));
#6479=CARTESIAN_POINT('Ctrl Pts',(0.489290773589985,0.62992125984252,-12.1012858675037));
#6480=CARTESIAN_POINT('Ctrl Pts',(0.489290773589985,0.598425196850394,-12.1012858675037));
#6481=CARTESIAN_POINT('',(0.444597914846366,0.62992125984252,-12.0865842946814));
#6482=CARTESIAN_POINT('Ctrl Pts',(0.444597914846366,0.62992125984252,-12.0865842946814));
#6483=CARTESIAN_POINT('Ctrl Pts',(0.450886775394098,0.62992125984252,-12.0908576082948));
#6484=CARTESIAN_POINT('Ctrl Pts',(0.464333893336492,0.62992125984252,-12.0999949952233));
#6485=CARTESIAN_POINT('Ctrl Pts',(0.48062081394596,0.62992125984252,-12.1008374216057));
#6486=CARTESIAN_POINT('Ctrl Pts',(0.489290773589985,0.62992125984252,-12.1012858675037));
#6487=CARTESIAN_POINT('',(0.444597914846366,0.598425196850394,-12.0865842946814));
#6488=CARTESIAN_POINT('Ctrl Pts',(0.444597914846366,0.598425196850394,-12.0865842946814));
#6489=CARTESIAN_POINT('Ctrl Pts',(0.450886775394098,0.598425196850394,-12.0908576082948));
#6490=CARTESIAN_POINT('Ctrl Pts',(0.464333893336492,0.598425196850394,-12.0999949952233));
#6491=CARTESIAN_POINT('Ctrl Pts',(0.48062081394596,0.598425196850394,-12.1008374216057));
#6492=CARTESIAN_POINT('Ctrl Pts',(0.489290773589985,0.598425196850394,-12.1012858675037));
#6493=CARTESIAN_POINT('',(0.444597914846366,0.62992125984252,-12.0865842946814));
#6494=CARTESIAN_POINT('Ctrl Pts',(0.425458105321138,0.62992125984252,-12.0442589613204));
#6495=CARTESIAN_POINT('Ctrl Pts',(0.425458105321138,0.598425196850394,-12.0442589613204));
#6496=CARTESIAN_POINT('Ctrl Pts',(0.426683319310356,0.62992125984252,-12.0527879845372));
#6497=CARTESIAN_POINT('Ctrl Pts',(0.426683319310356,0.598425196850394,-12.0527879845372));
#6498=CARTESIAN_POINT('Ctrl Pts',(0.428984159068294,0.62992125984252,-12.0688047096858));
#6499=CARTESIAN_POINT('Ctrl Pts',(0.428984159068294,0.598425196850394,-12.0688047096858));
#6500=CARTESIAN_POINT('Ctrl Pts',(0.439623909357847,0.62992125984252,-12.0809203305072));
#6501=CARTESIAN_POINT('Ctrl Pts',(0.439623909357847,0.598425196850394,-12.0809203305072));
#6502=CARTESIAN_POINT('Ctrl Pts',(0.444597914846366,0.62992125984252,-12.0865842946814));
#6503=CARTESIAN_POINT('Ctrl Pts',(0.444597914846366,0.598425196850394,-12.0865842946814));
#6504=CARTESIAN_POINT('',(0.425458105321138,0.62992125984252,-12.0442589613204));
#6505=CARTESIAN_POINT('Ctrl Pts',(0.425458105321138,0.62992125984252,-12.0442589613204));
#6506=CARTESIAN_POINT('Ctrl Pts',(0.426683319310356,0.62992125984252,-12.0527879845372));
#6507=CARTESIAN_POINT('Ctrl Pts',(0.428984159068294,0.62992125984252,-12.0688047096858));
#6508=CARTESIAN_POINT('Ctrl Pts',(0.439623909357847,0.62992125984252,-12.0809203305072));
#6509=CARTESIAN_POINT('Ctrl Pts',(0.444597914846366,0.62992125984252,-12.0865842946814));
#6510=CARTESIAN_POINT('',(0.425458105321138,0.598425196850394,-12.0442589613204));
#6511=CARTESIAN_POINT('Ctrl Pts',(0.425458105321138,0.598425196850394,-12.0442589613204));
#6512=CARTESIAN_POINT('Ctrl Pts',(0.426683319310356,0.598425196850394,-12.0527879845372));
#6513=CARTESIAN_POINT('Ctrl Pts',(0.428984159068294,0.598425196850394,-12.0688047096858));
#6514=CARTESIAN_POINT('Ctrl Pts',(0.439623909357847,0.598425196850394,-12.0809203305072));
#6515=CARTESIAN_POINT('Ctrl Pts',(0.444597914846366,0.598425196850394,-12.0865842946814));
#6516=CARTESIAN_POINT('',(0.425458105321138,0.62992125984252,-12.0442589613204));
#6517=CARTESIAN_POINT('Origin',(0.450303099891529,0.62992125984252,-12.0417440102444));
#6518=CARTESIAN_POINT('',(0.450303099891529,0.62992125984252,-12.0417440102444));
#6519=CARTESIAN_POINT('',(0.450303099891529,0.62992125984252,-12.0417440102444));
#6520=CARTESIAN_POINT('',(0.450303099891529,0.598425196850394,-12.0417440102444));
#6521=CARTESIAN_POINT('',(0.450303099891529,0.598425196850394,-12.0417440102444));
#6522=CARTESIAN_POINT('',(0.450303099891529,0.62992125984252,-12.0417440102444));
#6523=CARTESIAN_POINT('Ctrl Pts',(0.460868581282904,0.62992125984252,-12.070763352298));
#6524=CARTESIAN_POINT('Ctrl Pts',(0.460868581282904,0.598425196850394,-12.070763352298));
#6525=CARTESIAN_POINT('Ctrl Pts',(0.457815966444399,0.62992125984252,-12.0667593358534));
#6526=CARTESIAN_POINT('Ctrl Pts',(0.457815966444399,0.598425196850394,-12.0667593358534));
#6527=CARTESIAN_POINT('Ctrl Pts',(0.451304104907431,0.62992125984252,-12.0582179370664));
#6528=CARTESIAN_POINT('Ctrl Pts',(0.451304104907431,0.598425196850394,-12.0582179370664));
#6529=CARTESIAN_POINT('Ctrl Pts',(0.45065037556186,0.62992125984252,-12.0474592603073));
#6530=CARTESIAN_POINT('Ctrl Pts',(0.45065037556186,0.598425196850394,-12.0474592603073));
#6531=CARTESIAN_POINT('Ctrl Pts',(0.450303099891529,0.62992125984252,-12.0417440102444));
#6532=CARTESIAN_POINT('Ctrl Pts',(0.450303099891529,0.598425196850394,-12.0417440102444));
#6533=CARTESIAN_POINT('',(0.460868581282904,0.62992125984252,-12.070763352298));
#6534=CARTESIAN_POINT('Ctrl Pts',(0.460868581282904,0.62992125984252,-12.070763352298));
#6535=CARTESIAN_POINT('Ctrl Pts',(0.457815966444399,0.62992125984252,-12.0667593358534));
#6536=CARTESIAN_POINT('Ctrl Pts',(0.451304104907431,0.62992125984252,-12.0582179370664));
#6537=CARTESIAN_POINT('Ctrl Pts',(0.45065037556186,0.62992125984252,-12.0474592603073));
#6538=CARTESIAN_POINT('Ctrl Pts',(0.450303099891529,0.62992125984252,-12.0417440102444));
#6539=CARTESIAN_POINT('',(0.460868581282904,0.598425196850394,-12.070763352298));
#6540=CARTESIAN_POINT('Ctrl Pts',(0.460868581282904,0.598425196850394,-12.070763352298));
#6541=CARTESIAN_POINT('Ctrl Pts',(0.457815966444399,0.598425196850394,-12.0667593358534));
#6542=CARTESIAN_POINT('Ctrl Pts',(0.451304104907431,0.598425196850394,-12.0582179370664));
#6543=CARTESIAN_POINT('Ctrl Pts',(0.45065037556186,0.598425196850394,-12.0474592603073));
#6544=CARTESIAN_POINT('Ctrl Pts',(0.450303099891529,0.598425196850394,-12.0417440102444));
#6545=CARTESIAN_POINT('',(0.460868581282904,0.62992125984252,-12.070763352298));
#6546=CARTESIAN_POINT('Ctrl Pts',(0.488782921763725,0.62992125984252,-12.0812777956808));
#6547=CARTESIAN_POINT('Ctrl Pts',(0.488782921763725,0.598425196850394,-12.0812777956808));
#6548=CARTESIAN_POINT('Ctrl Pts',(0.483345019099057,0.62992125984252,-12.080919549751));
#6549=CARTESIAN_POINT('Ctrl Pts',(0.483345019099057,0.598425196850394,-12.080919549751));
#6550=CARTESIAN_POINT('Ctrl Pts',(0.472947487906146,0.62992125984252,-12.0802345663191));
#6551=CARTESIAN_POINT('Ctrl Pts',(0.472947487906146,0.598425196850394,-12.0802345663191));
#6552=CARTESIAN_POINT('Ctrl Pts',(0.464769490758768,0.62992125984252,-12.0738221017093));
#6553=CARTESIAN_POINT('Ctrl Pts',(0.464769490758768,0.598425196850394,-12.0738221017093));
#6554=CARTESIAN_POINT('Ctrl Pts',(0.460868581282904,0.62992125984252,-12.070763352298));
#6555=CARTESIAN_POINT('Ctrl Pts',(0.460868581282904,0.598425196850394,-12.070763352298));
#6556=CARTESIAN_POINT('',(0.488782921763725,0.62992125984252,-12.0812777956808));
#6557=CARTESIAN_POINT('Ctrl Pts',(0.488782921763725,0.62992125984252,-12.0812777956808));
#6558=CARTESIAN_POINT('Ctrl Pts',(0.483345019099057,0.62992125984252,-12.080919549751));
#6559=CARTESIAN_POINT('Ctrl Pts',(0.472947487906146,0.62992125984252,-12.0802345663191));
#6560=CARTESIAN_POINT('Ctrl Pts',(0.464769490758768,0.62992125984252,-12.0738221017093));
#6561=CARTESIAN_POINT('Ctrl Pts',(0.460868581282904,0.62992125984252,-12.070763352298));
#6562=CARTESIAN_POINT('',(0.488782921763725,0.598425196850394,-12.0812777956808));
#6563=CARTESIAN_POINT('Ctrl Pts',(0.488782921763725,0.598425196850394,-12.0812777956808));
#6564=CARTESIAN_POINT('Ctrl Pts',(0.483345019099057,0.598425196850394,-12.080919549751));
#6565=CARTESIAN_POINT('Ctrl Pts',(0.472947487906146,0.598425196850394,-12.0802345663191));
#6566=CARTESIAN_POINT('Ctrl Pts',(0.464769490758768,0.598425196850394,-12.0738221017093));
#6567=CARTESIAN_POINT('Ctrl Pts',(0.460868581282904,0.598425196850394,-12.070763352298));
#6568=CARTESIAN_POINT('',(0.488782921763725,0.62992125984252,-12.0812777956808));
#6569=CARTESIAN_POINT('Ctrl Pts',(0.515518556019951,0.62992125984252,-12.0713803502819));
#6570=CARTESIAN_POINT('Ctrl Pts',(0.515518556019951,0.598425196850394,-12.0713803502819));
#6571=CARTESIAN_POINT('Ctrl Pts',(0.51174410691072,0.62992125984252,-12.0742716292592));
#6572=CARTESIAN_POINT('Ctrl Pts',(0.51174410691072,0.598425196850394,-12.0742716292592));
#6573=CARTESIAN_POINT('Ctrl Pts',(0.503869881512267,0.62992125984252,-12.0803033922262));
#6574=CARTESIAN_POINT('Ctrl Pts',(0.503869881512267,0.598425196850394,-12.0803033922262));
#6575=CARTESIAN_POINT('Ctrl Pts',(0.493948543204817,0.62992125984252,-12.0809441698568));
#6576=CARTESIAN_POINT('Ctrl Pts',(0.493948543204817,0.598425196850394,-12.0809441698568));
#6577=CARTESIAN_POINT('Ctrl Pts',(0.488782921763725,0.62992125984252,-12.0812777956808));
#6578=CARTESIAN_POINT('Ctrl Pts',(0.488782921763725,0.598425196850394,-12.0812777956808));
#6579=CARTESIAN_POINT('',(0.515518556019951,0.62992125984252,-12.0713803502819));
#6580=CARTESIAN_POINT('Ctrl Pts',(0.515518556019951,0.62992125984252,-12.0713803502819));
#6581=CARTESIAN_POINT('Ctrl Pts',(0.51174410691072,0.62992125984252,-12.0742716292592));
#6582=CARTESIAN_POINT('Ctrl Pts',(0.503869881512267,0.62992125984252,-12.0803033922262));
#6583=CARTESIAN_POINT('Ctrl Pts',(0.493948543204817,0.62992125984252,-12.0809441698568));
#6584=CARTESIAN_POINT('Ctrl Pts',(0.488782921763725,0.62992125984252,-12.0812777956808));
#6585=CARTESIAN_POINT('',(0.515518556019951,0.598425196850394,-12.0713803502819));
#6586=CARTESIAN_POINT('Ctrl Pts',(0.515518556019951,0.598425196850394,-12.0713803502819));
#6587=CARTESIAN_POINT('Ctrl Pts',(0.51174410691072,0.598425196850394,-12.0742716292592));
#6588=CARTESIAN_POINT('Ctrl Pts',(0.503869881512267,0.598425196850394,-12.0803033922262));
#6589=CARTESIAN_POINT('Ctrl Pts',(0.493948543204817,0.598425196850394,-12.0809441698568));
#6590=CARTESIAN_POINT('Ctrl Pts',(0.488782921763725,0.598425196850394,-12.0812777956808));
#6591=CARTESIAN_POINT('',(0.515518556019951,0.62992125984252,-12.0713803502819));
#6592=CARTESIAN_POINT('Ctrl Pts',(0.525893240550379,0.62992125984252,-12.0472255954199));
#6593=CARTESIAN_POINT('Ctrl Pts',(0.525893240550379,0.598425196850394,-12.0472255954199));
#6594=CARTESIAN_POINT('Ctrl Pts',(0.525459820943062,0.62992125984252,-12.0518200445798));
#6595=CARTESIAN_POINT('Ctrl Pts',(0.525459820943062,0.598425196850394,-12.0518200445798));
#6596=CARTESIAN_POINT('Ctrl Pts',(0.524595041174086,0.62992125984252,-12.0609871118191));
#6597=CARTESIAN_POINT('Ctrl Pts',(0.524595041174086,0.598425196850394,-12.0609871118191));
#6598=CARTESIAN_POINT('Ctrl Pts',(0.518539243841412,0.62992125984252,-12.0679214420903));
#6599=CARTESIAN_POINT('Ctrl Pts',(0.518539243841412,0.598425196850394,-12.0679214420903));
#6600=CARTESIAN_POINT('Ctrl Pts',(0.515518556019951,0.62992125984252,-12.0713803502819));
#6601=CARTESIAN_POINT('Ctrl Pts',(0.515518556019951,0.598425196850394,-12.0713803502819));
#6602=CARTESIAN_POINT('',(0.525893240550379,0.62992125984252,-12.0472255954199));
#6603=CARTESIAN_POINT('Ctrl Pts',(0.525893240550379,0.62992125984252,-12.0472255954199));
#6604=CARTESIAN_POINT('Ctrl Pts',(0.525459820943062,0.62992125984252,-12.0518200445798));
#6605=CARTESIAN_POINT('Ctrl Pts',(0.524595041174086,0.62992125984252,-12.0609871118191));
#6606=CARTESIAN_POINT('Ctrl Pts',(0.518539243841412,0.62992125984252,-12.0679214420903));
#6607=CARTESIAN_POINT('Ctrl Pts',(0.515518556019951,0.62992125984252,-12.0713803502819));
#6608=CARTESIAN_POINT('',(0.525893240550379,0.598425196850394,-12.0472255954199));
#6609=CARTESIAN_POINT('Ctrl Pts',(0.525893240550379,0.598425196850394,-12.0472255954199));
#6610=CARTESIAN_POINT('Ctrl Pts',(0.525459820943062,0.598425196850394,-12.0518200445798));
#6611=CARTESIAN_POINT('Ctrl Pts',(0.524595041174086,0.598425196850394,-12.0609871118191));
#6612=CARTESIAN_POINT('Ctrl Pts',(0.518539243841412,0.598425196850394,-12.0679214420903));
#6613=CARTESIAN_POINT('Ctrl Pts',(0.515518556019951,0.598425196850394,-12.0713803502819));
#6614=CARTESIAN_POINT('',(0.525893240550379,0.62992125984252,-12.0472255954199));
#6615=CARTESIAN_POINT('Ctrl Pts',(0.51465655916512,0.62992125984252,-12.0180709621539));
#6616=CARTESIAN_POINT('Ctrl Pts',(0.51465655916512,0.598425196850394,-12.0180709621539));
#6617=CARTESIAN_POINT('Ctrl Pts',(0.517931124111541,0.62992125984252,-12.0229063167925));
#6618=CARTESIAN_POINT('Ctrl Pts',(0.517931124111541,0.598425196850394,-12.0229063167925));
#6619=CARTESIAN_POINT('Ctrl Pts',(0.523945220989594,0.62992125984252,-12.0317869747462));
#6620=CARTESIAN_POINT('Ctrl Pts',(0.523945220989594,0.598425196850394,-12.0317869747462));
#6621=CARTESIAN_POINT('Ctrl Pts',(0.525283589181074,0.62992125984252,-12.0423939312911));
#6622=CARTESIAN_POINT('Ctrl Pts',(0.525283589181074,0.598425196850394,-12.0423939312911));
#6623=CARTESIAN_POINT('Ctrl Pts',(0.525893240550379,0.62992125984252,-12.0472255954199));
#6624=CARTESIAN_POINT('Ctrl Pts',(0.525893240550379,0.598425196850394,-12.0472255954199));
#6625=CARTESIAN_POINT('',(0.51465655916512,0.62992125984252,-12.0180709621539));
#6626=CARTESIAN_POINT('Ctrl Pts',(0.51465655916512,0.62992125984252,-12.0180709621539));
#6627=CARTESIAN_POINT('Ctrl Pts',(0.517931124111541,0.62992125984252,-12.0229063167925));
#6628=CARTESIAN_POINT('Ctrl Pts',(0.523945220989594,0.62992125984252,-12.0317869747462));
#6629=CARTESIAN_POINT('Ctrl Pts',(0.525283589181074,0.62992125984252,-12.0423939312911));
#6630=CARTESIAN_POINT('Ctrl Pts',(0.525893240550379,0.62992125984252,-12.0472255954199));
#6631=CARTESIAN_POINT('',(0.51465655916512,0.598425196850394,-12.0180709621539));
#6632=CARTESIAN_POINT('Ctrl Pts',(0.51465655916512,0.598425196850394,-12.0180709621539));
#6633=CARTESIAN_POINT('Ctrl Pts',(0.517931124111541,0.598425196850394,-12.0229063167925));
#6634=CARTESIAN_POINT('Ctrl Pts',(0.523945220989594,0.598425196850394,-12.0317869747462));
#6635=CARTESIAN_POINT('Ctrl Pts',(0.525283589181074,0.598425196850394,-12.0423939312911));
#6636=CARTESIAN_POINT('Ctrl Pts',(0.525893240550379,0.598425196850394,-12.0472255954199));
#6637=CARTESIAN_POINT('',(0.51465655916512,0.62992125984252,-12.0180709621539));
#6638=CARTESIAN_POINT('Ctrl Pts',(0.471345922834953,0.62992125984252,-11.9763816938688));
#6639=CARTESIAN_POINT('Ctrl Pts',(0.471345922834953,0.598425196850394,-11.9763816938688));
#6640=CARTESIAN_POINT('Ctrl Pts',(0.48057368241691,0.62992125984252,-11.9839689502068));
#6641=CARTESIAN_POINT('Ctrl Pts',(0.48057368241691,0.598425196850394,-11.9839689502068));
#6642=CARTESIAN_POINT('Ctrl Pts',(0.496111966527253,0.62992125984252,-11.9967448513939));
#6643=CARTESIAN_POINT('Ctrl Pts',(0.496111966527253,0.598425196850394,-11.9967448513939));
#6644=CARTESIAN_POINT('Ctrl Pts',(0.509300381231337,0.62992125984252,-12.0119114068541));
#6645=CARTESIAN_POINT('Ctrl Pts',(0.509300381231337,0.598425196850394,-12.0119114068541));
#6646=CARTESIAN_POINT('Ctrl Pts',(0.51465655916512,0.62992125984252,-12.0180709621539));
#6647=CARTESIAN_POINT('Ctrl Pts',(0.51465655916512,0.598425196850394,-12.0180709621539));
#6648=CARTESIAN_POINT('',(0.471345922834953,0.62992125984252,-11.9763816938688));
#6649=CARTESIAN_POINT('Ctrl Pts',(0.471345922834953,0.62992125984252,-11.9763816938688));
#6650=CARTESIAN_POINT('Ctrl Pts',(0.48057368241691,0.62992125984252,-11.9839689502068));
#6651=CARTESIAN_POINT('Ctrl Pts',(0.496111966527253,0.62992125984252,-11.9967448513939));
#6652=CARTESIAN_POINT('Ctrl Pts',(0.509300381231337,0.62992125984252,-12.0119114068541));
#6653=CARTESIAN_POINT('Ctrl Pts',(0.51465655916512,0.62992125984252,-12.0180709621539));
#6654=CARTESIAN_POINT('',(0.471345922834953,0.598425196850394,-11.9763816938688));
#6655=CARTESIAN_POINT('Ctrl Pts',(0.471345922834953,0.598425196850394,-11.9763816938688));
#6656=CARTESIAN_POINT('Ctrl Pts',(0.48057368241691,0.598425196850394,-11.9839689502068));
#6657=CARTESIAN_POINT('Ctrl Pts',(0.496111966527253,0.598425196850394,-11.9967448513939));
#6658=CARTESIAN_POINT('Ctrl Pts',(0.509300381231337,0.598425196850394,-12.0119114068541));
#6659=CARTESIAN_POINT('Ctrl Pts',(0.51465655916512,0.598425196850394,-12.0180709621539));
#6660=CARTESIAN_POINT('',(0.471345922834953,0.62992125984252,-11.9763816938688));
#6661=CARTESIAN_POINT('Ctrl Pts',(0.439700112442235,0.62992125984252,-11.9465258524368));
#6662=CARTESIAN_POINT('Ctrl Pts',(0.439700112442235,0.598425196850394,-11.9465258524368));
#6663=CARTESIAN_POINT('Ctrl Pts',(0.444084625637842,0.62992125984252,-11.9512537757493));
#6664=CARTESIAN_POINT('Ctrl Pts',(0.444084625637842,0.598425196850394,-11.9512537757493));
#6665=CARTESIAN_POINT('Ctrl Pts',(0.453964615307686,0.62992125984252,-11.9619076001085));
#6666=CARTESIAN_POINT('Ctrl Pts',(0.453964615307686,0.598425196850394,-11.9619076001085));
#6667=CARTESIAN_POINT('Ctrl Pts',(0.465133521486436,0.62992125984252,-11.9712083845851));
#6668=CARTESIAN_POINT('Ctrl Pts',(0.465133521486436,0.598425196850394,-11.9712083845851));
#6669=CARTESIAN_POINT('Ctrl Pts',(0.471345922834953,0.62992125984252,-11.9763816938688));
#6670=CARTESIAN_POINT('Ctrl Pts',(0.471345922834953,0.598425196850394,-11.9763816938688));
#6671=CARTESIAN_POINT('',(0.439700112442235,0.62992125984252,-11.9465258524368));
#6672=CARTESIAN_POINT('Ctrl Pts',(0.439700112442235,0.62992125984252,-11.9465258524368));
#6673=CARTESIAN_POINT('Ctrl Pts',(0.444084625637842,0.62992125984252,-11.9512537757493));
#6674=CARTESIAN_POINT('Ctrl Pts',(0.453964615307686,0.62992125984252,-11.9619076001085));
#6675=CARTESIAN_POINT('Ctrl Pts',(0.465133521486436,0.62992125984252,-11.9712083845851));
#6676=CARTESIAN_POINT('Ctrl Pts',(0.471345922834953,0.62992125984252,-11.9763816938688));
#6677=CARTESIAN_POINT('',(0.439700112442235,0.598425196850394,-11.9465258524368));
#6678=CARTESIAN_POINT('Ctrl Pts',(0.439700112442235,0.598425196850394,-11.9465258524368));
#6679=CARTESIAN_POINT('Ctrl Pts',(0.444084625637842,0.598425196850394,-11.9512537757493));
#6680=CARTESIAN_POINT('Ctrl Pts',(0.453964615307686,0.598425196850394,-11.9619076001085));
#6681=CARTESIAN_POINT('Ctrl Pts',(0.465133521486436,0.598425196850394,-11.9712083845851));
#6682=CARTESIAN_POINT('Ctrl Pts',(0.471345922834953,0.598425196850394,-11.9763816938688));
#6683=CARTESIAN_POINT('',(0.439700112442235,0.62992125984252,-11.9465258524368));
#6684=CARTESIAN_POINT('Ctrl Pts',(0.423893683450281,0.62992125984252,-11.9203186564539));
#6685=CARTESIAN_POINT('Ctrl Pts',(0.423893683450281,0.598425196850394,-11.9203186564539));
#6686=CARTESIAN_POINT('Ctrl Pts',(0.425863335689898,0.62992125984252,-11.9248224330708));
#6687=CARTESIAN_POINT('Ctrl Pts',(0.425863335689898,0.598425196850394,-11.9248224330708));
#6688=CARTESIAN_POINT('Ctrl Pts',(0.429984015357688,0.62992125984252,-11.9342447160305));
#6689=CARTESIAN_POINT('Ctrl Pts',(0.429984015357688,0.598425196850394,-11.9342447160305));
#6690=CARTESIAN_POINT('Ctrl Pts',(0.436367751570805,0.62992125984252,-11.9423137518309));
#6691=CARTESIAN_POINT('Ctrl Pts',(0.436367751570805,0.598425196850394,-11.9423137518309));
#6692=CARTESIAN_POINT('Ctrl Pts',(0.439700112442235,0.62992125984252,-11.9465258524368));
#6693=CARTESIAN_POINT('Ctrl Pts',(0.439700112442235,0.598425196850394,-11.9465258524368));
#6694=CARTESIAN_POINT('',(0.423893683450281,0.62992125984252,-11.9203186564539));
#6695=CARTESIAN_POINT('Ctrl Pts',(0.423893683450281,0.62992125984252,-11.9203186564539));
#6696=CARTESIAN_POINT('Ctrl Pts',(0.425863335689898,0.62992125984252,-11.9248224330708));
#6697=CARTESIAN_POINT('Ctrl Pts',(0.429984015357688,0.62992125984252,-11.9342447160305));
#6698=CARTESIAN_POINT('Ctrl Pts',(0.436367751570805,0.62992125984252,-11.9423137518309));
#6699=CARTESIAN_POINT('Ctrl Pts',(0.439700112442235,0.62992125984252,-11.9465258524368));
#6700=CARTESIAN_POINT('',(0.423893683450281,0.598425196850394,-11.9203186564539));
#6701=CARTESIAN_POINT('Ctrl Pts',(0.423893683450281,0.598425196850394,-11.9203186564539));
#6702=CARTESIAN_POINT('Ctrl Pts',(0.425863335689898,0.598425196850394,-11.9248224330708));
#6703=CARTESIAN_POINT('Ctrl Pts',(0.429984015357688,0.598425196850394,-11.9342447160305));
#6704=CARTESIAN_POINT('Ctrl Pts',(0.436367751570805,0.598425196850394,-11.9423137518309));
#6705=CARTESIAN_POINT('Ctrl Pts',(0.439700112442235,0.598425196850394,-11.9465258524368));
#6706=CARTESIAN_POINT('',(0.423893683450281,0.62992125984252,-11.9203186564539));
#6707=CARTESIAN_POINT('Ctrl Pts',(0.421098382646001,0.62992125984252,-11.9035299078744));
#6708=CARTESIAN_POINT('Ctrl Pts',(0.421098382646001,0.598425196850394,-11.9035299078744));
#6709=CARTESIAN_POINT('Ctrl Pts',(0.421142937027488,0.62992125984252,-11.9064071761424));
#6710=CARTESIAN_POINT('Ctrl Pts',(0.421142937027488,0.598425196850394,-11.9064071761424));
#6711=CARTESIAN_POINT('Ctrl Pts',(0.421231772141984,0.62992125984252,-11.9121440407895));
#6712=CARTESIAN_POINT('Ctrl Pts',(0.421231772141984,0.598425196850394,-11.9121440407895));
#6713=CARTESIAN_POINT('Ctrl Pts',(0.423008203726071,0.62992125984252,-11.9175993861305));
#6714=CARTESIAN_POINT('Ctrl Pts',(0.423008203726071,0.598425196850394,-11.9175993861305));
#6715=CARTESIAN_POINT('Ctrl Pts',(0.423893683450281,0.62992125984252,-11.9203186564539));
#6716=CARTESIAN_POINT('Ctrl Pts',(0.423893683450281,0.598425196850394,-11.9203186564539));
#6717=CARTESIAN_POINT('',(0.421098382646001,0.62992125984252,-11.9035299078744));
#6718=CARTESIAN_POINT('Ctrl Pts',(0.421098382646001,0.62992125984252,-11.9035299078744));
#6719=CARTESIAN_POINT('Ctrl Pts',(0.421142937027488,0.62992125984252,-11.9064071761424));
#6720=CARTESIAN_POINT('Ctrl Pts',(0.421231772141984,0.62992125984252,-11.9121440407895));
#6721=CARTESIAN_POINT('Ctrl Pts',(0.423008203726071,0.62992125984252,-11.9175993861305));
#6722=CARTESIAN_POINT('Ctrl Pts',(0.423893683450281,0.62992125984252,-11.9203186564539));
#6723=CARTESIAN_POINT('',(0.421098382646001,0.598425196850394,-11.9035299078744));
#6724=CARTESIAN_POINT('Ctrl Pts',(0.421098382646001,0.598425196850394,-11.9035299078744));
#6725=CARTESIAN_POINT('Ctrl Pts',(0.421142937027488,0.598425196850394,-11.9064071761424));
#6726=CARTESIAN_POINT('Ctrl Pts',(0.421231772141984,0.598425196850394,-11.9121440407895));
#6727=CARTESIAN_POINT('Ctrl Pts',(0.423008203726071,0.598425196850394,-11.9175993861305));
#6728=CARTESIAN_POINT('Ctrl Pts',(0.423893683450281,0.598425196850394,-11.9203186564539));
#6729=CARTESIAN_POINT('',(0.421098382646001,0.62992125984252,-11.9035299078744));
#6730=CARTESIAN_POINT('Origin',(0.551212883467603,0.62992125984252,-11.9037201080177));
#6731=CARTESIAN_POINT('',(0.551212883467603,0.62992125984252,-11.9037201080177));
#6732=CARTESIAN_POINT('',(0.551212883467603,0.62992125984252,-11.9037201080177));
#6733=CARTESIAN_POINT('',(0.551212883467603,0.598425196850394,-11.9037201080177));
#6734=CARTESIAN_POINT('',(0.551212883467603,0.598425196850394,-11.9037201080177));
#6735=CARTESIAN_POINT('',(0.551212883467603,0.62992125984252,-11.9037201080177));
#6736=CARTESIAN_POINT('Origin',(0.551178926185942,0.62992125984252,-11.9269500313775));
#6737=CARTESIAN_POINT('',(0.551178926185942,0.62992125984252,-11.9269500313775));
#6738=CARTESIAN_POINT('',(0.551178926185942,0.62992125984252,-11.9269500313775));
#6739=CARTESIAN_POINT('',(0.551178926185942,0.598425196850394,-11.9269500313775));
#6740=CARTESIAN_POINT('',(0.551178926185942,0.598425196850394,-11.9269500313775));
#6741=CARTESIAN_POINT('',(0.551178926185942,0.62992125984252,-11.9269500313775));
#6742=CARTESIAN_POINT('Origin',(0.454633701969519,0.62992125984252,-11.9268089024843));
#6743=CARTESIAN_POINT('',(0.454633701969519,0.62992125984252,-11.9268089024843));
#6744=CARTESIAN_POINT('',(0.454633701969519,0.598425196850394,-11.9268089024843));
#6745=CARTESIAN_POINT('Origin',(0.42038580951426,0.62992125984252,-12.0023472356537));
#6746=CARTESIAN_POINT('Origin',(0.42038580951426,0.598425196850394,-12.0023472356537));
#6747=CARTESIAN_POINT('Origin',(0.518195907542009,0.62992125984252,-11.0992580939057));
#6748=CARTESIAN_POINT('',(0.518195907542009,0.62992125984252,-11.0992580939057));
#6749=CARTESIAN_POINT('',(0.533772027749127,0.62992125984252,-11.0992283552349));
#6750=CARTESIAN_POINT('',(0.518195907542009,0.62992125984252,-11.0992580939057));
#6751=CARTESIAN_POINT('',(0.533772027749127,0.598425196850394,-11.0992283552349));
#6752=CARTESIAN_POINT('',(0.533772027749127,0.62992125984252,-11.0992283552349));
#6753=CARTESIAN_POINT('',(0.518195907542009,0.598425196850394,-11.0992580939057));
#6754=CARTESIAN_POINT('',(0.518195907542009,0.598425196850394,-11.0992580939057));
#6755=CARTESIAN_POINT('',(0.518195907542009,0.62992125984252,-11.0992580939057));
#6756=CARTESIAN_POINT('Ctrl Pts',(0.496661345157355,0.62992125984252,-11.072980823715));
#6757=CARTESIAN_POINT('Ctrl Pts',(0.496661345157355,0.598425196850394,-11.072980823715));
#6758=CARTESIAN_POINT('Ctrl Pts',(0.501236598421643,0.62992125984252,-11.0772267819696));
#6759=CARTESIAN_POINT('Ctrl Pts',(0.501236598421643,0.598425196850394,-11.0772267819696));
#6760=CARTESIAN_POINT('Ctrl Pts',(0.509624918652113,0.62992125984252,-11.0850113690662));
#6761=CARTESIAN_POINT('Ctrl Pts',(0.509624918652113,0.598425196850394,-11.0850113690662));
#6762=CARTESIAN_POINT('Ctrl Pts',(0.5155173797585,0.62992125984252,-11.0948058365528));
#6763=CARTESIAN_POINT('Ctrl Pts',(0.5155173797585,0.598425196850394,-11.0948058365528));
#6764=CARTESIAN_POINT('Ctrl Pts',(0.518195907542009,0.62992125984252,-11.0992580939057));
#6765=CARTESIAN_POINT('Ctrl Pts',(0.518195907542009,0.598425196850394,-11.0992580939057));
#6766=CARTESIAN_POINT('',(0.496661345157355,0.62992125984252,-11.072980823715));
#6767=CARTESIAN_POINT('Ctrl Pts',(0.496661345157355,0.62992125984252,-11.072980823715));
#6768=CARTESIAN_POINT('Ctrl Pts',(0.501236598421643,0.62992125984252,-11.0772267819696));
#6769=CARTESIAN_POINT('Ctrl Pts',(0.509624918652113,0.62992125984252,-11.0850113690662));
#6770=CARTESIAN_POINT('Ctrl Pts',(0.5155173797585,0.62992125984252,-11.0948058365528));
#6771=CARTESIAN_POINT('Ctrl Pts',(0.518195907542009,0.62992125984252,-11.0992580939057));
#6772=CARTESIAN_POINT('',(0.496661345157355,0.598425196850394,-11.072980823715));
#6773=CARTESIAN_POINT('Ctrl Pts',(0.496661345157355,0.598425196850394,-11.072980823715));
#6774=CARTESIAN_POINT('Ctrl Pts',(0.501236598421643,0.598425196850394,-11.0772267819696));
#6775=CARTESIAN_POINT('Ctrl Pts',(0.509624918652113,0.598425196850394,-11.0850113690662));
#6776=CARTESIAN_POINT('Ctrl Pts',(0.5155173797585,0.598425196850394,-11.0948058365528));
#6777=CARTESIAN_POINT('Ctrl Pts',(0.518195907542009,0.598425196850394,-11.0992580939057));
#6778=CARTESIAN_POINT('',(0.496661345157355,0.62992125984252,-11.072980823715));
#6779=CARTESIAN_POINT('Ctrl Pts',(0.461168132532943,0.62992125984252,-11.0499528734897));
#6780=CARTESIAN_POINT('Ctrl Pts',(0.461168132532943,0.598425196850394,-11.0499528734897));
#6781=CARTESIAN_POINT('Ctrl Pts',(0.467655341203391,0.62992125984252,-11.0532285072128));
#6782=CARTESIAN_POINT('Ctrl Pts',(0.467655341203391,0.598425196850394,-11.0532285072128));
#6783=CARTESIAN_POINT('Ctrl Pts',(0.480320635487081,0.62992125984252,-11.0596236868926));
#6784=CARTESIAN_POINT('Ctrl Pts',(0.480320635487081,0.598425196850394,-11.0596236868926));
#6785=CARTESIAN_POINT('Ctrl Pts',(0.49130379763264,0.62992125984252,-11.0686014854388));
#6786=CARTESIAN_POINT('Ctrl Pts',(0.49130379763264,0.598425196850394,-11.0686014854388));
#6787=CARTESIAN_POINT('Ctrl Pts',(0.496661345157355,0.62992125984252,-11.072980823715));
#6788=CARTESIAN_POINT('Ctrl Pts',(0.496661345157355,0.598425196850394,-11.072980823715));
#6789=CARTESIAN_POINT('',(0.461168132532943,0.62992125984252,-11.0499528734897));
#6790=CARTESIAN_POINT('Ctrl Pts',(0.461168132532943,0.62992125984252,-11.0499528734897));
#6791=CARTESIAN_POINT('Ctrl Pts',(0.467655341203391,0.62992125984252,-11.0532285072128));
#6792=CARTESIAN_POINT('Ctrl Pts',(0.480320635487081,0.62992125984252,-11.0596236868926));
#6793=CARTESIAN_POINT('Ctrl Pts',(0.49130379763264,0.62992125984252,-11.0686014854388));
#6794=CARTESIAN_POINT('Ctrl Pts',(0.496661345157355,0.62992125984252,-11.072980823715));
#6795=CARTESIAN_POINT('',(0.461168132532943,0.598425196850394,-11.0499528734897));
#6796=CARTESIAN_POINT('Ctrl Pts',(0.461168132532943,0.598425196850394,-11.0499528734897));
#6797=CARTESIAN_POINT('Ctrl Pts',(0.467655341203391,0.598425196850394,-11.0532285072128));
#6798=CARTESIAN_POINT('Ctrl Pts',(0.480320635487081,0.598425196850394,-11.0596236868926));
#6799=CARTESIAN_POINT('Ctrl Pts',(0.49130379763264,0.598425196850394,-11.0686014854388));
#6800=CARTESIAN_POINT('Ctrl Pts',(0.496661345157355,0.598425196850394,-11.072980823715));
#6801=CARTESIAN_POINT('',(0.461168132532943,0.62992125984252,-11.0499528734897));
#6802=CARTESIAN_POINT('Origin',(0.461123524482013,0.62992125984252,-11.0265886697127));
#6803=CARTESIAN_POINT('',(0.461123524482013,0.62992125984252,-11.0265886697127));
#6804=CARTESIAN_POINT('',(0.461123524482013,0.62992125984252,-11.0265886697127));
#6805=CARTESIAN_POINT('',(0.461123524482013,0.598425196850394,-11.0265886697127));
#6806=CARTESIAN_POINT('',(0.461123524482013,0.598425196850394,-11.0265886697127));
#6807=CARTESIAN_POINT('',(0.461123524482013,0.62992125984252,-11.0265886697127));
#6808=CARTESIAN_POINT('Ctrl Pts',(0.486525711014313,0.62992125984252,-11.039027976615));
#6809=CARTESIAN_POINT('Ctrl Pts',(0.486525711014313,0.598425196850394,-11.039027976615));
#6810=CARTESIAN_POINT('Ctrl Pts',(0.482109242456183,0.62992125984252,-11.0364994114534));
#6811=CARTESIAN_POINT('Ctrl Pts',(0.482109242456183,0.598425196850394,-11.0364994114534));
#6812=CARTESIAN_POINT('Ctrl Pts',(0.473908301209657,0.62992125984252,-11.0318041183576));
#6813=CARTESIAN_POINT('Ctrl Pts',(0.473908301209657,0.598425196850394,-11.0318041183576));
#6814=CARTESIAN_POINT('Ctrl Pts',(0.465160401190295,0.62992125984252,-11.0282354816677));
#6815=CARTESIAN_POINT('Ctrl Pts',(0.465160401190295,0.598425196850394,-11.0282354816677));
#6816=CARTESIAN_POINT('Ctrl Pts',(0.461123524482013,0.62992125984252,-11.0265886697127));
#6817=CARTESIAN_POINT('Ctrl Pts',(0.461123524482013,0.598425196850394,-11.0265886697127));
#6818=CARTESIAN_POINT('',(0.486525711014313,0.62992125984252,-11.039027976615));
#6819=CARTESIAN_POINT('Ctrl Pts',(0.486525711014313,0.62992125984252,-11.039027976615));
#6820=CARTESIAN_POINT('Ctrl Pts',(0.482109242456183,0.62992125984252,-11.0364994114534));
#6821=CARTESIAN_POINT('Ctrl Pts',(0.473908301209657,0.62992125984252,-11.0318041183576));
#6822=CARTESIAN_POINT('Ctrl Pts',(0.465160401190295,0.62992125984252,-11.0282354816677));
#6823=CARTESIAN_POINT('Ctrl Pts',(0.461123524482013,0.62992125984252,-11.0265886697127));
#6824=CARTESIAN_POINT('',(0.486525711014313,0.598425196850394,-11.039027976615));
#6825=CARTESIAN_POINT('Ctrl Pts',(0.486525711014313,0.598425196850394,-11.039027976615));
#6826=CARTESIAN_POINT('Ctrl Pts',(0.482109242456183,0.598425196850394,-11.0364994114534));
#6827=CARTESIAN_POINT('Ctrl Pts',(0.473908301209657,0.598425196850394,-11.0318041183576));
#6828=CARTESIAN_POINT('Ctrl Pts',(0.465160401190295,0.598425196850394,-11.0282354816677));
#6829=CARTESIAN_POINT('Ctrl Pts',(0.461123524482013,0.598425196850394,-11.0265886697127));
#6830=CARTESIAN_POINT('',(0.486525711014313,0.62992125984252,-11.039027976615));
#6831=CARTESIAN_POINT('Ctrl Pts',(0.509518857533926,0.62992125984252,-11.0556344771382));
#6832=CARTESIAN_POINT('Ctrl Pts',(0.509518857533926,0.598425196850394,-11.0556344771382));
#6833=CARTESIAN_POINT('Ctrl Pts',(0.50621326012597,0.62992125984252,-11.0527728476022));
#6834=CARTESIAN_POINT('Ctrl Pts',(0.50621326012597,0.598425196850394,-11.0527728476022));
#6835=CARTESIAN_POINT('Ctrl Pts',(0.499040324137493,0.62992125984252,-11.0465632936393));
#6836=CARTESIAN_POINT('Ctrl Pts',(0.499040324137493,0.598425196850394,-11.0465632936393));
#6837=CARTESIAN_POINT('Ctrl Pts',(0.490909501095719,0.62992125984252,-11.0416675506638));
#6838=CARTESIAN_POINT('Ctrl Pts',(0.490909501095719,0.598425196850394,-11.0416675506638));
#6839=CARTESIAN_POINT('Ctrl Pts',(0.486525711014313,0.62992125984252,-11.039027976615));
#6840=CARTESIAN_POINT('Ctrl Pts',(0.486525711014313,0.598425196850394,-11.039027976615));
#6841=CARTESIAN_POINT('',(0.509518857533926,0.62992125984252,-11.0556344771382));
#6842=CARTESIAN_POINT('Ctrl Pts',(0.509518857533926,0.62992125984252,-11.0556344771382));
#6843=CARTESIAN_POINT('Ctrl Pts',(0.50621326012597,0.62992125984252,-11.0527728476022));
#6844=CARTESIAN_POINT('Ctrl Pts',(0.499040324137493,0.62992125984252,-11.0465632936393));
#6845=CARTESIAN_POINT('Ctrl Pts',(0.490909501095719,0.62992125984252,-11.0416675506638));
#6846=CARTESIAN_POINT('Ctrl Pts',(0.486525711014313,0.62992125984252,-11.039027976615));
#6847=CARTESIAN_POINT('',(0.509518857533926,0.598425196850394,-11.0556344771382));
#6848=CARTESIAN_POINT('Ctrl Pts',(0.509518857533926,0.598425196850394,-11.0556344771382));
#6849=CARTESIAN_POINT('Ctrl Pts',(0.50621326012597,0.598425196850394,-11.0527728476022));
#6850=CARTESIAN_POINT('Ctrl Pts',(0.499040324137493,0.598425196850394,-11.0465632936393));
#6851=CARTESIAN_POINT('Ctrl Pts',(0.490909501095719,0.598425196850394,-11.0416675506638));
#6852=CARTESIAN_POINT('Ctrl Pts',(0.486525711014313,0.598425196850394,-11.039027976615));
#6853=CARTESIAN_POINT('',(0.509518857533926,0.62992125984252,-11.0556344771382));
#6854=CARTESIAN_POINT('Origin',(0.509224803458623,0.62992125984252,-10.9016187962545));
#6855=CARTESIAN_POINT('',(0.509224803458623,0.62992125984252,-10.9016187962545));
#6856=CARTESIAN_POINT('',(0.509224803458623,0.62992125984252,-10.9016187962545));
#6857=CARTESIAN_POINT('',(0.509224803458623,0.598425196850394,-10.9016187962545));
#6858=CARTESIAN_POINT('',(0.509224803458623,0.598425196850394,-10.9016187962545));
#6859=CARTESIAN_POINT('',(0.509224803458623,0.62992125984252,-10.9016187962545));
#6860=CARTESIAN_POINT('Origin',(0.533394654060354,0.62992125984252,-10.9015726500242));
#6861=CARTESIAN_POINT('',(0.533394654060354,0.62992125984252,-10.9015726500242));
#6862=CARTESIAN_POINT('',(0.533394654060354,0.62992125984252,-10.9015726500242));
#6863=CARTESIAN_POINT('',(0.533394654060354,0.598425196850394,-10.9015726500242));
#6864=CARTESIAN_POINT('',(0.533394654060354,0.598425196850394,-10.9015726500242));
#6865=CARTESIAN_POINT('',(0.533394654060354,0.62992125984252,-10.9015726500242));
#6866=CARTESIAN_POINT('Origin',(0.533772027749127,0.62992125984252,-11.0992283552349));
#6867=CARTESIAN_POINT('',(0.533772027749127,0.62992125984252,-11.0992283552349));
#6868=CARTESIAN_POINT('',(0.533772027749127,0.598425196850394,-11.0992283552349));
#6869=CARTESIAN_POINT('Origin',(0.420977045290031,0.62992125984252,-11.0005613735275));
#6870=CARTESIAN_POINT('Origin',(0.420977045290031,0.598425196850394,-11.0005613735275));
#6871=CARTESIAN_POINT('Ctrl Pts',(0.48794538958715,0.62992125984252,-10.0793085050964));
#6872=CARTESIAN_POINT('Ctrl Pts',(0.48794538958715,0.598425196850394,-10.0793085050964));
#6873=CARTESIAN_POINT('Ctrl Pts',(0.482656892813051,0.62992125984252,-10.0787068673603));
#6874=CARTESIAN_POINT('Ctrl Pts',(0.482656892813051,0.598425196850394,-10.0787068673603));
#6875=CARTESIAN_POINT('Ctrl Pts',(0.471967733099579,0.62992125984252,-10.0774908314763));
#6876=CARTESIAN_POINT('Ctrl Pts',(0.471967733099579,0.598425196850394,-10.0774908314763));
#6877=CARTESIAN_POINT('Ctrl Pts',(0.464901715300549,0.62992125984252,-10.0693654903742));
#6878=CARTESIAN_POINT('Ctrl Pts',(0.464901715300549,0.598425196850394,-10.0693654903742));
#6879=CARTESIAN_POINT('Ctrl Pts',(0.461331632948044,0.62992125984252,-10.065260188392));
#6880=CARTESIAN_POINT('Ctrl Pts',(0.461331632948044,0.598425196850394,-10.065260188392));
#6881=CARTESIAN_POINT('',(0.48794538958715,0.62992125984252,-10.0793085050964));
#6882=CARTESIAN_POINT('',(0.461331632948044,0.62992125984252,-10.065260188392));
#6883=CARTESIAN_POINT('Ctrl Pts',(0.48794538958715,0.62992125984252,-10.0793085050964));
#6884=CARTESIAN_POINT('Ctrl Pts',(0.482656892813051,0.62992125984252,-10.0787068673603));
#6885=CARTESIAN_POINT('Ctrl Pts',(0.471967733099579,0.62992125984252,-10.0774908314763));
#6886=CARTESIAN_POINT('Ctrl Pts',(0.464901715300549,0.62992125984252,-10.0693654903742));
#6887=CARTESIAN_POINT('Ctrl Pts',(0.461331632948044,0.62992125984252,-10.065260188392));
#6888=CARTESIAN_POINT('',(0.461331632948044,0.598425196850394,-10.065260188392));
#6889=CARTESIAN_POINT('',(0.461331632948044,0.62992125984252,-10.065260188392));
#6890=CARTESIAN_POINT('',(0.48794538958715,0.598425196850394,-10.0793085050964));
#6891=CARTESIAN_POINT('Ctrl Pts',(0.48794538958715,0.598425196850394,-10.0793085050964));
#6892=CARTESIAN_POINT('Ctrl Pts',(0.482656892813051,0.598425196850394,-10.0787068673603));
#6893=CARTESIAN_POINT('Ctrl Pts',(0.471967733099579,0.598425196850394,-10.0774908314763));
#6894=CARTESIAN_POINT('Ctrl Pts',(0.464901715300549,0.598425196850394,-10.0693654903742));
#6895=CARTESIAN_POINT('Ctrl Pts',(0.461331632948044,0.598425196850394,-10.065260188392));
#6896=CARTESIAN_POINT('',(0.48794538958715,0.62992125984252,-10.0793085050964));
#6897=CARTESIAN_POINT('Ctrl Pts',(0.516113060372592,0.62992125984252,-10.0632757007045));
#6898=CARTESIAN_POINT('Ctrl Pts',(0.516113060372592,0.598425196850394,-10.0632757007045));
#6899=CARTESIAN_POINT('Ctrl Pts',(0.51225839410422,0.62992125984252,-10.0679410353794));
#6900=CARTESIAN_POINT('Ctrl Pts',(0.51225839410422,0.598425196850394,-10.0679410353794));
#6901=CARTESIAN_POINT('Ctrl Pts',(0.504866788404835,0.62992125984252,-10.0768871572928));
#6902=CARTESIAN_POINT('Ctrl Pts',(0.504866788404835,0.598425196850394,-10.0768871572928));
#6903=CARTESIAN_POINT('Ctrl Pts',(0.493421869941309,0.62992125984252,-10.0785248545354));
#6904=CARTESIAN_POINT('Ctrl Pts',(0.493421869941309,0.598425196850394,-10.0785248545354));
#6905=CARTESIAN_POINT('Ctrl Pts',(0.48794538958715,0.62992125984252,-10.0793085050964));
#6906=CARTESIAN_POINT('Ctrl Pts',(0.48794538958715,0.598425196850394,-10.0793085050964));
#6907=CARTESIAN_POINT('',(0.516113060372592,0.62992125984252,-10.0632757007045));
#6908=CARTESIAN_POINT('Ctrl Pts',(0.516113060372592,0.62992125984252,-10.0632757007045));
#6909=CARTESIAN_POINT('Ctrl Pts',(0.51225839410422,0.62992125984252,-10.0679410353794));
#6910=CARTESIAN_POINT('Ctrl Pts',(0.504866788404835,0.62992125984252,-10.0768871572928));
#6911=CARTESIAN_POINT('Ctrl Pts',(0.493421869941309,0.62992125984252,-10.0785248545354));
#6912=CARTESIAN_POINT('Ctrl Pts',(0.48794538958715,0.62992125984252,-10.0793085050964));
#6913=CARTESIAN_POINT('',(0.516113060372592,0.598425196850394,-10.0632757007045));
#6914=CARTESIAN_POINT('Ctrl Pts',(0.516113060372592,0.598425196850394,-10.0632757007045));
#6915=CARTESIAN_POINT('Ctrl Pts',(0.51225839410422,0.598425196850394,-10.0679410353794));
#6916=CARTESIAN_POINT('Ctrl Pts',(0.504866788404835,0.598425196850394,-10.0768871572928));
#6917=CARTESIAN_POINT('Ctrl Pts',(0.493421869941309,0.598425196850394,-10.0785248545354));
#6918=CARTESIAN_POINT('Ctrl Pts',(0.48794538958715,0.598425196850394,-10.0793085050964));
#6919=CARTESIAN_POINT('',(0.516113060372592,0.62992125984252,-10.0632757007045));
#6920=CARTESIAN_POINT('Ctrl Pts',(0.527403265127917,0.62992125984252,-9.9986666922418));
#6921=CARTESIAN_POINT('Ctrl Pts',(0.527403265127917,0.598425196850394,-9.9986666922418));
#6922=CARTESIAN_POINT('Ctrl Pts',(0.527571505346928,0.62992125984252,-10.0123780738836));
#6923=CARTESIAN_POINT('Ctrl Pts',(0.527571505346928,0.598425196850394,-10.0123780738836));
#6924=CARTESIAN_POINT('Ctrl Pts',(0.527845993592442,0.62992125984252,-10.034748545775));
#6925=CARTESIAN_POINT('Ctrl Pts',(0.527845993592442,0.598425196850394,-10.034748545775));
#6926=CARTESIAN_POINT('Ctrl Pts',(0.519387245395968,0.62992125984252,-10.0553149306499));
#6927=CARTESIAN_POINT('Ctrl Pts',(0.519387245395968,0.598425196850394,-10.0553149306499));
#6928=CARTESIAN_POINT('Ctrl Pts',(0.516113060372592,0.62992125984252,-10.0632757007045));
#6929=CARTESIAN_POINT('Ctrl Pts',(0.516113060372592,0.598425196850394,-10.0632757007045));
#6930=CARTESIAN_POINT('',(0.527403265127917,0.62992125984252,-9.9986666922418));
#6931=CARTESIAN_POINT('Ctrl Pts',(0.527403265127917,0.62992125984252,-9.9986666922418));
#6932=CARTESIAN_POINT('Ctrl Pts',(0.527571505346928,0.62992125984252,-10.0123780738836));
#6933=CARTESIAN_POINT('Ctrl Pts',(0.527845993592442,0.62992125984252,-10.034748545775));
#6934=CARTESIAN_POINT('Ctrl Pts',(0.519387245395968,0.62992125984252,-10.0553149306499));
#6935=CARTESIAN_POINT('Ctrl Pts',(0.516113060372592,0.62992125984252,-10.0632757007045));
#6936=CARTESIAN_POINT('',(0.527403265127917,0.598425196850394,-9.9986666922418));
#6937=CARTESIAN_POINT('Ctrl Pts',(0.527403265127917,0.598425196850394,-9.9986666922418));
#6938=CARTESIAN_POINT('Ctrl Pts',(0.527571505346928,0.598425196850394,-10.0123780738836));
#6939=CARTESIAN_POINT('Ctrl Pts',(0.527845993592442,0.598425196850394,-10.034748545775));
#6940=CARTESIAN_POINT('Ctrl Pts',(0.519387245395968,0.598425196850394,-10.0553149306499));
#6941=CARTESIAN_POINT('Ctrl Pts',(0.516113060372592,0.598425196850394,-10.0632757007045));
#6942=CARTESIAN_POINT('',(0.527403265127917,0.62992125984252,-9.9986666922418));
#6943=CARTESIAN_POINT('Ctrl Pts',(0.515866690751621,0.62992125984252,-9.9342355407136));
#6944=CARTESIAN_POINT('Ctrl Pts',(0.515866690751621,0.598425196850394,-9.9342355407136));
#6945=CARTESIAN_POINT('Ctrl Pts',(0.519172079350684,0.62992125984252,-9.94219480675287));
#6946=CARTESIAN_POINT('Ctrl Pts',(0.519172079350684,0.598425196850394,-9.94219480675287));
#6947=CARTESIAN_POINT('Ctrl Pts',(0.527683395699481,0.62992125984252,-9.96268977402653));
#6948=CARTESIAN_POINT('Ctrl Pts',(0.527683395699481,0.598425196850394,-9.96268977402653));
#6949=CARTESIAN_POINT('Ctrl Pts',(0.527509579450647,0.62992125984252,-9.98501283906682));
#6950=CARTESIAN_POINT('Ctrl Pts',(0.527509579450647,0.598425196850394,-9.98501283906682));
#6951=CARTESIAN_POINT('Ctrl Pts',(0.527403265127917,0.62992125984252,-9.9986666922418));
#6952=CARTESIAN_POINT('Ctrl Pts',(0.527403265127917,0.598425196850394,-9.9986666922418));
#6953=CARTESIAN_POINT('',(0.515866690751621,0.62992125984252,-9.9342355407136));
#6954=CARTESIAN_POINT('Ctrl Pts',(0.515866690751621,0.62992125984252,-9.9342355407136));
#6955=CARTESIAN_POINT('Ctrl Pts',(0.519172079350684,0.62992125984252,-9.94219480675287));
#6956=CARTESIAN_POINT('Ctrl Pts',(0.527683395699481,0.62992125984252,-9.96268977402653));
#6957=CARTESIAN_POINT('Ctrl Pts',(0.527509579450647,0.62992125984252,-9.98501283906682));
#6958=CARTESIAN_POINT('Ctrl Pts',(0.527403265127917,0.62992125984252,-9.9986666922418));
#6959=CARTESIAN_POINT('',(0.515866690751621,0.598425196850394,-9.9342355407136));
#6960=CARTESIAN_POINT('Ctrl Pts',(0.515866690751621,0.598425196850394,-9.9342355407136));
#6961=CARTESIAN_POINT('Ctrl Pts',(0.519172079350684,0.598425196850394,-9.94219480675287));
#6962=CARTESIAN_POINT('Ctrl Pts',(0.527683395699481,0.598425196850394,-9.96268977402653));
#6963=CARTESIAN_POINT('Ctrl Pts',(0.527509579450647,0.598425196850394,-9.98501283906682));
#6964=CARTESIAN_POINT('Ctrl Pts',(0.527403265127917,0.598425196850394,-9.9986666922418));
#6965=CARTESIAN_POINT('',(0.515866690751621,0.62992125984252,-9.9342355407136));
#6966=CARTESIAN_POINT('Ctrl Pts',(0.487906296934121,0.62992125984252,-9.91817562373658));
#6967=CARTESIAN_POINT('Ctrl Pts',(0.487906296934121,0.598425196850394,-9.91817562373658));
#6968=CARTESIAN_POINT('Ctrl Pts',(0.493317243714012,0.62992125984252,-9.91896002373833));
#6969=CARTESIAN_POINT('Ctrl Pts',(0.493317243714012,0.598425196850394,-9.91896002373833));
#6970=CARTESIAN_POINT('Ctrl Pts',(0.504701767765708,0.62992125984252,-9.92061038568962));
#6971=CARTESIAN_POINT('Ctrl Pts',(0.504701767765708,0.598425196850394,-9.92061038568962));
#6972=CARTESIAN_POINT('Ctrl Pts',(0.51202441970209,0.62992125984252,-9.92954661103983));
#6973=CARTESIAN_POINT('Ctrl Pts',(0.51202441970209,0.598425196850394,-9.92954661103983));
#6974=CARTESIAN_POINT('Ctrl Pts',(0.515866690751621,0.62992125984252,-9.9342355407136));
#6975=CARTESIAN_POINT('Ctrl Pts',(0.515866690751621,0.598425196850394,-9.9342355407136));
#6976=CARTESIAN_POINT('',(0.487906296934121,0.62992125984252,-9.91817562373658));
#6977=CARTESIAN_POINT('Ctrl Pts',(0.487906296934121,0.62992125984252,-9.91817562373658));
#6978=CARTESIAN_POINT('Ctrl Pts',(0.493317243714012,0.62992125984252,-9.91896002373833));
#6979=CARTESIAN_POINT('Ctrl Pts',(0.504701767765708,0.62992125984252,-9.92061038568962));
#6980=CARTESIAN_POINT('Ctrl Pts',(0.51202441970209,0.62992125984252,-9.92954661103983));
#6981=CARTESIAN_POINT('Ctrl Pts',(0.515866690751621,0.62992125984252,-9.9342355407136));
#6982=CARTESIAN_POINT('',(0.487906296934121,0.598425196850394,-9.91817562373658));
#6983=CARTESIAN_POINT('Ctrl Pts',(0.487906296934121,0.598425196850394,-9.91817562373658));
#6984=CARTESIAN_POINT('Ctrl Pts',(0.493317243714012,0.598425196850394,-9.91896002373833));
#6985=CARTESIAN_POINT('Ctrl Pts',(0.504701767765708,0.598425196850394,-9.92061038568962));
#6986=CARTESIAN_POINT('Ctrl Pts',(0.51202441970209,0.598425196850394,-9.92954661103983));
#6987=CARTESIAN_POINT('Ctrl Pts',(0.515866690751621,0.598425196850394,-9.9342355407136));
#6988=CARTESIAN_POINT('',(0.487906296934121,0.62992125984252,-9.91817562373658));
#6989=CARTESIAN_POINT('Ctrl Pts',(0.459872924085815,0.62992125984252,-9.9342081717204));
#6990=CARTESIAN_POINT('Ctrl Pts',(0.459872924085815,0.598425196850394,-9.9342081717204));
#6991=CARTESIAN_POINT('Ctrl Pts',(0.4637386162647,0.62992125984252,-9.92954357460685));
#6992=CARTESIAN_POINT('Ctrl Pts',(0.4637386162647,0.598425196850394,-9.92954357460685));
#6993=CARTESIAN_POINT('Ctrl Pts',(0.471110480321422,0.62992125984252,-9.92064820109823));
#6994=CARTESIAN_POINT('Ctrl Pts',(0.471110480321422,0.598425196850394,-9.92064820109823));
#6995=CARTESIAN_POINT('Ctrl Pts',(0.482492725934078,0.62992125984252,-9.91897257653793));
#6996=CARTESIAN_POINT('Ctrl Pts',(0.482492725934078,0.598425196850394,-9.91897257653793));
#6997=CARTESIAN_POINT('Ctrl Pts',(0.487906296934121,0.62992125984252,-9.91817562373658));
#6998=CARTESIAN_POINT('Ctrl Pts',(0.487906296934121,0.598425196850394,-9.91817562373658));
#6999=CARTESIAN_POINT('',(0.459872924085815,0.62992125984252,-9.9342081717204));
#7000=CARTESIAN_POINT('Ctrl Pts',(0.459872924085815,0.62992125984252,-9.9342081717204));
#7001=CARTESIAN_POINT('Ctrl Pts',(0.4637386162647,0.62992125984252,-9.92954357460685));
#7002=CARTESIAN_POINT('Ctrl Pts',(0.471110480321422,0.62992125984252,-9.92064820109823));
#7003=CARTESIAN_POINT('Ctrl Pts',(0.482492725934078,0.62992125984252,-9.91897257653793));
#7004=CARTESIAN_POINT('Ctrl Pts',(0.487906296934121,0.62992125984252,-9.91817562373658));
#7005=CARTESIAN_POINT('',(0.459872924085815,0.598425196850394,-9.9342081717204));
#7006=CARTESIAN_POINT('Ctrl Pts',(0.459872924085815,0.598425196850394,-9.9342081717204));
#7007=CARTESIAN_POINT('Ctrl Pts',(0.4637386162647,0.598425196850394,-9.92954357460685));
#7008=CARTESIAN_POINT('Ctrl Pts',(0.471110480321422,0.598425196850394,-9.92064820109823));
#7009=CARTESIAN_POINT('Ctrl Pts',(0.482492725934078,0.598425196850394,-9.91897257653793));
#7010=CARTESIAN_POINT('Ctrl Pts',(0.487906296934121,0.598425196850394,-9.91817562373658));
#7011=CARTESIAN_POINT('',(0.459872924085815,0.62992125984252,-9.9342081717204));
#7012=CARTESIAN_POINT('Ctrl Pts',(0.448716970334921,0.62992125984252,-9.9988169238647));
#7013=CARTESIAN_POINT('Ctrl Pts',(0.448716970334921,0.598425196850394,-9.9988169238647));
#7014=CARTESIAN_POINT('Ctrl Pts',(0.448555593377831,0.62992125984252,-9.98513463335427));
#7015=CARTESIAN_POINT('Ctrl Pts',(0.448555593377831,0.598425196850394,-9.98513463335427));
#7016=CARTESIAN_POINT('Ctrl Pts',(0.448292008918467,0.62992125984252,-9.96278671446869));
#7017=CARTESIAN_POINT('Ctrl Pts',(0.448292008918467,0.598425196850394,-9.96278671446869));
#7018=CARTESIAN_POINT('Ctrl Pts',(0.456637050864327,0.62992125984252,-9.94219342503174));
#7019=CARTESIAN_POINT('Ctrl Pts',(0.456637050864327,0.598425196850394,-9.94219342503174));
#7020=CARTESIAN_POINT('Ctrl Pts',(0.459872924085815,0.62992125984252,-9.9342081717204));
#7021=CARTESIAN_POINT('Ctrl Pts',(0.459872924085815,0.598425196850394,-9.9342081717204));
#7022=CARTESIAN_POINT('',(0.448716970334921,0.62992125984252,-9.9988169238647));
#7023=CARTESIAN_POINT('Ctrl Pts',(0.448716970334921,0.62992125984252,-9.9988169238647));
#7024=CARTESIAN_POINT('Ctrl Pts',(0.448555593377831,0.62992125984252,-9.98513463335427));
#7025=CARTESIAN_POINT('Ctrl Pts',(0.448292008918467,0.62992125984252,-9.96278671446869));
#7026=CARTESIAN_POINT('Ctrl Pts',(0.456637050864327,0.62992125984252,-9.94219342503174));
#7027=CARTESIAN_POINT('Ctrl Pts',(0.459872924085815,0.62992125984252,-9.9342081717204));
#7028=CARTESIAN_POINT('',(0.448716970334921,0.598425196850394,-9.9988169238647));
#7029=CARTESIAN_POINT('Ctrl Pts',(0.448716970334921,0.598425196850394,-9.9988169238647));
#7030=CARTESIAN_POINT('Ctrl Pts',(0.448555593377831,0.598425196850394,-9.98513463335427));
#7031=CARTESIAN_POINT('Ctrl Pts',(0.448292008918467,0.598425196850394,-9.96278671446869));
#7032=CARTESIAN_POINT('Ctrl Pts',(0.456637050864327,0.598425196850394,-9.94219342503174));
#7033=CARTESIAN_POINT('Ctrl Pts',(0.459872924085815,0.598425196850394,-9.9342081717204));
#7034=CARTESIAN_POINT('',(0.448716970334921,0.62992125984252,-9.9988169238647));
#7035=CARTESIAN_POINT('Ctrl Pts',(0.461331632948044,0.62992125984252,-10.065260188392));
#7036=CARTESIAN_POINT('Ctrl Pts',(0.461331632948044,0.598425196850394,-10.065260188392));
#7037=CARTESIAN_POINT('Ctrl Pts',(0.457708200044834,0.62992125984252,-10.0568344884031));
#7038=CARTESIAN_POINT('Ctrl Pts',(0.457708200044834,0.598425196850394,-10.0568344884031));
#7039=CARTESIAN_POINT('Ctrl Pts',(0.448640995934903,0.62992125984252,-10.0357501897256));
#7040=CARTESIAN_POINT('Ctrl Pts',(0.448640995934903,0.598425196850394,-10.0357501897256));
#7041=CARTESIAN_POINT('Ctrl Pts',(0.448688468649663,0.62992125984252,-10.0126723846367));
#7042=CARTESIAN_POINT('Ctrl Pts',(0.448688468649663,0.598425196850394,-10.0126723846367));
#7043=CARTESIAN_POINT('Ctrl Pts',(0.448716970334921,0.62992125984252,-9.9988169238647));
#7044=CARTESIAN_POINT('Ctrl Pts',(0.448716970334921,0.598425196850394,-9.9988169238647));
#7045=CARTESIAN_POINT('Ctrl Pts',(0.461331632948044,0.62992125984252,-10.065260188392));
#7046=CARTESIAN_POINT('Ctrl Pts',(0.457708200044834,0.62992125984252,-10.0568344884031));
#7047=CARTESIAN_POINT('Ctrl Pts',(0.448640995934903,0.62992125984252,-10.0357501897256));
#7048=CARTESIAN_POINT('Ctrl Pts',(0.448688468649663,0.62992125984252,-10.0126723846367));
#7049=CARTESIAN_POINT('Ctrl Pts',(0.448716970334921,0.62992125984252,-9.9988169238647));
#7050=CARTESIAN_POINT('Ctrl Pts',(0.461331632948044,0.598425196850394,-10.065260188392));
#7051=CARTESIAN_POINT('Ctrl Pts',(0.457708200044834,0.598425196850394,-10.0568344884031));
#7052=CARTESIAN_POINT('Ctrl Pts',(0.448640995934903,0.598425196850394,-10.0357501897256));
#7053=CARTESIAN_POINT('Ctrl Pts',(0.448688468649663,0.598425196850394,-10.0126723846367));
#7054=CARTESIAN_POINT('Ctrl Pts',(0.448716970334921,0.598425196850394,-9.9988169238647));
#7055=CARTESIAN_POINT('Ctrl Pts',(0.48786835446123,0.62992125984252,-9.89830262659898));
#7056=CARTESIAN_POINT('Ctrl Pts',(0.48786835446123,0.598425196850394,-9.89830262659898));
#7057=CARTESIAN_POINT('Ctrl Pts',(0.478963050989744,0.62992125984252,-9.899080292308));
#7058=CARTESIAN_POINT('Ctrl Pts',(0.478963050989744,0.598425196850394,-9.899080292308));
#7059=CARTESIAN_POINT('Ctrl Pts',(0.461593523747781,0.62992125984252,-9.90059710594171));
#7060=CARTESIAN_POINT('Ctrl Pts',(0.461593523747781,0.598425196850394,-9.90059710594171));
#7061=CARTESIAN_POINT('Ctrl Pts',(0.449221854578349,0.62992125984252,-9.91283469904356));
#7062=CARTESIAN_POINT('Ctrl Pts',(0.449221854578349,0.598425196850394,-9.91283469904356));
#7063=CARTESIAN_POINT('Ctrl Pts',(0.443193102338542,0.62992125984252,-9.91879811560541));
#7064=CARTESIAN_POINT('Ctrl Pts',(0.443193102338542,0.598425196850394,-9.91879811560541));
#7065=CARTESIAN_POINT('',(0.48786835446123,0.62992125984252,-9.89830262659898));
#7066=CARTESIAN_POINT('',(0.443193102338542,0.62992125984252,-9.91879811560541));
#7067=CARTESIAN_POINT('Ctrl Pts',(0.48786835446123,0.62992125984252,-9.89830262659898));
#7068=CARTESIAN_POINT('Ctrl Pts',(0.478963050989744,0.62992125984252,-9.899080292308));
#7069=CARTESIAN_POINT('Ctrl Pts',(0.461593523747781,0.62992125984252,-9.90059710594171));
#7070=CARTESIAN_POINT('Ctrl Pts',(0.449221854578349,0.62992125984252,-9.91283469904356));
#7071=CARTESIAN_POINT('Ctrl Pts',(0.443193102338542,0.62992125984252,-9.91879811560541));
#7072=CARTESIAN_POINT('',(0.443193102338542,0.598425196850394,-9.91879811560541));
#7073=CARTESIAN_POINT('',(0.443193102338542,0.62992125984252,-9.91879811560541));
#7074=CARTESIAN_POINT('',(0.48786835446123,0.598425196850394,-9.89830262659898));
#7075=CARTESIAN_POINT('Ctrl Pts',(0.48786835446123,0.598425196850394,-9.89830262659898));
#7076=CARTESIAN_POINT('Ctrl Pts',(0.478963050989744,0.598425196850394,-9.899080292308));
#7077=CARTESIAN_POINT('Ctrl Pts',(0.461593523747781,0.598425196850394,-9.90059710594171));
#7078=CARTESIAN_POINT('Ctrl Pts',(0.449221854578349,0.598425196850394,-9.91283469904356));
#7079=CARTESIAN_POINT('Ctrl Pts',(0.443193102338542,0.598425196850394,-9.91879811560541));
#7080=CARTESIAN_POINT('',(0.48786835446123,0.62992125984252,-9.89830262659898));
#7081=CARTESIAN_POINT('Ctrl Pts',(0.523608091853715,0.62992125984252,-9.90978224836855));
#7082=CARTESIAN_POINT('Ctrl Pts',(0.523608091853715,0.598425196850394,-9.90978224836855));
#7083=CARTESIAN_POINT('Ctrl Pts',(0.518434636629092,0.62992125984252,-9.90642599905448));
#7084=CARTESIAN_POINT('Ctrl Pts',(0.518434636629092,0.598425196850394,-9.90642599905448));
#7085=CARTESIAN_POINT('Ctrl Pts',(0.50758291311045,0.62992125984252,-9.89938600585176));
#7086=CARTESIAN_POINT('Ctrl Pts',(0.50758291311045,0.598425196850394,-9.89938600585176));
#7087=CARTESIAN_POINT('Ctrl Pts',(0.494640563097334,0.62992125984252,-9.89867478153597));
#7088=CARTESIAN_POINT('Ctrl Pts',(0.494640563097334,0.598425196850394,-9.89867478153597));
#7089=CARTESIAN_POINT('Ctrl Pts',(0.48786835446123,0.62992125984252,-9.89830262659898));
#7090=CARTESIAN_POINT('Ctrl Pts',(0.48786835446123,0.598425196850394,-9.89830262659898));
#7091=CARTESIAN_POINT('',(0.523608091853715,0.62992125984252,-9.90978224836855));
#7092=CARTESIAN_POINT('Ctrl Pts',(0.523608091853715,0.62992125984252,-9.90978224836855));
#7093=CARTESIAN_POINT('Ctrl Pts',(0.518434636629092,0.62992125984252,-9.90642599905448));
#7094=CARTESIAN_POINT('Ctrl Pts',(0.50758291311045,0.62992125984252,-9.89938600585176));
#7095=CARTESIAN_POINT('Ctrl Pts',(0.494640563097334,0.62992125984252,-9.89867478153597));
#7096=CARTESIAN_POINT('Ctrl Pts',(0.48786835446123,0.62992125984252,-9.89830262659898));
#7097=CARTESIAN_POINT('',(0.523608091853715,0.598425196850394,-9.90978224836855));
#7098=CARTESIAN_POINT('Ctrl Pts',(0.523608091853715,0.598425196850394,-9.90978224836855));
#7099=CARTESIAN_POINT('Ctrl Pts',(0.518434636629092,0.598425196850394,-9.90642599905448));
#7100=CARTESIAN_POINT('Ctrl Pts',(0.50758291311045,0.598425196850394,-9.89938600585176));
#7101=CARTESIAN_POINT('Ctrl Pts',(0.494640563097334,0.598425196850394,-9.89867478153597));
#7102=CARTESIAN_POINT('Ctrl Pts',(0.48786835446123,0.598425196850394,-9.89830262659898));
#7103=CARTESIAN_POINT('',(0.523608091853715,0.62992125984252,-9.90978224836855));
#7104=CARTESIAN_POINT('Ctrl Pts',(0.545020918322857,0.62992125984252,-9.94263934136734));
#7105=CARTESIAN_POINT('Ctrl Pts',(0.545020918322857,0.598425196850394,-9.94263934136734));
#7106=CARTESIAN_POINT('Ctrl Pts',(0.542473458941031,0.62992125984252,-9.93608292874315));
#7107=CARTESIAN_POINT('Ctrl Pts',(0.542473458941031,0.598425196850394,-9.93608292874315));
#7108=CARTESIAN_POINT('Ctrl Pts',(0.537628161754095,0.62992125984252,-9.92361255615507));
#7109=CARTESIAN_POINT('Ctrl Pts',(0.537628161754095,0.598425196850394,-9.92361255615507));
#7110=CARTESIAN_POINT('Ctrl Pts',(0.528118134948695,0.62992125984252,-9.91423124787977));
#7111=CARTESIAN_POINT('Ctrl Pts',(0.528118134948695,0.598425196850394,-9.91423124787977));
#7112=CARTESIAN_POINT('Ctrl Pts',(0.523608091853715,0.62992125984252,-9.90978224836855));
#7113=CARTESIAN_POINT('Ctrl Pts',(0.523608091853715,0.598425196850394,-9.90978224836855));
#7114=CARTESIAN_POINT('',(0.545020918322857,0.62992125984252,-9.94263934136734));
#7115=CARTESIAN_POINT('Ctrl Pts',(0.545020918322857,0.62992125984252,-9.94263934136734));
#7116=CARTESIAN_POINT('Ctrl Pts',(0.542473458941031,0.62992125984252,-9.93608292874315));
#7117=CARTESIAN_POINT('Ctrl Pts',(0.537628161754095,0.62992125984252,-9.92361255615507));
#7118=CARTESIAN_POINT('Ctrl Pts',(0.528118134948695,0.62992125984252,-9.91423124787977));
#7119=CARTESIAN_POINT('Ctrl Pts',(0.523608091853715,0.62992125984252,-9.90978224836855));
#7120=CARTESIAN_POINT('',(0.545020918322857,0.598425196850394,-9.94263934136734));
#7121=CARTESIAN_POINT('Ctrl Pts',(0.545020918322857,0.598425196850394,-9.94263934136734));
#7122=CARTESIAN_POINT('Ctrl Pts',(0.542473458941031,0.598425196850394,-9.93608292874315));
#7123=CARTESIAN_POINT('Ctrl Pts',(0.537628161754095,0.598425196850394,-9.92361255615507));
#7124=CARTESIAN_POINT('Ctrl Pts',(0.528118134948695,0.598425196850394,-9.91423124787977));
#7125=CARTESIAN_POINT('Ctrl Pts',(0.523608091853715,0.598425196850394,-9.90978224836855));
#7126=CARTESIAN_POINT('',(0.545020918322857,0.62992125984252,-9.94263934136734));
#7127=CARTESIAN_POINT('Ctrl Pts',(0.552244511549918,0.62992125984252,-9.99861926415061));
#7128=CARTESIAN_POINT('Ctrl Pts',(0.552244511549918,0.598425196850394,-9.99861926415061));
#7129=CARTESIAN_POINT('Ctrl Pts',(0.5520796495048,0.62992125984252,-9.98811867381682));
#7130=CARTESIAN_POINT('Ctrl Pts',(0.5520796495048,0.598425196850394,-9.98811867381682));
#7131=CARTESIAN_POINT('Ctrl Pts',(0.551782121788748,0.62992125984252,-9.96916818307777));
#7132=CARTESIAN_POINT('Ctrl Pts',(0.551782121788748,0.598425196850394,-9.96916818307777));
#7133=CARTESIAN_POINT('Ctrl Pts',(0.547105979649374,0.62992125984252,-9.95082046802131));
#7134=CARTESIAN_POINT('Ctrl Pts',(0.547105979649374,0.598425196850394,-9.95082046802131));
#7135=CARTESIAN_POINT('Ctrl Pts',(0.545020918322857,0.62992125984252,-9.94263934136734));
#7136=CARTESIAN_POINT('Ctrl Pts',(0.545020918322857,0.598425196850394,-9.94263934136734));
#7137=CARTESIAN_POINT('',(0.552244511549918,0.62992125984252,-9.99861926415061));
#7138=CARTESIAN_POINT('Ctrl Pts',(0.552244511549918,0.62992125984252,-9.99861926415061));
#7139=CARTESIAN_POINT('Ctrl Pts',(0.5520796495048,0.62992125984252,-9.98811867381682));
#7140=CARTESIAN_POINT('Ctrl Pts',(0.551782121788748,0.62992125984252,-9.96916818307777));
#7141=CARTESIAN_POINT('Ctrl Pts',(0.547105979649374,0.62992125984252,-9.95082046802131));
#7142=CARTESIAN_POINT('Ctrl Pts',(0.545020918322857,0.62992125984252,-9.94263934136734));
#7143=CARTESIAN_POINT('',(0.552244511549918,0.598425196850394,-9.99861926415061));
#7144=CARTESIAN_POINT('Ctrl Pts',(0.552244511549918,0.598425196850394,-9.99861926415061));
#7145=CARTESIAN_POINT('Ctrl Pts',(0.5520796495048,0.598425196850394,-9.98811867381682));
#7146=CARTESIAN_POINT('Ctrl Pts',(0.551782121788748,0.598425196850394,-9.96916818307777));
#7147=CARTESIAN_POINT('Ctrl Pts',(0.547105979649374,0.598425196850394,-9.95082046802131));
#7148=CARTESIAN_POINT('Ctrl Pts',(0.545020918322857,0.598425196850394,-9.94263934136734));
#7149=CARTESIAN_POINT('',(0.552244511549918,0.62992125984252,-9.99861926415061));
#7150=CARTESIAN_POINT('Ctrl Pts',(0.547902063479275,0.62992125984252,-10.0450875594621));
#7151=CARTESIAN_POINT('Ctrl Pts',(0.547902063479275,0.598425196850394,-10.0450875594621));
#7152=CARTESIAN_POINT('Ctrl Pts',(0.549176605208211,0.62992125984252,-10.0383673610701));
#7153=CARTESIAN_POINT('Ctrl Pts',(0.549176605208211,0.598425196850394,-10.0383673610701));
#7154=CARTESIAN_POINT('Ctrl Pts',(0.552086291543988,0.62992125984252,-10.0230256354986));
#7155=CARTESIAN_POINT('Ctrl Pts',(0.552086291543988,0.598425196850394,-10.0230256354986));
#7156=CARTESIAN_POINT('Ctrl Pts',(0.552187586970619,0.62992125984252,-10.0074002170587));
#7157=CARTESIAN_POINT('Ctrl Pts',(0.552187586970619,0.598425196850394,-10.0074002170587));
#7158=CARTESIAN_POINT('Ctrl Pts',(0.552244511549918,0.62992125984252,-9.99861926415061));
#7159=CARTESIAN_POINT('Ctrl Pts',(0.552244511549918,0.598425196850394,-9.99861926415061));
#7160=CARTESIAN_POINT('',(0.547902063479275,0.62992125984252,-10.0450875594621));
#7161=CARTESIAN_POINT('Ctrl Pts',(0.547902063479275,0.62992125984252,-10.0450875594621));
#7162=CARTESIAN_POINT('Ctrl Pts',(0.549176605208211,0.62992125984252,-10.0383673610701));
#7163=CARTESIAN_POINT('Ctrl Pts',(0.552086291543988,0.62992125984252,-10.0230256354986));
#7164=CARTESIAN_POINT('Ctrl Pts',(0.552187586970619,0.62992125984252,-10.0074002170587));
#7165=CARTESIAN_POINT('Ctrl Pts',(0.552244511549918,0.62992125984252,-9.99861926415061));
#7166=CARTESIAN_POINT('',(0.547902063479275,0.598425196850394,-10.0450875594621));
#7167=CARTESIAN_POINT('Ctrl Pts',(0.547902063479275,0.598425196850394,-10.0450875594621));
#7168=CARTESIAN_POINT('Ctrl Pts',(0.549176605208211,0.598425196850394,-10.0383673610701));
#7169=CARTESIAN_POINT('Ctrl Pts',(0.552086291543988,0.598425196850394,-10.0230256354986));
#7170=CARTESIAN_POINT('Ctrl Pts',(0.552187586970619,0.598425196850394,-10.0074002170587));
#7171=CARTESIAN_POINT('Ctrl Pts',(0.552244511549918,0.598425196850394,-9.99861926415061));
#7172=CARTESIAN_POINT('',(0.547902063479275,0.62992125984252,-10.0450875594621));
#7173=CARTESIAN_POINT('Ctrl Pts',(0.535738787118823,0.62992125984252,-10.0743832632302));
#7174=CARTESIAN_POINT('Ctrl Pts',(0.535738787118823,0.598425196850394,-10.0743832632302));
#7175=CARTESIAN_POINT('Ctrl Pts',(0.538223508398743,0.62992125984252,-10.0700221311581));
#7176=CARTESIAN_POINT('Ctrl Pts',(0.538223508398743,0.598425196850394,-10.0700221311581));
#7177=CARTESIAN_POINT('Ctrl Pts',(0.543495370036809,0.62992125984252,-10.0607690672207));
#7178=CARTESIAN_POINT('Ctrl Pts',(0.543495370036809,0.598425196850394,-10.0607690672207));
#7179=CARTESIAN_POINT('Ctrl Pts',(0.546378044358142,0.62992125984252,-10.0505108815026));
#7180=CARTESIAN_POINT('Ctrl Pts',(0.546378044358142,0.598425196850394,-10.0505108815026));
#7181=CARTESIAN_POINT('Ctrl Pts',(0.547902063479275,0.62992125984252,-10.0450875594621));
#7182=CARTESIAN_POINT('Ctrl Pts',(0.547902063479275,0.598425196850394,-10.0450875594621));
#7183=CARTESIAN_POINT('',(0.535738787118823,0.62992125984252,-10.0743832632302));
#7184=CARTESIAN_POINT('Ctrl Pts',(0.535738787118823,0.62992125984252,-10.0743832632302));
#7185=CARTESIAN_POINT('Ctrl Pts',(0.538223508398743,0.62992125984252,-10.0700221311581));
#7186=CARTESIAN_POINT('Ctrl Pts',(0.543495370036809,0.62992125984252,-10.0607690672207));
#7187=CARTESIAN_POINT('Ctrl Pts',(0.546378044358142,0.62992125984252,-10.0505108815026));
#7188=CARTESIAN_POINT('Ctrl Pts',(0.547902063479275,0.62992125984252,-10.0450875594621));
#7189=CARTESIAN_POINT('',(0.535738787118823,0.598425196850394,-10.0743832632302));
#7190=CARTESIAN_POINT('Ctrl Pts',(0.535738787118823,0.598425196850394,-10.0743832632302));
#7191=CARTESIAN_POINT('Ctrl Pts',(0.538223508398743,0.598425196850394,-10.0700221311581));
#7192=CARTESIAN_POINT('Ctrl Pts',(0.543495370036809,0.598425196850394,-10.0607690672207));
#7193=CARTESIAN_POINT('Ctrl Pts',(0.546378044358142,0.598425196850394,-10.0505108815026));
#7194=CARTESIAN_POINT('Ctrl Pts',(0.547902063479275,0.598425196850394,-10.0450875594621));
#7195=CARTESIAN_POINT('',(0.535738787118823,0.62992125984252,-10.0743832632302));
#7196=CARTESIAN_POINT('Ctrl Pts',(0.51603516341836,0.62992125984252,-10.0928169038774));
#7197=CARTESIAN_POINT('Ctrl Pts',(0.51603516341836,0.598425196850394,-10.0928169038774));
#7198=CARTESIAN_POINT('Ctrl Pts',(0.519861049420415,0.62992125984252,-10.0904335431412));
#7199=CARTESIAN_POINT('Ctrl Pts',(0.519861049420415,0.598425196850394,-10.0904335431412));
#7200=CARTESIAN_POINT('Ctrl Pts',(0.5276391492666,0.62992125984252,-10.0855881249123));
#7201=CARTESIAN_POINT('Ctrl Pts',(0.5276391492666,0.598425196850394,-10.0855881249123));
#7202=CARTESIAN_POINT('Ctrl Pts',(0.533009831892466,0.62992125984252,-10.0781584401462));
#7203=CARTESIAN_POINT('Ctrl Pts',(0.533009831892466,0.598425196850394,-10.0781584401462));
#7204=CARTESIAN_POINT('Ctrl Pts',(0.535738787118823,0.62992125984252,-10.0743832632302));
#7205=CARTESIAN_POINT('Ctrl Pts',(0.535738787118823,0.598425196850394,-10.0743832632302));
#7206=CARTESIAN_POINT('',(0.51603516341836,0.62992125984252,-10.0928169038774));
#7207=CARTESIAN_POINT('Ctrl Pts',(0.51603516341836,0.62992125984252,-10.0928169038774));
#7208=CARTESIAN_POINT('Ctrl Pts',(0.519861049420415,0.62992125984252,-10.0904335431412));
#7209=CARTESIAN_POINT('Ctrl Pts',(0.5276391492666,0.62992125984252,-10.0855881249123));
#7210=CARTESIAN_POINT('Ctrl Pts',(0.533009831892466,0.62992125984252,-10.0781584401462));
#7211=CARTESIAN_POINT('Ctrl Pts',(0.535738787118823,0.62992125984252,-10.0743832632302));
#7212=CARTESIAN_POINT('',(0.51603516341836,0.598425196850394,-10.0928169038774));
#7213=CARTESIAN_POINT('Ctrl Pts',(0.51603516341836,0.598425196850394,-10.0928169038774));
#7214=CARTESIAN_POINT('Ctrl Pts',(0.519861049420415,0.598425196850394,-10.0904335431412));
#7215=CARTESIAN_POINT('Ctrl Pts',(0.5276391492666,0.598425196850394,-10.0855881249123));
#7216=CARTESIAN_POINT('Ctrl Pts',(0.533009831892466,0.598425196850394,-10.0781584401462));
#7217=CARTESIAN_POINT('Ctrl Pts',(0.535738787118823,0.598425196850394,-10.0743832632302));
#7218=CARTESIAN_POINT('',(0.51603516341836,0.62992125984252,-10.0928169038774));
#7219=CARTESIAN_POINT('Ctrl Pts',(0.488252137364825,0.62992125984252,-10.0993152639783));
#7220=CARTESIAN_POINT('Ctrl Pts',(0.488252137364825,0.598425196850394,-10.0993152639783));
#7221=CARTESIAN_POINT('Ctrl Pts',(0.493283401344987,0.62992125984252,-10.0990831540204));
#7222=CARTESIAN_POINT('Ctrl Pts',(0.493283401344987,0.598425196850394,-10.0990831540204));
#7223=CARTESIAN_POINT('Ctrl Pts',(0.502955889535506,0.62992125984252,-10.0986369280153));
#7224=CARTESIAN_POINT('Ctrl Pts',(0.502955889535506,0.598425196850394,-10.0986369280153));
#7225=CARTESIAN_POINT('Ctrl Pts',(0.511794206153124,0.62992125984252,-10.0947040479094));
#7226=CARTESIAN_POINT('Ctrl Pts',(0.511794206153124,0.598425196850394,-10.0947040479094));
#7227=CARTESIAN_POINT('Ctrl Pts',(0.51603516341836,0.62992125984252,-10.0928169038774));
#7228=CARTESIAN_POINT('Ctrl Pts',(0.51603516341836,0.598425196850394,-10.0928169038774));
#7229=CARTESIAN_POINT('',(0.488252137364825,0.62992125984252,-10.0993152639783));
#7230=CARTESIAN_POINT('Ctrl Pts',(0.488252137364825,0.62992125984252,-10.0993152639783));
#7231=CARTESIAN_POINT('Ctrl Pts',(0.493283401344987,0.62992125984252,-10.0990831540204));
#7232=CARTESIAN_POINT('Ctrl Pts',(0.502955889535506,0.62992125984252,-10.0986369280153));
#7233=CARTESIAN_POINT('Ctrl Pts',(0.511794206153124,0.62992125984252,-10.0947040479094));
#7234=CARTESIAN_POINT('Ctrl Pts',(0.51603516341836,0.62992125984252,-10.0928169038774));
#7235=CARTESIAN_POINT('',(0.488252137364825,0.598425196850394,-10.0993152639783));
#7236=CARTESIAN_POINT('Ctrl Pts',(0.488252137364825,0.598425196850394,-10.0993152639783));
#7237=CARTESIAN_POINT('Ctrl Pts',(0.493283401344987,0.598425196850394,-10.0990831540204));
#7238=CARTESIAN_POINT('Ctrl Pts',(0.502955889535506,0.598425196850394,-10.0986369280153));
#7239=CARTESIAN_POINT('Ctrl Pts',(0.511794206153124,0.598425196850394,-10.0947040479094));
#7240=CARTESIAN_POINT('Ctrl Pts',(0.51603516341836,0.598425196850394,-10.0928169038774));
#7241=CARTESIAN_POINT('',(0.488252137364825,0.62992125984252,-10.0993152639783));
#7242=CARTESIAN_POINT('Ctrl Pts',(0.452512399949938,0.62992125984252,-10.0878356304756));
#7243=CARTESIAN_POINT('Ctrl Pts',(0.452512399949938,0.598425196850394,-10.0878356304756));
#7244=CARTESIAN_POINT('Ctrl Pts',(0.45770847385487,0.62992125984252,-10.0911921183477));
#7245=CARTESIAN_POINT('Ctrl Pts',(0.45770847385487,0.598425196850394,-10.0911921183477));
#7246=CARTESIAN_POINT('Ctrl Pts',(0.468570249399829,0.62992125984252,-10.0982084577135));
#7247=CARTESIAN_POINT('Ctrl Pts',(0.468570249399829,0.598425196850394,-10.0982084577135));
#7248=CARTESIAN_POINT('Ctrl Pts',(0.481505087971018,0.62992125984252,-10.0989358452685));
#7249=CARTESIAN_POINT('Ctrl Pts',(0.481505087971018,0.598425196850394,-10.0989358452685));
#7250=CARTESIAN_POINT('Ctrl Pts',(0.488252137364825,0.62992125984252,-10.0993152639783));
#7251=CARTESIAN_POINT('Ctrl Pts',(0.488252137364825,0.598425196850394,-10.0993152639783));
#7252=CARTESIAN_POINT('',(0.452512399949938,0.62992125984252,-10.0878356304756));
#7253=CARTESIAN_POINT('Ctrl Pts',(0.452512399949938,0.62992125984252,-10.0878356304756));
#7254=CARTESIAN_POINT('Ctrl Pts',(0.45770847385487,0.62992125984252,-10.0911921183477));
#7255=CARTESIAN_POINT('Ctrl Pts',(0.468570249399829,0.62992125984252,-10.0982084577135));
#7256=CARTESIAN_POINT('Ctrl Pts',(0.481505087971018,0.62992125984252,-10.0989358452685));
#7257=CARTESIAN_POINT('Ctrl Pts',(0.488252137364825,0.62992125984252,-10.0993152639783));
#7258=CARTESIAN_POINT('',(0.452512399949938,0.598425196850394,-10.0878356304756));
#7259=CARTESIAN_POINT('Ctrl Pts',(0.452512399949938,0.598425196850394,-10.0878356304756));
#7260=CARTESIAN_POINT('Ctrl Pts',(0.45770847385487,0.598425196850394,-10.0911921183477));
#7261=CARTESIAN_POINT('Ctrl Pts',(0.468570249399829,0.598425196850394,-10.0982084577135));
#7262=CARTESIAN_POINT('Ctrl Pts',(0.481505087971018,0.598425196850394,-10.0989358452685));
#7263=CARTESIAN_POINT('Ctrl Pts',(0.488252137364825,0.598425196850394,-10.0993152639783));
#7264=CARTESIAN_POINT('',(0.452512399949938,0.62992125984252,-10.0878356304756));
#7265=CARTESIAN_POINT('Ctrl Pts',(0.431099573503198,0.62992125984252,-10.05497854921));
#7266=CARTESIAN_POINT('Ctrl Pts',(0.431099573503198,0.598425196850394,-10.05497854921));
#7267=CARTESIAN_POINT('Ctrl Pts',(0.433668656770361,0.62992125984252,-10.0615582005253));
#7268=CARTESIAN_POINT('Ctrl Pts',(0.433668656770361,0.598425196850394,-10.0615582005253));
#7269=CARTESIAN_POINT('Ctrl Pts',(0.438533539899312,0.62992125984252,-10.0740175999879));
#7270=CARTESIAN_POINT('Ctrl Pts',(0.438533539899312,0.598425196850394,-10.0740175999879));
#7271=CARTESIAN_POINT('Ctrl Pts',(0.448030611688443,0.62992125984252,-10.0834054060787));
#7272=CARTESIAN_POINT('Ctrl Pts',(0.448030611688443,0.598425196850394,-10.0834054060787));
#7273=CARTESIAN_POINT('Ctrl Pts',(0.452512399949938,0.62992125984252,-10.0878356304756));
#7274=CARTESIAN_POINT('Ctrl Pts',(0.452512399949938,0.598425196850394,-10.0878356304756));
#7275=CARTESIAN_POINT('',(0.431099573503198,0.62992125984252,-10.05497854921));
#7276=CARTESIAN_POINT('Ctrl Pts',(0.431099573503198,0.62992125984252,-10.05497854921));
#7277=CARTESIAN_POINT('Ctrl Pts',(0.433668656770361,0.62992125984252,-10.0615582005253));
#7278=CARTESIAN_POINT('Ctrl Pts',(0.438533539899312,0.62992125984252,-10.0740175999879));
#7279=CARTESIAN_POINT('Ctrl Pts',(0.448030611688443,0.62992125984252,-10.0834054060787));
#7280=CARTESIAN_POINT('Ctrl Pts',(0.452512399949938,0.62992125984252,-10.0878356304756));
#7281=CARTESIAN_POINT('',(0.431099573503198,0.598425196850394,-10.05497854921));
#7282=CARTESIAN_POINT('Ctrl Pts',(0.431099573503198,0.598425196850394,-10.05497854921));
#7283=CARTESIAN_POINT('Ctrl Pts',(0.433668656770361,0.598425196850394,-10.0615582005253));
#7284=CARTESIAN_POINT('Ctrl Pts',(0.438533539899312,0.598425196850394,-10.0740175999879));
#7285=CARTESIAN_POINT('Ctrl Pts',(0.448030611688443,0.598425196850394,-10.0834054060787));
#7286=CARTESIAN_POINT('Ctrl Pts',(0.452512399949938,0.598425196850394,-10.0878356304756));
#7287=CARTESIAN_POINT('',(0.431099573503198,0.62992125984252,-10.05497854921));
#7288=CARTESIAN_POINT('Ctrl Pts',(0.42387572391292,0.62992125984252,-9.99886435195589));
#7289=CARTESIAN_POINT('Ctrl Pts',(0.42387572391292,0.598425196850394,-9.99886435195589));
#7290=CARTESIAN_POINT('Ctrl Pts',(0.424035283687391,0.62992125984252,-10.0094216338584));
#7291=CARTESIAN_POINT('Ctrl Pts',(0.424035283687391,0.598425196850394,-10.0094216338584));
#7292=CARTESIAN_POINT('Ctrl Pts',(0.424322394031793,0.62992125984252,-10.0284183067545));
#7293=CARTESIAN_POINT('Ctrl Pts',(0.424322394031793,0.598425196850394,-10.0284183067545));
#7294=CARTESIAN_POINT('Ctrl Pts',(0.429014898834753,0.62992125984252,-10.0468085627328));
#7295=CARTESIAN_POINT('Ctrl Pts',(0.429014898834753,0.598425196850394,-10.0468085627328));
#7296=CARTESIAN_POINT('Ctrl Pts',(0.431099573503198,0.62992125984252,-10.05497854921));
#7297=CARTESIAN_POINT('Ctrl Pts',(0.431099573503198,0.598425196850394,-10.05497854921));
#7298=CARTESIAN_POINT('',(0.42387572391292,0.62992125984252,-9.99886435195589));
#7299=CARTESIAN_POINT('Ctrl Pts',(0.42387572391292,0.62992125984252,-9.99886435195589));
#7300=CARTESIAN_POINT('Ctrl Pts',(0.424035283687391,0.62992125984252,-10.0094216338584));
#7301=CARTESIAN_POINT('Ctrl Pts',(0.424322394031793,0.62992125984252,-10.0284183067545));
#7302=CARTESIAN_POINT('Ctrl Pts',(0.429014898834753,0.62992125984252,-10.0468085627328));
#7303=CARTESIAN_POINT('Ctrl Pts',(0.431099573503198,0.62992125984252,-10.05497854921));
#7304=CARTESIAN_POINT('',(0.42387572391292,0.598425196850394,-9.99886435195589));
#7305=CARTESIAN_POINT('Ctrl Pts',(0.42387572391292,0.598425196850394,-9.99886435195589));
#7306=CARTESIAN_POINT('Ctrl Pts',(0.424035283687391,0.598425196850394,-10.0094216338584));
#7307=CARTESIAN_POINT('Ctrl Pts',(0.424322394031793,0.598425196850394,-10.0284183067545));
#7308=CARTESIAN_POINT('Ctrl Pts',(0.429014898834753,0.598425196850394,-10.0468085627328));
#7309=CARTESIAN_POINT('Ctrl Pts',(0.431099573503198,0.598425196850394,-10.05497854921));
#7310=CARTESIAN_POINT('',(0.42387572391292,0.62992125984252,-9.99886435195589));
#7311=CARTESIAN_POINT('Ctrl Pts',(0.443193102338542,0.62992125984252,-9.91879811560541));
#7312=CARTESIAN_POINT('Ctrl Pts',(0.443193102338542,0.598425196850394,-9.91879811560541));
#7313=CARTESIAN_POINT('Ctrl Pts',(0.437566323266635,0.62992125984252,-9.9293634793027));
#7314=CARTESIAN_POINT('Ctrl Pts',(0.437566323266635,0.598425196850394,-9.9293634793027));
#7315=CARTESIAN_POINT('Ctrl Pts',(0.424321696760813,0.62992125984252,-9.95423282183074));
#7316=CARTESIAN_POINT('Ctrl Pts',(0.424321696760813,0.598425196850394,-9.95423282183074));
#7317=CARTESIAN_POINT('Ctrl Pts',(0.4240385690829,0.62992125984252,-9.98256733041292));
#7318=CARTESIAN_POINT('Ctrl Pts',(0.4240385690829,0.598425196850394,-9.98256733041292));
#7319=CARTESIAN_POINT('Ctrl Pts',(0.42387572391292,0.62992125984252,-9.99886435195589));
#7320=CARTESIAN_POINT('Ctrl Pts',(0.42387572391292,0.598425196850394,-9.99886435195589));
#7321=CARTESIAN_POINT('Ctrl Pts',(0.443193102338542,0.62992125984252,-9.91879811560541));
#7322=CARTESIAN_POINT('Ctrl Pts',(0.437566323266635,0.62992125984252,-9.9293634793027));
#7323=CARTESIAN_POINT('Ctrl Pts',(0.424321696760813,0.62992125984252,-9.95423282183074));
#7324=CARTESIAN_POINT('Ctrl Pts',(0.4240385690829,0.62992125984252,-9.98256733041292));
#7325=CARTESIAN_POINT('Ctrl Pts',(0.42387572391292,0.62992125984252,-9.99886435195589));
#7326=CARTESIAN_POINT('Ctrl Pts',(0.443193102338542,0.598425196850394,-9.91879811560541));
#7327=CARTESIAN_POINT('Ctrl Pts',(0.437566323266635,0.598425196850394,-9.9293634793027));
#7328=CARTESIAN_POINT('Ctrl Pts',(0.424321696760813,0.598425196850394,-9.95423282183074));
#7329=CARTESIAN_POINT('Ctrl Pts',(0.4240385690829,0.598425196850394,-9.98256733041292));
#7330=CARTESIAN_POINT('Ctrl Pts',(0.42387572391292,0.598425196850394,-9.99886435195589));
#7331=CARTESIAN_POINT('Origin',(0.420881035473328,0.62992125984252,-9.99894417939454));
#7332=CARTESIAN_POINT('Origin',(0.420881035473328,0.598425196850394,-9.99894417939454));
#7333=CARTESIAN_POINT('Ctrl Pts',(0.420315839614027,0.62992125984252,-7.9980654754287));
#7334=CARTESIAN_POINT('Ctrl Pts',(0.420315839614027,0.598425196850394,-7.9980654754287));
#7335=CARTESIAN_POINT('Ctrl Pts',(0.41490797664339,0.62992125984252,-7.99764207904898));
#7336=CARTESIAN_POINT('Ctrl Pts',(0.41490797664339,0.598425196850394,-7.99764207904898));
#7337=CARTESIAN_POINT('Ctrl Pts',(0.404291316381525,0.62992125984252,-7.99681087168592));
#7338=CARTESIAN_POINT('Ctrl Pts',(0.404291316381525,0.598425196850394,-7.99681087168592));
#7339=CARTESIAN_POINT('Ctrl Pts',(0.396019992231393,0.62992125984252,-7.99012201941578));
#7340=CARTESIAN_POINT('Ctrl Pts',(0.396019992231393,0.598425196850394,-7.99012201941578));
#7341=CARTESIAN_POINT('Ctrl Pts',(0.391961875105536,0.62992125984252,-7.98684030231014));
#7342=CARTESIAN_POINT('Ctrl Pts',(0.391961875105536,0.598425196850394,-7.98684030231014));
#7343=CARTESIAN_POINT('',(0.420315839614027,0.62992125984252,-7.9980654754287));
#7344=CARTESIAN_POINT('',(0.391961875105536,0.62992125984252,-7.98684030231014));
#7345=CARTESIAN_POINT('Ctrl Pts',(0.420315839614027,0.62992125984252,-7.9980654754287));
#7346=CARTESIAN_POINT('Ctrl Pts',(0.41490797664339,0.62992125984252,-7.99764207904898));
#7347=CARTESIAN_POINT('Ctrl Pts',(0.404291316381525,0.62992125984252,-7.99681087168592));
#7348=CARTESIAN_POINT('Ctrl Pts',(0.396019992231393,0.62992125984252,-7.99012201941578));
#7349=CARTESIAN_POINT('Ctrl Pts',(0.391961875105536,0.62992125984252,-7.98684030231014));
#7350=CARTESIAN_POINT('',(0.391961875105536,0.598425196850394,-7.98684030231014));
#7351=CARTESIAN_POINT('',(0.391961875105536,0.62992125984252,-7.98684030231014));
#7352=CARTESIAN_POINT('',(0.420315839614027,0.598425196850394,-7.9980654754287));
#7353=CARTESIAN_POINT('Ctrl Pts',(0.420315839614027,0.598425196850394,-7.9980654754287));
#7354=CARTESIAN_POINT('Ctrl Pts',(0.41490797664339,0.598425196850394,-7.99764207904898));
#7355=CARTESIAN_POINT('Ctrl Pts',(0.404291316381525,0.598425196850394,-7.99681087168592));
#7356=CARTESIAN_POINT('Ctrl Pts',(0.396019992231393,0.598425196850394,-7.99012201941578));
#7357=CARTESIAN_POINT('Ctrl Pts',(0.391961875105536,0.598425196850394,-7.98684030231014));
#7358=CARTESIAN_POINT('',(0.420315839614027,0.62992125984252,-7.9980654754287));
#7359=CARTESIAN_POINT('Ctrl Pts',(0.449297873752744,0.62992125984252,-7.9865965587296));
#7360=CARTESIAN_POINT('Ctrl Pts',(0.449297873752744,0.598425196850394,-7.9865965587296));
#7361=CARTESIAN_POINT('Ctrl Pts',(0.445151891449287,0.62992125984252,-7.98993306082455));
#7362=CARTESIAN_POINT('Ctrl Pts',(0.445151891449287,0.598425196850394,-7.98993306082455));
#7363=CARTESIAN_POINT('Ctrl Pts',(0.436688158919129,0.62992125984252,-7.99674429619678));
#7364=CARTESIAN_POINT('Ctrl Pts',(0.436688158919129,0.598425196850394,-7.99674429619678));
#7365=CARTESIAN_POINT('Ctrl Pts',(0.425846620880644,0.62992125984252,-7.99761916399233));
#7366=CARTESIAN_POINT('Ctrl Pts',(0.425846620880644,0.598425196850394,-7.99761916399233));
#7367=CARTESIAN_POINT('Ctrl Pts',(0.420315839614027,0.62992125984252,-7.9980654754287));
#7368=CARTESIAN_POINT('Ctrl Pts',(0.420315839614027,0.598425196850394,-7.9980654754287));
#7369=CARTESIAN_POINT('',(0.449297873752744,0.62992125984252,-7.9865965587296));
#7370=CARTESIAN_POINT('Ctrl Pts',(0.449297873752744,0.62992125984252,-7.9865965587296));
#7371=CARTESIAN_POINT('Ctrl Pts',(0.445151891449287,0.62992125984252,-7.98993306082455));
#7372=CARTESIAN_POINT('Ctrl Pts',(0.436688158919129,0.62992125984252,-7.99674429619678));
#7373=CARTESIAN_POINT('Ctrl Pts',(0.425846620880644,0.62992125984252,-7.99761916399233));
#7374=CARTESIAN_POINT('Ctrl Pts',(0.420315839614027,0.62992125984252,-7.9980654754287));
#7375=CARTESIAN_POINT('',(0.449297873752744,0.598425196850394,-7.9865965587296));
#7376=CARTESIAN_POINT('Ctrl Pts',(0.449297873752744,0.598425196850394,-7.9865965587296));
#7377=CARTESIAN_POINT('Ctrl Pts',(0.445151891449287,0.598425196850394,-7.98993306082455));
#7378=CARTESIAN_POINT('Ctrl Pts',(0.436688158919129,0.598425196850394,-7.99674429619678));
#7379=CARTESIAN_POINT('Ctrl Pts',(0.425846620880644,0.598425196850394,-7.99761916399233));
#7380=CARTESIAN_POINT('Ctrl Pts',(0.420315839614027,0.598425196850394,-7.9980654754287));
#7381=CARTESIAN_POINT('',(0.449297873752744,0.62992125984252,-7.9865965587296));
#7382=CARTESIAN_POINT('Ctrl Pts',(0.460924868252416,0.62992125984252,-7.95770470373714));
#7383=CARTESIAN_POINT('Ctrl Pts',(0.460924868252416,0.598425196850394,-7.95770470373714));
#7384=CARTESIAN_POINT('Ctrl Pts',(0.460486217077938,0.62992125984252,-7.96323526690195));
#7385=CARTESIAN_POINT('Ctrl Pts',(0.460486217077938,0.598425196850394,-7.96323526690195));
#7386=CARTESIAN_POINT('Ctrl Pts',(0.459625058529166,0.62992125984252,-7.9740928503897));
#7387=CARTESIAN_POINT('Ctrl Pts',(0.459625058529166,0.598425196850394,-7.9740928503897));
#7388=CARTESIAN_POINT('Ctrl Pts',(0.452696975999928,0.62992125984252,-7.98248107285069));
#7389=CARTESIAN_POINT('Ctrl Pts',(0.452696975999928,0.598425196850394,-7.98248107285069));
#7390=CARTESIAN_POINT('Ctrl Pts',(0.449297873752744,0.62992125984252,-7.9865965587296));
#7391=CARTESIAN_POINT('Ctrl Pts',(0.449297873752744,0.598425196850394,-7.9865965587296));
#7392=CARTESIAN_POINT('',(0.460924868252416,0.62992125984252,-7.95770470373714));
#7393=CARTESIAN_POINT('Ctrl Pts',(0.460924868252416,0.62992125984252,-7.95770470373714));
#7394=CARTESIAN_POINT('Ctrl Pts',(0.460486217077938,0.62992125984252,-7.96323526690195));
#7395=CARTESIAN_POINT('Ctrl Pts',(0.459625058529166,0.62992125984252,-7.9740928503897));
#7396=CARTESIAN_POINT('Ctrl Pts',(0.452696975999928,0.62992125984252,-7.98248107285069));
#7397=CARTESIAN_POINT('Ctrl Pts',(0.449297873752744,0.62992125984252,-7.9865965587296));
#7398=CARTESIAN_POINT('',(0.460924868252416,0.598425196850394,-7.95770470373714));
#7399=CARTESIAN_POINT('Ctrl Pts',(0.460924868252416,0.598425196850394,-7.95770470373714));
#7400=CARTESIAN_POINT('Ctrl Pts',(0.460486217077938,0.598425196850394,-7.96323526690195));
#7401=CARTESIAN_POINT('Ctrl Pts',(0.459625058529166,0.598425196850394,-7.9740928503897));
#7402=CARTESIAN_POINT('Ctrl Pts',(0.452696975999928,0.598425196850394,-7.98248107285069));
#7403=CARTESIAN_POINT('Ctrl Pts',(0.449297873752744,0.598425196850394,-7.9865965587296));
#7404=CARTESIAN_POINT('',(0.460924868252416,0.62992125984252,-7.95770470373714));
#7405=CARTESIAN_POINT('Ctrl Pts',(0.449591507885079,0.62992125984252,-7.92939380905551));
#7406=CARTESIAN_POINT('Ctrl Pts',(0.449591507885079,0.598425196850394,-7.92939380905551));
#7407=CARTESIAN_POINT('Ctrl Pts',(0.452888517443345,0.62992125984252,-7.93341657462857));
#7408=CARTESIAN_POINT('Ctrl Pts',(0.452888517443345,0.598425196850394,-7.93341657462857));
#7409=CARTESIAN_POINT('Ctrl Pts',(0.459635416302378,0.62992125984252,-7.94164863825331));
#7410=CARTESIAN_POINT('Ctrl Pts',(0.459635416302378,0.598425196850394,-7.94164863825331));
#7411=CARTESIAN_POINT('Ctrl Pts',(0.460488606714315,0.62992125984252,-7.95227243941459));
#7412=CARTESIAN_POINT('Ctrl Pts',(0.460488606714315,0.598425196850394,-7.95227243941459));
#7413=CARTESIAN_POINT('Ctrl Pts',(0.460924868252416,0.62992125984252,-7.95770470373714));
#7414=CARTESIAN_POINT('Ctrl Pts',(0.460924868252416,0.598425196850394,-7.95770470373714));
#7415=CARTESIAN_POINT('',(0.449591507885079,0.62992125984252,-7.92939380905551));
#7416=CARTESIAN_POINT('Ctrl Pts',(0.449591507885079,0.62992125984252,-7.92939380905551));
#7417=CARTESIAN_POINT('Ctrl Pts',(0.452888517443345,0.62992125984252,-7.93341657462857));
#7418=CARTESIAN_POINT('Ctrl Pts',(0.459635416302378,0.62992125984252,-7.94164863825331));
#7419=CARTESIAN_POINT('Ctrl Pts',(0.460488606714315,0.62992125984252,-7.95227243941459));
#7420=CARTESIAN_POINT('Ctrl Pts',(0.460924868252416,0.62992125984252,-7.95770470373714));
#7421=CARTESIAN_POINT('',(0.449591507885079,0.598425196850394,-7.92939380905551));
#7422=CARTESIAN_POINT('Ctrl Pts',(0.449591507885079,0.598425196850394,-7.92939380905551));
#7423=CARTESIAN_POINT('Ctrl Pts',(0.452888517443345,0.598425196850394,-7.93341657462857));
#7424=CARTESIAN_POINT('Ctrl Pts',(0.459635416302378,0.598425196850394,-7.94164863825331));
#7425=CARTESIAN_POINT('Ctrl Pts',(0.460488606714315,0.598425196850394,-7.95227243941459));
#7426=CARTESIAN_POINT('Ctrl Pts',(0.460924868252416,0.598425196850394,-7.95770470373714));
#7427=CARTESIAN_POINT('',(0.449591507885079,0.62992125984252,-7.92939380905551));
#7428=CARTESIAN_POINT('Ctrl Pts',(0.420969227331885,0.62992125984252,-7.91830342317898));
#7429=CARTESIAN_POINT('Ctrl Pts',(0.420969227331885,0.598425196850394,-7.91830342317898));
#7430=CARTESIAN_POINT('Ctrl Pts',(0.426442947761206,0.62992125984252,-7.91870960753467));
#7431=CARTESIAN_POINT('Ctrl Pts',(0.426442947761206,0.598425196850394,-7.91870960753467));
#7432=CARTESIAN_POINT('Ctrl Pts',(0.437125936350123,0.62992125984252,-7.9195023522305));
#7433=CARTESIAN_POINT('Ctrl Pts',(0.437125936350123,0.598425196850394,-7.9195023522305));
#7434=CARTESIAN_POINT('Ctrl Pts',(0.445505461081545,0.62992125984252,-7.92615152245607));
#7435=CARTESIAN_POINT('Ctrl Pts',(0.445505461081545,0.598425196850394,-7.92615152245607));
#7436=CARTESIAN_POINT('Ctrl Pts',(0.449591507885079,0.62992125984252,-7.92939380905551));
#7437=CARTESIAN_POINT('Ctrl Pts',(0.449591507885079,0.598425196850394,-7.92939380905551));
#7438=CARTESIAN_POINT('',(0.420969227331885,0.62992125984252,-7.91830342317898));
#7439=CARTESIAN_POINT('Ctrl Pts',(0.420969227331885,0.62992125984252,-7.91830342317898));
#7440=CARTESIAN_POINT('Ctrl Pts',(0.426442947761206,0.62992125984252,-7.91870960753467));
#7441=CARTESIAN_POINT('Ctrl Pts',(0.437125936350123,0.62992125984252,-7.9195023522305));
#7442=CARTESIAN_POINT('Ctrl Pts',(0.445505461081545,0.62992125984252,-7.92615152245607));
#7443=CARTESIAN_POINT('Ctrl Pts',(0.449591507885079,0.62992125984252,-7.92939380905551));
#7444=CARTESIAN_POINT('',(0.420969227331885,0.598425196850394,-7.91830342317898));
#7445=CARTESIAN_POINT('Ctrl Pts',(0.420969227331885,0.598425196850394,-7.91830342317898));
#7446=CARTESIAN_POINT('Ctrl Pts',(0.426442947761206,0.598425196850394,-7.91870960753467));
#7447=CARTESIAN_POINT('Ctrl Pts',(0.437125936350123,0.598425196850394,-7.9195023522305));
#7448=CARTESIAN_POINT('Ctrl Pts',(0.445505461081545,0.598425196850394,-7.92615152245607));
#7449=CARTESIAN_POINT('Ctrl Pts',(0.449591507885079,0.598425196850394,-7.92939380905551));
#7450=CARTESIAN_POINT('',(0.420969227331885,0.62992125984252,-7.91830342317898));
#7451=CARTESIAN_POINT('Ctrl Pts',(0.400166283777103,0.62992125984252,-7.92357995846522));
#7452=CARTESIAN_POINT('Ctrl Pts',(0.400166283777103,0.598425196850394,-7.92357995846522));
#7453=CARTESIAN_POINT('Ctrl Pts',(0.403454102144457,0.62992125984252,-7.92204628747051));
#7454=CARTESIAN_POINT('Ctrl Pts',(0.403454102144457,0.598425196850394,-7.92204628747051));
#7455=CARTESIAN_POINT('Ctrl Pts',(0.410053126770954,0.62992125984252,-7.91896803571443));
#7456=CARTESIAN_POINT('Ctrl Pts',(0.410053126770954,0.598425196850394,-7.91896803571443));
#7457=CARTESIAN_POINT('Ctrl Pts',(0.417321939905397,0.62992125984252,-7.91852548351366));
#7458=CARTESIAN_POINT('Ctrl Pts',(0.417321939905397,0.598425196850394,-7.91852548351366));
#7459=CARTESIAN_POINT('Ctrl Pts',(0.420969227331885,0.62992125984252,-7.91830342317898));
#7460=CARTESIAN_POINT('Ctrl Pts',(0.420969227331885,0.598425196850394,-7.91830342317898));
#7461=CARTESIAN_POINT('',(0.400166283777103,0.62992125984252,-7.92357995846522));
#7462=CARTESIAN_POINT('Ctrl Pts',(0.400166283777103,0.62992125984252,-7.92357995846522));
#7463=CARTESIAN_POINT('Ctrl Pts',(0.403454102144457,0.62992125984252,-7.92204628747051));
#7464=CARTESIAN_POINT('Ctrl Pts',(0.410053126770954,0.62992125984252,-7.91896803571443));
#7465=CARTESIAN_POINT('Ctrl Pts',(0.417321939905397,0.62992125984252,-7.91852548351366));
#7466=CARTESIAN_POINT('Ctrl Pts',(0.420969227331885,0.62992125984252,-7.91830342317898));
#7467=CARTESIAN_POINT('',(0.400166283777103,0.598425196850394,-7.92357995846522));
#7468=CARTESIAN_POINT('Ctrl Pts',(0.400166283777103,0.598425196850394,-7.92357995846522));
#7469=CARTESIAN_POINT('Ctrl Pts',(0.403454102144457,0.598425196850394,-7.92204628747051));
#7470=CARTESIAN_POINT('Ctrl Pts',(0.410053126770954,0.598425196850394,-7.91896803571443));
#7471=CARTESIAN_POINT('Ctrl Pts',(0.417321939905397,0.598425196850394,-7.91852548351366));
#7472=CARTESIAN_POINT('Ctrl Pts',(0.420969227331885,0.598425196850394,-7.91830342317898));
#7473=CARTESIAN_POINT('',(0.400166283777103,0.62992125984252,-7.92357995846522));
#7474=CARTESIAN_POINT('Ctrl Pts',(0.385558821549707,0.62992125984252,-7.93864692487268));
#7475=CARTESIAN_POINT('Ctrl Pts',(0.385558821549707,0.598425196850394,-7.93864692487268));
#7476=CARTESIAN_POINT('Ctrl Pts',(0.387412290486044,0.62992125984252,-7.93559566964618));
#7477=CARTESIAN_POINT('Ctrl Pts',(0.387412290486044,0.598425196850394,-7.93559566964618));
#7478=CARTESIAN_POINT('Ctrl Pts',(0.391136442315534,0.62992125984252,-7.92946482088404));
#7479=CARTESIAN_POINT('Ctrl Pts',(0.391136442315534,0.598425196850394,-7.92946482088404));
#7480=CARTESIAN_POINT('Ctrl Pts',(0.397147075741935,0.62992125984252,-7.92554761470552));
#7481=CARTESIAN_POINT('Ctrl Pts',(0.397147075741935,0.598425196850394,-7.92554761470552));
#7482=CARTESIAN_POINT('Ctrl Pts',(0.400166283777103,0.62992125984252,-7.92357995846522));
#7483=CARTESIAN_POINT('Ctrl Pts',(0.400166283777103,0.598425196850394,-7.92357995846522));
#7484=CARTESIAN_POINT('',(0.385558821549707,0.62992125984252,-7.93864692487268));
#7485=CARTESIAN_POINT('Ctrl Pts',(0.385558821549707,0.62992125984252,-7.93864692487268));
#7486=CARTESIAN_POINT('Ctrl Pts',(0.387412290486044,0.62992125984252,-7.93559566964618));
#7487=CARTESIAN_POINT('Ctrl Pts',(0.391136442315534,0.62992125984252,-7.92946482088404));
#7488=CARTESIAN_POINT('Ctrl Pts',(0.397147075741935,0.62992125984252,-7.92554761470552));
#7489=CARTESIAN_POINT('Ctrl Pts',(0.400166283777103,0.62992125984252,-7.92357995846522));
#7490=CARTESIAN_POINT('',(0.385558821549707,0.598425196850394,-7.93864692487268));
#7491=CARTESIAN_POINT('Ctrl Pts',(0.385558821549707,0.598425196850394,-7.93864692487268));
#7492=CARTESIAN_POINT('Ctrl Pts',(0.387412290486044,0.598425196850394,-7.93559566964618));
#7493=CARTESIAN_POINT('Ctrl Pts',(0.391136442315534,0.598425196850394,-7.92946482088404));
#7494=CARTESIAN_POINT('Ctrl Pts',(0.397147075741935,0.598425196850394,-7.92554761470552));
#7495=CARTESIAN_POINT('Ctrl Pts',(0.400166283777103,0.598425196850394,-7.92357995846522));
#7496=CARTESIAN_POINT('',(0.385558821549707,0.62992125984252,-7.93864692487268));
#7497=CARTESIAN_POINT('Ctrl Pts',(0.380763045572199,0.62992125984252,-7.95866342573608));
#7498=CARTESIAN_POINT('Ctrl Pts',(0.380763045572199,0.598425196850394,-7.95866342573608));
#7499=CARTESIAN_POINT('Ctrl Pts',(0.38096705600987,0.62992125984252,-7.95522635240036));
#7500=CARTESIAN_POINT('Ctrl Pts',(0.38096705600987,0.598425196850394,-7.95522635240036));
#7501=CARTESIAN_POINT('Ctrl Pts',(0.381379850094343,0.62992125984252,-7.94827178891294));
#7502=CARTESIAN_POINT('Ctrl Pts',(0.381379850094343,0.598425196850394,-7.94827178891294));
#7503=CARTESIAN_POINT('Ctrl Pts',(0.384155134035772,0.62992125984252,-7.94187984991678));
#7504=CARTESIAN_POINT('Ctrl Pts',(0.384155134035772,0.598425196850394,-7.94187984991678));
#7505=CARTESIAN_POINT('Ctrl Pts',(0.385558821549707,0.62992125984252,-7.93864692487268));
#7506=CARTESIAN_POINT('Ctrl Pts',(0.385558821549707,0.598425196850394,-7.93864692487268));
#7507=CARTESIAN_POINT('',(0.380763045572199,0.62992125984252,-7.95866342573608));
#7508=CARTESIAN_POINT('Ctrl Pts',(0.380763045572199,0.62992125984252,-7.95866342573608));
#7509=CARTESIAN_POINT('Ctrl Pts',(0.38096705600987,0.62992125984252,-7.95522635240036));
#7510=CARTESIAN_POINT('Ctrl Pts',(0.381379850094343,0.62992125984252,-7.94827178891294));
#7511=CARTESIAN_POINT('Ctrl Pts',(0.384155134035772,0.62992125984252,-7.94187984991678));
#7512=CARTESIAN_POINT('Ctrl Pts',(0.385558821549707,0.62992125984252,-7.93864692487268));
#7513=CARTESIAN_POINT('',(0.380763045572199,0.598425196850394,-7.95866342573608));
#7514=CARTESIAN_POINT('Ctrl Pts',(0.380763045572199,0.598425196850394,-7.95866342573608));
#7515=CARTESIAN_POINT('Ctrl Pts',(0.38096705600987,0.598425196850394,-7.95522635240036));
#7516=CARTESIAN_POINT('Ctrl Pts',(0.381379850094343,0.598425196850394,-7.94827178891294));
#7517=CARTESIAN_POINT('Ctrl Pts',(0.384155134035772,0.598425196850394,-7.94187984991678));
#7518=CARTESIAN_POINT('Ctrl Pts',(0.385558821549707,0.598425196850394,-7.93864692487268));
#7519=CARTESIAN_POINT('',(0.380763045572199,0.62992125984252,-7.95866342573608));
#7520=CARTESIAN_POINT('Ctrl Pts',(0.391961875105536,0.62992125984252,-7.98684030231014));
#7521=CARTESIAN_POINT('Ctrl Pts',(0.391961875105536,0.598425196850394,-7.98684030231014));
#7522=CARTESIAN_POINT('Ctrl Pts',(0.388703834861925,0.62992125984252,-7.98280220654561));
#7523=CARTESIAN_POINT('Ctrl Pts',(0.388703834861925,0.598425196850394,-7.98280220654561));
#7524=CARTESIAN_POINT('Ctrl Pts',(0.382067161289964,0.62992125984252,-7.97457654896077));
#7525=CARTESIAN_POINT('Ctrl Pts',(0.382067161289964,0.598425196850394,-7.97457654896077));
#7526=CARTESIAN_POINT('Ctrl Pts',(0.381202985044041,0.62992125984252,-7.96403166946742));
#7527=CARTESIAN_POINT('Ctrl Pts',(0.381202985044041,0.598425196850394,-7.96403166946742));
#7528=CARTESIAN_POINT('Ctrl Pts',(0.380763045572199,0.62992125984252,-7.95866342573608));
#7529=CARTESIAN_POINT('Ctrl Pts',(0.380763045572199,0.598425196850394,-7.95866342573608));
#7530=CARTESIAN_POINT('Ctrl Pts',(0.391961875105536,0.62992125984252,-7.98684030231014));
#7531=CARTESIAN_POINT('Ctrl Pts',(0.388703834861925,0.62992125984252,-7.98280220654561));
#7532=CARTESIAN_POINT('Ctrl Pts',(0.382067161289964,0.62992125984252,-7.97457654896077));
#7533=CARTESIAN_POINT('Ctrl Pts',(0.381202985044041,0.62992125984252,-7.96403166946742));
#7534=CARTESIAN_POINT('Ctrl Pts',(0.380763045572199,0.62992125984252,-7.95866342573608));
#7535=CARTESIAN_POINT('Ctrl Pts',(0.391961875105536,0.598425196850394,-7.98684030231014));
#7536=CARTESIAN_POINT('Ctrl Pts',(0.388703834861925,0.598425196850394,-7.98280220654561));
#7537=CARTESIAN_POINT('Ctrl Pts',(0.382067161289964,0.598425196850394,-7.97457654896077));
#7538=CARTESIAN_POINT('Ctrl Pts',(0.381202985044041,0.598425196850394,-7.96403166946742));
#7539=CARTESIAN_POINT('Ctrl Pts',(0.380763045572199,0.598425196850394,-7.95866342573608));
#7540=CARTESIAN_POINT('Ctrl Pts',(0.420874301877346,0.62992125984252,-8.07957083537275));
#7541=CARTESIAN_POINT('Ctrl Pts',(0.420874301877346,0.598425196850394,-8.07957083537275));
#7542=CARTESIAN_POINT('Ctrl Pts',(0.416496655515366,0.62992125984252,-8.07924555767005));
#7543=CARTESIAN_POINT('Ctrl Pts',(0.416496655515366,0.598425196850394,-8.07924555767005));
#7544=CARTESIAN_POINT('Ctrl Pts',(0.407940628721938,0.62992125984252,-8.07860980856893));
#7545=CARTESIAN_POINT('Ctrl Pts',(0.407940628721938,0.598425196850394,-8.07860980856893));
#7546=CARTESIAN_POINT('Ctrl Pts',(0.401191818160038,0.62992125984252,-8.07333054901225));
#7547=CARTESIAN_POINT('Ctrl Pts',(0.401191818160038,0.598425196850394,-8.07333054901225));
#7548=CARTESIAN_POINT('Ctrl Pts',(0.397896001226757,0.62992125984252,-8.07075239499792));
#7549=CARTESIAN_POINT('Ctrl Pts',(0.397896001226757,0.598425196850394,-8.07075239499792));
#7550=CARTESIAN_POINT('',(0.420874301877346,0.62992125984252,-8.07957083537275));
#7551=CARTESIAN_POINT('',(0.397896001226757,0.62992125984252,-8.07075239499792));
#7552=CARTESIAN_POINT('Ctrl Pts',(0.420874301877346,0.62992125984252,-8.07957083537275));
#7553=CARTESIAN_POINT('Ctrl Pts',(0.416496655515366,0.62992125984252,-8.07924555767005));
#7554=CARTESIAN_POINT('Ctrl Pts',(0.407940628721938,0.62992125984252,-8.07860980856893));
#7555=CARTESIAN_POINT('Ctrl Pts',(0.401191818160038,0.62992125984252,-8.07333054901225));
#7556=CARTESIAN_POINT('Ctrl Pts',(0.397896001226757,0.62992125984252,-8.07075239499792));
#7557=CARTESIAN_POINT('',(0.397896001226757,0.598425196850394,-8.07075239499792));
#7558=CARTESIAN_POINT('',(0.397896001226757,0.62992125984252,-8.07075239499792));
#7559=CARTESIAN_POINT('',(0.420874301877346,0.598425196850394,-8.07957083537275));
#7560=CARTESIAN_POINT('Ctrl Pts',(0.420874301877346,0.598425196850394,-8.07957083537275));
#7561=CARTESIAN_POINT('Ctrl Pts',(0.416496655515366,0.598425196850394,-8.07924555767005));
#7562=CARTESIAN_POINT('Ctrl Pts',(0.407940628721938,0.598425196850394,-8.07860980856893));
#7563=CARTESIAN_POINT('Ctrl Pts',(0.401191818160038,0.598425196850394,-8.07333054901225));
#7564=CARTESIAN_POINT('Ctrl Pts',(0.397896001226757,0.598425196850394,-8.07075239499792));
#7565=CARTESIAN_POINT('',(0.420874301877346,0.62992125984252,-8.07957083537275));
#7566=CARTESIAN_POINT('Ctrl Pts',(0.443683951292546,0.62992125984252,-8.07039642454167));
#7567=CARTESIAN_POINT('Ctrl Pts',(0.443683951292546,0.598425196850394,-8.07039642454167));
#7568=CARTESIAN_POINT('Ctrl Pts',(0.440418575500449,0.62992125984252,-8.0730656194241));
#7569=CARTESIAN_POINT('Ctrl Pts',(0.440418575500449,0.598425196850394,-8.0730656194241));
#7570=CARTESIAN_POINT('Ctrl Pts',(0.433778041532105,0.62992125984252,-8.07849374788875));
#7571=CARTESIAN_POINT('Ctrl Pts',(0.433778041532105,0.598425196850394,-8.07849374788875));
#7572=CARTESIAN_POINT('Ctrl Pts',(0.425222694556672,0.62992125984252,-8.07920787087907));
#7573=CARTESIAN_POINT('Ctrl Pts',(0.425222694556672,0.598425196850394,-8.07920787087907));
#7574=CARTESIAN_POINT('Ctrl Pts',(0.420874301877346,0.62992125984252,-8.07957083537275));
#7575=CARTESIAN_POINT('Ctrl Pts',(0.420874301877346,0.598425196850394,-8.07957083537275));
#7576=CARTESIAN_POINT('',(0.443683951292546,0.62992125984252,-8.07039642454167));
#7577=CARTESIAN_POINT('Ctrl Pts',(0.443683951292546,0.62992125984252,-8.07039642454167));
#7578=CARTESIAN_POINT('Ctrl Pts',(0.440418575500449,0.62992125984252,-8.0730656194241));
#7579=CARTESIAN_POINT('Ctrl Pts',(0.433778041532105,0.62992125984252,-8.07849374788875));
#7580=CARTESIAN_POINT('Ctrl Pts',(0.425222694556672,0.62992125984252,-8.07920787087907));
#7581=CARTESIAN_POINT('Ctrl Pts',(0.420874301877346,0.62992125984252,-8.07957083537275));
#7582=CARTESIAN_POINT('',(0.443683951292546,0.598425196850394,-8.07039642454167));
#7583=CARTESIAN_POINT('Ctrl Pts',(0.443683951292546,0.598425196850394,-8.07039642454167));
#7584=CARTESIAN_POINT('Ctrl Pts',(0.440418575500449,0.598425196850394,-8.0730656194241));
#7585=CARTESIAN_POINT('Ctrl Pts',(0.433778041532105,0.598425196850394,-8.07849374788875));
#7586=CARTESIAN_POINT('Ctrl Pts',(0.425222694556672,0.598425196850394,-8.07920787087907));
#7587=CARTESIAN_POINT('Ctrl Pts',(0.420874301877346,0.598425196850394,-8.07957083537275));
#7588=CARTESIAN_POINT('',(0.443683951292546,0.62992125984252,-8.07039642454167));
#7589=CARTESIAN_POINT('Ctrl Pts',(0.452906496940681,0.62992125984252,-8.04808875062168));
#7590=CARTESIAN_POINT('Ctrl Pts',(0.452906496940681,0.598425196850394,-8.04808875062168));
#7591=CARTESIAN_POINT('Ctrl Pts',(0.452541305346896,0.62992125984252,-8.05232910886505));
#7592=CARTESIAN_POINT('Ctrl Pts',(0.452541305346896,0.598425196850394,-8.05232910886505));
#7593=CARTESIAN_POINT('Ctrl Pts',(0.451816834224681,0.62992125984252,-8.06074117844017));
#7594=CARTESIAN_POINT('Ctrl Pts',(0.451816834224681,0.598425196850394,-8.06074117844017));
#7595=CARTESIAN_POINT('Ctrl Pts',(0.446380123463603,0.62992125984252,-8.06719556624077));
#7596=CARTESIAN_POINT('Ctrl Pts',(0.446380123463603,0.598425196850394,-8.06719556624077));
#7597=CARTESIAN_POINT('Ctrl Pts',(0.443683951292546,0.62992125984252,-8.07039642454167));
#7598=CARTESIAN_POINT('Ctrl Pts',(0.443683951292546,0.598425196850394,-8.07039642454167));
#7599=CARTESIAN_POINT('',(0.452906496940681,0.62992125984252,-8.04808875062168));
#7600=CARTESIAN_POINT('Ctrl Pts',(0.452906496940681,0.62992125984252,-8.04808875062168));
#7601=CARTESIAN_POINT('Ctrl Pts',(0.452541305346896,0.62992125984252,-8.05232910886505));
#7602=CARTESIAN_POINT('Ctrl Pts',(0.451816834224681,0.62992125984252,-8.06074117844017));
#7603=CARTESIAN_POINT('Ctrl Pts',(0.446380123463603,0.62992125984252,-8.06719556624077));
#7604=CARTESIAN_POINT('Ctrl Pts',(0.443683951292546,0.62992125984252,-8.07039642454167));
#7605=CARTESIAN_POINT('',(0.452906496940681,0.598425196850394,-8.04808875062168));
#7606=CARTESIAN_POINT('Ctrl Pts',(0.452906496940681,0.598425196850394,-8.04808875062168));
#7607=CARTESIAN_POINT('Ctrl Pts',(0.452541305346896,0.598425196850394,-8.05232910886505));
#7608=CARTESIAN_POINT('Ctrl Pts',(0.451816834224681,0.598425196850394,-8.06074117844017));
#7609=CARTESIAN_POINT('Ctrl Pts',(0.446380123463603,0.598425196850394,-8.06719556624077));
#7610=CARTESIAN_POINT('Ctrl Pts',(0.443683951292546,0.598425196850394,-8.07039642454167));
#7611=CARTESIAN_POINT('',(0.452906496940681,0.62992125984252,-8.04808875062168));
#7612=CARTESIAN_POINT('Ctrl Pts',(0.443868667894209,0.62992125984252,-8.02648733854669));
#7613=CARTESIAN_POINT('Ctrl Pts',(0.443868667894209,0.598425196850394,-8.02648733854669));
#7614=CARTESIAN_POINT('Ctrl Pts',(0.446498609277568,0.62992125984252,-8.02960466884516));
#7615=CARTESIAN_POINT('Ctrl Pts',(0.446498609277568,0.598425196850394,-8.02960466884516));
#7616=CARTESIAN_POINT('Ctrl Pts',(0.451773453275657,0.62992125984252,-8.03585706333538));
#7617=CARTESIAN_POINT('Ctrl Pts',(0.451773453275657,0.598425196850394,-8.03585706333538));
#7618=CARTESIAN_POINT('Ctrl Pts',(0.452528102239596,0.62992125984252,-8.04400381921317));
#7619=CARTESIAN_POINT('Ctrl Pts',(0.452528102239596,0.598425196850394,-8.04400381921317));
#7620=CARTESIAN_POINT('Ctrl Pts',(0.452906496940681,0.62992125984252,-8.04808875062168));
#7621=CARTESIAN_POINT('Ctrl Pts',(0.452906496940681,0.598425196850394,-8.04808875062168));
#7622=CARTESIAN_POINT('',(0.443868667894209,0.62992125984252,-8.02648733854669));
#7623=CARTESIAN_POINT('Ctrl Pts',(0.443868667894209,0.62992125984252,-8.02648733854669));
#7624=CARTESIAN_POINT('Ctrl Pts',(0.446498609277568,0.62992125984252,-8.02960466884516));
#7625=CARTESIAN_POINT('Ctrl Pts',(0.451773453275657,0.62992125984252,-8.03585706333538));
#7626=CARTESIAN_POINT('Ctrl Pts',(0.452528102239596,0.62992125984252,-8.04400381921317));
#7627=CARTESIAN_POINT('Ctrl Pts',(0.452906496940681,0.62992125984252,-8.04808875062168));
#7628=CARTESIAN_POINT('',(0.443868667894209,0.598425196850394,-8.02648733854669));
#7629=CARTESIAN_POINT('Ctrl Pts',(0.443868667894209,0.598425196850394,-8.02648733854669));
#7630=CARTESIAN_POINT('Ctrl Pts',(0.446498609277568,0.598425196850394,-8.02960466884516));
#7631=CARTESIAN_POINT('Ctrl Pts',(0.451773453275657,0.598425196850394,-8.03585706333538));
#7632=CARTESIAN_POINT('Ctrl Pts',(0.452528102239596,0.598425196850394,-8.04400381921317));
#7633=CARTESIAN_POINT('Ctrl Pts',(0.452906496940681,0.598425196850394,-8.04808875062168));
#7634=CARTESIAN_POINT('',(0.443868667894209,0.62992125984252,-8.02648733854669));
#7635=CARTESIAN_POINT('Ctrl Pts',(0.421024921543972,0.62992125984252,-8.01780291623463));
#7636=CARTESIAN_POINT('Ctrl Pts',(0.421024921543972,0.598425196850394,-8.01780291623463));
#7637=CARTESIAN_POINT('Ctrl Pts',(0.42541635299648,0.62992125984252,-8.01810872183271));
#7638=CARTESIAN_POINT('Ctrl Pts',(0.42541635299648,0.598425196850394,-8.01810872183271));
#7639=CARTESIAN_POINT('Ctrl Pts',(0.433923702047983,0.62992125984252,-8.0187011471029));
#7640=CARTESIAN_POINT('Ctrl Pts',(0.433923702047983,0.598425196850394,-8.0187011471029));
#7641=CARTESIAN_POINT('Ctrl Pts',(0.440626031809494,0.62992125984252,-8.02394858821527));
#7642=CARTESIAN_POINT('Ctrl Pts',(0.440626031809494,0.598425196850394,-8.02394858821527));
#7643=CARTESIAN_POINT('Ctrl Pts',(0.443868667894209,0.62992125984252,-8.02648733854669));
#7644=CARTESIAN_POINT('Ctrl Pts',(0.443868667894209,0.598425196850394,-8.02648733854669));
#7645=CARTESIAN_POINT('',(0.421024921543972,0.62992125984252,-8.01780291623463));
#7646=CARTESIAN_POINT('Ctrl Pts',(0.421024921543972,0.62992125984252,-8.01780291623463));
#7647=CARTESIAN_POINT('Ctrl Pts',(0.42541635299648,0.62992125984252,-8.01810872183271));
#7648=CARTESIAN_POINT('Ctrl Pts',(0.433923702047983,0.62992125984252,-8.0187011471029));
#7649=CARTESIAN_POINT('Ctrl Pts',(0.440626031809494,0.62992125984252,-8.02394858821527));
#7650=CARTESIAN_POINT('Ctrl Pts',(0.443868667894209,0.62992125984252,-8.02648733854669));
#7651=CARTESIAN_POINT('',(0.421024921543972,0.598425196850394,-8.01780291623463));
#7652=CARTESIAN_POINT('Ctrl Pts',(0.421024921543972,0.598425196850394,-8.01780291623463));
#7653=CARTESIAN_POINT('Ctrl Pts',(0.42541635299648,0.598425196850394,-8.01810872183271));
#7654=CARTESIAN_POINT('Ctrl Pts',(0.433923702047983,0.598425196850394,-8.0187011471029));
#7655=CARTESIAN_POINT('Ctrl Pts',(0.440626031809494,0.598425196850394,-8.02394858821527));
#7656=CARTESIAN_POINT('Ctrl Pts',(0.443868667894209,0.598425196850394,-8.02648733854669));
#7657=CARTESIAN_POINT('',(0.421024921543972,0.62992125984252,-8.01780291623463));
#7658=CARTESIAN_POINT('Ctrl Pts',(0.397677638052853,0.62992125984252,-8.02670980362181));
#7659=CARTESIAN_POINT('Ctrl Pts',(0.397677638052853,0.598425196850394,-8.02670980362181));
#7660=CARTESIAN_POINT('Ctrl Pts',(0.400976327359061,0.62992125984252,-8.02411959607836));
#7661=CARTESIAN_POINT('Ctrl Pts',(0.400976327359061,0.598425196850394,-8.02411959607836));
#7662=CARTESIAN_POINT('Ctrl Pts',(0.40782073228371,0.62992125984252,-8.01874521018732));
#7663=CARTESIAN_POINT('Ctrl Pts',(0.40782073228371,0.598425196850394,-8.01874521018732));
#7664=CARTESIAN_POINT('Ctrl Pts',(0.416518881417219,0.62992125984252,-8.0181244819346));
#7665=CARTESIAN_POINT('Ctrl Pts',(0.416518881417219,0.598425196850394,-8.0181244819346));
#7666=CARTESIAN_POINT('Ctrl Pts',(0.421024921543972,0.62992125984252,-8.01780291623463));
#7667=CARTESIAN_POINT('Ctrl Pts',(0.421024921543972,0.598425196850394,-8.01780291623463));
#7668=CARTESIAN_POINT('',(0.397677638052853,0.62992125984252,-8.02670980362181));
#7669=CARTESIAN_POINT('Ctrl Pts',(0.397677638052853,0.62992125984252,-8.02670980362181));
#7670=CARTESIAN_POINT('Ctrl Pts',(0.400976327359061,0.62992125984252,-8.02411959607836));
#7671=CARTESIAN_POINT('Ctrl Pts',(0.40782073228371,0.62992125984252,-8.01874521018732));
#7672=CARTESIAN_POINT('Ctrl Pts',(0.416518881417219,0.62992125984252,-8.0181244819346));
#7673=CARTESIAN_POINT('Ctrl Pts',(0.421024921543972,0.62992125984252,-8.01780291623463));
#7674=CARTESIAN_POINT('',(0.397677638052853,0.598425196850394,-8.02670980362181));
#7675=CARTESIAN_POINT('Ctrl Pts',(0.397677638052853,0.598425196850394,-8.02670980362181));
#7676=CARTESIAN_POINT('Ctrl Pts',(0.400976327359061,0.598425196850394,-8.02411959607836));
#7677=CARTESIAN_POINT('Ctrl Pts',(0.40782073228371,0.598425196850394,-8.01874521018732));
#7678=CARTESIAN_POINT('Ctrl Pts',(0.416518881417219,0.598425196850394,-8.0181244819346));
#7679=CARTESIAN_POINT('Ctrl Pts',(0.421024921543972,0.598425196850394,-8.01780291623463));
#7680=CARTESIAN_POINT('',(0.397677638052853,0.62992125984252,-8.02670980362181));
#7681=CARTESIAN_POINT('Ctrl Pts',(0.388724666843953,0.62992125984252,-8.04955408616486));
#7682=CARTESIAN_POINT('Ctrl Pts',(0.388724666843953,0.598425196850394,-8.04955408616486));
#7683=CARTESIAN_POINT('Ctrl Pts',(0.389046862985308,0.62992125984252,-8.04515567421131));
#7684=CARTESIAN_POINT('Ctrl Pts',(0.389046862985308,0.598425196850394,-8.04515567421131));
#7685=CARTESIAN_POINT('Ctrl Pts',(0.389673530817131,0.62992125984252,-8.03660081296807));
#7686=CARTESIAN_POINT('Ctrl Pts',(0.389673530817131,0.598425196850394,-8.03660081296807));
#7687=CARTESIAN_POINT('Ctrl Pts',(0.39506038896997,0.62992125984252,-8.02994404753908));
#7688=CARTESIAN_POINT('Ctrl Pts',(0.39506038896997,0.598425196850394,-8.02994404753908));
#7689=CARTESIAN_POINT('Ctrl Pts',(0.397677638052853,0.62992125984252,-8.02670980362181));
#7690=CARTESIAN_POINT('Ctrl Pts',(0.397677638052853,0.598425196850394,-8.02670980362181));
#7691=CARTESIAN_POINT('',(0.388724666843953,0.62992125984252,-8.04955408616486));
#7692=CARTESIAN_POINT('Ctrl Pts',(0.388724666843953,0.62992125984252,-8.04955408616486));
#7693=CARTESIAN_POINT('Ctrl Pts',(0.389046862985308,0.62992125984252,-8.04515567421131));
#7694=CARTESIAN_POINT('Ctrl Pts',(0.389673530817131,0.62992125984252,-8.03660081296807));
#7695=CARTESIAN_POINT('Ctrl Pts',(0.39506038896997,0.62992125984252,-8.02994404753908));
#7696=CARTESIAN_POINT('Ctrl Pts',(0.397677638052853,0.62992125984252,-8.02670980362181));
#7697=CARTESIAN_POINT('',(0.388724666843953,0.598425196850394,-8.04955408616486));
#7698=CARTESIAN_POINT('Ctrl Pts',(0.388724666843953,0.598425196850394,-8.04955408616486));
#7699=CARTESIAN_POINT('Ctrl Pts',(0.389046862985308,0.598425196850394,-8.04515567421131));
#7700=CARTESIAN_POINT('Ctrl Pts',(0.389673530817131,0.598425196850394,-8.03660081296807));
#7701=CARTESIAN_POINT('Ctrl Pts',(0.39506038896997,0.598425196850394,-8.02994404753908));
#7702=CARTESIAN_POINT('Ctrl Pts',(0.397677638052853,0.598425196850394,-8.02670980362181));
#7703=CARTESIAN_POINT('',(0.388724666843953,0.62992125984252,-8.04955408616486));
#7704=CARTESIAN_POINT('Ctrl Pts',(0.397896001226757,0.62992125984252,-8.07075239499792));
#7705=CARTESIAN_POINT('Ctrl Pts',(0.397896001226757,0.598425196850394,-8.07075239499792));
#7706=CARTESIAN_POINT('Ctrl Pts',(0.395227014879653,0.62992125984252,-8.06767537844458));
#7707=CARTESIAN_POINT('Ctrl Pts',(0.395227014879653,0.598425196850394,-8.06767537844458));
#7708=CARTESIAN_POINT('Ctrl Pts',(0.389933223246363,0.62992125984252,-8.06157228072614));
#7709=CARTESIAN_POINT('Ctrl Pts',(0.389933223246363,0.598425196850394,-8.06157228072614));
#7710=CARTESIAN_POINT('Ctrl Pts',(0.389125271302793,0.62992125984252,-8.0535377995595));
#7711=CARTESIAN_POINT('Ctrl Pts',(0.389125271302793,0.598425196850394,-8.0535377995595));
#7712=CARTESIAN_POINT('Ctrl Pts',(0.388724666843953,0.62992125984252,-8.04955408616486));
#7713=CARTESIAN_POINT('Ctrl Pts',(0.388724666843953,0.598425196850394,-8.04955408616486));
#7714=CARTESIAN_POINT('Ctrl Pts',(0.397896001226757,0.62992125984252,-8.07075239499792));
#7715=CARTESIAN_POINT('Ctrl Pts',(0.395227014879653,0.62992125984252,-8.06767537844458));
#7716=CARTESIAN_POINT('Ctrl Pts',(0.389933223246363,0.62992125984252,-8.06157228072614));
#7717=CARTESIAN_POINT('Ctrl Pts',(0.389125271302793,0.62992125984252,-8.0535377995595));
#7718=CARTESIAN_POINT('Ctrl Pts',(0.388724666843953,0.62992125984252,-8.04955408616486));
#7719=CARTESIAN_POINT('Ctrl Pts',(0.397896001226757,0.598425196850394,-8.07075239499792));
#7720=CARTESIAN_POINT('Ctrl Pts',(0.395227014879653,0.598425196850394,-8.06767537844458));
#7721=CARTESIAN_POINT('Ctrl Pts',(0.389933223246363,0.598425196850394,-8.06157228072614));
#7722=CARTESIAN_POINT('Ctrl Pts',(0.389125271302793,0.598425196850394,-8.0535377995595));
#7723=CARTESIAN_POINT('Ctrl Pts',(0.388724666843953,0.598425196850394,-8.04955408616486));
#7724=CARTESIAN_POINT('Ctrl Pts',(0.355922067246591,0.62992125984252,-7.95884512827565));
#7725=CARTESIAN_POINT('Ctrl Pts',(0.355922067246591,0.598425196850394,-7.95884512827565));
#7726=CARTESIAN_POINT('Ctrl Pts',(0.35625459801136,0.62992125984252,-7.96486927326024));
#7727=CARTESIAN_POINT('Ctrl Pts',(0.35625459801136,0.598425196850394,-7.96486927326024));
#7728=CARTESIAN_POINT('Ctrl Pts',(0.356889653346733,0.62992125984252,-7.97637396942323));
#7729=CARTESIAN_POINT('Ctrl Pts',(0.356889653346733,0.598425196850394,-7.97637396942323));
#7730=CARTESIAN_POINT('Ctrl Pts',(0.362824204477988,0.62992125984252,-7.98622572403767));
#7731=CARTESIAN_POINT('Ctrl Pts',(0.362824204477988,0.598425196850394,-7.98622572403767));
#7732=CARTESIAN_POINT('Ctrl Pts',(0.365651277069468,0.62992125984252,-7.99091885496409));
#7733=CARTESIAN_POINT('Ctrl Pts',(0.365651277069468,0.598425196850394,-7.99091885496409));
#7734=CARTESIAN_POINT('',(0.355922067246591,0.62992125984252,-7.95884512827565));
#7735=CARTESIAN_POINT('',(0.365651277069468,0.62992125984252,-7.99091885496409));
#7736=CARTESIAN_POINT('Ctrl Pts',(0.355922067246591,0.62992125984252,-7.95884512827565));
#7737=CARTESIAN_POINT('Ctrl Pts',(0.35625459801136,0.62992125984252,-7.96486927326024));
#7738=CARTESIAN_POINT('Ctrl Pts',(0.356889653346733,0.62992125984252,-7.97637396942323));
#7739=CARTESIAN_POINT('Ctrl Pts',(0.362824204477988,0.62992125984252,-7.98622572403767));
#7740=CARTESIAN_POINT('Ctrl Pts',(0.365651277069468,0.62992125984252,-7.99091885496409));
#7741=CARTESIAN_POINT('',(0.365651277069468,0.598425196850394,-7.99091885496409));
#7742=CARTESIAN_POINT('',(0.365651277069468,0.62992125984252,-7.99091885496409));
#7743=CARTESIAN_POINT('',(0.355922067246591,0.598425196850394,-7.95884512827565));
#7744=CARTESIAN_POINT('Ctrl Pts',(0.355922067246591,0.598425196850394,-7.95884512827565));
#7745=CARTESIAN_POINT('Ctrl Pts',(0.35625459801136,0.598425196850394,-7.96486927326024));
#7746=CARTESIAN_POINT('Ctrl Pts',(0.356889653346733,0.598425196850394,-7.97637396942323));
#7747=CARTESIAN_POINT('Ctrl Pts',(0.362824204477988,0.598425196850394,-7.98622572403767));
#7748=CARTESIAN_POINT('Ctrl Pts',(0.365651277069468,0.598425196850394,-7.99091885496409));
#7749=CARTESIAN_POINT('',(0.355922067246591,0.62992125984252,-7.95884512827565));
#7750=CARTESIAN_POINT('Ctrl Pts',(0.373698594540755,0.62992125984252,-7.91570812838547));
#7751=CARTESIAN_POINT('Ctrl Pts',(0.373698594540755,0.598425196850394,-7.91570812838547));
#7752=CARTESIAN_POINT('Ctrl Pts',(0.368501705290081,0.62992125984252,-7.92188683603394));
#7753=CARTESIAN_POINT('Ctrl Pts',(0.368501705290081,0.598425196850394,-7.92188683603394));
#7754=CARTESIAN_POINT('Ctrl Pts',(0.358002459295038,0.62992125984252,-7.93436964419159));
#7755=CARTESIAN_POINT('Ctrl Pts',(0.358002459295038,0.598425196850394,-7.93436964419159));
#7756=CARTESIAN_POINT('Ctrl Pts',(0.356620159774984,0.62992125984252,-7.95063217986498));
#7757=CARTESIAN_POINT('Ctrl Pts',(0.356620159774984,0.598425196850394,-7.95063217986498));
#7758=CARTESIAN_POINT('Ctrl Pts',(0.355922067246591,0.62992125984252,-7.95884512827565));
#7759=CARTESIAN_POINT('Ctrl Pts',(0.355922067246591,0.598425196850394,-7.95884512827565));
#7760=CARTESIAN_POINT('',(0.373698594540755,0.62992125984252,-7.91570812838547));
#7761=CARTESIAN_POINT('Ctrl Pts',(0.373698594540755,0.62992125984252,-7.91570812838547));
#7762=CARTESIAN_POINT('Ctrl Pts',(0.368501705290081,0.62992125984252,-7.92188683603394));
#7763=CARTESIAN_POINT('Ctrl Pts',(0.358002459295038,0.62992125984252,-7.93436964419159));
#7764=CARTESIAN_POINT('Ctrl Pts',(0.356620159774984,0.62992125984252,-7.95063217986498));
#7765=CARTESIAN_POINT('Ctrl Pts',(0.355922067246591,0.62992125984252,-7.95884512827565));
#7766=CARTESIAN_POINT('',(0.373698594540755,0.598425196850394,-7.91570812838547));
#7767=CARTESIAN_POINT('Ctrl Pts',(0.373698594540755,0.598425196850394,-7.91570812838547));
#7768=CARTESIAN_POINT('Ctrl Pts',(0.368501705290081,0.598425196850394,-7.92188683603394));
#7769=CARTESIAN_POINT('Ctrl Pts',(0.358002459295038,0.598425196850394,-7.93436964419159));
#7770=CARTESIAN_POINT('Ctrl Pts',(0.356620159774984,0.598425196850394,-7.95063217986498));
#7771=CARTESIAN_POINT('Ctrl Pts',(0.355922067246591,0.598425196850394,-7.95884512827565));
#7772=CARTESIAN_POINT('',(0.373698594540755,0.62992125984252,-7.91570812838547));
#7773=CARTESIAN_POINT('Ctrl Pts',(0.420662735917426,0.62992125984252,-7.89843093876781));
#7774=CARTESIAN_POINT('Ctrl Pts',(0.420662735917426,0.598425196850394,-7.89843093876781));
#7775=CARTESIAN_POINT('Ctrl Pts',(0.411569858080616,0.62992125984252,-7.89902624870144));
#7776=CARTESIAN_POINT('Ctrl Pts',(0.411569858080616,0.598425196850394,-7.89902624870144));
#7777=CARTESIAN_POINT('Ctrl Pts',(0.394168103463407,0.62992125984252,-7.90016554008664));
#7778=CARTESIAN_POINT('Ctrl Pts',(0.394168103463407,0.598425196850394,-7.90016554008664));
#7779=CARTESIAN_POINT('Ctrl Pts',(0.380313703472285,0.62992125984252,-7.91068524703237));
#7780=CARTESIAN_POINT('Ctrl Pts',(0.380313703472285,0.598425196850394,-7.91068524703237));
#7781=CARTESIAN_POINT('Ctrl Pts',(0.373698594540755,0.62992125984252,-7.91570812838547));
#7782=CARTESIAN_POINT('Ctrl Pts',(0.373698594540755,0.598425196850394,-7.91570812838547));
#7783=CARTESIAN_POINT('',(0.420662735917426,0.62992125984252,-7.89843093876781));
#7784=CARTESIAN_POINT('Ctrl Pts',(0.420662735917426,0.62992125984252,-7.89843093876781));
#7785=CARTESIAN_POINT('Ctrl Pts',(0.411569858080616,0.62992125984252,-7.89902624870144));
#7786=CARTESIAN_POINT('Ctrl Pts',(0.394168103463407,0.62992125984252,-7.90016554008664));
#7787=CARTESIAN_POINT('Ctrl Pts',(0.380313703472285,0.62992125984252,-7.91068524703237));
#7788=CARTESIAN_POINT('Ctrl Pts',(0.373698594540755,0.62992125984252,-7.91570812838547));
#7789=CARTESIAN_POINT('',(0.420662735917426,0.598425196850394,-7.89843093876781));
#7790=CARTESIAN_POINT('Ctrl Pts',(0.420662735917426,0.598425196850394,-7.89843093876781));
#7791=CARTESIAN_POINT('Ctrl Pts',(0.411569858080616,0.598425196850394,-7.89902624870144));
#7792=CARTESIAN_POINT('Ctrl Pts',(0.394168103463407,0.598425196850394,-7.90016554008664));
#7793=CARTESIAN_POINT('Ctrl Pts',(0.380313703472285,0.598425196850394,-7.91068524703237));
#7794=CARTESIAN_POINT('Ctrl Pts',(0.373698594540755,0.598425196850394,-7.91570812838547));
#7795=CARTESIAN_POINT('',(0.420662735917426,0.62992125984252,-7.89843093876781));
#7796=CARTESIAN_POINT('Ctrl Pts',(0.467692484065655,0.62992125984252,-7.9155286707734));
#7797=CARTESIAN_POINT('Ctrl Pts',(0.467692484065655,0.598425196850394,-7.9155286707734));
#7798=CARTESIAN_POINT('Ctrl Pts',(0.461058250277568,0.62992125984252,-7.91053109718121));
#7799=CARTESIAN_POINT('Ctrl Pts',(0.461058250277568,0.598425196850394,-7.91053109718121));
#7800=CARTESIAN_POINT('Ctrl Pts',(0.447163785346946,0.62992125984252,-7.90006438569153));
#7801=CARTESIAN_POINT('Ctrl Pts',(0.447163785346946,0.598425196850394,-7.90006438569153));
#7802=CARTESIAN_POINT('Ctrl Pts',(0.42975782022933,0.62992125984252,-7.89899153307672));
#7803=CARTESIAN_POINT('Ctrl Pts',(0.42975782022933,0.598425196850394,-7.89899153307672));
#7804=CARTESIAN_POINT('Ctrl Pts',(0.420662735917426,0.62992125984252,-7.89843093876781));
#7805=CARTESIAN_POINT('Ctrl Pts',(0.420662735917426,0.598425196850394,-7.89843093876781));
#7806=CARTESIAN_POINT('',(0.467692484065655,0.62992125984252,-7.9155286707734));
#7807=CARTESIAN_POINT('Ctrl Pts',(0.467692484065655,0.62992125984252,-7.9155286707734));
#7808=CARTESIAN_POINT('Ctrl Pts',(0.461058250277568,0.62992125984252,-7.91053109718121));
#7809=CARTESIAN_POINT('Ctrl Pts',(0.447163785346946,0.62992125984252,-7.90006438569153));
#7810=CARTESIAN_POINT('Ctrl Pts',(0.42975782022933,0.62992125984252,-7.89899153307672));
#7811=CARTESIAN_POINT('Ctrl Pts',(0.420662735917426,0.62992125984252,-7.89843093876781));
#7812=CARTESIAN_POINT('',(0.467692484065655,0.598425196850394,-7.9155286707734));
#7813=CARTESIAN_POINT('Ctrl Pts',(0.467692484065655,0.598425196850394,-7.9155286707734));
#7814=CARTESIAN_POINT('Ctrl Pts',(0.461058250277568,0.598425196850394,-7.91053109718121));
#7815=CARTESIAN_POINT('Ctrl Pts',(0.447163785346946,0.598425196850394,-7.90006438569153));
#7816=CARTESIAN_POINT('Ctrl Pts',(0.42975782022933,0.598425196850394,-7.89899153307672));
#7817=CARTESIAN_POINT('Ctrl Pts',(0.420662735917426,0.598425196850394,-7.89843093876781));
#7818=CARTESIAN_POINT('',(0.467692484065655,0.62992125984252,-7.9155286707734));
#7819=CARTESIAN_POINT('Ctrl Pts',(0.485632352930067,0.62992125984252,-7.95792608095073));
#7820=CARTESIAN_POINT('Ctrl Pts',(0.485632352930067,0.598425196850394,-7.95792608095073));
#7821=CARTESIAN_POINT('Ctrl Pts',(0.484888355107199,0.62992125984252,-7.94986346578195));
#7822=CARTESIAN_POINT('Ctrl Pts',(0.484888355107199,0.598425196850394,-7.94986346578195));
#7823=CARTESIAN_POINT('Ctrl Pts',(0.483408015805432,0.62992125984252,-7.93382120632566));
#7824=CARTESIAN_POINT('Ctrl Pts',(0.483408015805432,0.598425196850394,-7.93382120632566));
#7825=CARTESIAN_POINT('Ctrl Pts',(0.472912900998882,0.62992125984252,-7.92160512201475));
#7826=CARTESIAN_POINT('Ctrl Pts',(0.472912900998882,0.598425196850394,-7.92160512201475));
#7827=CARTESIAN_POINT('Ctrl Pts',(0.467692484065655,0.62992125984252,-7.9155286707734));
#7828=CARTESIAN_POINT('Ctrl Pts',(0.467692484065655,0.598425196850394,-7.9155286707734));
#7829=CARTESIAN_POINT('',(0.485632352930067,0.62992125984252,-7.95792608095073));
#7830=CARTESIAN_POINT('Ctrl Pts',(0.485632352930067,0.62992125984252,-7.95792608095073));
#7831=CARTESIAN_POINT('Ctrl Pts',(0.484888355107199,0.62992125984252,-7.94986346578195));
#7832=CARTESIAN_POINT('Ctrl Pts',(0.483408015805432,0.62992125984252,-7.93382120632566));
#7833=CARTESIAN_POINT('Ctrl Pts',(0.472912900998882,0.62992125984252,-7.92160512201475));
#7834=CARTESIAN_POINT('Ctrl Pts',(0.467692484065655,0.62992125984252,-7.9155286707734));
#7835=CARTESIAN_POINT('',(0.485632352930067,0.598425196850394,-7.95792608095073));
#7836=CARTESIAN_POINT('Ctrl Pts',(0.485632352930067,0.598425196850394,-7.95792608095073));
#7837=CARTESIAN_POINT('Ctrl Pts',(0.484888355107199,0.598425196850394,-7.94986346578195));
#7838=CARTESIAN_POINT('Ctrl Pts',(0.483408015805432,0.598425196850394,-7.93382120632566));
#7839=CARTESIAN_POINT('Ctrl Pts',(0.472912900998882,0.598425196850394,-7.92160512201475));
#7840=CARTESIAN_POINT('Ctrl Pts',(0.467692484065655,0.598425196850394,-7.9155286707734));
#7841=CARTESIAN_POINT('',(0.485632352930067,0.62992125984252,-7.95792608095073));
#7842=CARTESIAN_POINT('Ctrl Pts',(0.476158667931158,0.62992125984252,-7.98936511938606));
#7843=CARTESIAN_POINT('Ctrl Pts',(0.476158667931158,0.598425196850394,-7.98936511938606));
#7844=CARTESIAN_POINT('Ctrl Pts',(0.478929606242043,0.62992125984252,-7.98467070626734));
#7845=CARTESIAN_POINT('Ctrl Pts',(0.478929606242043,0.598425196850394,-7.98467070626734));
#7846=CARTESIAN_POINT('Ctrl Pts',(0.48465102246436,0.62992125984252,-7.97497771120275));
#7847=CARTESIAN_POINT('Ctrl Pts',(0.48465102246436,0.598425196850394,-7.97497771120275));
#7848=CARTESIAN_POINT('Ctrl Pts',(0.485298470410489,0.62992125984252,-7.96372763452559));
#7849=CARTESIAN_POINT('Ctrl Pts',(0.485298470410489,0.598425196850394,-7.96372763452559));
#7850=CARTESIAN_POINT('Ctrl Pts',(0.485632352930067,0.62992125984252,-7.95792608095073));
#7851=CARTESIAN_POINT('Ctrl Pts',(0.485632352930067,0.598425196850394,-7.95792608095073));
#7852=CARTESIAN_POINT('',(0.476158667931158,0.62992125984252,-7.98936511938606));
#7853=CARTESIAN_POINT('Ctrl Pts',(0.476158667931158,0.62992125984252,-7.98936511938606));
#7854=CARTESIAN_POINT('Ctrl Pts',(0.478929606242043,0.62992125984252,-7.98467070626734));
#7855=CARTESIAN_POINT('Ctrl Pts',(0.48465102246436,0.62992125984252,-7.97497771120275));
#7856=CARTESIAN_POINT('Ctrl Pts',(0.485298470410489,0.62992125984252,-7.96372763452559));
#7857=CARTESIAN_POINT('Ctrl Pts',(0.485632352930067,0.62992125984252,-7.95792608095073));
#7858=CARTESIAN_POINT('',(0.476158667931158,0.598425196850394,-7.98936511938606));
#7859=CARTESIAN_POINT('Ctrl Pts',(0.476158667931158,0.598425196850394,-7.98936511938606));
#7860=CARTESIAN_POINT('Ctrl Pts',(0.478929606242043,0.598425196850394,-7.98467070626734));
#7861=CARTESIAN_POINT('Ctrl Pts',(0.48465102246436,0.598425196850394,-7.97497771120275));
#7862=CARTESIAN_POINT('Ctrl Pts',(0.485298470410489,0.598425196850394,-7.96372763452559));
#7863=CARTESIAN_POINT('Ctrl Pts',(0.485632352930067,0.598425196850394,-7.95792608095073));
#7864=CARTESIAN_POINT('',(0.476158667931158,0.62992125984252,-7.98936511938606));
#7865=CARTESIAN_POINT('Ctrl Pts',(0.448668289409571,0.62992125984252,-8.00848500167774));
#7866=CARTESIAN_POINT('Ctrl Pts',(0.448668289409571,0.598425196850394,-8.00848500167774));
#7867=CARTESIAN_POINT('Ctrl Pts',(0.454265622242075,0.62992125984252,-8.00630771329709));
#7868=CARTESIAN_POINT('Ctrl Pts',(0.454265622242075,0.598425196850394,-8.00630771329709));
#7869=CARTESIAN_POINT('Ctrl Pts',(0.464985405958352,0.62992125984252,-8.00213785932788));
#7870=CARTESIAN_POINT('Ctrl Pts',(0.464985405958352,0.598425196850394,-8.00213785932788));
#7871=CARTESIAN_POINT('Ctrl Pts',(0.472545889360952,0.62992125984252,-7.99349507545949));
#7872=CARTESIAN_POINT('Ctrl Pts',(0.472545889360952,0.598425196850394,-7.99349507545949));
#7873=CARTESIAN_POINT('Ctrl Pts',(0.476158667931158,0.62992125984252,-7.98936511938606));
#7874=CARTESIAN_POINT('Ctrl Pts',(0.476158667931158,0.598425196850394,-7.98936511938606));
#7875=CARTESIAN_POINT('',(0.448668289409571,0.62992125984252,-8.00848500167774));
#7876=CARTESIAN_POINT('Ctrl Pts',(0.448668289409571,0.62992125984252,-8.00848500167774));
#7877=CARTESIAN_POINT('Ctrl Pts',(0.454265622242075,0.62992125984252,-8.00630771329709));
#7878=CARTESIAN_POINT('Ctrl Pts',(0.464985405958352,0.62992125984252,-8.00213785932788));
#7879=CARTESIAN_POINT('Ctrl Pts',(0.472545889360952,0.62992125984252,-7.99349507545949));
#7880=CARTESIAN_POINT('Ctrl Pts',(0.476158667931158,0.62992125984252,-7.98936511938606));
#7881=CARTESIAN_POINT('',(0.448668289409571,0.598425196850394,-8.00848500167774));
#7882=CARTESIAN_POINT('Ctrl Pts',(0.448668289409571,0.598425196850394,-8.00848500167774));
#7883=CARTESIAN_POINT('Ctrl Pts',(0.454265622242075,0.598425196850394,-8.00630771329709));
#7884=CARTESIAN_POINT('Ctrl Pts',(0.464985405958352,0.598425196850394,-8.00213785932788));
#7885=CARTESIAN_POINT('Ctrl Pts',(0.472545889360952,0.598425196850394,-7.99349507545949));
#7886=CARTESIAN_POINT('Ctrl Pts',(0.476158667931158,0.598425196850394,-7.98936511938606));
#7887=CARTESIAN_POINT('',(0.448668289409571,0.62992125984252,-8.00848500167774));
#7888=CARTESIAN_POINT('Ctrl Pts',(0.470450891275245,0.62992125984252,-8.02401959028207));
#7889=CARTESIAN_POINT('Ctrl Pts',(0.470450891275245,0.598425196850394,-8.02401959028207));
#7890=CARTESIAN_POINT('Ctrl Pts',(0.467621144688412,0.62992125984252,-8.02080865957724));
#7891=CARTESIAN_POINT('Ctrl Pts',(0.467621144688412,0.598425196850394,-8.02080865957724));
#7892=CARTESIAN_POINT('Ctrl Pts',(0.461580257883541,0.62992125984252,-8.01395402848891));
#7893=CARTESIAN_POINT('Ctrl Pts',(0.461580257883541,0.598425196850394,-8.01395402848891));
#7894=CARTESIAN_POINT('Ctrl Pts',(0.453149701013552,0.62992125984252,-8.01038315998439));
#7895=CARTESIAN_POINT('Ctrl Pts',(0.453149701013552,0.598425196850394,-8.01038315998439));
#7896=CARTESIAN_POINT('Ctrl Pts',(0.448668289409571,0.62992125984252,-8.00848500167774));
#7897=CARTESIAN_POINT('Ctrl Pts',(0.448668289409571,0.598425196850394,-8.00848500167774));
#7898=CARTESIAN_POINT('',(0.470450891275245,0.62992125984252,-8.02401959028207));
#7899=CARTESIAN_POINT('Ctrl Pts',(0.470450891275245,0.62992125984252,-8.02401959028207));
#7900=CARTESIAN_POINT('Ctrl Pts',(0.467621144688412,0.62992125984252,-8.02080865957724));
#7901=CARTESIAN_POINT('Ctrl Pts',(0.461580257883541,0.62992125984252,-8.01395402848891));
#7902=CARTESIAN_POINT('Ctrl Pts',(0.453149701013552,0.62992125984252,-8.01038315998439));
#7903=CARTESIAN_POINT('Ctrl Pts',(0.448668289409571,0.62992125984252,-8.00848500167774));
#7904=CARTESIAN_POINT('',(0.470450891275245,0.598425196850394,-8.02401959028207));
#7905=CARTESIAN_POINT('Ctrl Pts',(0.470450891275245,0.598425196850394,-8.02401959028207));
#7906=CARTESIAN_POINT('Ctrl Pts',(0.467621144688412,0.598425196850394,-8.02080865957724));
#7907=CARTESIAN_POINT('Ctrl Pts',(0.461580257883541,0.598425196850394,-8.01395402848891));
#7908=CARTESIAN_POINT('Ctrl Pts',(0.453149701013552,0.598425196850394,-8.01038315998439));
#7909=CARTESIAN_POINT('Ctrl Pts',(0.448668289409571,0.598425196850394,-8.00848500167774));
#7910=CARTESIAN_POINT('',(0.470450891275245,0.62992125984252,-8.02401959028207));
#7911=CARTESIAN_POINT('Ctrl Pts',(0.477747486999465,0.62992125984252,-8.0479070480597));
#7912=CARTESIAN_POINT('Ctrl Pts',(0.477747486999465,0.598425196850394,-8.0479070480597));
#7913=CARTESIAN_POINT('Ctrl Pts',(0.477467241247605,0.62992125984252,-8.04353085966885));
#7914=CARTESIAN_POINT('Ctrl Pts',(0.477467241247605,0.598425196850394,-8.04353085966885));
#7915=CARTESIAN_POINT('Ctrl Pts',(0.476919954642224,0.62992125984252,-8.03498468448856));
#7916=CARTESIAN_POINT('Ctrl Pts',(0.476919954642224,0.598425196850394,-8.03498468448856));
#7917=CARTESIAN_POINT('Ctrl Pts',(0.472572278911277,0.62992125984252,-8.02761535275308));
#7918=CARTESIAN_POINT('Ctrl Pts',(0.472572278911277,0.598425196850394,-8.02761535275308));
#7919=CARTESIAN_POINT('Ctrl Pts',(0.470450891275245,0.62992125984252,-8.02401959028207));
#7920=CARTESIAN_POINT('Ctrl Pts',(0.470450891275245,0.598425196850394,-8.02401959028207));
#7921=CARTESIAN_POINT('',(0.477747486999465,0.62992125984252,-8.0479070480597));
#7922=CARTESIAN_POINT('Ctrl Pts',(0.477747486999465,0.62992125984252,-8.0479070480597));
#7923=CARTESIAN_POINT('Ctrl Pts',(0.477467241247605,0.62992125984252,-8.04353085966885));
#7924=CARTESIAN_POINT('Ctrl Pts',(0.476919954642224,0.62992125984252,-8.03498468448856));
#7925=CARTESIAN_POINT('Ctrl Pts',(0.472572278911277,0.62992125984252,-8.02761535275308));
#7926=CARTESIAN_POINT('Ctrl Pts',(0.470450891275245,0.62992125984252,-8.02401959028207));
#7927=CARTESIAN_POINT('',(0.477747486999465,0.598425196850394,-8.0479070480597));
#7928=CARTESIAN_POINT('Ctrl Pts',(0.477747486999465,0.598425196850394,-8.0479070480597));
#7929=CARTESIAN_POINT('Ctrl Pts',(0.477467241247605,0.598425196850394,-8.04353085966885));
#7930=CARTESIAN_POINT('Ctrl Pts',(0.476919954642224,0.598425196850394,-8.03498468448856));
#7931=CARTESIAN_POINT('Ctrl Pts',(0.472572278911277,0.598425196850394,-8.02761535275308));
#7932=CARTESIAN_POINT('Ctrl Pts',(0.470450891275245,0.598425196850394,-8.02401959028207));
#7933=CARTESIAN_POINT('',(0.477747486999465,0.62992125984252,-8.0479070480597));
#7934=CARTESIAN_POINT('Ctrl Pts',(0.462106544586172,0.62992125984252,-8.08432610524508));
#7935=CARTESIAN_POINT('Ctrl Pts',(0.462106544586172,0.598425196850394,-8.08432610524508));
#7936=CARTESIAN_POINT('Ctrl Pts',(0.466678746723241,0.62992125984252,-8.07908305154785));
#7937=CARTESIAN_POINT('Ctrl Pts',(0.466678746723241,0.598425196850394,-8.07908305154785));
#7938=CARTESIAN_POINT('Ctrl Pts',(0.47580263804047,0.62992125984252,-8.06862046685237));
#7939=CARTESIAN_POINT('Ctrl Pts',(0.47580263804047,0.598425196850394,-8.06862046685237));
#7940=CARTESIAN_POINT('Ctrl Pts',(0.477100176417995,0.62992125984252,-8.05480116449013));
#7941=CARTESIAN_POINT('Ctrl Pts',(0.477100176417995,0.598425196850394,-8.05480116449013));
#7942=CARTESIAN_POINT('Ctrl Pts',(0.477747486999465,0.62992125984252,-8.0479070480597));
#7943=CARTESIAN_POINT('Ctrl Pts',(0.477747486999465,0.598425196850394,-8.0479070480597));
#7944=CARTESIAN_POINT('',(0.462106544586172,0.62992125984252,-8.08432610524508));
#7945=CARTESIAN_POINT('Ctrl Pts',(0.462106544586172,0.62992125984252,-8.08432610524508));
#7946=CARTESIAN_POINT('Ctrl Pts',(0.466678746723241,0.62992125984252,-8.07908305154785));
#7947=CARTESIAN_POINT('Ctrl Pts',(0.47580263804047,0.62992125984252,-8.06862046685237));
#7948=CARTESIAN_POINT('Ctrl Pts',(0.477100176417995,0.62992125984252,-8.05480116449013));
#7949=CARTESIAN_POINT('Ctrl Pts',(0.477747486999465,0.62992125984252,-8.0479070480597));
#7950=CARTESIAN_POINT('',(0.462106544586172,0.598425196850394,-8.08432610524508));
#7951=CARTESIAN_POINT('Ctrl Pts',(0.462106544586172,0.598425196850394,-8.08432610524508));
#7952=CARTESIAN_POINT('Ctrl Pts',(0.466678746723241,0.598425196850394,-8.07908305154785));
#7953=CARTESIAN_POINT('Ctrl Pts',(0.47580263804047,0.598425196850394,-8.06862046685237));
#7954=CARTESIAN_POINT('Ctrl Pts',(0.477100176417995,0.598425196850394,-8.05480116449013));
#7955=CARTESIAN_POINT('Ctrl Pts',(0.477747486999465,0.598425196850394,-8.0479070480597));
#7956=CARTESIAN_POINT('',(0.462106544586172,0.62992125984252,-8.08432610524508));
#7957=CARTESIAN_POINT('Ctrl Pts',(0.420643671942318,0.62992125984252,-8.09944434528159));
#7958=CARTESIAN_POINT('Ctrl Pts',(0.420643671942318,0.598425196850394,-8.09944434528159));
#7959=CARTESIAN_POINT('Ctrl Pts',(0.428678625220589,0.62992125984252,-8.09892984005246));
#7960=CARTESIAN_POINT('Ctrl Pts',(0.428678625220589,0.598425196850394,-8.09892984005246));
#7961=CARTESIAN_POINT('Ctrl Pts',(0.444022367450859,0.62992125984252,-8.09794732835158));
#7962=CARTESIAN_POINT('Ctrl Pts',(0.444022367450859,0.598425196850394,-8.09794732835158));
#7963=CARTESIAN_POINT('Ctrl Pts',(0.456271724936701,0.62992125984252,-8.08872096267414));
#7964=CARTESIAN_POINT('Ctrl Pts',(0.456271724936701,0.598425196850394,-8.08872096267414));
#7965=CARTESIAN_POINT('Ctrl Pts',(0.462106544586172,0.62992125984252,-8.08432610524508));
#7966=CARTESIAN_POINT('Ctrl Pts',(0.462106544586172,0.598425196850394,-8.08432610524508));
#7967=CARTESIAN_POINT('',(0.420643671942318,0.62992125984252,-8.09944434528159));
#7968=CARTESIAN_POINT('Ctrl Pts',(0.420643671942318,0.62992125984252,-8.09944434528159));
#7969=CARTESIAN_POINT('Ctrl Pts',(0.428678625220589,0.62992125984252,-8.09892984005246));
#7970=CARTESIAN_POINT('Ctrl Pts',(0.444022367450859,0.62992125984252,-8.09794732835158));
#7971=CARTESIAN_POINT('Ctrl Pts',(0.456271724936701,0.62992125984252,-8.08872096267414));
#7972=CARTESIAN_POINT('Ctrl Pts',(0.462106544586172,0.62992125984252,-8.08432610524508));
#7973=CARTESIAN_POINT('',(0.420643671942318,0.598425196850394,-8.09944434528159));
#7974=CARTESIAN_POINT('Ctrl Pts',(0.420643671942318,0.598425196850394,-8.09944434528159));
#7975=CARTESIAN_POINT('Ctrl Pts',(0.428678625220589,0.598425196850394,-8.09892984005246));
#7976=CARTESIAN_POINT('Ctrl Pts',(0.444022367450859,0.598425196850394,-8.09794732835158));
#7977=CARTESIAN_POINT('Ctrl Pts',(0.456271724936701,0.598425196850394,-8.08872096267414));
#7978=CARTESIAN_POINT('Ctrl Pts',(0.462106544586172,0.598425196850394,-8.08432610524508));
#7979=CARTESIAN_POINT('',(0.420643671942318,0.62992125984252,-8.09944434528159));
#7980=CARTESIAN_POINT('Ctrl Pts',(0.379526988853448,0.62992125984252,-8.0848866066812));
#7981=CARTESIAN_POINT('Ctrl Pts',(0.379526988853448,0.598425196850394,-8.0848866066812));
#7982=CARTESIAN_POINT('Ctrl Pts',(0.385309672461049,0.62992125984252,-8.08914135340721));
#7983=CARTESIAN_POINT('Ctrl Pts',(0.385309672461049,0.598425196850394,-8.08914135340721));
#7984=CARTESIAN_POINT('Ctrl Pts',(0.397507830938068,0.62992125984252,-8.09811643805047));
#7985=CARTESIAN_POINT('Ctrl Pts',(0.397507830938068,0.598425196850394,-8.09811643805047));
#7986=CARTESIAN_POINT('Ctrl Pts',(0.412669548686364,0.62992125984252,-8.09898666164124));
#7987=CARTESIAN_POINT('Ctrl Pts',(0.412669548686364,0.598425196850394,-8.09898666164124));
#7988=CARTESIAN_POINT('Ctrl Pts',(0.420643671942318,0.62992125984252,-8.09944434528159));
#7989=CARTESIAN_POINT('Ctrl Pts',(0.420643671942318,0.598425196850394,-8.09944434528159));
#7990=CARTESIAN_POINT('',(0.379526988853448,0.62992125984252,-8.0848866066812));
#7991=CARTESIAN_POINT('Ctrl Pts',(0.379526988853448,0.62992125984252,-8.0848866066812));
#7992=CARTESIAN_POINT('Ctrl Pts',(0.385309672461049,0.62992125984252,-8.08914135340721));
#7993=CARTESIAN_POINT('Ctrl Pts',(0.397507830938068,0.62992125984252,-8.09811643805047));
#7994=CARTESIAN_POINT('Ctrl Pts',(0.412669548686364,0.62992125984252,-8.09898666164124));
#7995=CARTESIAN_POINT('Ctrl Pts',(0.420643671942318,0.62992125984252,-8.09944434528159));
#7996=CARTESIAN_POINT('',(0.379526988853448,0.598425196850394,-8.0848866066812));
#7997=CARTESIAN_POINT('Ctrl Pts',(0.379526988853448,0.598425196850394,-8.0848866066812));
#7998=CARTESIAN_POINT('Ctrl Pts',(0.385309672461049,0.598425196850394,-8.08914135340721));
#7999=CARTESIAN_POINT('Ctrl Pts',(0.397507830938068,0.598425196850394,-8.09811643805047));
#8000=CARTESIAN_POINT('Ctrl Pts',(0.412669548686364,0.598425196850394,-8.09898666164124));
#8001=CARTESIAN_POINT('Ctrl Pts',(0.420643671942318,0.598425196850394,-8.09944434528159));
#8002=CARTESIAN_POINT('',(0.379526988853448,0.62992125984252,-8.0848866066812));
#8003=CARTESIAN_POINT('Ctrl Pts',(0.364016180090184,0.62992125984252,-8.04879556409062));
#8004=CARTESIAN_POINT('Ctrl Pts',(0.364016180090184,0.598425196850394,-8.04879556409062));
#8005=CARTESIAN_POINT('Ctrl Pts',(0.364665570170506,0.62992125984252,-8.05566368581975));
#8006=CARTESIAN_POINT('Ctrl Pts',(0.364665570170506,0.598425196850394,-8.05566368581975));
#8007=CARTESIAN_POINT('Ctrl Pts',(0.365960777153049,0.62992125984252,-8.06936213839868));
#8008=CARTESIAN_POINT('Ctrl Pts',(0.365960777153049,0.598425196850394,-8.06936213839868));
#8009=CARTESIAN_POINT('Ctrl Pts',(0.375013242843419,0.62992125984252,-8.0797213101109));
#8010=CARTESIAN_POINT('Ctrl Pts',(0.375013242843419,0.598425196850394,-8.0797213101109));
#8011=CARTESIAN_POINT('Ctrl Pts',(0.379526988853448,0.62992125984252,-8.0848866066812));
#8012=CARTESIAN_POINT('Ctrl Pts',(0.379526988853448,0.598425196850394,-8.0848866066812));
#8013=CARTESIAN_POINT('',(0.364016180090184,0.62992125984252,-8.04879556409062));
#8014=CARTESIAN_POINT('Ctrl Pts',(0.364016180090184,0.62992125984252,-8.04879556409062));
#8015=CARTESIAN_POINT('Ctrl Pts',(0.364665570170506,0.62992125984252,-8.05566368581975));
#8016=CARTESIAN_POINT('Ctrl Pts',(0.365960777153049,0.62992125984252,-8.06936213839868));
#8017=CARTESIAN_POINT('Ctrl Pts',(0.375013242843419,0.62992125984252,-8.0797213101109));
#8018=CARTESIAN_POINT('Ctrl Pts',(0.379526988853448,0.62992125984252,-8.0848866066812));
#8019=CARTESIAN_POINT('',(0.364016180090184,0.598425196850394,-8.04879556409062));
#8020=CARTESIAN_POINT('Ctrl Pts',(0.364016180090184,0.598425196850394,-8.04879556409062));
#8021=CARTESIAN_POINT('Ctrl Pts',(0.364665570170506,0.598425196850394,-8.05566368581975));
#8022=CARTESIAN_POINT('Ctrl Pts',(0.365960777153049,0.598425196850394,-8.06936213839868));
#8023=CARTESIAN_POINT('Ctrl Pts',(0.375013242843419,0.598425196850394,-8.0797213101109));
#8024=CARTESIAN_POINT('Ctrl Pts',(0.379526988853448,0.598425196850394,-8.0848866066812));
#8025=CARTESIAN_POINT('',(0.364016180090184,0.62992125984252,-8.04879556409062));
#8026=CARTESIAN_POINT('Ctrl Pts',(0.371220459932397,0.62992125984252,-8.02434334417595));
#8027=CARTESIAN_POINT('Ctrl Pts',(0.371220459932397,0.598425196850394,-8.02434334417595));
#8028=CARTESIAN_POINT('Ctrl Pts',(0.369113253501744,0.62992125984252,-8.02799352344733));
#8029=CARTESIAN_POINT('Ctrl Pts',(0.369113253501744,0.598425196850394,-8.02799352344733));
#8030=CARTESIAN_POINT('Ctrl Pts',(0.364748594270306,0.62992125984252,-8.03555414419218));
#8031=CARTESIAN_POINT('Ctrl Pts',(0.364748594270306,0.598425196850394,-8.03555414419218));
#8032=CARTESIAN_POINT('Ctrl Pts',(0.36426585729803,0.62992125984252,-8.04428161441857));
#8033=CARTESIAN_POINT('Ctrl Pts',(0.36426585729803,0.598425196850394,-8.04428161441857));
#8034=CARTESIAN_POINT('Ctrl Pts',(0.364016180090184,0.62992125984252,-8.04879556409062));
#8035=CARTESIAN_POINT('Ctrl Pts',(0.364016180090184,0.598425196850394,-8.04879556409062));
#8036=CARTESIAN_POINT('',(0.371220459932397,0.62992125984252,-8.02434334417595));
#8037=CARTESIAN_POINT('Ctrl Pts',(0.371220459932397,0.62992125984252,-8.02434334417595));
#8038=CARTESIAN_POINT('Ctrl Pts',(0.369113253501744,0.62992125984252,-8.02799352344733));
#8039=CARTESIAN_POINT('Ctrl Pts',(0.364748594270306,0.62992125984252,-8.03555414419218));
#8040=CARTESIAN_POINT('Ctrl Pts',(0.36426585729803,0.62992125984252,-8.04428161441857));
#8041=CARTESIAN_POINT('Ctrl Pts',(0.364016180090184,0.62992125984252,-8.04879556409062));
#8042=CARTESIAN_POINT('',(0.371220459932397,0.598425196850394,-8.02434334417595));
#8043=CARTESIAN_POINT('Ctrl Pts',(0.371220459932397,0.598425196850394,-8.02434334417595));
#8044=CARTESIAN_POINT('Ctrl Pts',(0.369113253501744,0.598425196850394,-8.02799352344733));
#8045=CARTESIAN_POINT('Ctrl Pts',(0.364748594270306,0.598425196850394,-8.03555414419218));
#8046=CARTESIAN_POINT('Ctrl Pts',(0.36426585729803,0.598425196850394,-8.04428161441857));
#8047=CARTESIAN_POINT('Ctrl Pts',(0.364016180090184,0.598425196850394,-8.04879556409062));
#8048=CARTESIAN_POINT('',(0.371220459932397,0.62992125984252,-8.02434334417595));
#8049=CARTESIAN_POINT('Ctrl Pts',(0.393480449398036,0.62992125984252,-8.00859036893123));
#8050=CARTESIAN_POINT('Ctrl Pts',(0.393480449398036,0.598425196850394,-8.00859036893123));
#8051=CARTESIAN_POINT('Ctrl Pts',(0.38888887558137,0.62992125984252,-8.01050477227816));
#8052=CARTESIAN_POINT('Ctrl Pts',(0.38888887558137,0.598425196850394,-8.01050477227816));
#8053=CARTESIAN_POINT('Ctrl Pts',(0.380270574636155,0.62992125984252,-8.01409807270917));
#8054=CARTESIAN_POINT('Ctrl Pts',(0.380270574636155,0.598425196850394,-8.01409807270917));
#8055=CARTESIAN_POINT('Ctrl Pts',(0.374102410227922,0.62992125984252,-8.02108080396536));
#8056=CARTESIAN_POINT('Ctrl Pts',(0.374102410227922,0.598425196850394,-8.02108080396536));
#8057=CARTESIAN_POINT('Ctrl Pts',(0.371220459932397,0.62992125984252,-8.02434334417595));
#8058=CARTESIAN_POINT('Ctrl Pts',(0.371220459932397,0.598425196850394,-8.02434334417595));
#8059=CARTESIAN_POINT('',(0.393480449398036,0.62992125984252,-8.00859036893123));
#8060=CARTESIAN_POINT('Ctrl Pts',(0.393480449398036,0.62992125984252,-8.00859036893123));
#8061=CARTESIAN_POINT('Ctrl Pts',(0.38888887558137,0.62992125984252,-8.01050477227816));
#8062=CARTESIAN_POINT('Ctrl Pts',(0.380270574636155,0.62992125984252,-8.01409807270917));
#8063=CARTESIAN_POINT('Ctrl Pts',(0.374102410227922,0.62992125984252,-8.02108080396536));
#8064=CARTESIAN_POINT('Ctrl Pts',(0.371220459932397,0.62992125984252,-8.02434334417595));
#8065=CARTESIAN_POINT('',(0.393480449398036,0.598425196850394,-8.00859036893123));
#8066=CARTESIAN_POINT('Ctrl Pts',(0.393480449398036,0.598425196850394,-8.00859036893123));
#8067=CARTESIAN_POINT('Ctrl Pts',(0.38888887558137,0.598425196850394,-8.01050477227816));
#8068=CARTESIAN_POINT('Ctrl Pts',(0.380270574636155,0.598425196850394,-8.01409807270917));
#8069=CARTESIAN_POINT('Ctrl Pts',(0.374102410227922,0.598425196850394,-8.02108080396536));
#8070=CARTESIAN_POINT('Ctrl Pts',(0.371220459932397,0.598425196850394,-8.02434334417595));
#8071=CARTESIAN_POINT('',(0.393480449398036,0.62992125984252,-8.00859036893123));
#8072=CARTESIAN_POINT('Ctrl Pts',(0.365651277069468,0.62992125984252,-7.99091885496409));
#8073=CARTESIAN_POINT('Ctrl Pts',(0.365651277069468,0.598425196850394,-7.99091885496409));
#8074=CARTESIAN_POINT('Ctrl Pts',(0.369368378736306,0.62992125984252,-7.99493175871944));
#8075=CARTESIAN_POINT('Ctrl Pts',(0.369368378736306,0.598425196850394,-7.99493175871944));
#8076=CARTESIAN_POINT('Ctrl Pts',(0.377078455007759,0.62992125984252,-8.00325539277544));
#8077=CARTESIAN_POINT('Ctrl Pts',(0.377078455007759,0.598425196850394,-8.00325539277544));
#8078=CARTESIAN_POINT('Ctrl Pts',(0.387884237969156,0.62992125984252,-8.00677012354976));
#8079=CARTESIAN_POINT('Ctrl Pts',(0.387884237969156,0.598425196850394,-8.00677012354976));
#8080=CARTESIAN_POINT('Ctrl Pts',(0.393480449398036,0.62992125984252,-8.00859036893123));
#8081=CARTESIAN_POINT('Ctrl Pts',(0.393480449398036,0.598425196850394,-8.00859036893123));
#8082=CARTESIAN_POINT('Ctrl Pts',(0.365651277069468,0.62992125984252,-7.99091885496409));
#8083=CARTESIAN_POINT('Ctrl Pts',(0.369368378736306,0.62992125984252,-7.99493175871944));
#8084=CARTESIAN_POINT('Ctrl Pts',(0.377078455007759,0.62992125984252,-8.00325539277544));
#8085=CARTESIAN_POINT('Ctrl Pts',(0.387884237969156,0.62992125984252,-8.00677012354976));
#8086=CARTESIAN_POINT('Ctrl Pts',(0.393480449398036,0.62992125984252,-8.00859036893123));
#8087=CARTESIAN_POINT('Ctrl Pts',(0.365651277069468,0.598425196850394,-7.99091885496409));
#8088=CARTESIAN_POINT('Ctrl Pts',(0.369368378736306,0.598425196850394,-7.99493175871944));
#8089=CARTESIAN_POINT('Ctrl Pts',(0.377078455007759,0.598425196850394,-8.00325539277544));
#8090=CARTESIAN_POINT('Ctrl Pts',(0.387884237969156,0.598425196850394,-8.00677012354976));
#8091=CARTESIAN_POINT('Ctrl Pts',(0.393480449398036,0.598425196850394,-8.00859036893123));
#8092=CARTESIAN_POINT('Origin',(0.420777210088329,0.62992125984252,-7.9989376420247));
#8093=CARTESIAN_POINT('Origin',(0.420777210088329,0.598425196850394,-7.9989376420247));
#8094=CARTESIAN_POINT('Ctrl Pts',(0.422886344491075,0.62992125984252,-6.00813137744815));
#8095=CARTESIAN_POINT('Ctrl Pts',(0.422886344491075,0.598425196850394,-6.00813137744815));
#8096=CARTESIAN_POINT('Ctrl Pts',(0.417630293156264,0.62992125984252,-6.00764748260302));
#8097=CARTESIAN_POINT('Ctrl Pts',(0.417630293156264,0.598425196850394,-6.00764748260302));
#8098=CARTESIAN_POINT('Ctrl Pts',(0.407109726225958,0.62992125984252,-6.00667891365628));
#8099=CARTESIAN_POINT('Ctrl Pts',(0.407109726225958,0.598425196850394,-6.00667891365628));
#8100=CARTESIAN_POINT('Ctrl Pts',(0.399084362603699,0.62992125984252,-5.99980686816918));
#8101=CARTESIAN_POINT('Ctrl Pts',(0.399084362603699,0.598425196850394,-5.99980686816918));
#8102=CARTESIAN_POINT('Ctrl Pts',(0.395068452412852,0.62992125984252,-5.9963680809936));
#8103=CARTESIAN_POINT('Ctrl Pts',(0.395068452412852,0.598425196850394,-5.9963680809936));
#8104=CARTESIAN_POINT('',(0.422886344491075,0.62992125984252,-6.00813137744815));
#8105=CARTESIAN_POINT('',(0.395068452412852,0.62992125984252,-5.9963680809936));
#8106=CARTESIAN_POINT('Ctrl Pts',(0.422886344491075,0.62992125984252,-6.00813137744815));
#8107=CARTESIAN_POINT('Ctrl Pts',(0.417630293156264,0.62992125984252,-6.00764748260302));
#8108=CARTESIAN_POINT('Ctrl Pts',(0.407109726225958,0.62992125984252,-6.00667891365628));
#8109=CARTESIAN_POINT('Ctrl Pts',(0.399084362603699,0.62992125984252,-5.99980686816918));
#8110=CARTESIAN_POINT('Ctrl Pts',(0.395068452412852,0.62992125984252,-5.9963680809936));
#8111=CARTESIAN_POINT('',(0.395068452412852,0.598425196850394,-5.9963680809936));
#8112=CARTESIAN_POINT('',(0.395068452412852,0.62992125984252,-5.9963680809936));
#8113=CARTESIAN_POINT('',(0.422886344491075,0.598425196850394,-6.00813137744815));
#8114=CARTESIAN_POINT('Ctrl Pts',(0.422886344491075,0.598425196850394,-6.00813137744815));
#8115=CARTESIAN_POINT('Ctrl Pts',(0.417630293156264,0.598425196850394,-6.00764748260302));
#8116=CARTESIAN_POINT('Ctrl Pts',(0.407109726225958,0.598425196850394,-6.00667891365628));
#8117=CARTESIAN_POINT('Ctrl Pts',(0.399084362603699,0.598425196850394,-5.99980686816918));
#8118=CARTESIAN_POINT('Ctrl Pts',(0.395068452412852,0.598425196850394,-5.9963680809936));
#8119=CARTESIAN_POINT('',(0.422886344491075,0.62992125984252,-6.00813137744815));
#8120=CARTESIAN_POINT('Ctrl Pts',(0.450256268958035,0.62992125984252,-5.99626271378492));
#8121=CARTESIAN_POINT('Ctrl Pts',(0.450256268958035,0.598425196850394,-5.99626271378492));
#8122=CARTESIAN_POINT('Ctrl Pts',(0.446380787083084,0.62992125984252,-5.99971650623691));
#8123=CARTESIAN_POINT('Ctrl Pts',(0.446380787083084,0.598425196850394,-5.99971650623691));
#8124=CARTESIAN_POINT('Ctrl Pts',(0.43856759671811,0.62992125984252,-6.00667954690625));
#8125=CARTESIAN_POINT('Ctrl Pts',(0.43856759671811,0.598425196850394,-6.00667954690625));
#8126=CARTESIAN_POINT('Ctrl Pts',(0.428141108470457,0.62992125984252,-6.00764487122242));
#8127=CARTESIAN_POINT('Ctrl Pts',(0.428141108470457,0.598425196850394,-6.00764487122242));
#8128=CARTESIAN_POINT('Ctrl Pts',(0.422886344491075,0.62992125984252,-6.00813137744815));
#8129=CARTESIAN_POINT('Ctrl Pts',(0.422886344491075,0.598425196850394,-6.00813137744815));
#8130=CARTESIAN_POINT('',(0.450256268958035,0.62992125984252,-5.99626271378492));
#8131=CARTESIAN_POINT('Ctrl Pts',(0.450256268958035,0.62992125984252,-5.99626271378492));
#8132=CARTESIAN_POINT('Ctrl Pts',(0.446380787083084,0.62992125984252,-5.99971650623691));
#8133=CARTESIAN_POINT('Ctrl Pts',(0.43856759671811,0.62992125984252,-6.00667954690625));
#8134=CARTESIAN_POINT('Ctrl Pts',(0.428141108470457,0.62992125984252,-6.00764487122242));
#8135=CARTESIAN_POINT('Ctrl Pts',(0.422886344491075,0.62992125984252,-6.00813137744815));
#8136=CARTESIAN_POINT('',(0.450256268958035,0.598425196850394,-5.99626271378492));
#8137=CARTESIAN_POINT('Ctrl Pts',(0.450256268958035,0.598425196850394,-5.99626271378492));
#8138=CARTESIAN_POINT('Ctrl Pts',(0.446380787083084,0.598425196850394,-5.99971650623691));
#8139=CARTESIAN_POINT('Ctrl Pts',(0.43856759671811,0.598425196850394,-6.00667954690625));
#8140=CARTESIAN_POINT('Ctrl Pts',(0.428141108470457,0.598425196850394,-6.00764487122242));
#8141=CARTESIAN_POINT('Ctrl Pts',(0.422886344491075,0.598425196850394,-6.00813137744815));
#8142=CARTESIAN_POINT('',(0.450256268958035,0.62992125984252,-5.99626271378492));
#8143=CARTESIAN_POINT('Ctrl Pts',(0.461071440359852,0.62992125984252,-5.96414976278504));
#8144=CARTESIAN_POINT('Ctrl Pts',(0.461071440359852,0.598425196850394,-5.96414976278504));
#8145=CARTESIAN_POINT('Ctrl Pts',(0.460766806181305,0.62992125984252,-5.97043498319316));
#8146=CARTESIAN_POINT('Ctrl Pts',(0.460766806181305,0.598425196850394,-5.97043498319316));
#8147=CARTESIAN_POINT('Ctrl Pts',(0.460196281728827,0.62992125984252,-5.9822060587473));
#8148=CARTESIAN_POINT('Ctrl Pts',(0.460196281728827,0.598425196850394,-5.9822060587473));
#8149=CARTESIAN_POINT('Ctrl Pts',(0.453416128098554,0.62992125984252,-5.99179420343891));
#8150=CARTESIAN_POINT('Ctrl Pts',(0.453416128098554,0.598425196850394,-5.99179420343891));
#8151=CARTESIAN_POINT('Ctrl Pts',(0.450256268958035,0.62992125984252,-5.99626271378492));
#8152=CARTESIAN_POINT('Ctrl Pts',(0.450256268958035,0.598425196850394,-5.99626271378492));
#8153=CARTESIAN_POINT('',(0.461071440359852,0.62992125984252,-5.96414976278504));
#8154=CARTESIAN_POINT('Ctrl Pts',(0.461071440359852,0.62992125984252,-5.96414976278504));
#8155=CARTESIAN_POINT('Ctrl Pts',(0.460766806181305,0.62992125984252,-5.97043498319316));
#8156=CARTESIAN_POINT('Ctrl Pts',(0.460196281728827,0.62992125984252,-5.9822060587473));
#8157=CARTESIAN_POINT('Ctrl Pts',(0.453416128098554,0.62992125984252,-5.99179420343891));
#8158=CARTESIAN_POINT('Ctrl Pts',(0.450256268958035,0.62992125984252,-5.99626271378492));
#8159=CARTESIAN_POINT('',(0.461071440359852,0.598425196850394,-5.96414976278504));
#8160=CARTESIAN_POINT('Ctrl Pts',(0.461071440359852,0.598425196850394,-5.96414976278504));
#8161=CARTESIAN_POINT('Ctrl Pts',(0.460766806181305,0.598425196850394,-5.97043498319316));
#8162=CARTESIAN_POINT('Ctrl Pts',(0.460196281728827,0.598425196850394,-5.9822060587473));
#8163=CARTESIAN_POINT('Ctrl Pts',(0.453416128098554,0.598425196850394,-5.99179420343891));
#8164=CARTESIAN_POINT('Ctrl Pts',(0.450256268958035,0.598425196850394,-5.99626271378492));
#8165=CARTESIAN_POINT('',(0.461071440359852,0.62992125984252,-5.96414976278504));
#8166=CARTESIAN_POINT('Ctrl Pts',(0.449996630544622,0.62992125984252,-5.93060153368466));
#8167=CARTESIAN_POINT('Ctrl Pts',(0.449996630544622,0.598425196850394,-5.93060153368466));
#8168=CARTESIAN_POINT('Ctrl Pts',(0.453213071063997,0.62992125984252,-5.93529610550264));
#8169=CARTESIAN_POINT('Ctrl Pts',(0.453213071063997,0.598425196850394,-5.93529610550264));
#8170=CARTESIAN_POINT('Ctrl Pts',(0.460116859176734,0.62992125984252,-5.94537256390942));
#8171=CARTESIAN_POINT('Ctrl Pts',(0.460116859176734,0.598425196850394,-5.94537256390942));
#8172=CARTESIAN_POINT('Ctrl Pts',(0.460739098982504,0.62992125984252,-5.95761240352486));
#8173=CARTESIAN_POINT('Ctrl Pts',(0.460739098982504,0.598425196850394,-5.95761240352486));
#8174=CARTESIAN_POINT('Ctrl Pts',(0.461071440359852,0.62992125984252,-5.96414976278504));
#8175=CARTESIAN_POINT('Ctrl Pts',(0.461071440359852,0.598425196850394,-5.96414976278504));
#8176=CARTESIAN_POINT('',(0.449996630544622,0.62992125984252,-5.93060153368466));
#8177=CARTESIAN_POINT('Ctrl Pts',(0.449996630544622,0.62992125984252,-5.93060153368466));
#8178=CARTESIAN_POINT('Ctrl Pts',(0.453213071063997,0.62992125984252,-5.93529610550264));
#8179=CARTESIAN_POINT('Ctrl Pts',(0.460116859176734,0.62992125984252,-5.94537256390942));
#8180=CARTESIAN_POINT('Ctrl Pts',(0.460739098982504,0.62992125984252,-5.95761240352486));
#8181=CARTESIAN_POINT('Ctrl Pts',(0.461071440359852,0.62992125984252,-5.96414976278504));
#8182=CARTESIAN_POINT('',(0.449996630544622,0.598425196850394,-5.93060153368466));
#8183=CARTESIAN_POINT('Ctrl Pts',(0.449996630544622,0.598425196850394,-5.93060153368466));
#8184=CARTESIAN_POINT('Ctrl Pts',(0.453213071063997,0.598425196850394,-5.93529610550264));
#8185=CARTESIAN_POINT('Ctrl Pts',(0.460116859176734,0.598425196850394,-5.94537256390942));
#8186=CARTESIAN_POINT('Ctrl Pts',(0.460739098982504,0.598425196850394,-5.95761240352486));
#8187=CARTESIAN_POINT('Ctrl Pts',(0.461071440359852,0.598425196850394,-5.96414976278504));
#8188=CARTESIAN_POINT('',(0.449996630544622,0.62992125984252,-5.93060153368466));
#8189=CARTESIAN_POINT('Ctrl Pts',(0.423654779080054,0.62992125984252,-5.91829829579563));
#8190=CARTESIAN_POINT('Ctrl Pts',(0.423654779080054,0.598425196850394,-5.91829829579563));
#8191=CARTESIAN_POINT('Ctrl Pts',(0.428618246965316,0.62992125984252,-5.91884788395811));
#8192=CARTESIAN_POINT('Ctrl Pts',(0.428618246965316,0.598425196850394,-5.91884788395811));
#8193=CARTESIAN_POINT('Ctrl Pts',(0.438771216132372,0.62992125984252,-5.91997208820346));
#8194=CARTESIAN_POINT('Ctrl Pts',(0.438771216132372,0.598425196850394,-5.91997208820346));
#8195=CARTESIAN_POINT('Ctrl Pts',(0.446199699491357,0.62992125984252,-5.92700618565167));
#8196=CARTESIAN_POINT('Ctrl Pts',(0.446199699491357,0.598425196850394,-5.92700618565167));
#8197=CARTESIAN_POINT('Ctrl Pts',(0.449996630544622,0.62992125984252,-5.93060153368466));
#8198=CARTESIAN_POINT('Ctrl Pts',(0.449996630544622,0.598425196850394,-5.93060153368466));
#8199=CARTESIAN_POINT('',(0.423654779080054,0.62992125984252,-5.91829829579563));
#8200=CARTESIAN_POINT('Ctrl Pts',(0.423654779080054,0.62992125984252,-5.91829829579563));
#8201=CARTESIAN_POINT('Ctrl Pts',(0.428618246965316,0.62992125984252,-5.91884788395811));
#8202=CARTESIAN_POINT('Ctrl Pts',(0.438771216132372,0.62992125984252,-5.91997208820346));
#8203=CARTESIAN_POINT('Ctrl Pts',(0.446199699491357,0.62992125984252,-5.92700618565167));
#8204=CARTESIAN_POINT('Ctrl Pts',(0.449996630544622,0.62992125984252,-5.93060153368466));
#8205=CARTESIAN_POINT('',(0.423654779080054,0.598425196850394,-5.91829829579563));
#8206=CARTESIAN_POINT('Ctrl Pts',(0.423654779080054,0.598425196850394,-5.91829829579563));
#8207=CARTESIAN_POINT('Ctrl Pts',(0.428618246965316,0.598425196850394,-5.91884788395811));
#8208=CARTESIAN_POINT('Ctrl Pts',(0.438771216132372,0.598425196850394,-5.91997208820346));
#8209=CARTESIAN_POINT('Ctrl Pts',(0.446199699491357,0.598425196850394,-5.92700618565167));
#8210=CARTESIAN_POINT('Ctrl Pts',(0.449996630544622,0.598425196850394,-5.93060153368466));
#8211=CARTESIAN_POINT('',(0.423654779080054,0.62992125984252,-5.91829829579563));
#8212=CARTESIAN_POINT('Ctrl Pts',(0.403658787677211,0.62992125984252,-5.92424468867804));
#8213=CARTESIAN_POINT('Ctrl Pts',(0.403658787677211,0.598425196850394,-5.92424468867804));
#8214=CARTESIAN_POINT('Ctrl Pts',(0.406839755335807,0.62992125984252,-5.92251555962401));
#8215=CARTESIAN_POINT('Ctrl Pts',(0.406839755335807,0.598425196850394,-5.92251555962401));
#8216=CARTESIAN_POINT('Ctrl Pts',(0.41308839760055,0.62992125984252,-5.91911888601778));
#8217=CARTESIAN_POINT('Ctrl Pts',(0.41308839760055,0.598425196850394,-5.91911888601778));
#8218=CARTESIAN_POINT('Ctrl Pts',(0.420175483496536,0.62992125984252,-5.91856849954905));
#8219=CARTESIAN_POINT('Ctrl Pts',(0.420175483496536,0.598425196850394,-5.91856849954905));
#8220=CARTESIAN_POINT('Ctrl Pts',(0.423654779080054,0.62992125984252,-5.91829829579563));
#8221=CARTESIAN_POINT('Ctrl Pts',(0.423654779080054,0.598425196850394,-5.91829829579563));
#8222=CARTESIAN_POINT('',(0.403658787677211,0.62992125984252,-5.92424468867804));
#8223=CARTESIAN_POINT('Ctrl Pts',(0.403658787677211,0.62992125984252,-5.92424468867804));
#8224=CARTESIAN_POINT('Ctrl Pts',(0.406839755335807,0.62992125984252,-5.92251555962401));
#8225=CARTESIAN_POINT('Ctrl Pts',(0.41308839760055,0.62992125984252,-5.91911888601778));
#8226=CARTESIAN_POINT('Ctrl Pts',(0.420175483496536,0.62992125984252,-5.91856849954905));
#8227=CARTESIAN_POINT('Ctrl Pts',(0.423654779080054,0.62992125984252,-5.91829829579563));
#8228=CARTESIAN_POINT('',(0.403658787677211,0.598425196850394,-5.92424468867804));
#8229=CARTESIAN_POINT('Ctrl Pts',(0.403658787677211,0.598425196850394,-5.92424468867804));
#8230=CARTESIAN_POINT('Ctrl Pts',(0.406839755335807,0.598425196850394,-5.92251555962401));
#8231=CARTESIAN_POINT('Ctrl Pts',(0.41308839760055,0.598425196850394,-5.91911888601778));
#8232=CARTESIAN_POINT('Ctrl Pts',(0.420175483496536,0.598425196850394,-5.91856849954905));
#8233=CARTESIAN_POINT('Ctrl Pts',(0.423654779080054,0.598425196850394,-5.91829829579563));
#8234=CARTESIAN_POINT('',(0.403658787677211,0.62992125984252,-5.92424468867804));
#8235=CARTESIAN_POINT('Ctrl Pts',(0.388787367669399,0.62992125984252,-5.94172915526354));
#8236=CARTESIAN_POINT('Ctrl Pts',(0.388787367669399,0.598425196850394,-5.94172915526354));
#8237=CARTESIAN_POINT('Ctrl Pts',(0.390695012658948,0.62992125984252,-5.93817667128106));
#8238=CARTESIAN_POINT('Ctrl Pts',(0.390695012658948,0.598425196850394,-5.93817667128106));
#8239=CARTESIAN_POINT('Ctrl Pts',(0.394401057752647,0.62992125984252,-5.93127514300624));
#8240=CARTESIAN_POINT('Ctrl Pts',(0.394401057752647,0.598425196850394,-5.93127514300624));
#8241=CARTESIAN_POINT('Ctrl Pts',(0.400634122726957,0.62992125984252,-5.92654166309446));
#8242=CARTESIAN_POINT('Ctrl Pts',(0.400634122726957,0.598425196850394,-5.92654166309446));
#8243=CARTESIAN_POINT('Ctrl Pts',(0.403658787677211,0.62992125984252,-5.92424468867804));
#8244=CARTESIAN_POINT('Ctrl Pts',(0.403658787677211,0.598425196850394,-5.92424468867804));
#8245=CARTESIAN_POINT('',(0.388787367669399,0.62992125984252,-5.94172915526354));
#8246=CARTESIAN_POINT('Ctrl Pts',(0.388787367669399,0.62992125984252,-5.94172915526354));
#8247=CARTESIAN_POINT('Ctrl Pts',(0.390695012658948,0.62992125984252,-5.93817667128106));
#8248=CARTESIAN_POINT('Ctrl Pts',(0.394401057752647,0.62992125984252,-5.93127514300624));
#8249=CARTESIAN_POINT('Ctrl Pts',(0.400634122726957,0.62992125984252,-5.92654166309446));
#8250=CARTESIAN_POINT('Ctrl Pts',(0.403658787677211,0.62992125984252,-5.92424468867804));
#8251=CARTESIAN_POINT('',(0.388787367669399,0.598425196850394,-5.94172915526354));
#8252=CARTESIAN_POINT('Ctrl Pts',(0.388787367669399,0.598425196850394,-5.94172915526354));
#8253=CARTESIAN_POINT('Ctrl Pts',(0.390695012658948,0.598425196850394,-5.93817667128106));
#8254=CARTESIAN_POINT('Ctrl Pts',(0.394401057752647,0.598425196850394,-5.93127514300624));
#8255=CARTESIAN_POINT('Ctrl Pts',(0.400634122726957,0.598425196850394,-5.92654166309446));
#8256=CARTESIAN_POINT('Ctrl Pts',(0.403658787677211,0.598425196850394,-5.92424468867804));
#8257=CARTESIAN_POINT('',(0.388787367669399,0.62992125984252,-5.94172915526354));
#8258=CARTESIAN_POINT('Ctrl Pts',(0.383596202902425,0.62992125984252,-5.96564043180203));
#8259=CARTESIAN_POINT('Ctrl Pts',(0.383596202902425,0.598425196850394,-5.96564043180203));
#8260=CARTESIAN_POINT('Ctrl Pts',(0.383807785762285,0.62992125984252,-5.96151944502854));
#8261=CARTESIAN_POINT('Ctrl Pts',(0.383807785762285,0.598425196850394,-5.96151944502854));
#8262=CARTESIAN_POINT('Ctrl Pts',(0.384231562626895,0.62992125984252,-5.95326556824894));
#8263=CARTESIAN_POINT('Ctrl Pts',(0.384231562626895,0.598425196850394,-5.95326556824894));
#8264=CARTESIAN_POINT('Ctrl Pts',(0.387267306667549,0.62992125984252,-5.94557832161652));
#8265=CARTESIAN_POINT('Ctrl Pts',(0.387267306667549,0.598425196850394,-5.94557832161652));
#8266=CARTESIAN_POINT('Ctrl Pts',(0.388787367669399,0.62992125984252,-5.94172915526354));
#8267=CARTESIAN_POINT('Ctrl Pts',(0.388787367669399,0.598425196850394,-5.94172915526354));
#8268=CARTESIAN_POINT('',(0.383596202902425,0.62992125984252,-5.96564043180203));
#8269=CARTESIAN_POINT('Ctrl Pts',(0.383596202902425,0.62992125984252,-5.96564043180203));
#8270=CARTESIAN_POINT('Ctrl Pts',(0.383807785762285,0.62992125984252,-5.96151944502854));
#8271=CARTESIAN_POINT('Ctrl Pts',(0.384231562626895,0.62992125984252,-5.95326556824894));
#8272=CARTESIAN_POINT('Ctrl Pts',(0.387267306667549,0.62992125984252,-5.94557832161652));
#8273=CARTESIAN_POINT('Ctrl Pts',(0.388787367669399,0.62992125984252,-5.94172915526354));
#8274=CARTESIAN_POINT('',(0.383596202902425,0.598425196850394,-5.96564043180203));
#8275=CARTESIAN_POINT('Ctrl Pts',(0.383596202902425,0.598425196850394,-5.96564043180203));
#8276=CARTESIAN_POINT('Ctrl Pts',(0.383807785762285,0.598425196850394,-5.96151944502854));
#8277=CARTESIAN_POINT('Ctrl Pts',(0.384231562626895,0.598425196850394,-5.95326556824894));
#8278=CARTESIAN_POINT('Ctrl Pts',(0.387267306667549,0.598425196850394,-5.94557832161652));
#8279=CARTESIAN_POINT('Ctrl Pts',(0.388787367669399,0.598425196850394,-5.94172915526354));
#8280=CARTESIAN_POINT('',(0.383596202902425,0.62992125984252,-5.96564043180203));
#8281=CARTESIAN_POINT('Ctrl Pts',(0.395068452412852,0.62992125984252,-5.9963680809936));
#8282=CARTESIAN_POINT('Ctrl Pts',(0.395068452412852,0.598425196850394,-5.9963680809936));
#8283=CARTESIAN_POINT('Ctrl Pts',(0.391732944673998,0.62992125984252,-5.99204559308213));
#8284=CARTESIAN_POINT('Ctrl Pts',(0.391732944673998,0.598425196850394,-5.99204559308213));
#8285=CARTESIAN_POINT('Ctrl Pts',(0.384760518909094,0.62992125984252,-5.98301001935781));
#8286=CARTESIAN_POINT('Ctrl Pts',(0.384760518909094,0.598425196850394,-5.98301001935781));
#8287=CARTESIAN_POINT('Ctrl Pts',(0.383995334267767,0.62992125984252,-5.97159478367632));
#8288=CARTESIAN_POINT('Ctrl Pts',(0.383995334267767,0.598425196850394,-5.97159478367632));
#8289=CARTESIAN_POINT('Ctrl Pts',(0.383596202902425,0.62992125984252,-5.96564043180203));
#8290=CARTESIAN_POINT('Ctrl Pts',(0.383596202902425,0.598425196850394,-5.96564043180203));
#8291=CARTESIAN_POINT('Ctrl Pts',(0.395068452412852,0.62992125984252,-5.9963680809936));
#8292=CARTESIAN_POINT('Ctrl Pts',(0.391732944673998,0.62992125984252,-5.99204559308213));
#8293=CARTESIAN_POINT('Ctrl Pts',(0.384760518909094,0.62992125984252,-5.98301001935781));
#8294=CARTESIAN_POINT('Ctrl Pts',(0.383995334267767,0.62992125984252,-5.97159478367632));
#8295=CARTESIAN_POINT('Ctrl Pts',(0.383596202902425,0.62992125984252,-5.96564043180203));
#8296=CARTESIAN_POINT('Ctrl Pts',(0.395068452412852,0.598425196850394,-5.9963680809936));
#8297=CARTESIAN_POINT('Ctrl Pts',(0.391732944673998,0.598425196850394,-5.99204559308213));
#8298=CARTESIAN_POINT('Ctrl Pts',(0.384760518909094,0.598425196850394,-5.98301001935781));
#8299=CARTESIAN_POINT('Ctrl Pts',(0.383995334267767,0.598425196850394,-5.97159478367632));
#8300=CARTESIAN_POINT('Ctrl Pts',(0.383596202902425,0.598425196850394,-5.96564043180203));
#8301=CARTESIAN_POINT('Ctrl Pts',(0.426686155859133,0.62992125984252,-6.09943280868341));
#8302=CARTESIAN_POINT('Ctrl Pts',(0.426686155859133,0.598425196850394,-6.09943280868341));
#8303=CARTESIAN_POINT('Ctrl Pts',(0.433952113673111,0.62992125984252,-6.09898191575357));
#8304=CARTESIAN_POINT('Ctrl Pts',(0.433952113673111,0.598425196850394,-6.09898191575357));
#8305=CARTESIAN_POINT('Ctrl Pts',(0.447852414026897,0.62992125984252,-6.09811932512027));
#8306=CARTESIAN_POINT('Ctrl Pts',(0.447852414026897,0.598425196850394,-6.09811932512027));
#8307=CARTESIAN_POINT('Ctrl Pts',(0.459230925527097,0.62992125984252,-6.09014254718395));
#8308=CARTESIAN_POINT('Ctrl Pts',(0.459230925527097,0.598425196850394,-6.09014254718395));
#8309=CARTESIAN_POINT('Ctrl Pts',(0.46466166737901,0.62992125984252,-6.08633538648623));
#8310=CARTESIAN_POINT('Ctrl Pts',(0.46466166737901,0.598425196850394,-6.08633538648623));
#8311=CARTESIAN_POINT('',(0.426686155859133,0.62992125984252,-6.09943280868341));
#8312=CARTESIAN_POINT('',(0.46466166737901,0.62992125984252,-6.08633538648623));
#8313=CARTESIAN_POINT('Ctrl Pts',(0.426686155859133,0.62992125984252,-6.09943280868341));
#8314=CARTESIAN_POINT('Ctrl Pts',(0.433952113673111,0.62992125984252,-6.09898191575357));
#8315=CARTESIAN_POINT('Ctrl Pts',(0.447852414026897,0.62992125984252,-6.09811932512027));
#8316=CARTESIAN_POINT('Ctrl Pts',(0.459230925527097,0.62992125984252,-6.09014254718395));
#8317=CARTESIAN_POINT('Ctrl Pts',(0.46466166737901,0.62992125984252,-6.08633538648623));
#8318=CARTESIAN_POINT('',(0.46466166737901,0.598425196850394,-6.08633538648623));
#8319=CARTESIAN_POINT('',(0.46466166737901,0.62992125984252,-6.08633538648623));
#8320=CARTESIAN_POINT('',(0.426686155859133,0.598425196850394,-6.09943280868341));
#8321=CARTESIAN_POINT('Ctrl Pts',(0.426686155859133,0.598425196850394,-6.09943280868341));
#8322=CARTESIAN_POINT('Ctrl Pts',(0.433952113673111,0.598425196850394,-6.09898191575357));
#8323=CARTESIAN_POINT('Ctrl Pts',(0.447852414026897,0.598425196850394,-6.09811932512027));
#8324=CARTESIAN_POINT('Ctrl Pts',(0.459230925527097,0.598425196850394,-6.09014254718395));
#8325=CARTESIAN_POINT('Ctrl Pts',(0.46466166737901,0.598425196850394,-6.08633538648623));
#8326=CARTESIAN_POINT('',(0.426686155859133,0.62992125984252,-6.09943280868341));
#8327=CARTESIAN_POINT('Ctrl Pts',(0.377094867659087,0.62992125984252,-6.0769688750166));
#8328=CARTESIAN_POINT('Ctrl Pts',(0.377094867659087,0.598425196850394,-6.0769688750166));
#8329=CARTESIAN_POINT('Ctrl Pts',(0.383869522940071,0.62992125984252,-6.08353481757587));
#8330=CARTESIAN_POINT('Ctrl Pts',(0.383869522940071,0.598425196850394,-6.08353481757587));
#8331=CARTESIAN_POINT('Ctrl Pts',(0.397690714128551,0.62992125984252,-6.09693020725702));
#8332=CARTESIAN_POINT('Ctrl Pts',(0.397690714128551,0.598425196850394,-6.09693020725702));
#8333=CARTESIAN_POINT('Ctrl Pts',(0.416895083723267,0.62992125984252,-6.09858773960942));
#8334=CARTESIAN_POINT('Ctrl Pts',(0.416895083723267,0.598425196850394,-6.09858773960942));
#8335=CARTESIAN_POINT('Ctrl Pts',(0.426686155859133,0.62992125984252,-6.09943280868341));
#8336=CARTESIAN_POINT('Ctrl Pts',(0.426686155859133,0.598425196850394,-6.09943280868341));
#8337=CARTESIAN_POINT('',(0.377094867659087,0.62992125984252,-6.0769688750166));
#8338=CARTESIAN_POINT('Ctrl Pts',(0.377094867659087,0.62992125984252,-6.0769688750166));
#8339=CARTESIAN_POINT('Ctrl Pts',(0.383869522940071,0.62992125984252,-6.08353481757587));
#8340=CARTESIAN_POINT('Ctrl Pts',(0.397690714128551,0.62992125984252,-6.09693020725702));
#8341=CARTESIAN_POINT('Ctrl Pts',(0.416895083723267,0.62992125984252,-6.09858773960942));
#8342=CARTESIAN_POINT('Ctrl Pts',(0.426686155859133,0.62992125984252,-6.09943280868341));
#8343=CARTESIAN_POINT('',(0.377094867659087,0.598425196850394,-6.0769688750166));
#8344=CARTESIAN_POINT('Ctrl Pts',(0.377094867659087,0.598425196850394,-6.0769688750166));
#8345=CARTESIAN_POINT('Ctrl Pts',(0.383869522940071,0.598425196850394,-6.08353481757587));
#8346=CARTESIAN_POINT('Ctrl Pts',(0.397690714128551,0.598425196850394,-6.09693020725702));
#8347=CARTESIAN_POINT('Ctrl Pts',(0.416895083723267,0.598425196850394,-6.09858773960942));
#8348=CARTESIAN_POINT('Ctrl Pts',(0.426686155859133,0.598425196850394,-6.09943280868341));
#8349=CARTESIAN_POINT('',(0.377094867659087,0.62992125984252,-6.0769688750166));
#8350=CARTESIAN_POINT('Ctrl Pts',(0.355854953126458,0.62992125984252,-5.99402595305742));
#8351=CARTESIAN_POINT('Ctrl Pts',(0.355854953126458,0.598425196850394,-5.99402595305742));
#8352=CARTESIAN_POINT('Ctrl Pts',(0.356142176855611,0.62992125984252,-6.01087182559429));
#8353=CARTESIAN_POINT('Ctrl Pts',(0.356142176855611,0.598425196850394,-6.01087182559429));
#8354=CARTESIAN_POINT('Ctrl Pts',(0.356645151196718,0.62992125984252,-6.04037162237139));
#8355=CARTESIAN_POINT('Ctrl Pts',(0.356645151196718,0.598425196850394,-6.04037162237139));
#8356=CARTESIAN_POINT('Ctrl Pts',(0.370956164915795,0.62992125984252,-6.06598292048644));
#8357=CARTESIAN_POINT('Ctrl Pts',(0.370956164915795,0.598425196850394,-6.06598292048644));
#8358=CARTESIAN_POINT('Ctrl Pts',(0.377094867659087,0.62992125984252,-6.0769688750166));
#8359=CARTESIAN_POINT('Ctrl Pts',(0.377094867659087,0.598425196850394,-6.0769688750166));
#8360=CARTESIAN_POINT('',(0.355854953126458,0.62992125984252,-5.99402595305742));
#8361=CARTESIAN_POINT('Ctrl Pts',(0.355854953126458,0.62992125984252,-5.99402595305742));
#8362=CARTESIAN_POINT('Ctrl Pts',(0.356142176855611,0.62992125984252,-6.01087182559429));
#8363=CARTESIAN_POINT('Ctrl Pts',(0.356645151196718,0.62992125984252,-6.04037162237139));
#8364=CARTESIAN_POINT('Ctrl Pts',(0.370956164915795,0.62992125984252,-6.06598292048644));
#8365=CARTESIAN_POINT('Ctrl Pts',(0.377094867659087,0.62992125984252,-6.0769688750166));
#8366=CARTESIAN_POINT('',(0.355854953126458,0.598425196850394,-5.99402595305742));
#8367=CARTESIAN_POINT('Ctrl Pts',(0.355854953126458,0.598425196850394,-5.99402595305742));
#8368=CARTESIAN_POINT('Ctrl Pts',(0.356142176855611,0.598425196850394,-6.01087182559429));
#8369=CARTESIAN_POINT('Ctrl Pts',(0.356645151196718,0.598425196850394,-6.04037162237139));
#8370=CARTESIAN_POINT('Ctrl Pts',(0.370956164915795,0.598425196850394,-6.06598292048644));
#8371=CARTESIAN_POINT('Ctrl Pts',(0.377094867659087,0.598425196850394,-6.0769688750166));
#8372=CARTESIAN_POINT('',(0.355854953126458,0.62992125984252,-5.99402595305742));
#8373=CARTESIAN_POINT('Ctrl Pts',(0.374782314791393,0.62992125984252,-5.92067432668993));
#8374=CARTESIAN_POINT('Ctrl Pts',(0.374782314791393,0.598425196850394,-5.92067432668993));
#8375=CARTESIAN_POINT('Ctrl Pts',(0.369269483199678,0.62992125984252,-5.93028968041051));
#8376=CARTESIAN_POINT('Ctrl Pts',(0.369269483199678,0.598425196850394,-5.93028968041051));
#8377=CARTESIAN_POINT('Ctrl Pts',(0.356335531743881,0.62992125984252,-5.95284878024574));
#8378=CARTESIAN_POINT('Ctrl Pts',(0.356335531743881,0.598425196850394,-5.95284878024574));
#8379=CARTESIAN_POINT('Ctrl Pts',(0.356030164083372,0.62992125984252,-5.97901344190984));
#8380=CARTESIAN_POINT('Ctrl Pts',(0.356030164083372,0.598425196850394,-5.97901344190984));
#8381=CARTESIAN_POINT('Ctrl Pts',(0.355854953126458,0.62992125984252,-5.99402595305742));
#8382=CARTESIAN_POINT('Ctrl Pts',(0.355854953126458,0.598425196850394,-5.99402595305742));
#8383=CARTESIAN_POINT('',(0.374782314791393,0.62992125984252,-5.92067432668993));
#8384=CARTESIAN_POINT('Ctrl Pts',(0.374782314791393,0.62992125984252,-5.92067432668993));
#8385=CARTESIAN_POINT('Ctrl Pts',(0.369269483199678,0.62992125984252,-5.93028968041051));
#8386=CARTESIAN_POINT('Ctrl Pts',(0.356335531743881,0.62992125984252,-5.95284878024574));
#8387=CARTESIAN_POINT('Ctrl Pts',(0.356030164083372,0.62992125984252,-5.97901344190984));
#8388=CARTESIAN_POINT('Ctrl Pts',(0.355854953126458,0.62992125984252,-5.99402595305742));
#8389=CARTESIAN_POINT('',(0.374782314791393,0.598425196850394,-5.92067432668993));
#8390=CARTESIAN_POINT('Ctrl Pts',(0.374782314791393,0.598425196850394,-5.92067432668993));
#8391=CARTESIAN_POINT('Ctrl Pts',(0.369269483199678,0.598425196850394,-5.93028968041051));
#8392=CARTESIAN_POINT('Ctrl Pts',(0.356335531743881,0.598425196850394,-5.95284878024574));
#8393=CARTESIAN_POINT('Ctrl Pts',(0.356030164083372,0.598425196850394,-5.97901344190984));
#8394=CARTESIAN_POINT('Ctrl Pts',(0.355854953126458,0.598425196850394,-5.99402595305742));
#8395=CARTESIAN_POINT('',(0.374782314791393,0.62992125984252,-5.92067432668993));
#8396=CARTESIAN_POINT('Ctrl Pts',(0.424019660019513,0.62992125984252,-5.89842452956838));
#8397=CARTESIAN_POINT('Ctrl Pts',(0.424019660019513,0.598425196850394,-5.89842452956838));
#8398=CARTESIAN_POINT('Ctrl Pts',(0.414445791540834,0.62992125984252,-5.89933040619304));
#8399=CARTESIAN_POINT('Ctrl Pts',(0.414445791540834,0.598425196850394,-5.89933040619304));
#8400=CARTESIAN_POINT('Ctrl Pts',(0.395478125230836,0.62992125984252,-5.90112512121057));
#8401=CARTESIAN_POINT('Ctrl Pts',(0.395478125230836,0.598425196850394,-5.90112512121057));
#8402=CARTESIAN_POINT('Ctrl Pts',(0.381637118134927,0.62992125984252,-5.91419929835144));
#8403=CARTESIAN_POINT('Ctrl Pts',(0.381637118134927,0.598425196850394,-5.91419929835144));
#8404=CARTESIAN_POINT('Ctrl Pts',(0.374782314791393,0.62992125984252,-5.92067432668993));
#8405=CARTESIAN_POINT('Ctrl Pts',(0.374782314791393,0.598425196850394,-5.92067432668993));
#8406=CARTESIAN_POINT('',(0.424019660019513,0.62992125984252,-5.89842452956838));
#8407=CARTESIAN_POINT('Ctrl Pts',(0.424019660019513,0.62992125984252,-5.89842452956838));
#8408=CARTESIAN_POINT('Ctrl Pts',(0.414445791540834,0.62992125984252,-5.89933040619304));
#8409=CARTESIAN_POINT('Ctrl Pts',(0.395478125230836,0.62992125984252,-5.90112512121057));
#8410=CARTESIAN_POINT('Ctrl Pts',(0.381637118134927,0.62992125984252,-5.91419929835144));
#8411=CARTESIAN_POINT('Ctrl Pts',(0.374782314791393,0.62992125984252,-5.92067432668993));
#8412=CARTESIAN_POINT('',(0.424019660019513,0.598425196850394,-5.89842452956838));
#8413=CARTESIAN_POINT('Ctrl Pts',(0.424019660019513,0.598425196850394,-5.89842452956838));
#8414=CARTESIAN_POINT('Ctrl Pts',(0.414445791540834,0.598425196850394,-5.89933040619304));
#8415=CARTESIAN_POINT('Ctrl Pts',(0.395478125230836,0.598425196850394,-5.90112512121057));
#8416=CARTESIAN_POINT('Ctrl Pts',(0.381637118134927,0.598425196850394,-5.91419929835144));
#8417=CARTESIAN_POINT('Ctrl Pts',(0.374782314791393,0.598425196850394,-5.92067432668993));
#8418=CARTESIAN_POINT('',(0.424019660019513,0.62992125984252,-5.89842452956838));
#8419=CARTESIAN_POINT('Ctrl Pts',(0.455725172979497,0.62992125984252,-5.90682348265294));
#8420=CARTESIAN_POINT('Ctrl Pts',(0.455725172979497,0.598425196850394,-5.90682348265294));
#8421=CARTESIAN_POINT('Ctrl Pts',(0.450847361838601,0.62992125984252,-5.90436577868404));
#8422=CARTESIAN_POINT('Ctrl Pts',(0.450847361838601,0.598425196850394,-5.90436577868404));
#8423=CARTESIAN_POINT('Ctrl Pts',(0.440875414059039,0.62992125984252,-5.89934137430929));
#8424=CARTESIAN_POINT('Ctrl Pts',(0.440875414059039,0.598425196850394,-5.89934137430929));
#8425=CARTESIAN_POINT('Ctrl Pts',(0.429718918821037,0.62992125984252,-5.898734532636));
#8426=CARTESIAN_POINT('Ctrl Pts',(0.429718918821037,0.598425196850394,-5.898734532636));
#8427=CARTESIAN_POINT('Ctrl Pts',(0.424019660019513,0.62992125984252,-5.89842452956838));
#8428=CARTESIAN_POINT('Ctrl Pts',(0.424019660019513,0.598425196850394,-5.89842452956838));
#8429=CARTESIAN_POINT('',(0.455725172979497,0.62992125984252,-5.90682348265294));
#8430=CARTESIAN_POINT('Ctrl Pts',(0.455725172979497,0.62992125984252,-5.90682348265294));
#8431=CARTESIAN_POINT('Ctrl Pts',(0.450847361838601,0.62992125984252,-5.90436577868404));
#8432=CARTESIAN_POINT('Ctrl Pts',(0.440875414059039,0.62992125984252,-5.89934137430929));
#8433=CARTESIAN_POINT('Ctrl Pts',(0.429718918821037,0.62992125984252,-5.898734532636));
#8434=CARTESIAN_POINT('Ctrl Pts',(0.424019660019513,0.62992125984252,-5.89842452956838));
#8435=CARTESIAN_POINT('',(0.455725172979497,0.598425196850394,-5.90682348265294));
#8436=CARTESIAN_POINT('Ctrl Pts',(0.455725172979497,0.598425196850394,-5.90682348265294));
#8437=CARTESIAN_POINT('Ctrl Pts',(0.450847361838601,0.598425196850394,-5.90436577868404));
#8438=CARTESIAN_POINT('Ctrl Pts',(0.440875414059039,0.598425196850394,-5.89934137430929));
#8439=CARTESIAN_POINT('Ctrl Pts',(0.429718918821037,0.598425196850394,-5.898734532636));
#8440=CARTESIAN_POINT('Ctrl Pts',(0.424019660019513,0.598425196850394,-5.89842452956838));
#8441=CARTESIAN_POINT('',(0.455725172979497,0.62992125984252,-5.90682348265294));
#8442=CARTESIAN_POINT('Ctrl Pts',(0.477658713238648,0.62992125984252,-5.93108581975944));
#8443=CARTESIAN_POINT('Ctrl Pts',(0.477658713238648,0.598425196850394,-5.93108581975944));
#8444=CARTESIAN_POINT('Ctrl Pts',(0.474809055115971,0.62992125984252,-5.92614954482638));
#8445=CARTESIAN_POINT('Ctrl Pts',(0.474809055115971,0.598425196850394,-5.92614954482638));
#8446=CARTESIAN_POINT('Ctrl Pts',(0.469230403283739,0.62992125984252,-5.9164860139696));
#8447=CARTESIAN_POINT('Ctrl Pts',(0.469230403283739,0.598425196850394,-5.9164860139696));
#8448=CARTESIAN_POINT('Ctrl Pts',(0.460161530833354,0.62992125984252,-5.9099975452738));
#8449=CARTESIAN_POINT('Ctrl Pts',(0.460161530833354,0.598425196850394,-5.9099975452738));
#8450=CARTESIAN_POINT('Ctrl Pts',(0.455725172979497,0.62992125984252,-5.90682348265294));
#8451=CARTESIAN_POINT('Ctrl Pts',(0.455725172979497,0.598425196850394,-5.90682348265294));
#8452=CARTESIAN_POINT('',(0.477658713238648,0.62992125984252,-5.93108581975944));
#8453=CARTESIAN_POINT('Ctrl Pts',(0.477658713238648,0.62992125984252,-5.93108581975944));
#8454=CARTESIAN_POINT('Ctrl Pts',(0.474809055115971,0.62992125984252,-5.92614954482638));
#8455=CARTESIAN_POINT('Ctrl Pts',(0.469230403283739,0.62992125984252,-5.9164860139696));
#8456=CARTESIAN_POINT('Ctrl Pts',(0.460161530833354,0.62992125984252,-5.9099975452738));
#8457=CARTESIAN_POINT('Ctrl Pts',(0.455725172979497,0.62992125984252,-5.90682348265294));
#8458=CARTESIAN_POINT('',(0.477658713238648,0.598425196850394,-5.93108581975944));
#8459=CARTESIAN_POINT('Ctrl Pts',(0.477658713238648,0.598425196850394,-5.93108581975944));
#8460=CARTESIAN_POINT('Ctrl Pts',(0.474809055115971,0.598425196850394,-5.92614954482638));
#8461=CARTESIAN_POINT('Ctrl Pts',(0.469230403283739,0.598425196850394,-5.9164860139696));
#8462=CARTESIAN_POINT('Ctrl Pts',(0.460161530833354,0.598425196850394,-5.9099975452738));
#8463=CARTESIAN_POINT('Ctrl Pts',(0.455725172979497,0.598425196850394,-5.90682348265294));
#8464=CARTESIAN_POINT('',(0.477658713238648,0.62992125984252,-5.93108581975944));
#8465=CARTESIAN_POINT('Ctrl Pts',(0.48578123230645,0.62992125984252,-5.96557961023569));
#8466=CARTESIAN_POINT('Ctrl Pts',(0.48578123230645,0.598425196850394,-5.96557961023569));
#8467=CARTESIAN_POINT('Ctrl Pts',(0.485446357108323,0.62992125984252,-5.95953443498014));
#8468=CARTESIAN_POINT('Ctrl Pts',(0.485446357108323,0.598425196850394,-5.95953443498014));
#8469=CARTESIAN_POINT('Ctrl Pts',(0.484782635105545,0.62992125984252,-5.94755290917532));
#8470=CARTESIAN_POINT('Ctrl Pts',(0.484782635105545,0.598425196850394,-5.94755290917532));
#8471=CARTESIAN_POINT('Ctrl Pts',(0.480018931416949,0.62992125984252,-5.93654151179386));
#8472=CARTESIAN_POINT('Ctrl Pts',(0.480018931416949,0.598425196850394,-5.93654151179386));
#8473=CARTESIAN_POINT('Ctrl Pts',(0.477658713238648,0.62992125984252,-5.93108581975944));
#8474=CARTESIAN_POINT('Ctrl Pts',(0.477658713238648,0.598425196850394,-5.93108581975944));
#8475=CARTESIAN_POINT('',(0.48578123230645,0.62992125984252,-5.96557961023569));
#8476=CARTESIAN_POINT('Ctrl Pts',(0.48578123230645,0.62992125984252,-5.96557961023569));
#8477=CARTESIAN_POINT('Ctrl Pts',(0.485446357108323,0.62992125984252,-5.95953443498014));
#8478=CARTESIAN_POINT('Ctrl Pts',(0.484782635105545,0.62992125984252,-5.94755290917532));
#8479=CARTESIAN_POINT('Ctrl Pts',(0.480018931416949,0.62992125984252,-5.93654151179386));
#8480=CARTESIAN_POINT('Ctrl Pts',(0.477658713238648,0.62992125984252,-5.93108581975944));
#8481=CARTESIAN_POINT('',(0.48578123230645,0.598425196850394,-5.96557961023569));
#8482=CARTESIAN_POINT('Ctrl Pts',(0.48578123230645,0.598425196850394,-5.96557961023569));
#8483=CARTESIAN_POINT('Ctrl Pts',(0.485446357108323,0.598425196850394,-5.95953443498014));
#8484=CARTESIAN_POINT('Ctrl Pts',(0.484782635105545,0.598425196850394,-5.94755290917532));
#8485=CARTESIAN_POINT('Ctrl Pts',(0.480018931416949,0.598425196850394,-5.93654151179386));
#8486=CARTESIAN_POINT('Ctrl Pts',(0.477658713238648,0.598425196850394,-5.93108581975944));
#8487=CARTESIAN_POINT('',(0.48578123230645,0.62992125984252,-5.96557961023569));
#8488=CARTESIAN_POINT('Ctrl Pts',(0.468815747376922,0.62992125984252,-6.01153492967604));
#8489=CARTESIAN_POINT('Ctrl Pts',(0.468815747376922,0.598425196850394,-6.01153492967604));
#8490=CARTESIAN_POINT('Ctrl Pts',(0.473775165004274,0.62992125984252,-6.00501374475961));
#8491=CARTESIAN_POINT('Ctrl Pts',(0.473775165004274,0.598425196850394,-6.00501374475961));
#8492=CARTESIAN_POINT('Ctrl Pts',(0.48408677967061,0.62992125984252,-5.99145490558154));
#8493=CARTESIAN_POINT('Ctrl Pts',(0.48408677967061,0.598425196850394,-5.99145490558154));
#8494=CARTESIAN_POINT('Ctrl Pts',(0.485202251624682,0.62992125984252,-5.97442098816708));
#8495=CARTESIAN_POINT('Ctrl Pts',(0.485202251624682,0.598425196850394,-5.97442098816708));
#8496=CARTESIAN_POINT('Ctrl Pts',(0.48578123230645,0.62992125984252,-5.96557961023569));
#8497=CARTESIAN_POINT('Ctrl Pts',(0.48578123230645,0.598425196850394,-5.96557961023569));
#8498=CARTESIAN_POINT('',(0.468815747376922,0.62992125984252,-6.01153492967604));
#8499=CARTESIAN_POINT('Ctrl Pts',(0.468815747376922,0.62992125984252,-6.01153492967604));
#8500=CARTESIAN_POINT('Ctrl Pts',(0.473775165004274,0.62992125984252,-6.00501374475961));
#8501=CARTESIAN_POINT('Ctrl Pts',(0.48408677967061,0.62992125984252,-5.99145490558154));
#8502=CARTESIAN_POINT('Ctrl Pts',(0.485202251624682,0.62992125984252,-5.97442098816708));
#8503=CARTESIAN_POINT('Ctrl Pts',(0.48578123230645,0.62992125984252,-5.96557961023569));
#8504=CARTESIAN_POINT('',(0.468815747376922,0.598425196850394,-6.01153492967604));
#8505=CARTESIAN_POINT('Ctrl Pts',(0.468815747376922,0.598425196850394,-6.01153492967604));
#8506=CARTESIAN_POINT('Ctrl Pts',(0.473775165004274,0.598425196850394,-6.00501374475961));
#8507=CARTESIAN_POINT('Ctrl Pts',(0.48408677967061,0.598425196850394,-5.99145490558154));
#8508=CARTESIAN_POINT('Ctrl Pts',(0.485202251624682,0.598425196850394,-5.97442098816708));
#8509=CARTESIAN_POINT('Ctrl Pts',(0.48578123230645,0.598425196850394,-5.96557961023569));
#8510=CARTESIAN_POINT('',(0.468815747376922,0.62992125984252,-6.01153492967604));
#8511=CARTESIAN_POINT('Ctrl Pts',(0.427761081862571,0.62992125984252,-6.02947221144206));
#8512=CARTESIAN_POINT('Ctrl Pts',(0.427761081862571,0.598425196850394,-6.02947221144206));
#8513=CARTESIAN_POINT('Ctrl Pts',(0.43552807692286,0.62992125984252,-6.02869848717354));
#8514=CARTESIAN_POINT('Ctrl Pts',(0.43552807692286,0.598425196850394,-6.02869848717354));
#8515=CARTESIAN_POINT('Ctrl Pts',(0.451140143557445,0.62992125984252,-6.02714326089323));
#8516=CARTESIAN_POINT('Ctrl Pts',(0.451140143557445,0.598425196850394,-6.02714326089323));
#8517=CARTESIAN_POINT('Ctrl Pts',(0.46290426849796,0.62992125984252,-6.01675502406538));
#8518=CARTESIAN_POINT('Ctrl Pts',(0.46290426849796,0.598425196850394,-6.01675502406538));
#8519=CARTESIAN_POINT('Ctrl Pts',(0.468815747376922,0.62992125984252,-6.01153492967604));
#8520=CARTESIAN_POINT('Ctrl Pts',(0.468815747376922,0.598425196850394,-6.01153492967604));
#8521=CARTESIAN_POINT('',(0.427761081862571,0.62992125984252,-6.02947221144206));
#8522=CARTESIAN_POINT('Ctrl Pts',(0.427761081862571,0.62992125984252,-6.02947221144206));
#8523=CARTESIAN_POINT('Ctrl Pts',(0.43552807692286,0.62992125984252,-6.02869848717354));
#8524=CARTESIAN_POINT('Ctrl Pts',(0.451140143557445,0.62992125984252,-6.02714326089323));
#8525=CARTESIAN_POINT('Ctrl Pts',(0.46290426849796,0.62992125984252,-6.01675502406538));
#8526=CARTESIAN_POINT('Ctrl Pts',(0.468815747376922,0.62992125984252,-6.01153492967604));
#8527=CARTESIAN_POINT('',(0.427761081862571,0.598425196850394,-6.02947221144206));
#8528=CARTESIAN_POINT('Ctrl Pts',(0.427761081862571,0.598425196850394,-6.02947221144206));
#8529=CARTESIAN_POINT('Ctrl Pts',(0.43552807692286,0.598425196850394,-6.02869848717354));
#8530=CARTESIAN_POINT('Ctrl Pts',(0.451140143557445,0.598425196850394,-6.02714326089323));
#8531=CARTESIAN_POINT('Ctrl Pts',(0.46290426849796,0.598425196850394,-6.01675502406538));
#8532=CARTESIAN_POINT('Ctrl Pts',(0.468815747376922,0.598425196850394,-6.01153492967604));
#8533=CARTESIAN_POINT('',(0.427761081862571,0.62992125984252,-6.02947221144206));
#8534=CARTESIAN_POINT('Ctrl Pts',(0.401296212621605,0.62992125984252,-6.02307740054093));
#8535=CARTESIAN_POINT('Ctrl Pts',(0.401296212621605,0.598425196850394,-6.02307740054093));
#8536=CARTESIAN_POINT('Ctrl Pts',(0.40554264515043,0.62992125984252,-6.02494915576038));
#8537=CARTESIAN_POINT('Ctrl Pts',(0.40554264515043,0.598425196850394,-6.02494915576038));
#8538=CARTESIAN_POINT('Ctrl Pts',(0.413981785597782,0.62992125984252,-6.02866898530502));
#8539=CARTESIAN_POINT('Ctrl Pts',(0.413981785597782,0.598425196850394,-6.02866898530502));
#8540=CARTESIAN_POINT('Ctrl Pts',(0.423187518050868,0.62992125984252,-6.0292056081321));
#8541=CARTESIAN_POINT('Ctrl Pts',(0.423187518050868,0.598425196850394,-6.0292056081321));
#8542=CARTESIAN_POINT('Ctrl Pts',(0.427761081862571,0.62992125984252,-6.02947221144206));
#8543=CARTESIAN_POINT('Ctrl Pts',(0.427761081862571,0.598425196850394,-6.02947221144206));
#8544=CARTESIAN_POINT('',(0.401296212621605,0.62992125984252,-6.02307740054093));
#8545=CARTESIAN_POINT('Ctrl Pts',(0.401296212621605,0.62992125984252,-6.02307740054093));
#8546=CARTESIAN_POINT('Ctrl Pts',(0.40554264515043,0.62992125984252,-6.02494915576038));
#8547=CARTESIAN_POINT('Ctrl Pts',(0.413981785597782,0.62992125984252,-6.02866898530502));
#8548=CARTESIAN_POINT('Ctrl Pts',(0.423187518050868,0.62992125984252,-6.0292056081321));
#8549=CARTESIAN_POINT('Ctrl Pts',(0.427761081862571,0.62992125984252,-6.02947221144206));
#8550=CARTESIAN_POINT('',(0.401296212621605,0.598425196850394,-6.02307740054093));
#8551=CARTESIAN_POINT('Ctrl Pts',(0.401296212621605,0.598425196850394,-6.02307740054093));
#8552=CARTESIAN_POINT('Ctrl Pts',(0.40554264515043,0.598425196850394,-6.02494915576038));
#8553=CARTESIAN_POINT('Ctrl Pts',(0.413981785597782,0.598425196850394,-6.02866898530502));
#8554=CARTESIAN_POINT('Ctrl Pts',(0.423187518050868,0.598425196850394,-6.0292056081321));
#8555=CARTESIAN_POINT('Ctrl Pts',(0.427761081862571,0.598425196850394,-6.02947221144206));
#8556=CARTESIAN_POINT('',(0.401296212621605,0.62992125984252,-6.02307740054093));
#8557=CARTESIAN_POINT('Ctrl Pts',(0.379908486729358,0.62992125984252,-6.00337944038725));
#8558=CARTESIAN_POINT('Ctrl Pts',(0.379908486729358,0.598425196850394,-6.00337944038725));
#8559=CARTESIAN_POINT('Ctrl Pts',(0.382920625161257,0.62992125984252,-6.0074844517156));
#8560=CARTESIAN_POINT('Ctrl Pts',(0.382920625161257,0.598425196850394,-6.0074844517156));
#8561=CARTESIAN_POINT('Ctrl Pts',(0.388768034691954,0.62992125984252,-6.01545343551488));
#8562=CARTESIAN_POINT('Ctrl Pts',(0.388768034691954,0.598425196850394,-6.01545343551488));
#8563=CARTESIAN_POINT('Ctrl Pts',(0.397205220182717,0.62992125984252,-6.02058784591846));
#8564=CARTESIAN_POINT('Ctrl Pts',(0.397205220182717,0.598425196850394,-6.02058784591846));
#8565=CARTESIAN_POINT('Ctrl Pts',(0.401296212621605,0.62992125984252,-6.02307740054093));
#8566=CARTESIAN_POINT('Ctrl Pts',(0.401296212621605,0.598425196850394,-6.02307740054093));
#8567=CARTESIAN_POINT('',(0.379908486729358,0.62992125984252,-6.00337944038725));
#8568=CARTESIAN_POINT('Ctrl Pts',(0.379908486729358,0.62992125984252,-6.00337944038725));
#8569=CARTESIAN_POINT('Ctrl Pts',(0.382920625161257,0.62992125984252,-6.0074844517156));
#8570=CARTESIAN_POINT('Ctrl Pts',(0.388768034691954,0.62992125984252,-6.01545343551488));
#8571=CARTESIAN_POINT('Ctrl Pts',(0.397205220182717,0.62992125984252,-6.02058784591846));
#8572=CARTESIAN_POINT('Ctrl Pts',(0.401296212621605,0.62992125984252,-6.02307740054093));
#8573=CARTESIAN_POINT('',(0.379908486729358,0.598425196850394,-6.00337944038725));
#8574=CARTESIAN_POINT('Ctrl Pts',(0.379908486729358,0.598425196850394,-6.00337944038725));
#8575=CARTESIAN_POINT('Ctrl Pts',(0.382920625161257,0.598425196850394,-6.0074844517156));
#8576=CARTESIAN_POINT('Ctrl Pts',(0.388768034691954,0.598425196850394,-6.01545343551488));
#8577=CARTESIAN_POINT('Ctrl Pts',(0.397205220182717,0.598425196850394,-6.02058784591846));
#8578=CARTESIAN_POINT('Ctrl Pts',(0.401296212621605,0.598425196850394,-6.02307740054093));
#8579=CARTESIAN_POINT('',(0.379908486729358,0.62992125984252,-6.00337944038725));
#8580=CARTESIAN_POINT('Ctrl Pts',(0.386843510859188,0.62992125984252,-6.04888627948983));
#8581=CARTESIAN_POINT('Ctrl Pts',(0.386843510859188,0.598425196850394,-6.04888627948983));
#8582=CARTESIAN_POINT('Ctrl Pts',(0.384904819065544,0.62992125984252,-6.04247572320285));
#8583=CARTESIAN_POINT('Ctrl Pts',(0.384904819065544,0.598425196850394,-6.04247572320285));
#8584=CARTESIAN_POINT('Ctrl Pts',(0.380425548941798,0.62992125984252,-6.02766438839088));
#8585=CARTESIAN_POINT('Ctrl Pts',(0.380425548941798,0.598425196850394,-6.02766438839088));
#8586=CARTESIAN_POINT('Ctrl Pts',(0.380095618554336,0.62992125984252,-6.01216849232353));
#8587=CARTESIAN_POINT('Ctrl Pts',(0.380095618554336,0.598425196850394,-6.01216849232353));
#8588=CARTESIAN_POINT('Ctrl Pts',(0.379908486729358,0.62992125984252,-6.00337944038725));
#8589=CARTESIAN_POINT('Ctrl Pts',(0.379908486729358,0.598425196850394,-6.00337944038725));
#8590=CARTESIAN_POINT('',(0.386843510859188,0.62992125984252,-6.04888627948983));
#8591=CARTESIAN_POINT('Ctrl Pts',(0.386843510859188,0.62992125984252,-6.04888627948983));
#8592=CARTESIAN_POINT('Ctrl Pts',(0.384904819065544,0.62992125984252,-6.04247572320285));
#8593=CARTESIAN_POINT('Ctrl Pts',(0.380425548941798,0.62992125984252,-6.02766438839088));
#8594=CARTESIAN_POINT('Ctrl Pts',(0.380095618554336,0.62992125984252,-6.01216849232353));
#8595=CARTESIAN_POINT('Ctrl Pts',(0.379908486729358,0.62992125984252,-6.00337944038725));
#8596=CARTESIAN_POINT('',(0.386843510859188,0.598425196850394,-6.04888627948983));
#8597=CARTESIAN_POINT('Ctrl Pts',(0.386843510859188,0.598425196850394,-6.04888627948983));
#8598=CARTESIAN_POINT('Ctrl Pts',(0.384904819065544,0.598425196850394,-6.04247572320285));
#8599=CARTESIAN_POINT('Ctrl Pts',(0.380425548941798,0.598425196850394,-6.02766438839088));
#8600=CARTESIAN_POINT('Ctrl Pts',(0.380095618554336,0.598425196850394,-6.01216849232353));
#8601=CARTESIAN_POINT('Ctrl Pts',(0.379908486729358,0.598425196850394,-6.00337944038725));
#8602=CARTESIAN_POINT('',(0.386843510859188,0.62992125984252,-6.04888627948983));
#8603=CARTESIAN_POINT('Ctrl Pts',(0.404883021066559,0.62992125984252,-6.07315605126403));
#8604=CARTESIAN_POINT('Ctrl Pts',(0.404883021066559,0.598425196850394,-6.07315605126403));
#8605=CARTESIAN_POINT('Ctrl Pts',(0.401222477109666,0.62992125984252,-6.06994017221046));
#8606=CARTESIAN_POINT('Ctrl Pts',(0.401222477109666,0.598425196850394,-6.06994017221046));
#8607=CARTESIAN_POINT('Ctrl Pts',(0.393490702134428,0.62992125984252,-6.06314761528925));
#8608=CARTESIAN_POINT('Ctrl Pts',(0.393490702134428,0.598425196850394,-6.06314761528925));
#8609=CARTESIAN_POINT('Ctrl Pts',(0.389136337899972,0.62992125984252,-6.05380546640723));
#8610=CARTESIAN_POINT('Ctrl Pts',(0.389136337899972,0.598425196850394,-6.05380546640723));
#8611=CARTESIAN_POINT('Ctrl Pts',(0.386843510859188,0.62992125984252,-6.04888627948983));
#8612=CARTESIAN_POINT('Ctrl Pts',(0.386843510859188,0.598425196850394,-6.04888627948983));
#8613=CARTESIAN_POINT('',(0.404883021066559,0.62992125984252,-6.07315605126403));
#8614=CARTESIAN_POINT('Ctrl Pts',(0.404883021066559,0.62992125984252,-6.07315605126403));
#8615=CARTESIAN_POINT('Ctrl Pts',(0.401222477109666,0.62992125984252,-6.06994017221046));
#8616=CARTESIAN_POINT('Ctrl Pts',(0.393490702134428,0.62992125984252,-6.06314761528925));
#8617=CARTESIAN_POINT('Ctrl Pts',(0.389136337899972,0.62992125984252,-6.05380546640723));
#8618=CARTESIAN_POINT('Ctrl Pts',(0.386843510859188,0.62992125984252,-6.04888627948983));
#8619=CARTESIAN_POINT('',(0.404883021066559,0.598425196850394,-6.07315605126403));
#8620=CARTESIAN_POINT('Ctrl Pts',(0.404883021066559,0.598425196850394,-6.07315605126403));
#8621=CARTESIAN_POINT('Ctrl Pts',(0.401222477109666,0.598425196850394,-6.06994017221046));
#8622=CARTESIAN_POINT('Ctrl Pts',(0.393490702134428,0.598425196850394,-6.06314761528925));
#8623=CARTESIAN_POINT('Ctrl Pts',(0.389136337899972,0.598425196850394,-6.05380546640723));
#8624=CARTESIAN_POINT('Ctrl Pts',(0.386843510859188,0.598425196850394,-6.04888627948983));
#8625=CARTESIAN_POINT('',(0.404883021066559,0.62992125984252,-6.07315605126403));
#8626=CARTESIAN_POINT('Ctrl Pts',(0.425171147274917,0.62992125984252,-6.0795626316308));
#8627=CARTESIAN_POINT('Ctrl Pts',(0.425171147274917,0.598425196850394,-6.0795626316308));
#8628=CARTESIAN_POINT('Ctrl Pts',(0.421464250742456,0.62992125984252,-6.07931968075854));
#8629=CARTESIAN_POINT('Ctrl Pts',(0.421464250742456,0.598425196850394,-6.07931968075854));
#8630=CARTESIAN_POINT('Ctrl Pts',(0.414173041323848,0.62992125984252,-6.07884181317509));
#8631=CARTESIAN_POINT('Ctrl Pts',(0.414173041323848,0.598425196850394,-6.07884181317509));
#8632=CARTESIAN_POINT('Ctrl Pts',(0.407944790275216,0.62992125984252,-6.07502994284499));
#8633=CARTESIAN_POINT('Ctrl Pts',(0.407944790275216,0.598425196850394,-6.07502994284499));
#8634=CARTESIAN_POINT('Ctrl Pts',(0.404883021066559,0.62992125984252,-6.07315605126403));
#8635=CARTESIAN_POINT('Ctrl Pts',(0.404883021066559,0.598425196850394,-6.07315605126403));
#8636=CARTESIAN_POINT('',(0.425171147274917,0.62992125984252,-6.0795626316308));
#8637=CARTESIAN_POINT('Ctrl Pts',(0.425171147274917,0.62992125984252,-6.0795626316308));
#8638=CARTESIAN_POINT('Ctrl Pts',(0.421464250742456,0.62992125984252,-6.07931968075854));
#8639=CARTESIAN_POINT('Ctrl Pts',(0.414173041323848,0.62992125984252,-6.07884181317509));
#8640=CARTESIAN_POINT('Ctrl Pts',(0.407944790275216,0.62992125984252,-6.07502994284499));
#8641=CARTESIAN_POINT('Ctrl Pts',(0.404883021066559,0.62992125984252,-6.07315605126403));
#8642=CARTESIAN_POINT('',(0.425171147274917,0.598425196850394,-6.0795626316308));
#8643=CARTESIAN_POINT('Ctrl Pts',(0.425171147274917,0.598425196850394,-6.0795626316308));
#8644=CARTESIAN_POINT('Ctrl Pts',(0.421464250742456,0.598425196850394,-6.07931968075854));
#8645=CARTESIAN_POINT('Ctrl Pts',(0.414173041323848,0.598425196850394,-6.07884181317509));
#8646=CARTESIAN_POINT('Ctrl Pts',(0.407944790275216,0.598425196850394,-6.07502994284499));
#8647=CARTESIAN_POINT('Ctrl Pts',(0.404883021066559,0.598425196850394,-6.07315605126403));
#8648=CARTESIAN_POINT('',(0.425171147274917,0.62992125984252,-6.0795626316308));
#8649=CARTESIAN_POINT('Ctrl Pts',(0.449321281016906,0.62992125984252,-6.06917716337455));
#8650=CARTESIAN_POINT('Ctrl Pts',(0.449321281016906,0.598425196850394,-6.06917716337455));
#8651=CARTESIAN_POINT('Ctrl Pts',(0.445863725109445,0.62992125984252,-6.07219940054046));
#8652=CARTESIAN_POINT('Ctrl Pts',(0.445863725109445,0.598425196850394,-6.07219940054046));
#8653=CARTESIAN_POINT('Ctrl Pts',(0.438932101085879,0.62992125984252,-6.0782583081344));
#8654=CARTESIAN_POINT('Ctrl Pts',(0.438932101085879,0.598425196850394,-6.0782583081344));
#8655=CARTESIAN_POINT('Ctrl Pts',(0.42976541070691,0.62992125984252,-6.07912716721276));
#8656=CARTESIAN_POINT('Ctrl Pts',(0.42976541070691,0.598425196850394,-6.07912716721276));
#8657=CARTESIAN_POINT('Ctrl Pts',(0.425171147274917,0.62992125984252,-6.0795626316308));
#8658=CARTESIAN_POINT('Ctrl Pts',(0.425171147274917,0.598425196850394,-6.0795626316308));
#8659=CARTESIAN_POINT('',(0.449321281016906,0.62992125984252,-6.06917716337455));
#8660=CARTESIAN_POINT('Ctrl Pts',(0.449321281016906,0.62992125984252,-6.06917716337455));
#8661=CARTESIAN_POINT('Ctrl Pts',(0.445863725109445,0.62992125984252,-6.07219940054046));
#8662=CARTESIAN_POINT('Ctrl Pts',(0.438932101085879,0.62992125984252,-6.0782583081344));
#8663=CARTESIAN_POINT('Ctrl Pts',(0.42976541070691,0.62992125984252,-6.07912716721276));
#8664=CARTESIAN_POINT('Ctrl Pts',(0.425171147274917,0.62992125984252,-6.0795626316308));
#8665=CARTESIAN_POINT('',(0.449321281016906,0.598425196850394,-6.06917716337455));
#8666=CARTESIAN_POINT('Ctrl Pts',(0.449321281016906,0.598425196850394,-6.06917716337455));
#8667=CARTESIAN_POINT('Ctrl Pts',(0.445863725109445,0.598425196850394,-6.07219940054046));
#8668=CARTESIAN_POINT('Ctrl Pts',(0.438932101085879,0.598425196850394,-6.0782583081344));
#8669=CARTESIAN_POINT('Ctrl Pts',(0.42976541070691,0.598425196850394,-6.07912716721276));
#8670=CARTESIAN_POINT('Ctrl Pts',(0.425171147274917,0.598425196850394,-6.0795626316308));
#8671=CARTESIAN_POINT('',(0.449321281016906,0.62992125984252,-6.06917716337455));
#8672=CARTESIAN_POINT('Ctrl Pts',(0.458412628597659,0.62992125984252,-6.04848106293352));
#8673=CARTESIAN_POINT('Ctrl Pts',(0.458412628597659,0.598425196850394,-6.04848106293352));
#8674=CARTESIAN_POINT('Ctrl Pts',(0.457398877685709,0.62992125984252,-6.05270593669398));
#8675=CARTESIAN_POINT('Ctrl Pts',(0.457398877685709,0.598425196850394,-6.05270593669398));
#8676=CARTESIAN_POINT('Ctrl Pts',(0.455607063727633,0.62992125984252,-6.06017343949558));
#8677=CARTESIAN_POINT('Ctrl Pts',(0.455607063727633,0.598425196850394,-6.06017343949558));
#8678=CARTESIAN_POINT('Ctrl Pts',(0.451224381918311,0.62992125984252,-6.06645117111254));
#8679=CARTESIAN_POINT('Ctrl Pts',(0.451224381918311,0.598425196850394,-6.06645117111254));
#8680=CARTESIAN_POINT('Ctrl Pts',(0.449321281016906,0.62992125984252,-6.06917716337455));
#8681=CARTESIAN_POINT('Ctrl Pts',(0.449321281016906,0.598425196850394,-6.06917716337455));
#8682=CARTESIAN_POINT('',(0.458412628597659,0.62992125984252,-6.04848106293352));
#8683=CARTESIAN_POINT('Ctrl Pts',(0.458412628597659,0.62992125984252,-6.04848106293352));
#8684=CARTESIAN_POINT('Ctrl Pts',(0.457398877685709,0.62992125984252,-6.05270593669398));
#8685=CARTESIAN_POINT('Ctrl Pts',(0.455607063727633,0.62992125984252,-6.06017343949558));
#8686=CARTESIAN_POINT('Ctrl Pts',(0.451224381918311,0.62992125984252,-6.06645117111254));
#8687=CARTESIAN_POINT('Ctrl Pts',(0.449321281016906,0.62992125984252,-6.06917716337455));
#8688=CARTESIAN_POINT('',(0.458412628597659,0.598425196850394,-6.04848106293352));
#8689=CARTESIAN_POINT('Ctrl Pts',(0.458412628597659,0.598425196850394,-6.04848106293352));
#8690=CARTESIAN_POINT('Ctrl Pts',(0.457398877685709,0.598425196850394,-6.05270593669398));
#8691=CARTESIAN_POINT('Ctrl Pts',(0.455607063727633,0.598425196850394,-6.06017343949558));
#8692=CARTESIAN_POINT('Ctrl Pts',(0.451224381918311,0.598425196850394,-6.06645117111254));
#8693=CARTESIAN_POINT('Ctrl Pts',(0.449321281016906,0.598425196850394,-6.06917716337455));
#8694=CARTESIAN_POINT('',(0.458412628597659,0.62992125984252,-6.04848106293352));
#8695=CARTESIAN_POINT('Origin',(0.482451793903243,0.62992125984252,-6.05031506259011));
#8696=CARTESIAN_POINT('',(0.482451793903243,0.62992125984252,-6.05031506259011));
#8697=CARTESIAN_POINT('',(0.482451793903243,0.62992125984252,-6.05031506259011));
#8698=CARTESIAN_POINT('',(0.482451793903243,0.598425196850394,-6.05031506259011));
#8699=CARTESIAN_POINT('',(0.482451793903243,0.598425196850394,-6.05031506259011));
#8700=CARTESIAN_POINT('',(0.482451793903243,0.62992125984252,-6.05031506259011));
#8701=CARTESIAN_POINT('Ctrl Pts',(0.46466166737901,0.62992125984252,-6.08633538648623));
#8702=CARTESIAN_POINT('Ctrl Pts',(0.46466166737901,0.598425196850394,-6.08633538648623));
#8703=CARTESIAN_POINT('Ctrl Pts',(0.469140302966395,0.62992125984252,-6.0814182994757));
#8704=CARTESIAN_POINT('Ctrl Pts',(0.469140302966395,0.598425196850394,-6.0814182994757));
#8705=CARTESIAN_POINT('Ctrl Pts',(0.478501289419301,0.62992125984252,-6.07114088708184));
#8706=CARTESIAN_POINT('Ctrl Pts',(0.478501289419301,0.598425196850394,-6.07114088708184));
#8707=CARTESIAN_POINT('Ctrl Pts',(0.481097634512419,0.62992125984252,-6.05745376751293));
#8708=CARTESIAN_POINT('Ctrl Pts',(0.481097634512419,0.598425196850394,-6.05745376751293));
#8709=CARTESIAN_POINT('Ctrl Pts',(0.482451793903243,0.62992125984252,-6.05031506259011));
#8710=CARTESIAN_POINT('Ctrl Pts',(0.482451793903243,0.598425196850394,-6.05031506259011));
#8711=CARTESIAN_POINT('Ctrl Pts',(0.46466166737901,0.62992125984252,-6.08633538648623));
#8712=CARTESIAN_POINT('Ctrl Pts',(0.469140302966395,0.62992125984252,-6.0814182994757));
#8713=CARTESIAN_POINT('Ctrl Pts',(0.478501289419301,0.62992125984252,-6.07114088708184));
#8714=CARTESIAN_POINT('Ctrl Pts',(0.481097634512419,0.62992125984252,-6.05745376751293));
#8715=CARTESIAN_POINT('Ctrl Pts',(0.482451793903243,0.62992125984252,-6.05031506259011));
#8716=CARTESIAN_POINT('Ctrl Pts',(0.46466166737901,0.598425196850394,-6.08633538648623));
#8717=CARTESIAN_POINT('Ctrl Pts',(0.469140302966395,0.598425196850394,-6.0814182994757));
#8718=CARTESIAN_POINT('Ctrl Pts',(0.478501289419301,0.598425196850394,-6.07114088708184));
#8719=CARTESIAN_POINT('Ctrl Pts',(0.481097634512419,0.598425196850394,-6.05745376751293));
#8720=CARTESIAN_POINT('Ctrl Pts',(0.482451793903243,0.598425196850394,-6.05031506259011));
#8721=CARTESIAN_POINT('Origin',(0.420818092716454,0.62992125984252,-5.9989286691259));
#8722=CARTESIAN_POINT('Origin',(0.420818092716454,0.598425196850394,-5.9989286691259));
#8723=CARTESIAN_POINT('Origin',(0.438292627376576,0.62992125984252,-4.05979880832335));
#8724=CARTESIAN_POINT('',(0.438292627376576,0.62992125984252,-4.05979880832335));
#8725=CARTESIAN_POINT('',(0.376490036168543,0.62992125984252,-3.97115938993633));
#8726=CARTESIAN_POINT('',(0.438292627376576,0.62992125984252,-4.05979880832335));
#8727=CARTESIAN_POINT('',(0.376490036168543,0.598425196850394,-3.97115938993633));
#8728=CARTESIAN_POINT('',(0.376490036168543,0.62992125984252,-3.97115938993633));
#8729=CARTESIAN_POINT('',(0.438292627376576,0.598425196850394,-4.05979880832335));
#8730=CARTESIAN_POINT('',(0.438292627376576,0.598425196850394,-4.05979880832335));
#8731=CARTESIAN_POINT('',(0.438292627376576,0.62992125984252,-4.05979880832335));
#8732=CARTESIAN_POINT('Origin',(0.43812316810945,0.62992125984252,-3.97104171702441));
#8733=CARTESIAN_POINT('',(0.43812316810945,0.62992125984252,-3.97104171702441));
#8734=CARTESIAN_POINT('',(0.43812316810945,0.62992125984252,-3.97104171702441));
#8735=CARTESIAN_POINT('',(0.43812316810945,0.598425196850394,-3.97104171702441));
#8736=CARTESIAN_POINT('',(0.43812316810945,0.598425196850394,-3.97104171702441));
#8737=CARTESIAN_POINT('',(0.43812316810945,0.62992125984252,-3.97104171702441));
#8738=CARTESIAN_POINT('Origin',(0.376490036168543,0.62992125984252,-3.97115938993633));
#8739=CARTESIAN_POINT('',(0.376490036168543,0.62992125984252,-3.97115938993633));
#8740=CARTESIAN_POINT('',(0.376490036168543,0.598425196850394,-3.97115938993633));
#8741=CARTESIAN_POINT('Origin',(0.462250717974002,0.62992125984252,-3.94883986072049));
#8742=CARTESIAN_POINT('',(0.462250717974002,0.62992125984252,-3.94883986072049));
#8743=CARTESIAN_POINT('',(0.462160732827296,0.62992125984252,-3.90170865322043));
#8744=CARTESIAN_POINT('',(0.462250717974002,0.62992125984252,-3.94883986072049));
#8745=CARTESIAN_POINT('',(0.462160732827296,0.598425196850394,-3.90170865322043));
#8746=CARTESIAN_POINT('',(0.462160732827296,0.62992125984252,-3.90170865322043));
#8747=CARTESIAN_POINT('',(0.462250717974002,0.598425196850394,-3.94883986072049));
#8748=CARTESIAN_POINT('',(0.462250717974002,0.598425196850394,-3.94883986072049));
#8749=CARTESIAN_POINT('',(0.462250717974002,0.62992125984252,-3.94883986072049));
#8750=CARTESIAN_POINT('Origin',(0.488837555982541,0.62992125984252,-3.94878909986267));
#8751=CARTESIAN_POINT('',(0.488837555982541,0.62992125984252,-3.94878909986267));
#8752=CARTESIAN_POINT('',(0.488837555982541,0.62992125984252,-3.94878909986267));
#8753=CARTESIAN_POINT('',(0.488837555982541,0.598425196850394,-3.94878909986267));
#8754=CARTESIAN_POINT('',(0.488837555982541,0.598425196850394,-3.94878909986267));
#8755=CARTESIAN_POINT('',(0.488837555982541,0.62992125984252,-3.94878909986267));
#8756=CARTESIAN_POINT('Origin',(0.488879856719719,0.62992125984252,-3.9709448099363));
#8757=CARTESIAN_POINT('',(0.488879856719719,0.62992125984252,-3.9709448099363));
#8758=CARTESIAN_POINT('',(0.488879856719719,0.62992125984252,-3.9709448099363));
#8759=CARTESIAN_POINT('',(0.488879856719719,0.598425196850394,-3.9709448099363));
#8760=CARTESIAN_POINT('',(0.488879856719719,0.598425196850394,-3.9709448099363));
#8761=CARTESIAN_POINT('',(0.488879856719719,0.62992125984252,-3.9709448099363));
#8762=CARTESIAN_POINT('Origin',(0.46229301871118,0.62992125984252,-3.97099557079411));
#8763=CARTESIAN_POINT('',(0.46229301871118,0.62992125984252,-3.97099557079411));
#8764=CARTESIAN_POINT('',(0.46229301871118,0.62992125984252,-3.97099557079411));
#8765=CARTESIAN_POINT('',(0.46229301871118,0.598425196850394,-3.97099557079411));
#8766=CARTESIAN_POINT('',(0.46229301871118,0.598425196850394,-3.97099557079411));
#8767=CARTESIAN_POINT('',(0.46229301871118,0.62992125984252,-3.97099557079411));
#8768=CARTESIAN_POINT('Origin',(0.462536568291967,0.62992125984252,-4.09855868814005));
#8769=CARTESIAN_POINT('',(0.462536568291967,0.62992125984252,-4.09855868814005));
#8770=CARTESIAN_POINT('',(0.462536568291967,0.62992125984252,-4.09855868814005));
#8771=CARTESIAN_POINT('',(0.462536568291967,0.598425196850394,-4.09855868814005));
#8772=CARTESIAN_POINT('',(0.462536568291967,0.598425196850394,-4.09855868814005));
#8773=CARTESIAN_POINT('',(0.462536568291967,0.62992125984252,-4.09855868814005));
#8774=CARTESIAN_POINT('Origin',(0.44279784562515,0.62992125984252,-4.09859637424979));
#8775=CARTESIAN_POINT('',(0.44279784562515,0.62992125984252,-4.09859637424979));
#8776=CARTESIAN_POINT('',(0.44279784562515,0.62992125984252,-4.09859637424979));
#8777=CARTESIAN_POINT('',(0.44279784562515,0.598425196850394,-4.09859637424979));
#8778=CARTESIAN_POINT('',(0.44279784562515,0.598425196850394,-4.09859637424979));
#8779=CARTESIAN_POINT('',(0.44279784562515,0.62992125984252,-4.09859637424979));
#8780=CARTESIAN_POINT('Origin',(0.352723020712339,0.62992125984252,-3.97120476705458));
#8781=CARTESIAN_POINT('',(0.352723020712339,0.62992125984252,-3.97120476705458));
#8782=CARTESIAN_POINT('',(0.352723020712339,0.62992125984252,-3.97120476705458));
#8783=CARTESIAN_POINT('',(0.352723020712339,0.598425196850394,-3.97120476705458));
#8784=CARTESIAN_POINT('',(0.352723020712339,0.598425196850394,-3.97120476705458));
#8785=CARTESIAN_POINT('',(0.352723020712339,0.62992125984252,-3.97120476705458));
#8786=CARTESIAN_POINT('Origin',(0.352680719975161,0.62992125984252,-3.94904905698095));
#8787=CARTESIAN_POINT('',(0.352680719975161,0.62992125984252,-3.94904905698095));
#8788=CARTESIAN_POINT('',(0.352680719975161,0.62992125984252,-3.94904905698095));
#8789=CARTESIAN_POINT('',(0.352680719975161,0.598425196850394,-3.94904905698095));
#8790=CARTESIAN_POINT('',(0.352680719975161,0.598425196850394,-3.94904905698095));
#8791=CARTESIAN_POINT('',(0.352680719975161,0.62992125984252,-3.94904905698095));
#8792=CARTESIAN_POINT('Origin',(0.438080867372272,0.62992125984252,-3.94888600695079));
#8793=CARTESIAN_POINT('',(0.438080867372272,0.62992125984252,-3.94888600695079));
#8794=CARTESIAN_POINT('',(0.438080867372272,0.62992125984252,-3.94888600695079));
#8795=CARTESIAN_POINT('',(0.438080867372272,0.598425196850394,-3.94888600695079));
#8796=CARTESIAN_POINT('',(0.438080867372272,0.598425196850394,-3.94888600695079));
#8797=CARTESIAN_POINT('',(0.438080867372272,0.62992125984252,-3.94888600695079));
#8798=CARTESIAN_POINT('Origin',(0.437990882225566,0.62992125984252,-3.90175479945073));
#8799=CARTESIAN_POINT('',(0.437990882225566,0.62992125984252,-3.90175479945073));
#8800=CARTESIAN_POINT('',(0.437990882225566,0.62992125984252,-3.90175479945073));
#8801=CARTESIAN_POINT('',(0.437990882225566,0.598425196850394,-3.90175479945073));
#8802=CARTESIAN_POINT('',(0.437990882225566,0.598425196850394,-3.90175479945073));
#8803=CARTESIAN_POINT('',(0.437990882225566,0.62992125984252,-3.90175479945073));
#8804=CARTESIAN_POINT('Origin',(0.462160732827296,0.62992125984252,-3.90170865322043));
#8805=CARTESIAN_POINT('',(0.462160732827296,0.62992125984252,-3.90170865322043));
#8806=CARTESIAN_POINT('',(0.462160732827296,0.598425196850394,-3.90170865322043));
#8807=CARTESIAN_POINT('Origin',(0.42078028834744,0.62992125984252,-4.00015251373511));
#8808=CARTESIAN_POINT('Origin',(0.42078028834744,0.598425196850394,-4.00015251373511));
#8809=CARTESIAN_POINT('Ctrl Pts',(0.399589747423449,0.62992125984252,-1.93808303651954));
#8810=CARTESIAN_POINT('Ctrl Pts',(0.399589747423449,0.598425196850394,-1.93808303651954));
#8811=CARTESIAN_POINT('Ctrl Pts',(0.397643126035068,0.62992125984252,-1.93597606157797));
#8812=CARTESIAN_POINT('Ctrl Pts',(0.397643126035068,0.598425196850394,-1.93597606157797));
#8813=CARTESIAN_POINT('Ctrl Pts',(0.393887848812813,0.62992125984252,-1.93191144220557));
#8814=CARTESIAN_POINT('Ctrl Pts',(0.393887848812813,0.598425196850394,-1.93191144220557));
#8815=CARTESIAN_POINT('Ctrl Pts',(0.390831744880453,0.62992125984252,-1.92729908859934));
#8816=CARTESIAN_POINT('Ctrl Pts',(0.390831744880453,0.598425196850394,-1.92729908859934));
#8817=CARTESIAN_POINT('Ctrl Pts',(0.389359832188247,0.62992125984252,-1.92507763868657));
#8818=CARTESIAN_POINT('Ctrl Pts',(0.389359832188247,0.598425196850394,-1.92507763868657));
#8819=CARTESIAN_POINT('',(0.399589747423449,0.62992125984252,-1.93808303651954));
#8820=CARTESIAN_POINT('',(0.389359832188247,0.62992125984252,-1.92507763868657));
#8821=CARTESIAN_POINT('Ctrl Pts',(0.399589747423449,0.62992125984252,-1.93808303651954));
#8822=CARTESIAN_POINT('Ctrl Pts',(0.397643126035068,0.62992125984252,-1.93597606157797));
#8823=CARTESIAN_POINT('Ctrl Pts',(0.393887848812813,0.62992125984252,-1.93191144220557));
#8824=CARTESIAN_POINT('Ctrl Pts',(0.390831744880453,0.62992125984252,-1.92729908859934));
#8825=CARTESIAN_POINT('Ctrl Pts',(0.389359832188247,0.62992125984252,-1.92507763868657));
#8826=CARTESIAN_POINT('',(0.389359832188247,0.598425196850394,-1.92507763868657));
#8827=CARTESIAN_POINT('',(0.389359832188247,0.62992125984252,-1.92507763868657));
#8828=CARTESIAN_POINT('',(0.399589747423449,0.598425196850394,-1.93808303651954));
#8829=CARTESIAN_POINT('Ctrl Pts',(0.399589747423449,0.598425196850394,-1.93808303651954));
#8830=CARTESIAN_POINT('Ctrl Pts',(0.397643126035068,0.598425196850394,-1.93597606157797));
#8831=CARTESIAN_POINT('Ctrl Pts',(0.393887848812813,0.598425196850394,-1.93191144220557));
#8832=CARTESIAN_POINT('Ctrl Pts',(0.390831744880453,0.598425196850394,-1.92729908859934));
#8833=CARTESIAN_POINT('Ctrl Pts',(0.389359832188247,0.598425196850394,-1.92507763868657));
#8834=CARTESIAN_POINT('',(0.399589747423449,0.62992125984252,-1.93808303651954));
#8835=CARTESIAN_POINT('Ctrl Pts',(0.427566781652487,0.62992125984252,-1.9628709349404));
#8836=CARTESIAN_POINT('Ctrl Pts',(0.427566781652487,0.598425196850394,-1.9628709349404));
#8837=CARTESIAN_POINT('Ctrl Pts',(0.421527305080247,0.62992125984252,-1.9578541901483));
#8838=CARTESIAN_POINT('Ctrl Pts',(0.421527305080247,0.598425196850394,-1.9578541901483));
#8839=CARTESIAN_POINT('Ctrl Pts',(0.411936333943454,0.62992125984252,-1.94988736489014));
#8840=CARTESIAN_POINT('Ctrl Pts',(0.411936333943454,0.598425196850394,-1.94988736489014));
#8841=CARTESIAN_POINT('Ctrl Pts',(0.402926171189964,0.62992125984252,-1.94127292561639));
#8842=CARTESIAN_POINT('Ctrl Pts',(0.402926171189964,0.598425196850394,-1.94127292561639));
#8843=CARTESIAN_POINT('Ctrl Pts',(0.399589747423449,0.62992125984252,-1.93808303651954));
#8844=CARTESIAN_POINT('Ctrl Pts',(0.399589747423449,0.598425196850394,-1.93808303651954));
#8845=CARTESIAN_POINT('',(0.427566781652487,0.62992125984252,-1.9628709349404));
#8846=CARTESIAN_POINT('Ctrl Pts',(0.427566781652487,0.62992125984252,-1.9628709349404));
#8847=CARTESIAN_POINT('Ctrl Pts',(0.421527305080247,0.62992125984252,-1.9578541901483));
#8848=CARTESIAN_POINT('Ctrl Pts',(0.411936333943454,0.62992125984252,-1.94988736489014));
#8849=CARTESIAN_POINT('Ctrl Pts',(0.402926171189964,0.62992125984252,-1.94127292561639));
#8850=CARTESIAN_POINT('Ctrl Pts',(0.399589747423449,0.62992125984252,-1.93808303651954));
#8851=CARTESIAN_POINT('',(0.427566781652487,0.598425196850394,-1.9628709349404));
#8852=CARTESIAN_POINT('Ctrl Pts',(0.427566781652487,0.598425196850394,-1.9628709349404));
#8853=CARTESIAN_POINT('Ctrl Pts',(0.421527305080247,0.598425196850394,-1.9578541901483));
#8854=CARTESIAN_POINT('Ctrl Pts',(0.411936333943454,0.598425196850394,-1.94988736489014));
#8855=CARTESIAN_POINT('Ctrl Pts',(0.402926171189964,0.598425196850394,-1.94127292561639));
#8856=CARTESIAN_POINT('Ctrl Pts',(0.399589747423449,0.598425196850394,-1.93808303651954));
#8857=CARTESIAN_POINT('',(0.427566781652487,0.62992125984252,-1.9628709349404));
#8858=CARTESIAN_POINT('Ctrl Pts',(0.46482765701444,0.62992125984252,-1.99744339150525));
#8859=CARTESIAN_POINT('Ctrl Pts',(0.46482765701444,0.598425196850394,-1.99744339150525));
#8860=CARTESIAN_POINT('Ctrl Pts',(0.459927400841445,0.62992125984252,-1.99239154674531));
#8861=CARTESIAN_POINT('Ctrl Pts',(0.459927400841445,0.598425196850394,-1.99239154674531));
#8862=CARTESIAN_POINT('Ctrl Pts',(0.448117807062387,0.62992125984252,-1.98021662520174));
#8863=CARTESIAN_POINT('Ctrl Pts',(0.448117807062387,0.598425196850394,-1.98021662520174));
#8864=CARTESIAN_POINT('Ctrl Pts',(0.435152362783504,0.62992125984252,-1.96927339604035));
#8865=CARTESIAN_POINT('Ctrl Pts',(0.435152362783504,0.598425196850394,-1.96927339604035));
#8866=CARTESIAN_POINT('Ctrl Pts',(0.427566781652487,0.62992125984252,-1.9628709349404));
#8867=CARTESIAN_POINT('Ctrl Pts',(0.427566781652487,0.598425196850394,-1.9628709349404));
#8868=CARTESIAN_POINT('',(0.46482765701444,0.62992125984252,-1.99744339150525));
#8869=CARTESIAN_POINT('Ctrl Pts',(0.46482765701444,0.62992125984252,-1.99744339150525));
#8870=CARTESIAN_POINT('Ctrl Pts',(0.459927400841445,0.62992125984252,-1.99239154674531));
#8871=CARTESIAN_POINT('Ctrl Pts',(0.448117807062387,0.62992125984252,-1.98021662520174));
#8872=CARTESIAN_POINT('Ctrl Pts',(0.435152362783504,0.62992125984252,-1.96927339604035));
#8873=CARTESIAN_POINT('Ctrl Pts',(0.427566781652487,0.62992125984252,-1.9628709349404));
#8874=CARTESIAN_POINT('',(0.46482765701444,0.598425196850394,-1.99744339150525));
#8875=CARTESIAN_POINT('Ctrl Pts',(0.46482765701444,0.598425196850394,-1.99744339150525));
#8876=CARTESIAN_POINT('Ctrl Pts',(0.459927400841445,0.598425196850394,-1.99239154674531));
#8877=CARTESIAN_POINT('Ctrl Pts',(0.448117807062387,0.598425196850394,-1.98021662520174));
#8878=CARTESIAN_POINT('Ctrl Pts',(0.435152362783504,0.598425196850394,-1.96927339604035));
#8879=CARTESIAN_POINT('Ctrl Pts',(0.427566781652487,0.598425196850394,-1.9628709349404));
#8880=CARTESIAN_POINT('',(0.46482765701444,0.62992125984252,-1.99744339150525));
#8881=CARTESIAN_POINT('Ctrl Pts',(0.480986764971704,0.62992125984252,-2.02144820351253));
#8882=CARTESIAN_POINT('Ctrl Pts',(0.480986764971704,0.598425196850394,-2.02144820351253));
#8883=CARTESIAN_POINT('Ctrl Pts',(0.478969622907835,0.62992125984252,-2.01745498554464));
#8884=CARTESIAN_POINT('Ctrl Pts',(0.478969622907835,0.598425196850394,-2.01745498554464));
#8885=CARTESIAN_POINT('Ctrl Pts',(0.474590046562308,0.62992125984252,-2.00878499483455));
#8886=CARTESIAN_POINT('Ctrl Pts',(0.474590046562308,0.598425196850394,-2.00878499483455));
#8887=CARTESIAN_POINT('Ctrl Pts',(0.468248447193231,0.62992125984252,-2.00141754610033));
#8888=CARTESIAN_POINT('Ctrl Pts',(0.468248447193231,0.598425196850394,-2.00141754610033));
#8889=CARTESIAN_POINT('Ctrl Pts',(0.46482765701444,0.62992125984252,-1.99744339150525));
#8890=CARTESIAN_POINT('Ctrl Pts',(0.46482765701444,0.598425196850394,-1.99744339150525));
#8891=CARTESIAN_POINT('',(0.480986764971704,0.62992125984252,-2.02144820351253));
#8892=CARTESIAN_POINT('Ctrl Pts',(0.480986764971704,0.62992125984252,-2.02144820351253));
#8893=CARTESIAN_POINT('Ctrl Pts',(0.478969622907835,0.62992125984252,-2.01745498554464));
#8894=CARTESIAN_POINT('Ctrl Pts',(0.474590046562308,0.62992125984252,-2.00878499483455));
#8895=CARTESIAN_POINT('Ctrl Pts',(0.468248447193231,0.62992125984252,-2.00141754610033));
#8896=CARTESIAN_POINT('Ctrl Pts',(0.46482765701444,0.62992125984252,-1.99744339150525));
#8897=CARTESIAN_POINT('',(0.480986764971704,0.598425196850394,-2.02144820351253));
#8898=CARTESIAN_POINT('Ctrl Pts',(0.480986764971704,0.598425196850394,-2.02144820351253));
#8899=CARTESIAN_POINT('Ctrl Pts',(0.478969622907835,0.598425196850394,-2.01745498554464));
#8900=CARTESIAN_POINT('Ctrl Pts',(0.474590046562308,0.598425196850394,-2.00878499483455));
#8901=CARTESIAN_POINT('Ctrl Pts',(0.468248447193231,0.598425196850394,-2.00141754610033));
#8902=CARTESIAN_POINT('Ctrl Pts',(0.46482765701444,0.598425196850394,-1.99744339150525));
#8903=CARTESIAN_POINT('',(0.480986764971704,0.62992125984252,-2.02144820351253));
#8904=CARTESIAN_POINT('Ctrl Pts',(0.485865091473034,0.62992125984252,-2.04466890356375));
#8905=CARTESIAN_POINT('Ctrl Pts',(0.485865091473034,0.598425196850394,-2.04466890356375));
#8906=CARTESIAN_POINT('Ctrl Pts',(0.485646391867802,0.62992125984252,-2.04072444771566));
#8907=CARTESIAN_POINT('Ctrl Pts',(0.485646391867802,0.598425196850394,-2.04072444771566));
#8908=CARTESIAN_POINT('Ctrl Pts',(0.485203538950184,0.62992125984252,-2.03273717321241));
#8909=CARTESIAN_POINT('Ctrl Pts',(0.485203538950184,0.598425196850394,-2.03273717321241));
#8910=CARTESIAN_POINT('Ctrl Pts',(0.482403848969335,0.62992125984252,-2.02524196110852));
#8911=CARTESIAN_POINT('Ctrl Pts',(0.482403848969335,0.598425196850394,-2.02524196110852));
#8912=CARTESIAN_POINT('Ctrl Pts',(0.480986764971704,0.62992125984252,-2.02144820351253));
#8913=CARTESIAN_POINT('Ctrl Pts',(0.480986764971704,0.598425196850394,-2.02144820351253));
#8914=CARTESIAN_POINT('',(0.485865091473034,0.62992125984252,-2.04466890356375));
#8915=CARTESIAN_POINT('Ctrl Pts',(0.485865091473034,0.62992125984252,-2.04466890356375));
#8916=CARTESIAN_POINT('Ctrl Pts',(0.485646391867802,0.62992125984252,-2.04072444771566));
#8917=CARTESIAN_POINT('Ctrl Pts',(0.485203538950184,0.62992125984252,-2.03273717321241));
#8918=CARTESIAN_POINT('Ctrl Pts',(0.482403848969335,0.62992125984252,-2.02524196110852));
#8919=CARTESIAN_POINT('Ctrl Pts',(0.480986764971704,0.62992125984252,-2.02144820351253));
#8920=CARTESIAN_POINT('',(0.485865091473034,0.598425196850394,-2.04466890356375));
#8921=CARTESIAN_POINT('Ctrl Pts',(0.485865091473034,0.598425196850394,-2.04466890356375));
#8922=CARTESIAN_POINT('Ctrl Pts',(0.485646391867802,0.598425196850394,-2.04072444771566));
#8923=CARTESIAN_POINT('Ctrl Pts',(0.485203538950184,0.598425196850394,-2.03273717321241));
#8924=CARTESIAN_POINT('Ctrl Pts',(0.482403848969335,0.598425196850394,-2.02524196110852));
#8925=CARTESIAN_POINT('Ctrl Pts',(0.480986764971704,0.598425196850394,-2.02144820351253));
#8926=CARTESIAN_POINT('',(0.485865091473034,0.62992125984252,-2.04466890356375));
#8927=CARTESIAN_POINT('Ctrl Pts',(0.469423373180956,0.62992125984252,-2.08364073733967));
#8928=CARTESIAN_POINT('Ctrl Pts',(0.469423373180956,0.598425196850394,-2.08364073733967));
#8929=CARTESIAN_POINT('Ctrl Pts',(0.474229892646189,0.62992125984252,-2.07806090777794));
#8930=CARTESIAN_POINT('Ctrl Pts',(0.474229892646189,0.598425196850394,-2.07806090777794));
#8931=CARTESIAN_POINT('Ctrl Pts',(0.483894649900071,0.62992125984252,-2.06684120948644));
#8932=CARTESIAN_POINT('Ctrl Pts',(0.483894649900071,0.598425196850394,-2.06684120948644));
#8933=CARTESIAN_POINT('Ctrl Pts',(0.485205938613582,0.62992125984252,-2.05208599171806));
#8934=CARTESIAN_POINT('Ctrl Pts',(0.485205938613582,0.598425196850394,-2.05208599171806));
#8935=CARTESIAN_POINT('Ctrl Pts',(0.485865091473034,0.62992125984252,-2.04466890356375));
#8936=CARTESIAN_POINT('Ctrl Pts',(0.485865091473034,0.598425196850394,-2.04466890356375));
#8937=CARTESIAN_POINT('',(0.469423373180956,0.62992125984252,-2.08364073733967));
#8938=CARTESIAN_POINT('Ctrl Pts',(0.469423373180956,0.62992125984252,-2.08364073733967));
#8939=CARTESIAN_POINT('Ctrl Pts',(0.474229892646189,0.62992125984252,-2.07806090777794));
#8940=CARTESIAN_POINT('Ctrl Pts',(0.483894649900071,0.62992125984252,-2.06684120948644));
#8941=CARTESIAN_POINT('Ctrl Pts',(0.485205938613582,0.62992125984252,-2.05208599171806));
#8942=CARTESIAN_POINT('Ctrl Pts',(0.485865091473034,0.62992125984252,-2.04466890356375));
#8943=CARTESIAN_POINT('',(0.469423373180956,0.598425196850394,-2.08364073733967));
#8944=CARTESIAN_POINT('Ctrl Pts',(0.469423373180956,0.598425196850394,-2.08364073733967));
#8945=CARTESIAN_POINT('Ctrl Pts',(0.474229892646189,0.598425196850394,-2.07806090777794));
#8946=CARTESIAN_POINT('Ctrl Pts',(0.483894649900071,0.598425196850394,-2.06684120948644));
#8947=CARTESIAN_POINT('Ctrl Pts',(0.485205938613582,0.598425196850394,-2.05208599171806));
#8948=CARTESIAN_POINT('Ctrl Pts',(0.485865091473034,0.598425196850394,-2.04466890356375));
#8949=CARTESIAN_POINT('',(0.469423373180956,0.62992125984252,-2.08364073733967));
#8950=CARTESIAN_POINT('Ctrl Pts',(0.424604873695695,0.62992125984252,-2.09943678236648));
#8951=CARTESIAN_POINT('Ctrl Pts',(0.424604873695695,0.598425196850394,-2.09943678236648));
#8952=CARTESIAN_POINT('Ctrl Pts',(0.433364523123498,0.62992125984252,-2.09893865879135));
#8953=CARTESIAN_POINT('Ctrl Pts',(0.433364523123498,0.598425196850394,-2.09893865879135));
#8954=CARTESIAN_POINT('Ctrl Pts',(0.449886926350654,0.62992125984252,-2.0979991008064));
#8955=CARTESIAN_POINT('Ctrl Pts',(0.449886926350654,0.598425196850394,-2.0979991008064));
#8956=CARTESIAN_POINT('Ctrl Pts',(0.463178545252019,0.62992125984252,-2.08823039020591));
#8957=CARTESIAN_POINT('Ctrl Pts',(0.463178545252019,0.598425196850394,-2.08823039020591));
#8958=CARTESIAN_POINT('Ctrl Pts',(0.469423373180956,0.62992125984252,-2.08364073733967));
#8959=CARTESIAN_POINT('Ctrl Pts',(0.469423373180956,0.598425196850394,-2.08364073733967));
#8960=CARTESIAN_POINT('',(0.424604873695695,0.62992125984252,-2.09943678236648));
#8961=CARTESIAN_POINT('Ctrl Pts',(0.424604873695695,0.62992125984252,-2.09943678236648));
#8962=CARTESIAN_POINT('Ctrl Pts',(0.433364523123498,0.62992125984252,-2.09893865879135));
#8963=CARTESIAN_POINT('Ctrl Pts',(0.449886926350654,0.62992125984252,-2.0979991008064));
#8964=CARTESIAN_POINT('Ctrl Pts',(0.463178545252019,0.62992125984252,-2.08823039020591));
#8965=CARTESIAN_POINT('Ctrl Pts',(0.469423373180956,0.62992125984252,-2.08364073733967));
#8966=CARTESIAN_POINT('',(0.424604873695695,0.598425196850394,-2.09943678236648));
#8967=CARTESIAN_POINT('Ctrl Pts',(0.424604873695695,0.598425196850394,-2.09943678236648));
#8968=CARTESIAN_POINT('Ctrl Pts',(0.433364523123498,0.598425196850394,-2.09893865879135));
#8969=CARTESIAN_POINT('Ctrl Pts',(0.449886926350654,0.598425196850394,-2.0979991008064));
#8970=CARTESIAN_POINT('Ctrl Pts',(0.463178545252019,0.598425196850394,-2.08823039020591));
#8971=CARTESIAN_POINT('Ctrl Pts',(0.469423373180956,0.598425196850394,-2.08364073733967));
#8972=CARTESIAN_POINT('',(0.424604873695695,0.62992125984252,-2.09943678236648));
#8973=CARTESIAN_POINT('Ctrl Pts',(0.379862686007858,0.62992125984252,-2.08488595401899));
#8974=CARTESIAN_POINT('Ctrl Pts',(0.379862686007858,0.598425196850394,-2.08488595401899));
#8975=CARTESIAN_POINT('Ctrl Pts',(0.386165917516691,0.62992125984252,-2.08913803205211));
#8976=CARTESIAN_POINT('Ctrl Pts',(0.386165917516691,0.598425196850394,-2.08913803205211));
#8977=CARTESIAN_POINT('Ctrl Pts',(0.399643775258983,0.62992125984252,-2.09823001967135));
#8978=CARTESIAN_POINT('Ctrl Pts',(0.399643775258983,0.598425196850394,-2.09823001967135));
#8979=CARTESIAN_POINT('Ctrl Pts',(0.415933444541203,0.62992125984252,-2.09901755573494));
#8980=CARTESIAN_POINT('Ctrl Pts',(0.415933444541203,0.598425196850394,-2.09901755573494));
#8981=CARTESIAN_POINT('Ctrl Pts',(0.424604873695695,0.62992125984252,-2.09943678236648));
#8982=CARTESIAN_POINT('Ctrl Pts',(0.424604873695695,0.598425196850394,-2.09943678236648));
#8983=CARTESIAN_POINT('',(0.379862686007858,0.62992125984252,-2.08488595401899));
#8984=CARTESIAN_POINT('Ctrl Pts',(0.379862686007858,0.62992125984252,-2.08488595401899));
#8985=CARTESIAN_POINT('Ctrl Pts',(0.386165917516691,0.62992125984252,-2.08913803205211));
#8986=CARTESIAN_POINT('Ctrl Pts',(0.399643775258983,0.62992125984252,-2.09823001967135));
#8987=CARTESIAN_POINT('Ctrl Pts',(0.415933444541203,0.62992125984252,-2.09901755573494));
#8988=CARTESIAN_POINT('Ctrl Pts',(0.424604873695695,0.62992125984252,-2.09943678236648));
#8989=CARTESIAN_POINT('',(0.379862686007858,0.598425196850394,-2.08488595401899));
#8990=CARTESIAN_POINT('Ctrl Pts',(0.379862686007858,0.598425196850394,-2.08488595401899));
#8991=CARTESIAN_POINT('Ctrl Pts',(0.386165917516691,0.598425196850394,-2.08913803205211));
#8992=CARTESIAN_POINT('Ctrl Pts',(0.399643775258983,0.598425196850394,-2.09823001967135));
#8993=CARTESIAN_POINT('Ctrl Pts',(0.415933444541203,0.598425196850394,-2.09901755573494));
#8994=CARTESIAN_POINT('Ctrl Pts',(0.424604873695695,0.598425196850394,-2.09943678236648));
#8995=CARTESIAN_POINT('',(0.379862686007858,0.62992125984252,-2.08488595401899));
#8996=CARTESIAN_POINT('Ctrl Pts',(0.360580328798828,0.62992125984252,-2.04262538194461));
#8997=CARTESIAN_POINT('Ctrl Pts',(0.360580328798828,0.598425196850394,-2.04262538194461));
#8998=CARTESIAN_POINT('Ctrl Pts',(0.361834285750744,0.62992125984252,-2.0511502348631));
#8999=CARTESIAN_POINT('Ctrl Pts',(0.361834285750744,0.598425196850394,-2.0511502348631));
#9000=CARTESIAN_POINT('Ctrl Pts',(0.364189099536485,0.62992125984252,-2.0671591107206));
#9001=CARTESIAN_POINT('Ctrl Pts',(0.364189099536485,0.598425196850394,-2.0671591107206));
#9002=CARTESIAN_POINT('Ctrl Pts',(0.374869624840551,0.62992125984252,-2.07923879642338));
#9003=CARTESIAN_POINT('Ctrl Pts',(0.374869624840551,0.598425196850394,-2.07923879642338));
#9004=CARTESIAN_POINT('Ctrl Pts',(0.379862686007858,0.62992125984252,-2.08488595401899));
#9005=CARTESIAN_POINT('Ctrl Pts',(0.379862686007858,0.598425196850394,-2.08488595401899));
#9006=CARTESIAN_POINT('',(0.360580328798828,0.62992125984252,-2.04262538194461));
#9007=CARTESIAN_POINT('Ctrl Pts',(0.360580328798828,0.62992125984252,-2.04262538194461));
#9008=CARTESIAN_POINT('Ctrl Pts',(0.361834285750744,0.62992125984252,-2.0511502348631));
#9009=CARTESIAN_POINT('Ctrl Pts',(0.364189099536485,0.62992125984252,-2.0671591107206));
#9010=CARTESIAN_POINT('Ctrl Pts',(0.374869624840551,0.62992125984252,-2.07923879642338));
#9011=CARTESIAN_POINT('Ctrl Pts',(0.379862686007858,0.62992125984252,-2.08488595401899));
#9012=CARTESIAN_POINT('',(0.360580328798828,0.598425196850394,-2.04262538194461));
#9013=CARTESIAN_POINT('Ctrl Pts',(0.360580328798828,0.598425196850394,-2.04262538194461));
#9014=CARTESIAN_POINT('Ctrl Pts',(0.361834285750744,0.598425196850394,-2.0511502348631));
#9015=CARTESIAN_POINT('Ctrl Pts',(0.364189099536485,0.598425196850394,-2.0671591107206));
#9016=CARTESIAN_POINT('Ctrl Pts',(0.374869624840551,0.598425196850394,-2.07923879642338));
#9017=CARTESIAN_POINT('Ctrl Pts',(0.379862686007858,0.598425196850394,-2.08488595401899));
#9018=CARTESIAN_POINT('',(0.360580328798828,0.62992125984252,-2.04262538194461));
#9019=CARTESIAN_POINT('Origin',(0.385416680763756,0.62992125984252,-2.04002669202063));
#9020=CARTESIAN_POINT('',(0.385416680763756,0.62992125984252,-2.04002669202063));
#9021=CARTESIAN_POINT('',(0.385416680763756,0.62992125984252,-2.04002669202063));
#9022=CARTESIAN_POINT('',(0.385416680763756,0.598425196850394,-2.04002669202063));
#9023=CARTESIAN_POINT('',(0.385416680763756,0.598425196850394,-2.04002669202063));
#9024=CARTESIAN_POINT('',(0.385416680763756,0.62992125984252,-2.04002669202063));
#9025=CARTESIAN_POINT('Ctrl Pts',(0.396079950593259,0.62992125984252,-2.06901024087226));
#9026=CARTESIAN_POINT('Ctrl Pts',(0.396079950593259,0.598425196850394,-2.06901024087226));
#9027=CARTESIAN_POINT('Ctrl Pts',(0.393013834416322,0.62992125984252,-2.06501654006671));
#9028=CARTESIAN_POINT('Ctrl Pts',(0.393013834416322,0.598425196850394,-2.06501654006671));
#9029=CARTESIAN_POINT('Ctrl Pts',(0.386473180810731,0.62992125984252,-2.05649715852143));
#9030=CARTESIAN_POINT('Ctrl Pts',(0.386473180810731,0.598425196850394,-2.05649715852143));
#9031=CARTESIAN_POINT('Ctrl Pts',(0.385783208865321,0.62992125984252,-2.04574073702773));
#9032=CARTESIAN_POINT('Ctrl Pts',(0.385783208865321,0.598425196850394,-2.04574073702773));
#9033=CARTESIAN_POINT('Ctrl Pts',(0.385416680763756,0.62992125984252,-2.04002669202063));
#9034=CARTESIAN_POINT('Ctrl Pts',(0.385416680763756,0.598425196850394,-2.04002669202063));
#9035=CARTESIAN_POINT('',(0.396079950593259,0.62992125984252,-2.06901024087226));
#9036=CARTESIAN_POINT('Ctrl Pts',(0.396079950593259,0.62992125984252,-2.06901024087226));
#9037=CARTESIAN_POINT('Ctrl Pts',(0.393013834416322,0.62992125984252,-2.06501654006671));
#9038=CARTESIAN_POINT('Ctrl Pts',(0.386473180810731,0.62992125984252,-2.05649715852143));
#9039=CARTESIAN_POINT('Ctrl Pts',(0.385783208865321,0.62992125984252,-2.04574073702773));
#9040=CARTESIAN_POINT('Ctrl Pts',(0.385416680763756,0.62992125984252,-2.04002669202063));
#9041=CARTESIAN_POINT('',(0.396079950593259,0.598425196850394,-2.06901024087226));
#9042=CARTESIAN_POINT('Ctrl Pts',(0.396079950593259,0.598425196850394,-2.06901024087226));
#9043=CARTESIAN_POINT('Ctrl Pts',(0.393013834416322,0.598425196850394,-2.06501654006671));
#9044=CARTESIAN_POINT('Ctrl Pts',(0.386473180810731,0.598425196850394,-2.05649715852143));
#9045=CARTESIAN_POINT('Ctrl Pts',(0.385783208865321,0.598425196850394,-2.04574073702773));
#9046=CARTESIAN_POINT('Ctrl Pts',(0.385416680763756,0.598425196850394,-2.04002669202063));
#9047=CARTESIAN_POINT('',(0.396079950593259,0.62992125984252,-2.06901024087226));
#9048=CARTESIAN_POINT('Ctrl Pts',(0.4240295535101,0.62992125984252,-2.07943053625576));
#9049=CARTESIAN_POINT('Ctrl Pts',(0.4240295535101,0.598425196850394,-2.07943053625576));
#9050=CARTESIAN_POINT('Ctrl Pts',(0.418590472835347,0.62992125984252,-2.07909062573174));
#9051=CARTESIAN_POINT('Ctrl Pts',(0.418590472835347,0.598425196850394,-2.07909062573174));
#9052=CARTESIAN_POINT('Ctrl Pts',(0.408190693804766,0.62992125984252,-2.07844070076254));
#9053=CARTESIAN_POINT('Ctrl Pts',(0.408190693804766,0.598425196850394,-2.07844070076254));
#9054=CARTESIAN_POINT('Ctrl Pts',(0.399991140488329,0.62992125984252,-2.0720558276529));
#9055=CARTESIAN_POINT('Ctrl Pts',(0.399991140488329,0.598425196850394,-2.0720558276529));
#9056=CARTESIAN_POINT('Ctrl Pts',(0.396079950593259,0.62992125984252,-2.06901024087226));
#9057=CARTESIAN_POINT('Ctrl Pts',(0.396079950593259,0.598425196850394,-2.06901024087226));
#9058=CARTESIAN_POINT('',(0.4240295535101,0.62992125984252,-2.07943053625576));
#9059=CARTESIAN_POINT('Ctrl Pts',(0.4240295535101,0.62992125984252,-2.07943053625576));
#9060=CARTESIAN_POINT('Ctrl Pts',(0.418590472835347,0.62992125984252,-2.07909062573174));
#9061=CARTESIAN_POINT('Ctrl Pts',(0.408190693804766,0.62992125984252,-2.07844070076254));
#9062=CARTESIAN_POINT('Ctrl Pts',(0.399991140488329,0.62992125984252,-2.0720558276529));
#9063=CARTESIAN_POINT('Ctrl Pts',(0.396079950593259,0.62992125984252,-2.06901024087226));
#9064=CARTESIAN_POINT('',(0.4240295535101,0.598425196850394,-2.07943053625576));
#9065=CARTESIAN_POINT('Ctrl Pts',(0.4240295535101,0.598425196850394,-2.07943053625576));
#9066=CARTESIAN_POINT('Ctrl Pts',(0.418590472835347,0.598425196850394,-2.07909062573174));
#9067=CARTESIAN_POINT('Ctrl Pts',(0.408190693804766,0.598425196850394,-2.07844070076254));
#9068=CARTESIAN_POINT('Ctrl Pts',(0.399991140488329,0.598425196850394,-2.0720558276529));
#9069=CARTESIAN_POINT('Ctrl Pts',(0.396079950593259,0.598425196850394,-2.06901024087226));
#9070=CARTESIAN_POINT('',(0.4240295535101,0.62992125984252,-2.07943053625576));
#9071=CARTESIAN_POINT('Ctrl Pts',(0.450731694752977,0.62992125984252,-2.06944302046593));
#9072=CARTESIAN_POINT('Ctrl Pts',(0.450731694752977,0.598425196850394,-2.06944302046593));
#9073=CARTESIAN_POINT('Ctrl Pts',(0.446967013594573,0.62992125984252,-2.07234700674145));
#9074=CARTESIAN_POINT('Ctrl Pts',(0.446967013594573,0.598425196850394,-2.07234700674145));
#9075=CARTESIAN_POINT('Ctrl Pts',(0.439113159765869,0.62992125984252,-2.07840528439336));
#9076=CARTESIAN_POINT('Ctrl Pts',(0.439113159765869,0.598425196850394,-2.07840528439336));
#9077=CARTESIAN_POINT('Ctrl Pts',(0.429194029237906,0.62992125984252,-2.07907950028542));
#9078=CARTESIAN_POINT('Ctrl Pts',(0.429194029237906,0.598425196850394,-2.07907950028542));
#9079=CARTESIAN_POINT('Ctrl Pts',(0.4240295535101,0.62992125984252,-2.07943053625576));
#9080=CARTESIAN_POINT('Ctrl Pts',(0.4240295535101,0.598425196850394,-2.07943053625576));
#9081=CARTESIAN_POINT('',(0.450731694752977,0.62992125984252,-2.06944302046593));
#9082=CARTESIAN_POINT('Ctrl Pts',(0.450731694752977,0.62992125984252,-2.06944302046593));
#9083=CARTESIAN_POINT('Ctrl Pts',(0.446967013594573,0.62992125984252,-2.07234700674145));
#9084=CARTESIAN_POINT('Ctrl Pts',(0.439113159765869,0.62992125984252,-2.07840528439336));
#9085=CARTESIAN_POINT('Ctrl Pts',(0.429194029237906,0.62992125984252,-2.07907950028542));
#9086=CARTESIAN_POINT('Ctrl Pts',(0.4240295535101,0.62992125984252,-2.07943053625576));
#9087=CARTESIAN_POINT('',(0.450731694752977,0.598425196850394,-2.06944302046593));
#9088=CARTESIAN_POINT('Ctrl Pts',(0.450731694752977,0.598425196850394,-2.06944302046593));
#9089=CARTESIAN_POINT('Ctrl Pts',(0.446967013594573,0.598425196850394,-2.07234700674145));
#9090=CARTESIAN_POINT('Ctrl Pts',(0.439113159765869,0.598425196850394,-2.07840528439336));
#9091=CARTESIAN_POINT('Ctrl Pts',(0.429194029237906,0.598425196850394,-2.07907950028542));
#9092=CARTESIAN_POINT('Ctrl Pts',(0.4240295535101,0.598425196850394,-2.07943053625576));
#9093=CARTESIAN_POINT('',(0.450731694752977,0.62992125984252,-2.06944302046593));
#9094=CARTESIAN_POINT('Ctrl Pts',(0.461024870503899,0.62992125984252,-2.04525342953808));
#9095=CARTESIAN_POINT('Ctrl Pts',(0.461024870503899,0.598425196850394,-2.04525342953808));
#9096=CARTESIAN_POINT('Ctrl Pts',(0.460606961457244,0.62992125984252,-2.04984931501068));
#9097=CARTESIAN_POINT('Ctrl Pts',(0.460606961457244,0.598425196850394,-2.04984931501068));
#9098=CARTESIAN_POINT('Ctrl Pts',(0.459773128410743,0.62992125984252,-2.05901925573263));
#9099=CARTESIAN_POINT('Ctrl Pts',(0.459773128410743,0.598425196850394,-2.05901925573263));
#9100=CARTESIAN_POINT('Ctrl Pts',(0.453740718996747,0.62992125984252,-2.0659739510704));
#9101=CARTESIAN_POINT('Ctrl Pts',(0.453740718996747,0.598425196850394,-2.0659739510704));
#9102=CARTESIAN_POINT('Ctrl Pts',(0.450731694752977,0.62992125984252,-2.06944302046593));
#9103=CARTESIAN_POINT('Ctrl Pts',(0.450731694752977,0.598425196850394,-2.06944302046593));
#9104=CARTESIAN_POINT('',(0.461024870503899,0.62992125984252,-2.04525342953808));
#9105=CARTESIAN_POINT('Ctrl Pts',(0.461024870503899,0.62992125984252,-2.04525342953808));
#9106=CARTESIAN_POINT('Ctrl Pts',(0.460606961457244,0.62992125984252,-2.04984931501068));
#9107=CARTESIAN_POINT('Ctrl Pts',(0.459773128410743,0.62992125984252,-2.05901925573263));
#9108=CARTESIAN_POINT('Ctrl Pts',(0.453740718996747,0.62992125984252,-2.0659739510704));
#9109=CARTESIAN_POINT('Ctrl Pts',(0.450731694752977,0.62992125984252,-2.06944302046593));
#9110=CARTESIAN_POINT('',(0.461024870503899,0.598425196850394,-2.04525342953808));
#9111=CARTESIAN_POINT('Ctrl Pts',(0.461024870503899,0.598425196850394,-2.04525342953808));
#9112=CARTESIAN_POINT('Ctrl Pts',(0.460606961457244,0.598425196850394,-2.04984931501068));
#9113=CARTESIAN_POINT('Ctrl Pts',(0.459773128410743,0.598425196850394,-2.05901925573263));
#9114=CARTESIAN_POINT('Ctrl Pts',(0.453740718996747,0.598425196850394,-2.0659739510704));
#9115=CARTESIAN_POINT('Ctrl Pts',(0.450731694752977,0.598425196850394,-2.06944302046593));
#9116=CARTESIAN_POINT('',(0.461024870503899,0.62992125984252,-2.04525342953808));
#9117=CARTESIAN_POINT('Ctrl Pts',(0.449689995334009,0.62992125984252,-2.01613684105424));
#9118=CARTESIAN_POINT('Ctrl Pts',(0.449689995334009,0.598425196850394,-2.01613684105424));
#9119=CARTESIAN_POINT('Ctrl Pts',(0.452980831906771,0.62992125984252,-2.02096113066383));
#9120=CARTESIAN_POINT('Ctrl Pts',(0.452980831906771,0.598425196850394,-2.02096113066383));
#9121=CARTESIAN_POINT('Ctrl Pts',(0.459024815249171,0.62992125984252,-2.02982146918098));
#9122=CARTESIAN_POINT('Ctrl Pts',(0.459024815249171,0.598425196850394,-2.02982146918098));
#9123=CARTESIAN_POINT('Ctrl Pts',(0.460398933909405,0.62992125984252,-2.04042384861052));
#9124=CARTESIAN_POINT('Ctrl Pts',(0.460398933909405,0.598425196850394,-2.04042384861052));
#9125=CARTESIAN_POINT('Ctrl Pts',(0.461024870503899,0.62992125984252,-2.04525342953808));
#9126=CARTESIAN_POINT('Ctrl Pts',(0.461024870503899,0.598425196850394,-2.04525342953808));
#9127=CARTESIAN_POINT('',(0.449689995334009,0.62992125984252,-2.01613684105424));
#9128=CARTESIAN_POINT('Ctrl Pts',(0.449689995334009,0.62992125984252,-2.01613684105424));
#9129=CARTESIAN_POINT('Ctrl Pts',(0.452980831906771,0.62992125984252,-2.02096113066383));
#9130=CARTESIAN_POINT('Ctrl Pts',(0.459024815249171,0.62992125984252,-2.02982146918098));
#9131=CARTESIAN_POINT('Ctrl Pts',(0.460398933909405,0.62992125984252,-2.04042384861052));
#9132=CARTESIAN_POINT('Ctrl Pts',(0.461024870503899,0.62992125984252,-2.04525342953808));
#9133=CARTESIAN_POINT('',(0.449689995334009,0.598425196850394,-2.01613684105424));
#9134=CARTESIAN_POINT('Ctrl Pts',(0.449689995334009,0.598425196850394,-2.01613684105424));
#9135=CARTESIAN_POINT('Ctrl Pts',(0.452980831906771,0.598425196850394,-2.02096113066383));
#9136=CARTESIAN_POINT('Ctrl Pts',(0.459024815249171,0.598425196850394,-2.02982146918098));
#9137=CARTESIAN_POINT('Ctrl Pts',(0.460398933909405,0.598425196850394,-2.04042384861052));
#9138=CARTESIAN_POINT('Ctrl Pts',(0.461024870503899,0.598425196850394,-2.04525342953808));
#9139=CARTESIAN_POINT('',(0.449689995334009,0.62992125984252,-2.01613684105424));
#9140=CARTESIAN_POINT('Ctrl Pts',(0.406239045917782,0.62992125984252,-1.97459381107524));
#9141=CARTESIAN_POINT('Ctrl Pts',(0.406239045917782,0.598425196850394,-1.97459381107524));
#9142=CARTESIAN_POINT('Ctrl Pts',(0.415492341520225,0.62992125984252,-1.98214990546743));
#9143=CARTESIAN_POINT('Ctrl Pts',(0.415492341520225,0.598425196850394,-1.98214990546743));
#9144=CARTESIAN_POINT('Ctrl Pts',(0.431073628893709,0.62992125984252,-1.99487333755089));
#9145=CARTESIAN_POINT('Ctrl Pts',(0.431073628893709,0.598425196850394,-1.99487333755089));
#9146=CARTESIAN_POINT('Ctrl Pts',(0.444313085721247,0.62992125984252,-2.00999536673621));
#9147=CARTESIAN_POINT('Ctrl Pts',(0.444313085721247,0.598425196850394,-2.00999536673621));
#9148=CARTESIAN_POINT('Ctrl Pts',(0.449689995334009,0.62992125984252,-2.01613684105424));
#9149=CARTESIAN_POINT('Ctrl Pts',(0.449689995334009,0.598425196850394,-2.01613684105424));
#9150=CARTESIAN_POINT('',(0.406239045917782,0.62992125984252,-1.97459381107524));
#9151=CARTESIAN_POINT('Ctrl Pts',(0.406239045917782,0.62992125984252,-1.97459381107524));
#9152=CARTESIAN_POINT('Ctrl Pts',(0.415492341520225,0.62992125984252,-1.98214990546743));
#9153=CARTESIAN_POINT('Ctrl Pts',(0.431073628893709,0.62992125984252,-1.99487333755089));
#9154=CARTESIAN_POINT('Ctrl Pts',(0.444313085721247,0.62992125984252,-2.00999536673621));
#9155=CARTESIAN_POINT('Ctrl Pts',(0.449689995334009,0.62992125984252,-2.01613684105424));
#9156=CARTESIAN_POINT('',(0.406239045917782,0.598425196850394,-1.97459381107524));
#9157=CARTESIAN_POINT('Ctrl Pts',(0.406239045917782,0.598425196850394,-1.97459381107524));
#9158=CARTESIAN_POINT('Ctrl Pts',(0.415492341520225,0.598425196850394,-1.98214990546743));
#9159=CARTESIAN_POINT('Ctrl Pts',(0.431073628893709,0.598425196850394,-1.99487333755089));
#9160=CARTESIAN_POINT('Ctrl Pts',(0.444313085721247,0.598425196850394,-2.00999536673621));
#9161=CARTESIAN_POINT('Ctrl Pts',(0.449689995334009,0.598425196850394,-2.01613684105424));
#9162=CARTESIAN_POINT('',(0.406239045917782,0.62992125984252,-1.97459381107524));
#9163=CARTESIAN_POINT('Ctrl Pts',(0.374492770444722,0.62992125984252,-1.9448448182081));
#9164=CARTESIAN_POINT('Ctrl Pts',(0.374492770444722,0.598425196850394,-1.9448448182081));
#9165=CARTESIAN_POINT('Ctrl Pts',(0.378893205861095,0.62992125984252,-1.9495579329205));
#9166=CARTESIAN_POINT('Ctrl Pts',(0.378893205861095,0.598425196850394,-1.9495579329205));
#9167=CARTESIAN_POINT('Ctrl Pts',(0.388809065718019,0.62992125984252,-1.96017837852545));
#9168=CARTESIAN_POINT('Ctrl Pts',(0.388809065718019,0.598425196850394,-1.96017837852545));
#9169=CARTESIAN_POINT('Ctrl Pts',(0.400009250850898,0.62992125984252,-1.96944147070787));
#9170=CARTESIAN_POINT('Ctrl Pts',(0.400009250850898,0.598425196850394,-1.96944147070787));
#9171=CARTESIAN_POINT('Ctrl Pts',(0.406239045917782,0.62992125984252,-1.97459381107524));
#9172=CARTESIAN_POINT('Ctrl Pts',(0.406239045917782,0.598425196850394,-1.97459381107524));
#9173=CARTESIAN_POINT('',(0.374492770444722,0.62992125984252,-1.9448448182081));
#9174=CARTESIAN_POINT('Ctrl Pts',(0.374492770444722,0.62992125984252,-1.9448448182081));
#9175=CARTESIAN_POINT('Ctrl Pts',(0.378893205861095,0.62992125984252,-1.9495579329205));
#9176=CARTESIAN_POINT('Ctrl Pts',(0.388809065718019,0.62992125984252,-1.96017837852545));
#9177=CARTESIAN_POINT('Ctrl Pts',(0.400009250850898,0.62992125984252,-1.96944147070787));
#9178=CARTESIAN_POINT('Ctrl Pts',(0.406239045917782,0.62992125984252,-1.97459381107524));
#9179=CARTESIAN_POINT('',(0.374492770444722,0.598425196850394,-1.9448448182081));
#9180=CARTESIAN_POINT('Ctrl Pts',(0.374492770444722,0.598425196850394,-1.9448448182081));
#9181=CARTESIAN_POINT('Ctrl Pts',(0.378893205861095,0.598425196850394,-1.9495579329205));
#9182=CARTESIAN_POINT('Ctrl Pts',(0.388809065718019,0.598425196850394,-1.96017837852545));
#9183=CARTESIAN_POINT('Ctrl Pts',(0.400009250850898,0.598425196850394,-1.96944147070787));
#9184=CARTESIAN_POINT('Ctrl Pts',(0.406239045917782,0.598425196850394,-1.97459381107524));
#9185=CARTESIAN_POINT('',(0.374492770444722,0.62992125984252,-1.9448448182081));
#9186=CARTESIAN_POINT('Ctrl Pts',(0.358598097794778,0.62992125984252,-1.91869105503155));
#9187=CARTESIAN_POINT('Ctrl Pts',(0.358598097794778,0.598425196850394,-1.91869105503155));
#9188=CARTESIAN_POINT('Ctrl Pts',(0.360582916628755,0.62992125984252,-1.92318816662692));
#9189=CARTESIAN_POINT('Ctrl Pts',(0.360582916628755,0.598425196850394,-1.92318816662692));
#9190=CARTESIAN_POINT('Ctrl Pts',(0.364735326859616,0.62992125984252,-1.93259650751842));
#9191=CARTESIAN_POINT('Ctrl Pts',(0.364735326859616,0.598425196850394,-1.93259650751842));
#9192=CARTESIAN_POINT('Ctrl Pts',(0.371146228463181,0.62992125984252,-1.94064397548035));
#9193=CARTESIAN_POINT('Ctrl Pts',(0.371146228463181,0.598425196850394,-1.94064397548035));
#9194=CARTESIAN_POINT('Ctrl Pts',(0.374492770444722,0.62992125984252,-1.9448448182081));
#9195=CARTESIAN_POINT('Ctrl Pts',(0.374492770444722,0.598425196850394,-1.9448448182081));
#9196=CARTESIAN_POINT('',(0.358598097794778,0.62992125984252,-1.91869105503155));
#9197=CARTESIAN_POINT('Ctrl Pts',(0.358598097794778,0.62992125984252,-1.91869105503155));
#9198=CARTESIAN_POINT('Ctrl Pts',(0.360582916628755,0.62992125984252,-1.92318816662692));
#9199=CARTESIAN_POINT('Ctrl Pts',(0.364735326859616,0.62992125984252,-1.93259650751842));
#9200=CARTESIAN_POINT('Ctrl Pts',(0.371146228463181,0.62992125984252,-1.94064397548035));
#9201=CARTESIAN_POINT('Ctrl Pts',(0.374492770444722,0.62992125984252,-1.9448448182081));
#9202=CARTESIAN_POINT('',(0.358598097794778,0.598425196850394,-1.91869105503155));
#9203=CARTESIAN_POINT('Ctrl Pts',(0.358598097794778,0.598425196850394,-1.91869105503155));
#9204=CARTESIAN_POINT('Ctrl Pts',(0.360582916628755,0.598425196850394,-1.92318816662692));
#9205=CARTESIAN_POINT('Ctrl Pts',(0.364735326859616,0.598425196850394,-1.93259650751842));
#9206=CARTESIAN_POINT('Ctrl Pts',(0.371146228463181,0.598425196850394,-1.94064397548035));
#9207=CARTESIAN_POINT('Ctrl Pts',(0.374492770444722,0.598425196850394,-1.9448448182081));
#9208=CARTESIAN_POINT('',(0.358598097794778,0.62992125984252,-1.91869105503155));
#9209=CARTESIAN_POINT('Ctrl Pts',(0.35574622925794,0.62992125984252,-1.90191182486059));
#9210=CARTESIAN_POINT('Ctrl Pts',(0.35574622925794,0.598425196850394,-1.90191182486059));
#9211=CARTESIAN_POINT('Ctrl Pts',(0.355800489391652,0.62992125984252,-1.90478892601796));
#9212=CARTESIAN_POINT('Ctrl Pts',(0.355800489391652,0.598425196850394,-1.90478892601796));
#9213=CARTESIAN_POINT('Ctrl Pts',(0.355908676354799,0.62992125984252,-1.9105254551341));
#9214=CARTESIAN_POINT('Ctrl Pts',(0.355908676354799,0.598425196850394,-1.9105254551341));
#9215=CARTESIAN_POINT('Ctrl Pts',(0.357703467122314,0.62992125984252,-1.91597478452863));
#9216=CARTESIAN_POINT('Ctrl Pts',(0.357703467122314,0.598425196850394,-1.91597478452863));
#9217=CARTESIAN_POINT('Ctrl Pts',(0.358598097794778,0.62992125984252,-1.91869105503155));
#9218=CARTESIAN_POINT('Ctrl Pts',(0.358598097794778,0.598425196850394,-1.91869105503155));
#9219=CARTESIAN_POINT('',(0.35574622925794,0.62992125984252,-1.90191182486059));
#9220=CARTESIAN_POINT('Ctrl Pts',(0.35574622925794,0.62992125984252,-1.90191182486059));
#9221=CARTESIAN_POINT('Ctrl Pts',(0.355800489391652,0.62992125984252,-1.90478892601796));
#9222=CARTESIAN_POINT('Ctrl Pts',(0.355908676354799,0.62992125984252,-1.9105254551341));
#9223=CARTESIAN_POINT('Ctrl Pts',(0.357703467122314,0.62992125984252,-1.91597478452863));
#9224=CARTESIAN_POINT('Ctrl Pts',(0.358598097794778,0.62992125984252,-1.91869105503155));
#9225=CARTESIAN_POINT('',(0.35574622925794,0.598425196850394,-1.90191182486059));
#9226=CARTESIAN_POINT('Ctrl Pts',(0.35574622925794,0.598425196850394,-1.90191182486059));
#9227=CARTESIAN_POINT('Ctrl Pts',(0.355800489391652,0.598425196850394,-1.90478892601796));
#9228=CARTESIAN_POINT('Ctrl Pts',(0.355908676354799,0.598425196850394,-1.9105254551341));
#9229=CARTESIAN_POINT('Ctrl Pts',(0.357703467122314,0.598425196850394,-1.91597478452863));
#9230=CARTESIAN_POINT('Ctrl Pts',(0.358598097794778,0.598425196850394,-1.91869105503155));
#9231=CARTESIAN_POINT('',(0.35574622925794,0.62992125984252,-1.90191182486059));
#9232=CARTESIAN_POINT('Origin',(0.485860608481476,0.62992125984252,-1.90166340428869));
#9233=CARTESIAN_POINT('',(0.485860608481476,0.62992125984252,-1.90166340428869));
#9234=CARTESIAN_POINT('',(0.485860608481476,0.62992125984252,-1.90166340428869));
#9235=CARTESIAN_POINT('',(0.485860608481476,0.598425196850394,-1.90166340428869));
#9236=CARTESIAN_POINT('',(0.485860608481476,0.598425196850394,-1.90166340428869));
#9237=CARTESIAN_POINT('',(0.485860608481476,0.62992125984252,-1.90166340428869));
#9238=CARTESIAN_POINT('Origin',(0.485904960124386,0.62992125984252,-1.92489331012858));
#9239=CARTESIAN_POINT('',(0.485904960124386,0.62992125984252,-1.92489331012858));
#9240=CARTESIAN_POINT('',(0.485904960124386,0.62992125984252,-1.92489331012858));
#9241=CARTESIAN_POINT('',(0.485904960124386,0.598425196850394,-1.92489331012858));
#9242=CARTESIAN_POINT('',(0.485904960124386,0.598425196850394,-1.92489331012858));
#9243=CARTESIAN_POINT('',(0.485904960124386,0.62992125984252,-1.92489331012858));
#9244=CARTESIAN_POINT('Origin',(0.389359832188247,0.62992125984252,-1.92507763868657));
#9245=CARTESIAN_POINT('',(0.389359832188247,0.62992125984252,-1.92507763868657));
#9246=CARTESIAN_POINT('',(0.389359832188247,0.598425196850394,-1.92507763868657));
#9247=CARTESIAN_POINT('Origin',(0.420825594691163,0.62992125984252,-2.00055009332758));
#9248=CARTESIAN_POINT('Origin',(0.420825594691163,0.598425196850394,-2.00055009332758));
#9249=CARTESIAN_POINT('Origin',(0.441725164983293,0.62992125984252,-1.09940409549068));
#9250=CARTESIAN_POINT('',(0.441725164983293,0.62992125984252,-1.09940409549068));
#9251=CARTESIAN_POINT('',(0.457301308656764,0.62992125984252,-1.09937435677508));
#9252=CARTESIAN_POINT('',(0.441725164983293,0.62992125984252,-1.09940409549068));
#9253=CARTESIAN_POINT('',(0.457301308656764,0.598425196850394,-1.09937435677508));
#9254=CARTESIAN_POINT('',(0.457301308656764,0.62992125984252,-1.09937435677508));
#9255=CARTESIAN_POINT('',(0.441725164983293,0.598425196850394,-1.09940409549068));
#9256=CARTESIAN_POINT('',(0.441725164983293,0.598425196850394,-1.09940409549068));
#9257=CARTESIAN_POINT('',(0.441725164983293,0.62992125984252,-1.09940409549068));
#9258=CARTESIAN_POINT('Ctrl Pts',(0.420190602598639,0.62992125984252,-1.07312682530007));
#9259=CARTESIAN_POINT('Ctrl Pts',(0.420190602598639,0.598425196850394,-1.07312682530007));
#9260=CARTESIAN_POINT('Ctrl Pts',(0.424765844750082,0.62992125984252,-1.0773727861464));
#9261=CARTESIAN_POINT('Ctrl Pts',(0.424765844750082,0.598425196850394,-1.0773727861464));
#9262=CARTESIAN_POINT('Ctrl Pts',(0.433154151124128,0.62992125984252,-1.08515738404358));
#9263=CARTESIAN_POINT('Ctrl Pts',(0.433154151124128,0.598425196850394,-1.08515738404358));
#9264=CARTESIAN_POINT('Ctrl Pts',(0.439046627679723,0.62992125984252,-1.09495183946925));
#9265=CARTESIAN_POINT('Ctrl Pts',(0.439046627679723,0.598425196850394,-1.09495183946925));
#9266=CARTESIAN_POINT('Ctrl Pts',(0.441725164983293,0.62992125984252,-1.09940409549068));
#9267=CARTESIAN_POINT('Ctrl Pts',(0.441725164983293,0.598425196850394,-1.09940409549068));
#9268=CARTESIAN_POINT('',(0.420190602598639,0.62992125984252,-1.07312682530007));
#9269=CARTESIAN_POINT('Ctrl Pts',(0.420190602598639,0.62992125984252,-1.07312682530007));
#9270=CARTESIAN_POINT('Ctrl Pts',(0.424765844750082,0.62992125984252,-1.0773727861464));
#9271=CARTESIAN_POINT('Ctrl Pts',(0.433154151124128,0.62992125984252,-1.08515738404358));
#9272=CARTESIAN_POINT('Ctrl Pts',(0.439046627679723,0.62992125984252,-1.09495183946925));
#9273=CARTESIAN_POINT('Ctrl Pts',(0.441725164983293,0.62992125984252,-1.09940409549068));
#9274=CARTESIAN_POINT('',(0.420190602598639,0.598425196850394,-1.07312682530007));
#9275=CARTESIAN_POINT('Ctrl Pts',(0.420190602598639,0.598425196850394,-1.07312682530007));
#9276=CARTESIAN_POINT('Ctrl Pts',(0.424765844750082,0.598425196850394,-1.0773727861464));
#9277=CARTESIAN_POINT('Ctrl Pts',(0.433154151124128,0.598425196850394,-1.08515738404358));
#9278=CARTESIAN_POINT('Ctrl Pts',(0.439046627679723,0.598425196850394,-1.09495183946925));
#9279=CARTESIAN_POINT('Ctrl Pts',(0.441725164983293,0.598425196850394,-1.09940409549068));
#9280=CARTESIAN_POINT('',(0.420190602598639,0.62992125984252,-1.07312682530007));
#9281=CARTESIAN_POINT('Ctrl Pts',(0.384697389974227,0.62992125984252,-1.05009887507471));
#9282=CARTESIAN_POINT('Ctrl Pts',(0.384697389974227,0.598425196850394,-1.05009887507471));
#9283=CARTESIAN_POINT('Ctrl Pts',(0.391184598644676,0.62992125984252,-1.05337450879778));
#9284=CARTESIAN_POINT('Ctrl Pts',(0.391184598644676,0.598425196850394,-1.05337450879778));
#9285=CARTESIAN_POINT('Ctrl Pts',(0.403849892928365,0.62992125984252,-1.05976968847764));
#9286=CARTESIAN_POINT('Ctrl Pts',(0.403849892928365,0.598425196850394,-1.05976968847764));
#9287=CARTESIAN_POINT('Ctrl Pts',(0.414833055073924,0.62992125984252,-1.06874748702381));
#9288=CARTESIAN_POINT('Ctrl Pts',(0.414833055073924,0.598425196850394,-1.06874748702381));
#9289=CARTESIAN_POINT('Ctrl Pts',(0.420190602598639,0.62992125984252,-1.07312682530007));
#9290=CARTESIAN_POINT('Ctrl Pts',(0.420190602598639,0.598425196850394,-1.07312682530007));
#9291=CARTESIAN_POINT('',(0.384697389974227,0.62992125984252,-1.05009887507471));
#9292=CARTESIAN_POINT('Ctrl Pts',(0.384697389974227,0.62992125984252,-1.05009887507471));
#9293=CARTESIAN_POINT('Ctrl Pts',(0.391184598644676,0.62992125984252,-1.05337450879778));
#9294=CARTESIAN_POINT('Ctrl Pts',(0.403849892928365,0.62992125984252,-1.05976968847764));
#9295=CARTESIAN_POINT('Ctrl Pts',(0.414833055073924,0.62992125984252,-1.06874748702381));
#9296=CARTESIAN_POINT('Ctrl Pts',(0.420190602598639,0.62992125984252,-1.07312682530007));
#9297=CARTESIAN_POINT('',(0.384697389974227,0.598425196850394,-1.05009887507471));
#9298=CARTESIAN_POINT('Ctrl Pts',(0.384697389974227,0.598425196850394,-1.05009887507471));
#9299=CARTESIAN_POINT('Ctrl Pts',(0.391184598644676,0.598425196850394,-1.05337450879778));
#9300=CARTESIAN_POINT('Ctrl Pts',(0.403849892928365,0.598425196850394,-1.05976968847764));
#9301=CARTESIAN_POINT('Ctrl Pts',(0.414833055073924,0.598425196850394,-1.06874748702381));
#9302=CARTESIAN_POINT('Ctrl Pts',(0.420190602598639,0.598425196850394,-1.07312682530007));
#9303=CARTESIAN_POINT('',(0.384697389974227,0.62992125984252,-1.05009887507471));
#9304=CARTESIAN_POINT('Origin',(0.384652781923297,0.62992125984252,-1.02673467129768));
#9305=CARTESIAN_POINT('',(0.384652781923297,0.62992125984252,-1.02673467129768));
#9306=CARTESIAN_POINT('',(0.384652781923297,0.62992125984252,-1.02673467129768));
#9307=CARTESIAN_POINT('',(0.384652781923297,0.598425196850394,-1.02673467129768));
#9308=CARTESIAN_POINT('',(0.384652781923297,0.598425196850394,-1.02673467129768));
#9309=CARTESIAN_POINT('',(0.384652781923297,0.62992125984252,-1.02673467129768));
#9310=CARTESIAN_POINT('Ctrl Pts',(0.410054968455598,0.62992125984252,-1.03917397820001));
#9311=CARTESIAN_POINT('Ctrl Pts',(0.410054968455598,0.598425196850394,-1.03917397820001));
#9312=CARTESIAN_POINT('Ctrl Pts',(0.405638499897468,0.62992125984252,-1.03664541303837));
#9313=CARTESIAN_POINT('Ctrl Pts',(0.405638499897468,0.598425196850394,-1.03664541303837));
#9314=CARTESIAN_POINT('Ctrl Pts',(0.397437558650942,0.62992125984252,-1.03195011994261));
#9315=CARTESIAN_POINT('Ctrl Pts',(0.397437558650942,0.598425196850394,-1.03195011994261));
#9316=CARTESIAN_POINT('Ctrl Pts',(0.38868965863158,0.62992125984252,-1.02838148325275));
#9317=CARTESIAN_POINT('Ctrl Pts',(0.38868965863158,0.598425196850394,-1.02838148325275));
#9318=CARTESIAN_POINT('Ctrl Pts',(0.384652781923297,0.62992125984252,-1.02673467129768));
#9319=CARTESIAN_POINT('Ctrl Pts',(0.384652781923297,0.598425196850394,-1.02673467129768));
#9320=CARTESIAN_POINT('',(0.410054968455598,0.62992125984252,-1.03917397820001));
#9321=CARTESIAN_POINT('Ctrl Pts',(0.410054968455598,0.62992125984252,-1.03917397820001));
#9322=CARTESIAN_POINT('Ctrl Pts',(0.405638499897468,0.62992125984252,-1.03664541303837));
#9323=CARTESIAN_POINT('Ctrl Pts',(0.397437558650942,0.62992125984252,-1.03195011994261));
#9324=CARTESIAN_POINT('Ctrl Pts',(0.38868965863158,0.62992125984252,-1.02838148325275));
#9325=CARTESIAN_POINT('Ctrl Pts',(0.384652781923297,0.62992125984252,-1.02673467129768));
#9326=CARTESIAN_POINT('',(0.410054968455598,0.598425196850394,-1.03917397820001));
#9327=CARTESIAN_POINT('Ctrl Pts',(0.410054968455598,0.598425196850394,-1.03917397820001));
#9328=CARTESIAN_POINT('Ctrl Pts',(0.405638499897468,0.598425196850394,-1.03664541303837));
#9329=CARTESIAN_POINT('Ctrl Pts',(0.397437558650942,0.598425196850394,-1.03195011994261));
#9330=CARTESIAN_POINT('Ctrl Pts',(0.38868965863158,0.598425196850394,-1.02838148325275));
#9331=CARTESIAN_POINT('Ctrl Pts',(0.384652781923297,0.598425196850394,-1.02673467129768));
#9332=CARTESIAN_POINT('',(0.410054968455598,0.62992125984252,-1.03917397820001));
#9333=CARTESIAN_POINT('Ctrl Pts',(0.43304811497521,0.62992125984252,-1.0557804787232));
#9334=CARTESIAN_POINT('Ctrl Pts',(0.43304811497521,0.598425196850394,-1.0557804787232));
#9335=CARTESIAN_POINT('Ctrl Pts',(0.429742508755648,0.62992125984252,-1.05291885052931));
#9336=CARTESIAN_POINT('Ctrl Pts',(0.429742508755648,0.598425196850394,-1.05291885052931));
#9337=CARTESIAN_POINT('Ctrl Pts',(0.422569563969735,0.62992125984252,-1.04670930841531));
#9338=CARTESIAN_POINT('Ctrl Pts',(0.422569563969735,0.598425196850394,-1.04670930841531));
#9339=CARTESIAN_POINT('Ctrl Pts',(0.414438748865018,0.62992125984252,-1.04181355475996));
#9340=CARTESIAN_POINT('Ctrl Pts',(0.414438748865018,0.598425196850394,-1.04181355475996));
#9341=CARTESIAN_POINT('Ctrl Pts',(0.410054968455598,0.62992125984252,-1.03917397820001));
#9342=CARTESIAN_POINT('Ctrl Pts',(0.410054968455598,0.598425196850394,-1.03917397820001));
#9343=CARTESIAN_POINT('',(0.43304811497521,0.62992125984252,-1.0557804787232));
#9344=CARTESIAN_POINT('Ctrl Pts',(0.43304811497521,0.62992125984252,-1.0557804787232));
#9345=CARTESIAN_POINT('Ctrl Pts',(0.429742508755648,0.62992125984252,-1.05291885052931));
#9346=CARTESIAN_POINT('Ctrl Pts',(0.422569563969735,0.62992125984252,-1.04670930841531));
#9347=CARTESIAN_POINT('Ctrl Pts',(0.414438748865018,0.62992125984252,-1.04181355475996));
#9348=CARTESIAN_POINT('Ctrl Pts',(0.410054968455598,0.62992125984252,-1.03917397820001));
#9349=CARTESIAN_POINT('',(0.43304811497521,0.598425196850394,-1.0557804787232));
#9350=CARTESIAN_POINT('Ctrl Pts',(0.43304811497521,0.598425196850394,-1.0557804787232));
#9351=CARTESIAN_POINT('Ctrl Pts',(0.429742508755648,0.598425196850394,-1.05291885052931));
#9352=CARTESIAN_POINT('Ctrl Pts',(0.422569563969735,0.598425196850394,-1.04670930841531));
#9353=CARTESIAN_POINT('Ctrl Pts',(0.414438748865018,0.598425196850394,-1.04181355475996));
#9354=CARTESIAN_POINT('Ctrl Pts',(0.410054968455598,0.598425196850394,-1.03917397820001));
#9355=CARTESIAN_POINT('',(0.43304811497521,0.62992125984252,-1.0557804787232));
#9356=CARTESIAN_POINT('Origin',(0.432754060899908,0.62992125984252,-0.901764797839505));
#9357=CARTESIAN_POINT('',(0.432754060899908,0.62992125984252,-0.901764797839505));
#9358=CARTESIAN_POINT('',(0.432754060899908,0.62992125984252,-0.901764797839505));
#9359=CARTESIAN_POINT('',(0.432754060899908,0.598425196850394,-0.901764797839505));
#9360=CARTESIAN_POINT('',(0.432754060899908,0.598425196850394,-0.901764797839505));
#9361=CARTESIAN_POINT('',(0.432754060899908,0.62992125984252,-0.901764797839505));
#9362=CARTESIAN_POINT('Origin',(0.456923934967991,0.62992125984252,-0.901718651564399));
#9363=CARTESIAN_POINT('',(0.456923934967991,0.62992125984252,-0.901718651564399));
#9364=CARTESIAN_POINT('',(0.456923934967991,0.62992125984252,-0.901718651564399));
#9365=CARTESIAN_POINT('',(0.456923934967991,0.598425196850394,-0.901718651564399));
#9366=CARTESIAN_POINT('',(0.456923934967991,0.598425196850394,-0.901718651564399));
#9367=CARTESIAN_POINT('',(0.456923934967991,0.62992125984252,-0.901718651564399));
#9368=CARTESIAN_POINT('Origin',(0.457301308656764,0.62992125984252,-1.09937435677508));
#9369=CARTESIAN_POINT('',(0.457301308656764,0.62992125984252,-1.09937435677508));
#9370=CARTESIAN_POINT('',(0.457301308656764,0.598425196850394,-1.09937435677508));
#9371=CARTESIAN_POINT('Origin',(0.420977045290031,0.62992125984252,-1.00056137352754));
#9372=CARTESIAN_POINT('Origin',(0.420977045290031,0.598425196850394,-1.00056137352754));
#9373=CARTESIAN_POINT('Ctrl Pts',(0.418782606163653,0.62992125984252,-2.89830025344087));
#9374=CARTESIAN_POINT('Ctrl Pts',(0.418782606163653,0.598425196850394,-2.89830025344087));
#9375=CARTESIAN_POINT('Ctrl Pts',(0.410606361583631,0.62992125984252,-2.89887369341846));
#9376=CARTESIAN_POINT('Ctrl Pts',(0.410606361583631,0.598425196850394,-2.89887369341846));
#9377=CARTESIAN_POINT('Ctrl Pts',(0.394756307962003,0.62992125984252,-2.89998533511468));
#9378=CARTESIAN_POINT('Ctrl Pts',(0.394756307962003,0.598425196850394,-2.89998533511468));
#9379=CARTESIAN_POINT('Ctrl Pts',(0.381922620026379,0.62992125984252,-2.9093099012942));
#9380=CARTESIAN_POINT('Ctrl Pts',(0.381922620026379,0.598425196850394,-2.9093099012942));
#9381=CARTESIAN_POINT('Ctrl Pts',(0.375709185493694,0.62992125984252,-2.91382439329313));
#9382=CARTESIAN_POINT('Ctrl Pts',(0.375709185493694,0.598425196850394,-2.91382439329313));
#9383=CARTESIAN_POINT('',(0.418782606163653,0.62992125984252,-2.89830025344087));
#9384=CARTESIAN_POINT('',(0.375709185493694,0.62992125984252,-2.91382439329313));
#9385=CARTESIAN_POINT('Ctrl Pts',(0.418782606163653,0.62992125984252,-2.89830025344087));
#9386=CARTESIAN_POINT('Ctrl Pts',(0.410606361583631,0.62992125984252,-2.89887369341846));
#9387=CARTESIAN_POINT('Ctrl Pts',(0.394756307962003,0.62992125984252,-2.89998533511468));
#9388=CARTESIAN_POINT('Ctrl Pts',(0.381922620026379,0.62992125984252,-2.9093099012942));
#9389=CARTESIAN_POINT('Ctrl Pts',(0.375709185493694,0.62992125984252,-2.91382439329313));
#9390=CARTESIAN_POINT('',(0.375709185493694,0.598425196850394,-2.91382439329313));
#9391=CARTESIAN_POINT('',(0.375709185493694,0.62992125984252,-2.91382439329313));
#9392=CARTESIAN_POINT('',(0.418782606163653,0.598425196850394,-2.89830025344087));
#9393=CARTESIAN_POINT('Ctrl Pts',(0.418782606163653,0.598425196850394,-2.89830025344087));
#9394=CARTESIAN_POINT('Ctrl Pts',(0.410606361583631,0.598425196850394,-2.89887369341846));
#9395=CARTESIAN_POINT('Ctrl Pts',(0.394756307962003,0.598425196850394,-2.89998533511468));
#9396=CARTESIAN_POINT('Ctrl Pts',(0.381922620026379,0.598425196850394,-2.9093099012942));
#9397=CARTESIAN_POINT('Ctrl Pts',(0.375709185493694,0.598425196850394,-2.91382439329313));
#9398=CARTESIAN_POINT('',(0.418782606163653,0.62992125984252,-2.89830025344087));
#9399=CARTESIAN_POINT('Ctrl Pts',(0.466350757477451,0.62992125984252,-2.91606833230271));
#9400=CARTESIAN_POINT('Ctrl Pts',(0.466350757477451,0.598425196850394,-2.91606833230271));
#9401=CARTESIAN_POINT('Ctrl Pts',(0.459530480642135,0.62992125984252,-2.91087369283159));
#9402=CARTESIAN_POINT('Ctrl Pts',(0.459530480642135,0.598425196850394,-2.91087369283159));
#9403=CARTESIAN_POINT('Ctrl Pts',(0.445488183509764,0.62992125984252,-2.90017842741785));
#9404=CARTESIAN_POINT('Ctrl Pts',(0.445488183509764,0.598425196850394,-2.90017842741785));
#9405=CARTESIAN_POINT('Ctrl Pts',(0.427852646727066,0.62992125984252,-2.89893813945005));
#9406=CARTESIAN_POINT('Ctrl Pts',(0.427852646727066,0.598425196850394,-2.89893813945005));
#9407=CARTESIAN_POINT('Ctrl Pts',(0.418782606163653,0.62992125984252,-2.89830025344087));
#9408=CARTESIAN_POINT('Ctrl Pts',(0.418782606163653,0.598425196850394,-2.89830025344087));
#9409=CARTESIAN_POINT('',(0.466350757477451,0.62992125984252,-2.91606833230271));
#9410=CARTESIAN_POINT('Ctrl Pts',(0.466350757477451,0.62992125984252,-2.91606833230271));
#9411=CARTESIAN_POINT('Ctrl Pts',(0.459530480642135,0.62992125984252,-2.91087369283159));
#9412=CARTESIAN_POINT('Ctrl Pts',(0.445488183509764,0.62992125984252,-2.90017842741785));
#9413=CARTESIAN_POINT('Ctrl Pts',(0.427852646727066,0.62992125984252,-2.89893813945005));
#9414=CARTESIAN_POINT('Ctrl Pts',(0.418782606163653,0.62992125984252,-2.89830025344087));
#9415=CARTESIAN_POINT('',(0.466350757477451,0.598425196850394,-2.91606833230271));
#9416=CARTESIAN_POINT('Ctrl Pts',(0.466350757477451,0.598425196850394,-2.91606833230271));
#9417=CARTESIAN_POINT('Ctrl Pts',(0.459530480642135,0.598425196850394,-2.91087369283159));
#9418=CARTESIAN_POINT('Ctrl Pts',(0.445488183509764,0.598425196850394,-2.90017842741785));
#9419=CARTESIAN_POINT('Ctrl Pts',(0.427852646727066,0.598425196850394,-2.89893813945005));
#9420=CARTESIAN_POINT('Ctrl Pts',(0.418782606163653,0.598425196850394,-2.89830025344087));
#9421=CARTESIAN_POINT('',(0.466350757477451,0.62992125984252,-2.91606833230271));
#9422=CARTESIAN_POINT('Ctrl Pts',(0.485233111359118,0.62992125984252,-2.95980673957806));
#9423=CARTESIAN_POINT('Ctrl Pts',(0.485233111359118,0.598425196850394,-2.95980673957806));
#9424=CARTESIAN_POINT('Ctrl Pts',(0.484425829610106,0.62992125984252,-2.95153118802986));
#9425=CARTESIAN_POINT('Ctrl Pts',(0.484425829610106,0.598425196850394,-2.95153118802986));
#9426=CARTESIAN_POINT('Ctrl Pts',(0.482807009944593,0.62992125984252,-2.93493645439992));
#9427=CARTESIAN_POINT('Ctrl Pts',(0.482807009944593,0.598425196850394,-2.93493645439992));
#9428=CARTESIAN_POINT('Ctrl Pts',(0.471845781312389,0.62992125984252,-2.92236872061115));
#9429=CARTESIAN_POINT('Ctrl Pts',(0.471845781312389,0.598425196850394,-2.92236872061115));
#9430=CARTESIAN_POINT('Ctrl Pts',(0.466350757477451,0.62992125984252,-2.91606833230271));
#9431=CARTESIAN_POINT('Ctrl Pts',(0.466350757477451,0.598425196850394,-2.91606833230271));
#9432=CARTESIAN_POINT('',(0.485233111359118,0.62992125984252,-2.95980673957806));
#9433=CARTESIAN_POINT('Ctrl Pts',(0.485233111359118,0.62992125984252,-2.95980673957806));
#9434=CARTESIAN_POINT('Ctrl Pts',(0.484425829610106,0.62992125984252,-2.95153118802986));
#9435=CARTESIAN_POINT('Ctrl Pts',(0.482807009944593,0.62992125984252,-2.93493645439992));
#9436=CARTESIAN_POINT('Ctrl Pts',(0.471845781312389,0.62992125984252,-2.92236872061115));
#9437=CARTESIAN_POINT('Ctrl Pts',(0.466350757477451,0.62992125984252,-2.91606833230271));
#9438=CARTESIAN_POINT('',(0.485233111359118,0.598425196850394,-2.95980673957806));
#9439=CARTESIAN_POINT('Ctrl Pts',(0.485233111359118,0.598425196850394,-2.95980673957806));
#9440=CARTESIAN_POINT('Ctrl Pts',(0.484425829610106,0.598425196850394,-2.95153118802986));
#9441=CARTESIAN_POINT('Ctrl Pts',(0.482807009944593,0.598425196850394,-2.93493645439992));
#9442=CARTESIAN_POINT('Ctrl Pts',(0.471845781312389,0.598425196850394,-2.92236872061115));
#9443=CARTESIAN_POINT('Ctrl Pts',(0.466350757477451,0.598425196850394,-2.91606833230271));
#9444=CARTESIAN_POINT('',(0.485233111359118,0.62992125984252,-2.95980673957806));
#9445=CARTESIAN_POINT('Ctrl Pts',(0.475625664571056,0.62992125984252,-2.99151455985182));
#9446=CARTESIAN_POINT('Ctrl Pts',(0.475625664571056,0.598425196850394,-2.99151455985182));
#9447=CARTESIAN_POINT('Ctrl Pts',(0.478434815990255,0.62992125984252,-2.98689069276644));
#9448=CARTESIAN_POINT('Ctrl Pts',(0.478434815990255,0.598425196850394,-2.98689069276644));
#9449=CARTESIAN_POINT('Ctrl Pts',(0.484343052032972,0.62992125984252,-2.97716572814406));
#9450=CARTESIAN_POINT('Ctrl Pts',(0.484343052032972,0.598425196850394,-2.97716572814406));
#9451=CARTESIAN_POINT('Ctrl Pts',(0.484926874990514,0.62992125984252,-2.96577932305078));
#9452=CARTESIAN_POINT('Ctrl Pts',(0.484926874990514,0.598425196850394,-2.96577932305078));
#9453=CARTESIAN_POINT('Ctrl Pts',(0.485233111359118,0.62992125984252,-2.95980673957806));
#9454=CARTESIAN_POINT('Ctrl Pts',(0.485233111359118,0.598425196850394,-2.95980673957806));
#9455=CARTESIAN_POINT('',(0.475625664571056,0.62992125984252,-2.99151455985182));
#9456=CARTESIAN_POINT('Ctrl Pts',(0.475625664571056,0.62992125984252,-2.99151455985182));
#9457=CARTESIAN_POINT('Ctrl Pts',(0.478434815990255,0.62992125984252,-2.98689069276644));
#9458=CARTESIAN_POINT('Ctrl Pts',(0.484343052032972,0.62992125984252,-2.97716572814406));
#9459=CARTESIAN_POINT('Ctrl Pts',(0.484926874990514,0.62992125984252,-2.96577932305078));
#9460=CARTESIAN_POINT('Ctrl Pts',(0.485233111359118,0.62992125984252,-2.95980673957806));
#9461=CARTESIAN_POINT('',(0.475625664571056,0.598425196850394,-2.99151455985182));
#9462=CARTESIAN_POINT('Ctrl Pts',(0.475625664571056,0.598425196850394,-2.99151455985182));
#9463=CARTESIAN_POINT('Ctrl Pts',(0.478434815990255,0.598425196850394,-2.98689069276644));
#9464=CARTESIAN_POINT('Ctrl Pts',(0.484343052032972,0.598425196850394,-2.97716572814406));
#9465=CARTESIAN_POINT('Ctrl Pts',(0.484926874990514,0.598425196850394,-2.96577932305078));
#9466=CARTESIAN_POINT('Ctrl Pts',(0.485233111359118,0.598425196850394,-2.95980673957806));
#9467=CARTESIAN_POINT('',(0.475625664571056,0.62992125984252,-2.99151455985182));
#9468=CARTESIAN_POINT('Ctrl Pts',(0.448533751197533,0.62992125984252,-3.00835096011783));
#9469=CARTESIAN_POINT('Ctrl Pts',(0.448533751197533,0.598425196850394,-3.00835096011783));
#9470=CARTESIAN_POINT('Ctrl Pts',(0.453971353603335,0.62992125984252,-3.00670309404001));
#9471=CARTESIAN_POINT('Ctrl Pts',(0.453971353603335,0.598425196850394,-3.00670309404001));
#9472=CARTESIAN_POINT('Ctrl Pts',(0.464521465850045,0.62992125984252,-3.00350588122614));
#9473=CARTESIAN_POINT('Ctrl Pts',(0.464521465850045,0.598425196850394,-3.00350588122614));
#9474=CARTESIAN_POINT('Ctrl Pts',(0.472001091053353,0.62992125984252,-2.99542870323016));
#9475=CARTESIAN_POINT('Ctrl Pts',(0.472001091053353,0.598425196850394,-2.99542870323016));
#9476=CARTESIAN_POINT('Ctrl Pts',(0.475625664571056,0.62992125984252,-2.99151455985182));
#9477=CARTESIAN_POINT('Ctrl Pts',(0.475625664571056,0.598425196850394,-2.99151455985182));
#9478=CARTESIAN_POINT('',(0.448533751197533,0.62992125984252,-3.00835096011783));
#9479=CARTESIAN_POINT('Ctrl Pts',(0.448533751197533,0.62992125984252,-3.00835096011783));
#9480=CARTESIAN_POINT('Ctrl Pts',(0.453971353603335,0.62992125984252,-3.00670309404001));
#9481=CARTESIAN_POINT('Ctrl Pts',(0.464521465850045,0.62992125984252,-3.00350588122614));
#9482=CARTESIAN_POINT('Ctrl Pts',(0.472001091053353,0.62992125984252,-2.99542870323016));
#9483=CARTESIAN_POINT('Ctrl Pts',(0.475625664571056,0.62992125984252,-2.99151455985182));
#9484=CARTESIAN_POINT('',(0.448533751197533,0.598425196850394,-3.00835096011783));
#9485=CARTESIAN_POINT('Ctrl Pts',(0.448533751197533,0.598425196850394,-3.00835096011783));
#9486=CARTESIAN_POINT('Ctrl Pts',(0.453971353603335,0.598425196850394,-3.00670309404001));
#9487=CARTESIAN_POINT('Ctrl Pts',(0.464521465850045,0.598425196850394,-3.00350588122614));
#9488=CARTESIAN_POINT('Ctrl Pts',(0.472001091053353,0.598425196850394,-2.99542870323016));
#9489=CARTESIAN_POINT('Ctrl Pts',(0.475625664571056,0.598425196850394,-2.99151455985182));
#9490=CARTESIAN_POINT('',(0.448533751197533,0.62992125984252,-3.00835096011783));
#9491=CARTESIAN_POINT('Ctrl Pts',(0.468841361413573,0.62992125984252,-3.02496261146132));
#9492=CARTESIAN_POINT('Ctrl Pts',(0.468841361413573,0.598425196850394,-3.02496261146132));
#9493=CARTESIAN_POINT('Ctrl Pts',(0.466186851682576,0.62992125984252,-3.02161465422914));
#9494=CARTESIAN_POINT('Ctrl Pts',(0.466186851682576,0.598425196850394,-3.02161465422914));
#9495=CARTESIAN_POINT('Ctrl Pts',(0.460633281154531,0.62992125984252,-3.01461030370947));
#9496=CARTESIAN_POINT('Ctrl Pts',(0.460633281154531,0.598425196850394,-3.01461030370947));
#9497=CARTESIAN_POINT('Ctrl Pts',(0.452683615495637,0.62992125984252,-3.01049777297691));
#9498=CARTESIAN_POINT('Ctrl Pts',(0.452683615495637,0.598425196850394,-3.01049777297691));
#9499=CARTESIAN_POINT('Ctrl Pts',(0.448533751197533,0.62992125984252,-3.00835096011783));
#9500=CARTESIAN_POINT('Ctrl Pts',(0.448533751197533,0.598425196850394,-3.00835096011783));
#9501=CARTESIAN_POINT('',(0.468841361413573,0.62992125984252,-3.02496261146132));
#9502=CARTESIAN_POINT('Ctrl Pts',(0.468841361413573,0.62992125984252,-3.02496261146132));
#9503=CARTESIAN_POINT('Ctrl Pts',(0.466186851682576,0.62992125984252,-3.02161465422914));
#9504=CARTESIAN_POINT('Ctrl Pts',(0.460633281154531,0.62992125984252,-3.01461030370947));
#9505=CARTESIAN_POINT('Ctrl Pts',(0.452683615495637,0.62992125984252,-3.01049777297691));
#9506=CARTESIAN_POINT('Ctrl Pts',(0.448533751197533,0.62992125984252,-3.00835096011783));
#9507=CARTESIAN_POINT('',(0.468841361413573,0.598425196850394,-3.02496261146132));
#9508=CARTESIAN_POINT('Ctrl Pts',(0.468841361413573,0.598425196850394,-3.02496261146132));
#9509=CARTESIAN_POINT('Ctrl Pts',(0.466186851682576,0.598425196850394,-3.02161465422914));
#9510=CARTESIAN_POINT('Ctrl Pts',(0.460633281154531,0.598425196850394,-3.01461030370947));
#9511=CARTESIAN_POINT('Ctrl Pts',(0.452683615495637,0.598425196850394,-3.01049777297691));
#9512=CARTESIAN_POINT('Ctrl Pts',(0.448533751197533,0.598425196850394,-3.00835096011783));
#9513=CARTESIAN_POINT('',(0.468841361413573,0.62992125984252,-3.02496261146132));
#9514=CARTESIAN_POINT('Ctrl Pts',(0.475733851864558,0.62992125984252,-3.04817944250833));
#9515=CARTESIAN_POINT('Ctrl Pts',(0.475733851864558,0.598425196850394,-3.04817944250833));
#9516=CARTESIAN_POINT('Ctrl Pts',(0.475446484497509,0.62992125984252,-3.04403200599456));
#9517=CARTESIAN_POINT('Ctrl Pts',(0.475446484497509,0.598425196850394,-3.04403200599456));
#9518=CARTESIAN_POINT('Ctrl Pts',(0.474874672812764,0.62992125984252,-3.03577931994789));
#9519=CARTESIAN_POINT('Ctrl Pts',(0.474874672812764,0.598425196850394,-3.03577931994789));
#9520=CARTESIAN_POINT('Ctrl Pts',(0.470845599794967,0.62992125984252,-3.02855587242114));
#9521=CARTESIAN_POINT('Ctrl Pts',(0.470845599794967,0.598425196850394,-3.02855587242114));
#9522=CARTESIAN_POINT('Ctrl Pts',(0.468841361413573,0.62992125984252,-3.02496261146132));
#9523=CARTESIAN_POINT('Ctrl Pts',(0.468841361413573,0.598425196850394,-3.02496261146132));
#9524=CARTESIAN_POINT('',(0.475733851864558,0.62992125984252,-3.04817944250833));
#9525=CARTESIAN_POINT('Ctrl Pts',(0.475733851864558,0.62992125984252,-3.04817944250833));
#9526=CARTESIAN_POINT('Ctrl Pts',(0.475446484497509,0.62992125984252,-3.04403200599456));
#9527=CARTESIAN_POINT('Ctrl Pts',(0.474874672812764,0.62992125984252,-3.03577931994789));
#9528=CARTESIAN_POINT('Ctrl Pts',(0.470845599794967,0.62992125984252,-3.02855587242114));
#9529=CARTESIAN_POINT('Ctrl Pts',(0.468841361413573,0.62992125984252,-3.02496261146132));
#9530=CARTESIAN_POINT('',(0.475733851864558,0.598425196850394,-3.04817944250833));
#9531=CARTESIAN_POINT('Ctrl Pts',(0.475733851864558,0.598425196850394,-3.04817944250833));
#9532=CARTESIAN_POINT('Ctrl Pts',(0.475446484497509,0.598425196850394,-3.04403200599456));
#9533=CARTESIAN_POINT('Ctrl Pts',(0.474874672812764,0.598425196850394,-3.03577931994789));
#9534=CARTESIAN_POINT('Ctrl Pts',(0.470845599794967,0.598425196850394,-3.02855587242114));
#9535=CARTESIAN_POINT('Ctrl Pts',(0.468841361413573,0.598425196850394,-3.02496261146132));
#9536=CARTESIAN_POINT('',(0.475733851864558,0.62992125984252,-3.04817944250833));
#9537=CARTESIAN_POINT('Ctrl Pts',(0.468531343188113,0.62992125984252,-3.073571630696));
#9538=CARTESIAN_POINT('Ctrl Pts',(0.468531343188113,0.598425196850394,-3.073571630696));
#9539=CARTESIAN_POINT('Ctrl Pts',(0.470638467369741,0.62992125984252,-3.06954676686967));
#9540=CARTESIAN_POINT('Ctrl Pts',(0.470638467369741,0.598425196850394,-3.06954676686967));
#9541=CARTESIAN_POINT('Ctrl Pts',(0.474808407331959,0.62992125984252,-3.06158167365959));
#9542=CARTESIAN_POINT('Ctrl Pts',(0.474808407331959,0.598425196850394,-3.06158167365959));
#9543=CARTESIAN_POINT('Ctrl Pts',(0.475427563335907,0.62992125984252,-3.05261509425769));
#9544=CARTESIAN_POINT('Ctrl Pts',(0.475427563335907,0.598425196850394,-3.05261509425769));
#9545=CARTESIAN_POINT('Ctrl Pts',(0.475733851864558,0.62992125984252,-3.04817944250833));
#9546=CARTESIAN_POINT('Ctrl Pts',(0.475733851864558,0.598425196850394,-3.04817944250833));
#9547=CARTESIAN_POINT('',(0.468531343188113,0.62992125984252,-3.073571630696));
#9548=CARTESIAN_POINT('Ctrl Pts',(0.468531343188113,0.62992125984252,-3.073571630696));
#9549=CARTESIAN_POINT('Ctrl Pts',(0.470638467369741,0.62992125984252,-3.06954676686967));
#9550=CARTESIAN_POINT('Ctrl Pts',(0.474808407331959,0.62992125984252,-3.06158167365959));
#9551=CARTESIAN_POINT('Ctrl Pts',(0.475427563335907,0.62992125984252,-3.05261509425769));
#9552=CARTESIAN_POINT('Ctrl Pts',(0.475733851864558,0.62992125984252,-3.04817944250833));
#9553=CARTESIAN_POINT('',(0.468531343188113,0.598425196850394,-3.073571630696));
#9554=CARTESIAN_POINT('Ctrl Pts',(0.468531343188113,0.598425196850394,-3.073571630696));
#9555=CARTESIAN_POINT('Ctrl Pts',(0.470638467369741,0.598425196850394,-3.06954676686967));
#9556=CARTESIAN_POINT('Ctrl Pts',(0.474808407331959,0.598425196850394,-3.06158167365959));
#9557=CARTESIAN_POINT('Ctrl Pts',(0.475427563335907,0.598425196850394,-3.05261509425769));
#9558=CARTESIAN_POINT('Ctrl Pts',(0.475733851864558,0.598425196850394,-3.04817944250833));
#9559=CARTESIAN_POINT('',(0.468531343188113,0.62992125984252,-3.073571630696));
#9560=CARTESIAN_POINT('Ctrl Pts',(0.447888590725767,0.62992125984252,-3.09240987752005));
#9561=CARTESIAN_POINT('Ctrl Pts',(0.447888590725767,0.598425196850394,-3.09240987752005));
#9562=CARTESIAN_POINT('Ctrl Pts',(0.452106600973764,0.62992125984252,-3.0899551539778));
#9563=CARTESIAN_POINT('Ctrl Pts',(0.452106600973764,0.598425196850394,-3.0899551539778));
#9564=CARTESIAN_POINT('Ctrl Pts',(0.460349541651783,0.62992125984252,-3.08515807209558));
#9565=CARTESIAN_POINT('Ctrl Pts',(0.460349541651783,0.598425196850394,-3.08515807209558));
#9566=CARTESIAN_POINT('Ctrl Pts',(0.465846999532564,0.62992125984252,-3.07737299281939));
#9567=CARTESIAN_POINT('Ctrl Pts',(0.465846999532564,0.598425196850394,-3.07737299281939));
#9568=CARTESIAN_POINT('Ctrl Pts',(0.468531343188113,0.62992125984252,-3.073571630696));
#9569=CARTESIAN_POINT('Ctrl Pts',(0.468531343188113,0.598425196850394,-3.073571630696));
#9570=CARTESIAN_POINT('',(0.447888590725767,0.62992125984252,-3.09240987752005));
#9571=CARTESIAN_POINT('Ctrl Pts',(0.447888590725767,0.62992125984252,-3.09240987752005));
#9572=CARTESIAN_POINT('Ctrl Pts',(0.452106600973764,0.62992125984252,-3.0899551539778));
#9573=CARTESIAN_POINT('Ctrl Pts',(0.460349541651783,0.62992125984252,-3.08515807209558));
#9574=CARTESIAN_POINT('Ctrl Pts',(0.465846999532564,0.62992125984252,-3.07737299281939));
#9575=CARTESIAN_POINT('Ctrl Pts',(0.468531343188113,0.62992125984252,-3.073571630696));
#9576=CARTESIAN_POINT('',(0.447888590725767,0.598425196850394,-3.09240987752005));
#9577=CARTESIAN_POINT('Ctrl Pts',(0.447888590725767,0.598425196850394,-3.09240987752005));
#9578=CARTESIAN_POINT('Ctrl Pts',(0.452106600973764,0.598425196850394,-3.0899551539778));
#9579=CARTESIAN_POINT('Ctrl Pts',(0.460349541651783,0.598425196850394,-3.08515807209558));
#9580=CARTESIAN_POINT('Ctrl Pts',(0.465846999532564,0.598425196850394,-3.07737299281939));
#9581=CARTESIAN_POINT('Ctrl Pts',(0.468531343188113,0.598425196850394,-3.073571630696));
#9582=CARTESIAN_POINT('',(0.447888590725767,0.62992125984252,-3.09240987752005));
#9583=CARTESIAN_POINT('Ctrl Pts',(0.418226700623824,0.62992125984252,-3.09944893641195));
#9584=CARTESIAN_POINT('Ctrl Pts',(0.418226700623824,0.598425196850394,-3.09944893641195));
#9585=CARTESIAN_POINT('Ctrl Pts',(0.423457669023288,0.62992125984252,-3.09916500765846));
#9586=CARTESIAN_POINT('Ctrl Pts',(0.423457669023288,0.598425196850394,-3.09916500765846));
#9587=CARTESIAN_POINT('Ctrl Pts',(0.433772186250967,0.62992125984252,-3.09860515185442));
#9588=CARTESIAN_POINT('Ctrl Pts',(0.433772186250967,0.598425196850394,-3.09860515185442));
#9589=CARTESIAN_POINT('Ctrl Pts',(0.44322817225724,0.62992125984252,-3.09445519798229));
#9590=CARTESIAN_POINT('Ctrl Pts',(0.44322817225724,0.598425196850394,-3.09445519798229));
#9591=CARTESIAN_POINT('Ctrl Pts',(0.447888590725767,0.62992125984252,-3.09240987752005));
#9592=CARTESIAN_POINT('Ctrl Pts',(0.447888590725767,0.598425196850394,-3.09240987752005));
#9593=CARTESIAN_POINT('',(0.418226700623824,0.62992125984252,-3.09944893641195));
#9594=CARTESIAN_POINT('Ctrl Pts',(0.418226700623824,0.62992125984252,-3.09944893641195));
#9595=CARTESIAN_POINT('Ctrl Pts',(0.423457669023288,0.62992125984252,-3.09916500765846));
#9596=CARTESIAN_POINT('Ctrl Pts',(0.433772186250967,0.62992125984252,-3.09860515185442));
#9597=CARTESIAN_POINT('Ctrl Pts',(0.44322817225724,0.62992125984252,-3.09445519798229));
#9598=CARTESIAN_POINT('Ctrl Pts',(0.447888590725767,0.62992125984252,-3.09240987752005));
#9599=CARTESIAN_POINT('',(0.418226700623824,0.598425196850394,-3.09944893641195));
#9600=CARTESIAN_POINT('Ctrl Pts',(0.418226700623824,0.598425196850394,-3.09944893641195));
#9601=CARTESIAN_POINT('Ctrl Pts',(0.423457669023288,0.598425196850394,-3.09916500765846));
#9602=CARTESIAN_POINT('Ctrl Pts',(0.433772186250967,0.598425196850394,-3.09860515185442));
#9603=CARTESIAN_POINT('Ctrl Pts',(0.44322817225724,0.598425196850394,-3.09445519798229));
#9604=CARTESIAN_POINT('Ctrl Pts',(0.447888590725767,0.598425196850394,-3.09240987752005));
#9605=CARTESIAN_POINT('',(0.418226700623824,0.62992125984252,-3.09944893641195));
#9606=CARTESIAN_POINT('Ctrl Pts',(0.379126488843163,0.62992125984252,-3.08609584597711));
#9607=CARTESIAN_POINT('Ctrl Pts',(0.379126488843163,0.598425196850394,-3.08609584597711));
#9608=CARTESIAN_POINT('Ctrl Pts',(0.384812862430991,0.62992125984252,-3.09000018997533));
#9609=CARTESIAN_POINT('Ctrl Pts',(0.384812862430991,0.598425196850394,-3.09000018997533));
#9610=CARTESIAN_POINT('Ctrl Pts',(0.396581597625907,0.62992125984252,-3.0980807689094));
#9611=CARTESIAN_POINT('Ctrl Pts',(0.396581597625907,0.598425196850394,-3.0980807689094));
#9612=CARTESIAN_POINT('Ctrl Pts',(0.410851616340979,0.62992125984252,-3.09898276396429));
#9613=CARTESIAN_POINT('Ctrl Pts',(0.410851616340979,0.598425196850394,-3.09898276396429));
#9614=CARTESIAN_POINT('Ctrl Pts',(0.418226700623824,0.62992125984252,-3.09944893641195));
#9615=CARTESIAN_POINT('Ctrl Pts',(0.418226700623824,0.598425196850394,-3.09944893641195));
#9616=CARTESIAN_POINT('',(0.379126488843163,0.62992125984252,-3.08609584597711));
#9617=CARTESIAN_POINT('Ctrl Pts',(0.379126488843163,0.62992125984252,-3.08609584597711));
#9618=CARTESIAN_POINT('Ctrl Pts',(0.384812862430991,0.62992125984252,-3.09000018997533));
#9619=CARTESIAN_POINT('Ctrl Pts',(0.396581597625907,0.62992125984252,-3.0980807689094));
#9620=CARTESIAN_POINT('Ctrl Pts',(0.410851616340979,0.62992125984252,-3.09898276396429));
#9621=CARTESIAN_POINT('Ctrl Pts',(0.418226700623824,0.62992125984252,-3.09944893641195));
#9622=CARTESIAN_POINT('',(0.379126488843163,0.598425196850394,-3.08609584597711));
#9623=CARTESIAN_POINT('Ctrl Pts',(0.379126488843163,0.598425196850394,-3.08609584597711));
#9624=CARTESIAN_POINT('Ctrl Pts',(0.384812862430991,0.598425196850394,-3.09000018997533));
#9625=CARTESIAN_POINT('Ctrl Pts',(0.396581597625907,0.598425196850394,-3.0980807689094));
#9626=CARTESIAN_POINT('Ctrl Pts',(0.410851616340979,0.598425196850394,-3.09898276396429));
#9627=CARTESIAN_POINT('Ctrl Pts',(0.418226700623824,0.598425196850394,-3.09944893641195));
#9628=CARTESIAN_POINT('',(0.379126488843163,0.62992125984252,-3.08609584597711));
#9629=CARTESIAN_POINT('Ctrl Pts',(0.358913159741685,0.62992125984252,-3.04853675709971));
#9630=CARTESIAN_POINT('Ctrl Pts',(0.358913159741685,0.598425196850394,-3.04853675709971));
#9631=CARTESIAN_POINT('Ctrl Pts',(0.360733026311375,0.62992125984252,-3.0560517059768));
#9632=CARTESIAN_POINT('Ctrl Pts',(0.360733026311375,0.598425196850394,-3.0560517059768));
#9633=CARTESIAN_POINT('Ctrl Pts',(0.364200211065397,0.62992125984252,-3.07036908319987));
#9634=CARTESIAN_POINT('Ctrl Pts',(0.364200211065397,0.598425196850394,-3.07036908319987));
#9635=CARTESIAN_POINT('Ctrl Pts',(0.374318919250562,0.62992125984252,-3.08103045005968));
#9636=CARTESIAN_POINT('Ctrl Pts',(0.374318919250562,0.598425196850394,-3.08103045005968));
#9637=CARTESIAN_POINT('Ctrl Pts',(0.379126488843163,0.62992125984252,-3.08609584597711));
#9638=CARTESIAN_POINT('Ctrl Pts',(0.379126488843163,0.598425196850394,-3.08609584597711));
#9639=CARTESIAN_POINT('',(0.358913159741685,0.62992125984252,-3.04853675709971));
#9640=CARTESIAN_POINT('Ctrl Pts',(0.358913159741685,0.62992125984252,-3.04853675709971));
#9641=CARTESIAN_POINT('Ctrl Pts',(0.360733026311375,0.62992125984252,-3.0560517059768));
#9642=CARTESIAN_POINT('Ctrl Pts',(0.364200211065397,0.62992125984252,-3.07036908319987));
#9643=CARTESIAN_POINT('Ctrl Pts',(0.374318919250562,0.62992125984252,-3.08103045005968));
#9644=CARTESIAN_POINT('Ctrl Pts',(0.379126488843163,0.62992125984252,-3.08609584597711));
#9645=CARTESIAN_POINT('',(0.358913159741685,0.598425196850394,-3.04853675709971));
#9646=CARTESIAN_POINT('Ctrl Pts',(0.358913159741685,0.598425196850394,-3.04853675709971));
#9647=CARTESIAN_POINT('Ctrl Pts',(0.360733026311375,0.598425196850394,-3.0560517059768));
#9648=CARTESIAN_POINT('Ctrl Pts',(0.364200211065397,0.598425196850394,-3.07036908319987));
#9649=CARTESIAN_POINT('Ctrl Pts',(0.374318919250562,0.598425196850394,-3.08103045005968));
#9650=CARTESIAN_POINT('Ctrl Pts',(0.379126488843163,0.598425196850394,-3.08609584597711));
#9651=CARTESIAN_POINT('',(0.358913159741685,0.62992125984252,-3.04853675709971));
#9652=CARTESIAN_POINT('Origin',(0.383074806541275,0.62992125984252,-3.04419373393892));
#9653=CARTESIAN_POINT('',(0.383074806541275,0.62992125984252,-3.04419373393892));
#9654=CARTESIAN_POINT('',(0.383074806541275,0.62992125984252,-3.04419373393892));
#9655=CARTESIAN_POINT('',(0.383074806541275,0.598425196850394,-3.04419373393892));
#9656=CARTESIAN_POINT('',(0.383074806541275,0.598425196850394,-3.04419373393892));
#9657=CARTESIAN_POINT('',(0.383074806541275,0.62992125984252,-3.04419373393892));
#9658=CARTESIAN_POINT('Ctrl Pts',(0.395210481011499,0.62992125984252,-3.07075752232106));
#9659=CARTESIAN_POINT('Ctrl Pts',(0.395210481011499,0.598425196850394,-3.07075752232106));
#9660=CARTESIAN_POINT('Ctrl Pts',(0.392321273738023,0.62992125984252,-3.06721634447631));
#9661=CARTESIAN_POINT('Ctrl Pts',(0.392321273738023,0.598425196850394,-3.06721634447631));
#9662=CARTESIAN_POINT('Ctrl Pts',(0.385984773755913,0.62992125984252,-3.05944996732645));
#9663=CARTESIAN_POINT('Ctrl Pts',(0.385984773755913,0.598425196850394,-3.05944996732645));
#9664=CARTESIAN_POINT('Ctrl Pts',(0.384100125564119,0.62992125984252,-3.04956922622299));
#9665=CARTESIAN_POINT('Ctrl Pts',(0.384100125564119,0.598425196850394,-3.04956922622299));
#9666=CARTESIAN_POINT('Ctrl Pts',(0.383074806541275,0.62992125984252,-3.04419373393892));
#9667=CARTESIAN_POINT('Ctrl Pts',(0.383074806541275,0.598425196850394,-3.04419373393892));
#9668=CARTESIAN_POINT('',(0.395210481011499,0.62992125984252,-3.07075752232106));
#9669=CARTESIAN_POINT('Ctrl Pts',(0.395210481011499,0.62992125984252,-3.07075752232106));
#9670=CARTESIAN_POINT('Ctrl Pts',(0.392321273738023,0.62992125984252,-3.06721634447631));
#9671=CARTESIAN_POINT('Ctrl Pts',(0.385984773755913,0.62992125984252,-3.05944996732645));
#9672=CARTESIAN_POINT('Ctrl Pts',(0.384100125564119,0.62992125984252,-3.04956922622299));
#9673=CARTESIAN_POINT('Ctrl Pts',(0.383074806541275,0.62992125984252,-3.04419373393892));
#9674=CARTESIAN_POINT('',(0.395210481011499,0.598425196850394,-3.07075752232106));
#9675=CARTESIAN_POINT('Ctrl Pts',(0.395210481011499,0.598425196850394,-3.07075752232106));
#9676=CARTESIAN_POINT('Ctrl Pts',(0.392321273738023,0.598425196850394,-3.06721634447631));
#9677=CARTESIAN_POINT('Ctrl Pts',(0.385984773755913,0.598425196850394,-3.05944996732645));
#9678=CARTESIAN_POINT('Ctrl Pts',(0.384100125564119,0.598425196850394,-3.04956922622299));
#9679=CARTESIAN_POINT('Ctrl Pts',(0.383074806541275,0.598425196850394,-3.04419373393892));
#9680=CARTESIAN_POINT('',(0.395210481011499,0.62992125984252,-3.07075752232106));
#9681=CARTESIAN_POINT('Ctrl Pts',(0.418725879500419,0.62992125984252,-3.07957491377667));
#9682=CARTESIAN_POINT('Ctrl Pts',(0.418725879500419,0.598425196850394,-3.07957491377667));
#9683=CARTESIAN_POINT('Ctrl Pts',(0.414261622887624,0.62992125984252,-3.07925146167102));
#9684=CARTESIAN_POINT('Ctrl Pts',(0.414261622887624,0.598425196850394,-3.07925146167102));
#9685=CARTESIAN_POINT('Ctrl Pts',(0.405545179508642,0.62992125984252,-3.07861992271409));
#9686=CARTESIAN_POINT('Ctrl Pts',(0.405545179508642,0.598425196850394,-3.07861992271409));
#9687=CARTESIAN_POINT('Ctrl Pts',(0.398599047705912,0.62992125984252,-3.07333546575283));
#9688=CARTESIAN_POINT('Ctrl Pts',(0.398599047705912,0.598425196850394,-3.07333546575283));
#9689=CARTESIAN_POINT('Ctrl Pts',(0.395210481011499,0.62992125984252,-3.07075752232106));
#9690=CARTESIAN_POINT('Ctrl Pts',(0.395210481011499,0.598425196850394,-3.07075752232106));
#9691=CARTESIAN_POINT('',(0.418725879500419,0.62992125984252,-3.07957491377667));
#9692=CARTESIAN_POINT('Ctrl Pts',(0.418725879500419,0.62992125984252,-3.07957491377667));
#9693=CARTESIAN_POINT('Ctrl Pts',(0.414261622887624,0.62992125984252,-3.07925146167102));
#9694=CARTESIAN_POINT('Ctrl Pts',(0.405545179508642,0.62992125984252,-3.07861992271409));
#9695=CARTESIAN_POINT('Ctrl Pts',(0.398599047705912,0.62992125984252,-3.07333546575283));
#9696=CARTESIAN_POINT('Ctrl Pts',(0.395210481011499,0.62992125984252,-3.07075752232106));
#9697=CARTESIAN_POINT('',(0.418725879500419,0.598425196850394,-3.07957491377667));
#9698=CARTESIAN_POINT('Ctrl Pts',(0.418725879500419,0.598425196850394,-3.07957491377667));
#9699=CARTESIAN_POINT('Ctrl Pts',(0.414261622887624,0.598425196850394,-3.07925146167102));
#9700=CARTESIAN_POINT('Ctrl Pts',(0.405545179508642,0.598425196850394,-3.07861992271409));
#9701=CARTESIAN_POINT('Ctrl Pts',(0.398599047705912,0.598425196850394,-3.07333546575283));
#9702=CARTESIAN_POINT('Ctrl Pts',(0.395210481011499,0.598425196850394,-3.07075752232106));
#9703=CARTESIAN_POINT('',(0.418725879500419,0.62992125984252,-3.07957491377667));
#9704=CARTESIAN_POINT('Ctrl Pts',(0.441939121462422,0.62992125984252,-3.07080258073465));
#9705=CARTESIAN_POINT('Ctrl Pts',(0.441939121462422,0.598425196850394,-3.07080258073465));
#9706=CARTESIAN_POINT('Ctrl Pts',(0.438648012669063,0.62992125984252,-3.07335365075105));
#9707=CARTESIAN_POINT('Ctrl Pts',(0.438648012669063,0.598425196850394,-3.07335365075105));
#9708=CARTESIAN_POINT('Ctrl Pts',(0.431823692210697,0.62992125984252,-3.07864345439982));
#9709=CARTESIAN_POINT('Ctrl Pts',(0.431823692210697,0.598425196850394,-3.07864345439982));
#9710=CARTESIAN_POINT('Ctrl Pts',(0.42319386898892,0.62992125984252,-3.07925716982989));
#9711=CARTESIAN_POINT('Ctrl Pts',(0.42319386898892,0.598425196850394,-3.07925716982989));
#9712=CARTESIAN_POINT('Ctrl Pts',(0.418725879500419,0.62992125984252,-3.07957491377667));
#9713=CARTESIAN_POINT('Ctrl Pts',(0.418725879500419,0.598425196850394,-3.07957491377667));
#9714=CARTESIAN_POINT('',(0.441939121462422,0.62992125984252,-3.07080258073465));
#9715=CARTESIAN_POINT('Ctrl Pts',(0.441939121462422,0.62992125984252,-3.07080258073465));
#9716=CARTESIAN_POINT('Ctrl Pts',(0.438648012669063,0.62992125984252,-3.07335365075105));
#9717=CARTESIAN_POINT('Ctrl Pts',(0.431823692210697,0.62992125984252,-3.07864345439982));
#9718=CARTESIAN_POINT('Ctrl Pts',(0.42319386898892,0.62992125984252,-3.07925716982989));
#9719=CARTESIAN_POINT('Ctrl Pts',(0.418725879500419,0.62992125984252,-3.07957491377667));
#9720=CARTESIAN_POINT('',(0.441939121462422,0.598425196850394,-3.07080258073465));
#9721=CARTESIAN_POINT('Ctrl Pts',(0.441939121462422,0.598425196850394,-3.07080258073465));
#9722=CARTESIAN_POINT('Ctrl Pts',(0.438648012669063,0.598425196850394,-3.07335365075105));
#9723=CARTESIAN_POINT('Ctrl Pts',(0.431823692210697,0.598425196850394,-3.07864345439982));
#9724=CARTESIAN_POINT('Ctrl Pts',(0.42319386898892,0.598425196850394,-3.07925716982989));
#9725=CARTESIAN_POINT('Ctrl Pts',(0.418725879500419,0.598425196850394,-3.07957491377667));
#9726=CARTESIAN_POINT('',(0.441939121462422,0.62992125984252,-3.07080258073465));
#9727=CARTESIAN_POINT('Ctrl Pts',(0.450893630895423,0.62992125984252,-3.04876396848265));
#9728=CARTESIAN_POINT('Ctrl Pts',(0.450893630895423,0.598425196850394,-3.04876396848265));
#9729=CARTESIAN_POINT('Ctrl Pts',(0.450552307738168,0.62992125984252,-3.05298051117134));
#9730=CARTESIAN_POINT('Ctrl Pts',(0.450552307738168,0.598425196850394,-3.05298051117134));
#9731=CARTESIAN_POINT('Ctrl Pts',(0.449880791730302,0.62992125984252,-3.06127609807518));
#9732=CARTESIAN_POINT('Ctrl Pts',(0.449880791730302,0.598425196850394,-3.06127609807518));
#9733=CARTESIAN_POINT('Ctrl Pts',(0.44455693074121,0.62992125984252,-3.067662370444));
#9734=CARTESIAN_POINT('Ctrl Pts',(0.44455693074121,0.598425196850394,-3.067662370444));
#9735=CARTESIAN_POINT('Ctrl Pts',(0.441939121462422,0.62992125984252,-3.07080258073465));
#9736=CARTESIAN_POINT('Ctrl Pts',(0.441939121462422,0.598425196850394,-3.07080258073465));
#9737=CARTESIAN_POINT('',(0.450893630895423,0.62992125984252,-3.04876396848265));
#9738=CARTESIAN_POINT('Ctrl Pts',(0.450893630895423,0.62992125984252,-3.04876396848265));
#9739=CARTESIAN_POINT('Ctrl Pts',(0.450552307738168,0.62992125984252,-3.05298051117134));
#9740=CARTESIAN_POINT('Ctrl Pts',(0.449880791730302,0.62992125984252,-3.06127609807518));
#9741=CARTESIAN_POINT('Ctrl Pts',(0.44455693074121,0.62992125984252,-3.067662370444));
#9742=CARTESIAN_POINT('Ctrl Pts',(0.441939121462422,0.62992125984252,-3.07080258073465));
#9743=CARTESIAN_POINT('',(0.450893630895423,0.598425196850394,-3.04876396848265));
#9744=CARTESIAN_POINT('Ctrl Pts',(0.450893630895423,0.598425196850394,-3.04876396848265));
#9745=CARTESIAN_POINT('Ctrl Pts',(0.450552307738168,0.598425196850394,-3.05298051117134));
#9746=CARTESIAN_POINT('Ctrl Pts',(0.449880791730302,0.598425196850394,-3.06127609807518));
#9747=CARTESIAN_POINT('Ctrl Pts',(0.44455693074121,0.598425196850394,-3.067662370444));
#9748=CARTESIAN_POINT('Ctrl Pts',(0.441939121462422,0.598425196850394,-3.07080258073465));
#9749=CARTESIAN_POINT('',(0.450893630895423,0.62992125984252,-3.04876396848265));
#9750=CARTESIAN_POINT('Ctrl Pts',(0.4384927168287,0.62992125984252,-3.02394630792464));
#9751=CARTESIAN_POINT('Ctrl Pts',(0.4384927168287,0.598425196850394,-3.02394630792464));
#9752=CARTESIAN_POINT('Ctrl Pts',(0.442100328910153,0.62992125984252,-3.02709032891054));
#9753=CARTESIAN_POINT('Ctrl Pts',(0.442100328910153,0.598425196850394,-3.02709032891054));
#9754=CARTESIAN_POINT('Ctrl Pts',(0.449607447147435,0.62992125984252,-3.03363275552093));
#9755=CARTESIAN_POINT('Ctrl Pts',(0.449607447147435,0.598425196850394,-3.03363275552093));
#9756=CARTESIAN_POINT('Ctrl Pts',(0.450453931886325,0.62992125984252,-3.04359116222061));
#9757=CARTESIAN_POINT('Ctrl Pts',(0.450453931886325,0.598425196850394,-3.04359116222061));
#9758=CARTESIAN_POINT('Ctrl Pts',(0.450893630895423,0.62992125984252,-3.04876396848265));
#9759=CARTESIAN_POINT('Ctrl Pts',(0.450893630895423,0.598425196850394,-3.04876396848265));
#9760=CARTESIAN_POINT('',(0.4384927168287,0.62992125984252,-3.02394630792464));
#9761=CARTESIAN_POINT('Ctrl Pts',(0.4384927168287,0.62992125984252,-3.02394630792464));
#9762=CARTESIAN_POINT('Ctrl Pts',(0.442100328910153,0.62992125984252,-3.02709032891054));
#9763=CARTESIAN_POINT('Ctrl Pts',(0.449607447147435,0.62992125984252,-3.03363275552093));
#9764=CARTESIAN_POINT('Ctrl Pts',(0.450453931886325,0.62992125984252,-3.04359116222061));
#9765=CARTESIAN_POINT('Ctrl Pts',(0.450893630895423,0.62992125984252,-3.04876396848265));
#9766=CARTESIAN_POINT('',(0.4384927168287,0.598425196850394,-3.02394630792464));
#9767=CARTESIAN_POINT('Ctrl Pts',(0.4384927168287,0.598425196850394,-3.02394630792464));
#9768=CARTESIAN_POINT('Ctrl Pts',(0.442100328910153,0.598425196850394,-3.02709032891054));
#9769=CARTESIAN_POINT('Ctrl Pts',(0.449607447147435,0.598425196850394,-3.03363275552093));
#9770=CARTESIAN_POINT('Ctrl Pts',(0.450453931886325,0.598425196850394,-3.04359116222061));
#9771=CARTESIAN_POINT('Ctrl Pts',(0.450893630895423,0.598425196850394,-3.04876396848265));
#9772=CARTESIAN_POINT('',(0.4384927168287,0.62992125984252,-3.02394630792464));
#9773=CARTESIAN_POINT('Ctrl Pts',(0.410682003054949,0.62992125984252,-3.01594276705108));
#9774=CARTESIAN_POINT('Ctrl Pts',(0.410682003054949,0.598425196850394,-3.01594276705108));
#9775=CARTESIAN_POINT('Ctrl Pts',(0.41567537489164,0.62992125984252,-3.01625219733368));
#9776=CARTESIAN_POINT('Ctrl Pts',(0.41567537489164,0.598425196850394,-3.01625219733368));
#9777=CARTESIAN_POINT('Ctrl Pts',(0.425541481734023,0.62992125984252,-3.01686358225118));
#9778=CARTESIAN_POINT('Ctrl Pts',(0.425541481734023,0.598425196850394,-3.01686358225118));
#9779=CARTESIAN_POINT('Ctrl Pts',(0.434210973577549,0.62992125984252,-3.02160472330893));
#9780=CARTESIAN_POINT('Ctrl Pts',(0.434210973577549,0.598425196850394,-3.02160472330893));
#9781=CARTESIAN_POINT('Ctrl Pts',(0.4384927168287,0.62992125984252,-3.02394630792464));
#9782=CARTESIAN_POINT('Ctrl Pts',(0.4384927168287,0.598425196850394,-3.02394630792464));
#9783=CARTESIAN_POINT('',(0.410682003054949,0.62992125984252,-3.01594276705108));
#9784=CARTESIAN_POINT('Ctrl Pts',(0.410682003054949,0.62992125984252,-3.01594276705108));
#9785=CARTESIAN_POINT('Ctrl Pts',(0.41567537489164,0.62992125984252,-3.01625219733368));
#9786=CARTESIAN_POINT('Ctrl Pts',(0.425541481734023,0.62992125984252,-3.01686358225118));
#9787=CARTESIAN_POINT('Ctrl Pts',(0.434210973577549,0.62992125984252,-3.02160472330893));
#9788=CARTESIAN_POINT('Ctrl Pts',(0.4384927168287,0.62992125984252,-3.02394630792464));
#9789=CARTESIAN_POINT('',(0.410682003054949,0.598425196850394,-3.01594276705108));
#9790=CARTESIAN_POINT('Ctrl Pts',(0.410682003054949,0.598425196850394,-3.01594276705108));
#9791=CARTESIAN_POINT('Ctrl Pts',(0.41567537489164,0.598425196850394,-3.01625219733368));
#9792=CARTESIAN_POINT('Ctrl Pts',(0.425541481734023,0.598425196850394,-3.01686358225118));
#9793=CARTESIAN_POINT('Ctrl Pts',(0.434210973577549,0.598425196850394,-3.02160472330893));
#9794=CARTESIAN_POINT('Ctrl Pts',(0.4384927168287,0.598425196850394,-3.02394630792464));
#9795=CARTESIAN_POINT('',(0.410682003054949,0.62992125984252,-3.01594276705108));
#9796=CARTESIAN_POINT('Ctrl Pts',(0.406788509195955,0.62992125984252,-3.01621875061554));
#9797=CARTESIAN_POINT('Ctrl Pts',(0.406788509195955,0.598425196850394,-3.01621875061554));
#9798=CARTESIAN_POINT('Ctrl Pts',(0.407514982290716,0.62992125984252,-3.01613943143523));
#9799=CARTESIAN_POINT('Ctrl Pts',(0.407514982290716,0.598425196850394,-3.01613943143523));
#9800=CARTESIAN_POINT('Ctrl Pts',(0.40880947628727,0.62992125984252,-3.01599809350617));
#9801=CARTESIAN_POINT('Ctrl Pts',(0.40880947628727,0.598425196850394,-3.01599809350617));
#9802=CARTESIAN_POINT('Ctrl Pts',(0.410110928781045,0.62992125984252,-3.01595964024922));
#9803=CARTESIAN_POINT('Ctrl Pts',(0.410110928781045,0.598425196850394,-3.01595964024922));
#9804=CARTESIAN_POINT('Ctrl Pts',(0.410682003054949,0.62992125984252,-3.01594276705108));
#9805=CARTESIAN_POINT('Ctrl Pts',(0.410682003054949,0.598425196850394,-3.01594276705108));
#9806=CARTESIAN_POINT('',(0.406788509195955,0.62992125984252,-3.01621875061554));
#9807=CARTESIAN_POINT('Ctrl Pts',(0.406788509195955,0.62992125984252,-3.01621875061554));
#9808=CARTESIAN_POINT('Ctrl Pts',(0.407514982290716,0.62992125984252,-3.01613943143523));
#9809=CARTESIAN_POINT('Ctrl Pts',(0.40880947628727,0.62992125984252,-3.01599809350617));
#9810=CARTESIAN_POINT('Ctrl Pts',(0.410110928781045,0.62992125984252,-3.01595964024922));
#9811=CARTESIAN_POINT('Ctrl Pts',(0.410682003054949,0.62992125984252,-3.01594276705108));
#9812=CARTESIAN_POINT('',(0.406788509195955,0.598425196850394,-3.01621875061554));
#9813=CARTESIAN_POINT('Ctrl Pts',(0.406788509195955,0.598425196850394,-3.01621875061554));
#9814=CARTESIAN_POINT('Ctrl Pts',(0.407514982290716,0.598425196850394,-3.01613943143523));
#9815=CARTESIAN_POINT('Ctrl Pts',(0.40880947628727,0.598425196850394,-3.01599809350617));
#9816=CARTESIAN_POINT('Ctrl Pts',(0.410110928781045,0.598425196850394,-3.01595964024922));
#9817=CARTESIAN_POINT('Ctrl Pts',(0.410682003054949,0.598425196850394,-3.01594276705108));
#9818=CARTESIAN_POINT('',(0.406788509195955,0.62992125984252,-3.01621875061554));
#9819=CARTESIAN_POINT('Origin',(0.404062443276171,0.62992125984252,-2.99500813616886));
#9820=CARTESIAN_POINT('',(0.404062443276171,0.62992125984252,-2.99500813616886));
#9821=CARTESIAN_POINT('',(0.404062443276171,0.62992125984252,-2.99500813616886));
#9822=CARTESIAN_POINT('',(0.404062443276171,0.598425196850394,-2.99500813616886));
#9823=CARTESIAN_POINT('',(0.404062443276171,0.598425196850394,-2.99500813616886));
#9824=CARTESIAN_POINT('',(0.404062443276171,0.62992125984252,-2.99500813616886));
#9825=CARTESIAN_POINT('Ctrl Pts',(0.421120756948549,0.62992125984252,-2.99766111376144));
#9826=CARTESIAN_POINT('Ctrl Pts',(0.421120756948549,0.598425196850394,-2.99766111376144));
#9827=CARTESIAN_POINT('Ctrl Pts',(0.418547368063486,0.62992125984252,-2.997512949735));
#9828=CARTESIAN_POINT('Ctrl Pts',(0.418547368063486,0.598425196850394,-2.997512949735));
#9829=CARTESIAN_POINT('Ctrl Pts',(0.412779180419341,0.62992125984252,-2.99718084372816));
#9830=CARTESIAN_POINT('Ctrl Pts',(0.412779180419341,0.598425196850394,-2.99718084372816));
#9831=CARTESIAN_POINT('Ctrl Pts',(0.407169468072975,0.62992125984252,-2.99578258378063));
#9832=CARTESIAN_POINT('Ctrl Pts',(0.407169468072975,0.598425196850394,-2.99578258378063));
#9833=CARTESIAN_POINT('Ctrl Pts',(0.404062443276171,0.62992125984252,-2.99500813616886));
#9834=CARTESIAN_POINT('Ctrl Pts',(0.404062443276171,0.598425196850394,-2.99500813616886));
#9835=CARTESIAN_POINT('',(0.421120756948549,0.62992125984252,-2.99766111376144));
#9836=CARTESIAN_POINT('Ctrl Pts',(0.421120756948549,0.62992125984252,-2.99766111376144));
#9837=CARTESIAN_POINT('Ctrl Pts',(0.418547368063486,0.62992125984252,-2.997512949735));
#9838=CARTESIAN_POINT('Ctrl Pts',(0.412779180419341,0.62992125984252,-2.99718084372816));
#9839=CARTESIAN_POINT('Ctrl Pts',(0.407169468072975,0.62992125984252,-2.99578258378063));
#9840=CARTESIAN_POINT('Ctrl Pts',(0.404062443276171,0.62992125984252,-2.99500813616886));
#9841=CARTESIAN_POINT('',(0.421120756948549,0.598425196850394,-2.99766111376144));
#9842=CARTESIAN_POINT('Ctrl Pts',(0.421120756948549,0.598425196850394,-2.99766111376144));
#9843=CARTESIAN_POINT('Ctrl Pts',(0.418547368063486,0.598425196850394,-2.997512949735));
#9844=CARTESIAN_POINT('Ctrl Pts',(0.412779180419341,0.598425196850394,-2.99718084372816));
#9845=CARTESIAN_POINT('Ctrl Pts',(0.407169468072975,0.598425196850394,-2.99578258378063));
#9846=CARTESIAN_POINT('Ctrl Pts',(0.404062443276171,0.598425196850394,-2.99500813616886));
#9847=CARTESIAN_POINT('',(0.421120756948549,0.62992125984252,-2.99766111376144));
#9848=CARTESIAN_POINT('Ctrl Pts',(0.448761048365944,0.62992125984252,-2.98673185862245));
#9849=CARTESIAN_POINT('Ctrl Pts',(0.448761048365944,0.598425196850394,-2.98673185862245));
#9850=CARTESIAN_POINT('Ctrl Pts',(0.44482991304543,0.62992125984252,-2.98991113793453));
#9851=CARTESIAN_POINT('Ctrl Pts',(0.44482991304543,0.598425196850394,-2.98991113793453));
#9852=CARTESIAN_POINT('Ctrl Pts',(0.436770216124526,0.62992125984252,-2.99642936373779));
#9853=CARTESIAN_POINT('Ctrl Pts',(0.436770216124526,0.598425196850394,-2.99642936373779));
#9854=CARTESIAN_POINT('Ctrl Pts',(0.426421740358765,0.62992125984252,-2.99724387976201));
#9855=CARTESIAN_POINT('Ctrl Pts',(0.426421740358765,0.598425196850394,-2.99724387976201));
#9856=CARTESIAN_POINT('Ctrl Pts',(0.421120756948549,0.62992125984252,-2.99766111376144));
#9857=CARTESIAN_POINT('Ctrl Pts',(0.421120756948549,0.598425196850394,-2.99766111376144));
#9858=CARTESIAN_POINT('',(0.448761048365944,0.62992125984252,-2.98673185862245));
#9859=CARTESIAN_POINT('Ctrl Pts',(0.448761048365944,0.62992125984252,-2.98673185862245));
#9860=CARTESIAN_POINT('Ctrl Pts',(0.44482991304543,0.62992125984252,-2.98991113793453));
#9861=CARTESIAN_POINT('Ctrl Pts',(0.436770216124526,0.62992125984252,-2.99642936373779));
#9862=CARTESIAN_POINT('Ctrl Pts',(0.426421740358765,0.62992125984252,-2.99724387976201));
#9863=CARTESIAN_POINT('Ctrl Pts',(0.421120756948549,0.62992125984252,-2.99766111376144));
#9864=CARTESIAN_POINT('',(0.448761048365944,0.598425196850394,-2.98673185862245));
#9865=CARTESIAN_POINT('Ctrl Pts',(0.448761048365944,0.598425196850394,-2.98673185862245));
#9866=CARTESIAN_POINT('Ctrl Pts',(0.44482991304543,0.598425196850394,-2.98991113793453));
#9867=CARTESIAN_POINT('Ctrl Pts',(0.436770216124526,0.598425196850394,-2.99642936373779));
#9868=CARTESIAN_POINT('Ctrl Pts',(0.426421740358765,0.598425196850394,-2.99724387976201));
#9869=CARTESIAN_POINT('Ctrl Pts',(0.421120756948549,0.598425196850394,-2.99766111376144));
#9870=CARTESIAN_POINT('',(0.448761048365944,0.62992125984252,-2.98673185862245));
#9871=CARTESIAN_POINT('Ctrl Pts',(0.45958519265955,0.62992125984252,-2.95931860796541));
#9872=CARTESIAN_POINT('Ctrl Pts',(0.45958519265955,0.598425196850394,-2.95931860796541));
#9873=CARTESIAN_POINT('Ctrl Pts',(0.45918719044542,0.62992125984252,-2.9645779076952));
#9874=CARTESIAN_POINT('Ctrl Pts',(0.45918719044542,0.598425196850394,-2.9645779076952));
#9875=CARTESIAN_POINT('Ctrl Pts',(0.458409856240153,0.62992125984252,-2.97484979420881));
#9876=CARTESIAN_POINT('Ctrl Pts',(0.458409856240153,0.598425196850394,-2.97484979420881));
#9877=CARTESIAN_POINT('Ctrl Pts',(0.451925402536923,0.62992125984252,-2.98283510157461));
#9878=CARTESIAN_POINT('Ctrl Pts',(0.451925402536923,0.598425196850394,-2.98283510157461));
#9879=CARTESIAN_POINT('Ctrl Pts',(0.448761048365944,0.62992125984252,-2.98673185862245));
#9880=CARTESIAN_POINT('Ctrl Pts',(0.448761048365944,0.598425196850394,-2.98673185862245));
#9881=CARTESIAN_POINT('',(0.45958519265955,0.62992125984252,-2.95931860796541));
#9882=CARTESIAN_POINT('Ctrl Pts',(0.45958519265955,0.62992125984252,-2.95931860796541));
#9883=CARTESIAN_POINT('Ctrl Pts',(0.45918719044542,0.62992125984252,-2.9645779076952));
#9884=CARTESIAN_POINT('Ctrl Pts',(0.458409856240153,0.62992125984252,-2.97484979420881));
#9885=CARTESIAN_POINT('Ctrl Pts',(0.451925402536923,0.62992125984252,-2.98283510157461));
#9886=CARTESIAN_POINT('Ctrl Pts',(0.448761048365944,0.62992125984252,-2.98673185862245));
#9887=CARTESIAN_POINT('',(0.45958519265955,0.598425196850394,-2.95931860796541));
#9888=CARTESIAN_POINT('Ctrl Pts',(0.45958519265955,0.598425196850394,-2.95931860796541));
#9889=CARTESIAN_POINT('Ctrl Pts',(0.45918719044542,0.598425196850394,-2.9645779076952));
#9890=CARTESIAN_POINT('Ctrl Pts',(0.458409856240153,0.598425196850394,-2.97484979420881));
#9891=CARTESIAN_POINT('Ctrl Pts',(0.451925402536923,0.598425196850394,-2.98283510157461));
#9892=CARTESIAN_POINT('Ctrl Pts',(0.448761048365944,0.598425196850394,-2.98673185862245));
#9893=CARTESIAN_POINT('',(0.45958519265955,0.62992125984252,-2.95931860796541));
#9894=CARTESIAN_POINT('Ctrl Pts',(0.447712916310605,0.62992125984252,-2.93006877055327));
#9895=CARTESIAN_POINT('Ctrl Pts',(0.447712916310605,0.598425196850394,-2.93006877055327));
#9896=CARTESIAN_POINT('Ctrl Pts',(0.451167258014032,0.62992125984252,-2.93427081364556));
#9897=CARTESIAN_POINT('Ctrl Pts',(0.451167258014032,0.598425196850394,-2.93427081364556));
#9898=CARTESIAN_POINT('Ctrl Pts',(0.458161612839651,0.62992125984252,-2.94277911505386));
#9899=CARTESIAN_POINT('Ctrl Pts',(0.458161612839651,0.598425196850394,-2.94277911505386));
#9900=CARTESIAN_POINT('Ctrl Pts',(0.459106806935044,0.62992125984252,-2.95376060750147));
#9901=CARTESIAN_POINT('Ctrl Pts',(0.459106806935044,0.598425196850394,-2.95376060750147));
#9902=CARTESIAN_POINT('Ctrl Pts',(0.45958519265955,0.62992125984252,-2.95931860796541));
#9903=CARTESIAN_POINT('Ctrl Pts',(0.45958519265955,0.598425196850394,-2.95931860796541));
#9904=CARTESIAN_POINT('',(0.447712916310605,0.62992125984252,-2.93006877055327));
#9905=CARTESIAN_POINT('Ctrl Pts',(0.447712916310605,0.62992125984252,-2.93006877055327));
#9906=CARTESIAN_POINT('Ctrl Pts',(0.451167258014032,0.62992125984252,-2.93427081364556));
#9907=CARTESIAN_POINT('Ctrl Pts',(0.458161612839651,0.62992125984252,-2.94277911505386));
#9908=CARTESIAN_POINT('Ctrl Pts',(0.459106806935044,0.62992125984252,-2.95376060750147));
#9909=CARTESIAN_POINT('Ctrl Pts',(0.45958519265955,0.62992125984252,-2.95931860796541));
#9910=CARTESIAN_POINT('',(0.447712916310605,0.598425196850394,-2.93006877055327));
#9911=CARTESIAN_POINT('Ctrl Pts',(0.447712916310605,0.598425196850394,-2.93006877055327));
#9912=CARTESIAN_POINT('Ctrl Pts',(0.451167258014032,0.598425196850394,-2.93427081364556));
#9913=CARTESIAN_POINT('Ctrl Pts',(0.458161612839651,0.598425196850394,-2.94277911505386));
#9914=CARTESIAN_POINT('Ctrl Pts',(0.459106806935044,0.598425196850394,-2.95376060750147));
#9915=CARTESIAN_POINT('Ctrl Pts',(0.45958519265955,0.598425196850394,-2.95931860796541));
#9916=CARTESIAN_POINT('',(0.447712916310605,0.62992125984252,-2.93006877055327));
#9917=CARTESIAN_POINT('Ctrl Pts',(0.418955079470545,0.62992125984252,-2.91830726868603));
#9918=CARTESIAN_POINT('Ctrl Pts',(0.418955079470545,0.598425196850394,-2.91830726868603));
#9919=CARTESIAN_POINT('Ctrl Pts',(0.424402142463509,0.62992125984252,-2.91877467535829));
#9920=CARTESIAN_POINT('Ctrl Pts',(0.424402142463509,0.598425196850394,-2.91877467535829));
#9921=CARTESIAN_POINT('Ctrl Pts',(0.435217287281446,0.62992125984252,-2.91970271141292));
#9922=CARTESIAN_POINT('Ctrl Pts',(0.435217287281446,0.598425196850394,-2.91970271141292));
#9923=CARTESIAN_POINT('Ctrl Pts',(0.443568034664742,0.62992125984252,-2.92663028112865));
#9924=CARTESIAN_POINT('Ctrl Pts',(0.443568034664742,0.598425196850394,-2.92663028112865));
#9925=CARTESIAN_POINT('Ctrl Pts',(0.447712916310605,0.62992125984252,-2.93006877055327));
#9926=CARTESIAN_POINT('Ctrl Pts',(0.447712916310605,0.598425196850394,-2.93006877055327));
#9927=CARTESIAN_POINT('',(0.418955079470545,0.62992125984252,-2.91830726868603));
#9928=CARTESIAN_POINT('Ctrl Pts',(0.418955079470545,0.62992125984252,-2.91830726868603));
#9929=CARTESIAN_POINT('Ctrl Pts',(0.424402142463509,0.62992125984252,-2.91877467535829));
#9930=CARTESIAN_POINT('Ctrl Pts',(0.435217287281446,0.62992125984252,-2.91970271141292));
#9931=CARTESIAN_POINT('Ctrl Pts',(0.443568034664742,0.62992125984252,-2.92663028112865));
#9932=CARTESIAN_POINT('Ctrl Pts',(0.447712916310605,0.62992125984252,-2.93006877055327));
#9933=CARTESIAN_POINT('',(0.418955079470545,0.598425196850394,-2.91830726868603));
#9934=CARTESIAN_POINT('Ctrl Pts',(0.418955079470545,0.598425196850394,-2.91830726868603));
#9935=CARTESIAN_POINT('Ctrl Pts',(0.424402142463509,0.598425196850394,-2.91877467535829));
#9936=CARTESIAN_POINT('Ctrl Pts',(0.435217287281446,0.598425196850394,-2.91970271141292));
#9937=CARTESIAN_POINT('Ctrl Pts',(0.443568034664742,0.598425196850394,-2.92663028112865));
#9938=CARTESIAN_POINT('Ctrl Pts',(0.447712916310605,0.598425196850394,-2.93006877055327));
#9939=CARTESIAN_POINT('',(0.418955079470545,0.62992125984252,-2.91830726868603));
#9940=CARTESIAN_POINT('Ctrl Pts',(0.394533856576374,0.62992125984252,-2.92735048144973));
#9941=CARTESIAN_POINT('Ctrl Pts',(0.394533856576374,0.598425196850394,-2.92735048144973));
#9942=CARTESIAN_POINT('Ctrl Pts',(0.398104538042498,0.62992125984252,-2.92471988455317));
#9943=CARTESIAN_POINT('Ctrl Pts',(0.398104538042498,0.598425196850394,-2.92471988455317));
#9944=CARTESIAN_POINT('Ctrl Pts',(0.405370321387286,0.62992125984252,-2.91936702759875));
#9945=CARTESIAN_POINT('Ctrl Pts',(0.405370321387286,0.598425196850394,-2.91936702759875));
#9946=CARTESIAN_POINT('Ctrl Pts',(0.414375425173349,0.62992125984252,-2.91866453154113));
#9947=CARTESIAN_POINT('Ctrl Pts',(0.414375425173349,0.598425196850394,-2.91866453154113));
#9948=CARTESIAN_POINT('Ctrl Pts',(0.418955079470545,0.62992125984252,-2.91830726868603));
#9949=CARTESIAN_POINT('Ctrl Pts',(0.418955079470545,0.598425196850394,-2.91830726868603));
#9950=CARTESIAN_POINT('',(0.394533856576374,0.62992125984252,-2.92735048144973));
#9951=CARTESIAN_POINT('Ctrl Pts',(0.394533856576374,0.62992125984252,-2.92735048144973));
#9952=CARTESIAN_POINT('Ctrl Pts',(0.398104538042498,0.62992125984252,-2.92471988455317));
#9953=CARTESIAN_POINT('Ctrl Pts',(0.405370321387286,0.62992125984252,-2.91936702759875));
#9954=CARTESIAN_POINT('Ctrl Pts',(0.414375425173349,0.62992125984252,-2.91866453154113));
#9955=CARTESIAN_POINT('Ctrl Pts',(0.418955079470545,0.62992125984252,-2.91830726868603));
#9956=CARTESIAN_POINT('',(0.394533856576374,0.598425196850394,-2.92735048144973));
#9957=CARTESIAN_POINT('Ctrl Pts',(0.394533856576374,0.598425196850394,-2.92735048144973));
#9958=CARTESIAN_POINT('Ctrl Pts',(0.398104538042498,0.598425196850394,-2.92471988455317));
#9959=CARTESIAN_POINT('Ctrl Pts',(0.405370321387286,0.598425196850394,-2.91936702759875));
#9960=CARTESIAN_POINT('Ctrl Pts',(0.414375425173349,0.598425196850394,-2.91866453154113));
#9961=CARTESIAN_POINT('Ctrl Pts',(0.418955079470545,0.598425196850394,-2.91830726868603));
#9962=CARTESIAN_POINT('',(0.394533856576374,0.62992125984252,-2.92735048144973));
#9963=CARTESIAN_POINT('Ctrl Pts',(0.380491436360348,0.62992125984252,-2.95705262131596));
#9964=CARTESIAN_POINT('Ctrl Pts',(0.380491436360348,0.598425196850394,-2.95705262131596));
#9965=CARTESIAN_POINT('Ctrl Pts',(0.381871686739794,0.62992125984252,-2.95091575738525));
#9966=CARTESIAN_POINT('Ctrl Pts',(0.381871686739794,0.598425196850394,-2.95091575738525));
#9967=CARTESIAN_POINT('Ctrl Pts',(0.384344395291062,0.62992125984252,-2.93992161013096));
#9968=CARTESIAN_POINT('Ctrl Pts',(0.384344395291062,0.598425196850394,-2.93992161013096));
#9969=CARTESIAN_POINT('Ctrl Pts',(0.391411545303943,0.62992125984252,-2.93120259646244));
#9970=CARTESIAN_POINT('Ctrl Pts',(0.391411545303943,0.598425196850394,-2.93120259646244));
#9971=CARTESIAN_POINT('Ctrl Pts',(0.394533856576374,0.62992125984252,-2.92735048144973));
#9972=CARTESIAN_POINT('Ctrl Pts',(0.394533856576374,0.598425196850394,-2.92735048144973));
#9973=CARTESIAN_POINT('',(0.380491436360348,0.62992125984252,-2.95705262131596));
#9974=CARTESIAN_POINT('Ctrl Pts',(0.380491436360348,0.62992125984252,-2.95705262131596));
#9975=CARTESIAN_POINT('Ctrl Pts',(0.381871686739794,0.62992125984252,-2.95091575738525));
#9976=CARTESIAN_POINT('Ctrl Pts',(0.384344395291062,0.62992125984252,-2.93992161013096));
#9977=CARTESIAN_POINT('Ctrl Pts',(0.391411545303943,0.62992125984252,-2.93120259646244));
#9978=CARTESIAN_POINT('Ctrl Pts',(0.394533856576374,0.62992125984252,-2.92735048144973));
#9979=CARTESIAN_POINT('',(0.380491436360348,0.598425196850394,-2.95705262131596));
#9980=CARTESIAN_POINT('Ctrl Pts',(0.380491436360348,0.598425196850394,-2.95705262131596));
#9981=CARTESIAN_POINT('Ctrl Pts',(0.381871686739794,0.598425196850394,-2.95091575738525));
#9982=CARTESIAN_POINT('Ctrl Pts',(0.384344395291062,0.598425196850394,-2.93992161013096));
#9983=CARTESIAN_POINT('Ctrl Pts',(0.391411545303943,0.598425196850394,-2.93120259646244));
#9984=CARTESIAN_POINT('Ctrl Pts',(0.394533856576374,0.598425196850394,-2.92735048144973));
#9985=CARTESIAN_POINT('',(0.380491436360348,0.62992125984252,-2.95705262131596));
#9986=CARTESIAN_POINT('Origin',(0.356315432907012,0.62992125984252,-2.9538761098484));
#9987=CARTESIAN_POINT('',(0.356315432907012,0.62992125984252,-2.9538761098484));
#9988=CARTESIAN_POINT('',(0.356315432907012,0.62992125984252,-2.9538761098484));
#9989=CARTESIAN_POINT('',(0.356315432907012,0.598425196850394,-2.9538761098484));
#9990=CARTESIAN_POINT('',(0.356315432907012,0.598425196850394,-2.9538761098484));
#9991=CARTESIAN_POINT('',(0.356315432907012,0.62992125984252,-2.9538761098484));
#9992=CARTESIAN_POINT('Ctrl Pts',(0.375709185493694,0.62992125984252,-2.91382439329313));
#9993=CARTESIAN_POINT('Ctrl Pts',(0.375709185493694,0.598425196850394,-2.91382439329313));
#9994=CARTESIAN_POINT('Ctrl Pts',(0.370638214068402,0.62992125984252,-2.91943920367302));
#9995=CARTESIAN_POINT('Ctrl Pts',(0.370638214068402,0.598425196850394,-2.91943920367302));
#9996=CARTESIAN_POINT('Ctrl Pts',(0.36029381625458,0.62992125984252,-2.93089299178332));
#9997=CARTESIAN_POINT('Ctrl Pts',(0.36029381625458,0.598425196850394,-2.93089299178332));
#9998=CARTESIAN_POINT('Ctrl Pts',(0.35765875137807,0.62992125984252,-2.94611575989665));
#9999=CARTESIAN_POINT('Ctrl Pts',(0.35765875137807,0.598425196850394,-2.94611575989665));
#10000=CARTESIAN_POINT('Ctrl Pts',(0.356315432907012,0.62992125984252,-2.9538761098484));
#10001=CARTESIAN_POINT('Ctrl Pts',(0.356315432907012,0.598425196850394,
-2.9538761098484));
#10002=CARTESIAN_POINT('Ctrl Pts',(0.375709185493694,0.62992125984252,-2.91382439329313));
#10003=CARTESIAN_POINT('Ctrl Pts',(0.370638214068402,0.62992125984252,-2.91943920367302));
#10004=CARTESIAN_POINT('Ctrl Pts',(0.36029381625458,0.62992125984252,-2.93089299178332));
#10005=CARTESIAN_POINT('Ctrl Pts',(0.35765875137807,0.62992125984252,-2.94611575989665));
#10006=CARTESIAN_POINT('Ctrl Pts',(0.356315432907012,0.62992125984252,-2.9538761098484));
#10007=CARTESIAN_POINT('Ctrl Pts',(0.375709185493694,0.598425196850394,
-2.91382439329313));
#10008=CARTESIAN_POINT('Ctrl Pts',(0.370638214068402,0.598425196850394,
-2.91943920367302));
#10009=CARTESIAN_POINT('Ctrl Pts',(0.36029381625458,0.598425196850394,-2.93089299178332));
#10010=CARTESIAN_POINT('Ctrl Pts',(0.35765875137807,0.598425196850394,-2.94611575989665));
#10011=CARTESIAN_POINT('Ctrl Pts',(0.356315432907012,0.598425196850394,
-2.9538761098484));
#10012=CARTESIAN_POINT('Origin',(0.420774272133065,0.62992125984252,-2.99887459492641));
#10013=CARTESIAN_POINT('Origin',(0.420774272133065,0.598425196850394,-2.99887459492641));
#10014=CARTESIAN_POINT('Ctrl Pts',(0.418651153977828,0.62992125984252,-4.89977757591121));
#10015=CARTESIAN_POINT('Ctrl Pts',(0.418651153977828,0.598425196850394,
-4.89977757591121));
#10016=CARTESIAN_POINT('Ctrl Pts',(0.410253174587621,0.62992125984252,-4.90029720066881));
#10017=CARTESIAN_POINT('Ctrl Pts',(0.410253174587621,0.598425196850394,
-4.90029720066881));
#10018=CARTESIAN_POINT('Ctrl Pts',(0.394192641909696,0.62992125984252,-4.90129094571295));
#10019=CARTESIAN_POINT('Ctrl Pts',(0.394192641909696,0.598425196850394,
-4.90129094571295));
#10020=CARTESIAN_POINT('Ctrl Pts',(0.381044386477223,0.62992125984252,-4.91050456896066));
#10021=CARTESIAN_POINT('Ctrl Pts',(0.381044386477223,0.598425196850394,
-4.91050456896066));
#10022=CARTESIAN_POINT('Ctrl Pts',(0.374771293927165,0.62992125984252,-4.91490043057523));
#10023=CARTESIAN_POINT('Ctrl Pts',(0.374771293927165,0.598425196850394,
-4.91490043057523));
#10024=CARTESIAN_POINT('',(0.418651153977828,0.62992125984252,-4.89977757591121));
#10025=CARTESIAN_POINT('',(0.374771293927165,0.62992125984252,-4.91490043057523));
#10026=CARTESIAN_POINT('Ctrl Pts',(0.418651153977828,0.62992125984252,-4.89977757591121));
#10027=CARTESIAN_POINT('Ctrl Pts',(0.410253174587621,0.62992125984252,-4.90029720066881));
#10028=CARTESIAN_POINT('Ctrl Pts',(0.394192641909696,0.62992125984252,-4.90129094571295));
#10029=CARTESIAN_POINT('Ctrl Pts',(0.381044386477223,0.62992125984252,-4.91050456896066));
#10030=CARTESIAN_POINT('Ctrl Pts',(0.374771293927165,0.62992125984252,-4.91490043057523));
#10031=CARTESIAN_POINT('',(0.374771293927165,0.598425196850394,-4.91490043057523));
#10032=CARTESIAN_POINT('',(0.374771293927165,0.62992125984252,-4.91490043057523));
#10033=CARTESIAN_POINT('',(0.418651153977828,0.598425196850394,-4.89977757591121));
#10034=CARTESIAN_POINT('Ctrl Pts',(0.418651153977828,0.598425196850394,
-4.89977757591121));
#10035=CARTESIAN_POINT('Ctrl Pts',(0.410253174587621,0.598425196850394,
-4.90029720066881));
#10036=CARTESIAN_POINT('Ctrl Pts',(0.394192641909696,0.598425196850394,
-4.90129094571295));
#10037=CARTESIAN_POINT('Ctrl Pts',(0.381044386477223,0.598425196850394,
-4.91050456896066));
#10038=CARTESIAN_POINT('Ctrl Pts',(0.374771293927165,0.598425196850394,
-4.91490043057523));
#10039=CARTESIAN_POINT('',(0.418651153977828,0.62992125984252,-4.89977757591121));
#10040=CARTESIAN_POINT('Ctrl Pts',(0.47039342085373,0.62992125984252,-4.92358017589593));
#10041=CARTESIAN_POINT('Ctrl Pts',(0.47039342085373,0.598425196850394,-4.92358017589593));
#10042=CARTESIAN_POINT('Ctrl Pts',(0.463382706057701,0.62992125984252,-4.91662318038236));
#10043=CARTESIAN_POINT('Ctrl Pts',(0.463382706057701,0.598425196850394,
-4.91662318038236));
#10044=CARTESIAN_POINT('Ctrl Pts',(0.44906150609653,0.62992125984252,-4.90241171596289));
#10045=CARTESIAN_POINT('Ctrl Pts',(0.44906150609653,0.598425196850394,-4.90241171596289));
#10046=CARTESIAN_POINT('Ctrl Pts',(0.428928412856754,0.62992125984252,-4.90066779050421));
#10047=CARTESIAN_POINT('Ctrl Pts',(0.428928412856754,0.598425196850394,
-4.90066779050421));
#10048=CARTESIAN_POINT('Ctrl Pts',(0.418651153977828,0.62992125984252,-4.89977757591121));
#10049=CARTESIAN_POINT('Ctrl Pts',(0.418651153977828,0.598425196850394,
-4.89977757591121));
#10050=CARTESIAN_POINT('',(0.47039342085373,0.62992125984252,-4.92358017589593));
#10051=CARTESIAN_POINT('Ctrl Pts',(0.47039342085373,0.62992125984252,-4.92358017589593));
#10052=CARTESIAN_POINT('Ctrl Pts',(0.463382706057701,0.62992125984252,-4.91662318038236));
#10053=CARTESIAN_POINT('Ctrl Pts',(0.44906150609653,0.62992125984252,-4.90241171596289));
#10054=CARTESIAN_POINT('Ctrl Pts',(0.428928412856754,0.62992125984252,-4.90066779050421));
#10055=CARTESIAN_POINT('Ctrl Pts',(0.418651153977828,0.62992125984252,-4.89977757591121));
#10056=CARTESIAN_POINT('',(0.47039342085373,0.598425196850394,-4.92358017589593));
#10057=CARTESIAN_POINT('Ctrl Pts',(0.47039342085373,0.598425196850394,-4.92358017589593));
#10058=CARTESIAN_POINT('Ctrl Pts',(0.463382706057701,0.598425196850394,
-4.91662318038236));
#10059=CARTESIAN_POINT('Ctrl Pts',(0.44906150609653,0.598425196850394,-4.90241171596289));
#10060=CARTESIAN_POINT('Ctrl Pts',(0.428928412856754,0.598425196850394,
-4.90066779050421));
#10061=CARTESIAN_POINT('Ctrl Pts',(0.418651153977828,0.598425196850394,
-4.89977757591121));
#10062=CARTESIAN_POINT('',(0.47039342085373,0.62992125984252,-4.92358017589593));
#10063=CARTESIAN_POINT('Ctrl Pts',(0.486057731665038,0.62992125984252,-4.96974172342971));
#10064=CARTESIAN_POINT('Ctrl Pts',(0.486057731665038,0.598425196850394,
-4.96974172342971));
#10065=CARTESIAN_POINT('Ctrl Pts',(0.485442754348516,0.62992125984252,-4.96120167327668));
#10066=CARTESIAN_POINT('Ctrl Pts',(0.485442754348516,0.598425196850394,
-4.96120167327668));
#10067=CARTESIAN_POINT('Ctrl Pts',(0.484235550993553,0.62992125984252,-4.94443751479585));
#10068=CARTESIAN_POINT('Ctrl Pts',(0.484235550993553,0.598425196850394,
-4.94443751479585));
#10069=CARTESIAN_POINT('Ctrl Pts',(0.474949126082477,0.62992125984252,-4.93044471819717));
#10070=CARTESIAN_POINT('Ctrl Pts',(0.474949126082477,0.598425196850394,
-4.93044471819717));
#10071=CARTESIAN_POINT('Ctrl Pts',(0.47039342085373,0.62992125984252,-4.92358017589593));
#10072=CARTESIAN_POINT('Ctrl Pts',(0.47039342085373,0.598425196850394,-4.92358017589593));
#10073=CARTESIAN_POINT('',(0.486057731665038,0.62992125984252,-4.96974172342971));
#10074=CARTESIAN_POINT('Ctrl Pts',(0.486057731665038,0.62992125984252,-4.96974172342971));
#10075=CARTESIAN_POINT('Ctrl Pts',(0.485442754348516,0.62992125984252,-4.96120167327668));
#10076=CARTESIAN_POINT('Ctrl Pts',(0.484235550993553,0.62992125984252,-4.94443751479585));
#10077=CARTESIAN_POINT('Ctrl Pts',(0.474949126082477,0.62992125984252,-4.93044471819717));
#10078=CARTESIAN_POINT('Ctrl Pts',(0.47039342085373,0.62992125984252,-4.92358017589593));
#10079=CARTESIAN_POINT('',(0.486057731665038,0.598425196850394,-4.96974172342971));
#10080=CARTESIAN_POINT('Ctrl Pts',(0.486057731665038,0.598425196850394,
-4.96974172342971));
#10081=CARTESIAN_POINT('Ctrl Pts',(0.485442754348516,0.598425196850394,
-4.96120167327668));
#10082=CARTESIAN_POINT('Ctrl Pts',(0.484235550993553,0.598425196850394,
-4.94443751479585));
#10083=CARTESIAN_POINT('Ctrl Pts',(0.474949126082477,0.598425196850394,
-4.93044471819717));
#10084=CARTESIAN_POINT('Ctrl Pts',(0.47039342085373,0.598425196850394,-4.92358017589593));
#10085=CARTESIAN_POINT('',(0.486057731665038,0.62992125984252,-4.96974172342971));
#10086=CARTESIAN_POINT('Ctrl Pts',(0.468420850870436,0.62992125984252,-5.01569830126459));
#10087=CARTESIAN_POINT('Ctrl Pts',(0.468420850870436,0.598425196850394,
-5.01569830126459));
#10088=CARTESIAN_POINT('Ctrl Pts',(0.473576742750592,0.62992125984252,-5.00917493245576));
#10089=CARTESIAN_POINT('Ctrl Pts',(0.473576742750592,0.598425196850394,
-5.00917493245576));
#10090=CARTESIAN_POINT('Ctrl Pts',(0.484213893682265,0.62992125984252,-4.99571653181133));
#10091=CARTESIAN_POINT('Ctrl Pts',(0.484213893682265,0.598425196850394,
-4.99571653181133));
#10092=CARTESIAN_POINT('Ctrl Pts',(0.485430712396814,0.62992125984252,-4.97857476922651));
#10093=CARTESIAN_POINT('Ctrl Pts',(0.485430712396814,0.598425196850394,
-4.97857476922651));
#10094=CARTESIAN_POINT('Ctrl Pts',(0.486057731665038,0.62992125984252,-4.96974172342971));
#10095=CARTESIAN_POINT('Ctrl Pts',(0.486057731665038,0.598425196850394,
-4.96974172342971));
#10096=CARTESIAN_POINT('',(0.468420850870436,0.62992125984252,-5.01569830126459));
#10097=CARTESIAN_POINT('Ctrl Pts',(0.468420850870436,0.62992125984252,-5.01569830126459));
#10098=CARTESIAN_POINT('Ctrl Pts',(0.473576742750592,0.62992125984252,-5.00917493245576));
#10099=CARTESIAN_POINT('Ctrl Pts',(0.484213893682265,0.62992125984252,-4.99571653181133));
#10100=CARTESIAN_POINT('Ctrl Pts',(0.485430712396814,0.62992125984252,-4.97857476922651));
#10101=CARTESIAN_POINT('Ctrl Pts',(0.486057731665038,0.62992125984252,-4.96974172342971));
#10102=CARTESIAN_POINT('',(0.468420850870436,0.598425196850394,-5.01569830126459));
#10103=CARTESIAN_POINT('Ctrl Pts',(0.468420850870436,0.598425196850394,
-5.01569830126459));
#10104=CARTESIAN_POINT('Ctrl Pts',(0.473576742750592,0.598425196850394,
-5.00917493245576));
#10105=CARTESIAN_POINT('Ctrl Pts',(0.484213893682265,0.598425196850394,
-4.99571653181133));
#10106=CARTESIAN_POINT('Ctrl Pts',(0.485430712396814,0.598425196850394,
-4.97857476922651));
#10107=CARTESIAN_POINT('Ctrl Pts',(0.486057731665038,0.598425196850394,
-4.96974172342971));
#10108=CARTESIAN_POINT('',(0.468420850870436,0.62992125984252,-5.01569830126459));
#10109=CARTESIAN_POINT('Ctrl Pts',(0.42494922141563,0.62992125984252,-5.03364019761332));
#10110=CARTESIAN_POINT('Ctrl Pts',(0.42494922141563,0.598425196850394,-5.03364019761332));
#10111=CARTESIAN_POINT('Ctrl Pts',(0.433185347668799,0.62992125984252,-5.03290092251826));
#10112=CARTESIAN_POINT('Ctrl Pts',(0.433185347668799,0.598425196850394,
-5.03290092251826));
#10113=CARTESIAN_POINT('Ctrl Pts',(0.449545690036264,0.62992125984252,-5.03143241738767));
#10114=CARTESIAN_POINT('Ctrl Pts',(0.449545690036264,0.598425196850394,
-5.03143241738767));
#10115=CARTESIAN_POINT('Ctrl Pts',(0.462157887790129,0.62992125984252,-5.02091903497096));
#10116=CARTESIAN_POINT('Ctrl Pts',(0.462157887790129,0.598425196850394,
-5.02091903497096));
#10117=CARTESIAN_POINT('Ctrl Pts',(0.468420850870436,0.62992125984252,-5.01569830126459));
#10118=CARTESIAN_POINT('Ctrl Pts',(0.468420850870436,0.598425196850394,
-5.01569830126459));
#10119=CARTESIAN_POINT('',(0.42494922141563,0.62992125984252,-5.03364019761332));
#10120=CARTESIAN_POINT('Ctrl Pts',(0.42494922141563,0.62992125984252,-5.03364019761332));
#10121=CARTESIAN_POINT('Ctrl Pts',(0.433185347668799,0.62992125984252,-5.03290092251826));
#10122=CARTESIAN_POINT('Ctrl Pts',(0.449545690036264,0.62992125984252,-5.03143241738767));
#10123=CARTESIAN_POINT('Ctrl Pts',(0.462157887790129,0.62992125984252,-5.02091903497096));
#10124=CARTESIAN_POINT('Ctrl Pts',(0.468420850870436,0.62992125984252,-5.01569830126459));
#10125=CARTESIAN_POINT('',(0.42494922141563,0.598425196850394,-5.03364019761332));
#10126=CARTESIAN_POINT('Ctrl Pts',(0.42494922141563,0.598425196850394,-5.03364019761332));
#10127=CARTESIAN_POINT('Ctrl Pts',(0.433185347668799,0.598425196850394,
-5.03290092251826));
#10128=CARTESIAN_POINT('Ctrl Pts',(0.449545690036264,0.598425196850394,
-5.03143241738767));
#10129=CARTESIAN_POINT('Ctrl Pts',(0.462157887790129,0.598425196850394,
-5.02091903497096));
#10130=CARTESIAN_POINT('Ctrl Pts',(0.468420850870436,0.598425196850394,
-5.01569830126459));
#10131=CARTESIAN_POINT('',(0.42494922141563,0.62992125984252,-5.03364019761332));
#10132=CARTESIAN_POINT('Ctrl Pts',(0.387730903154071,0.62992125984252,-5.02135772559288));
#10133=CARTESIAN_POINT('Ctrl Pts',(0.387730903154071,0.598425196850394,
-5.02135772559288));
#10134=CARTESIAN_POINT('Ctrl Pts',(0.393623237793955,0.62992125984252,-5.02494877305862));
#10135=CARTESIAN_POINT('Ctrl Pts',(0.393623237793955,0.598425196850394,
-5.02494877305862));
#10136=CARTESIAN_POINT('Ctrl Pts',(0.405088512996514,0.62992125984252,-5.03193621521463));
#10137=CARTESIAN_POINT('Ctrl Pts',(0.405088512996514,0.598425196850394,
-5.03193621521463));
#10138=CARTESIAN_POINT('Ctrl Pts',(0.418453086545792,0.62992125984252,-5.03308285095457));
#10139=CARTESIAN_POINT('Ctrl Pts',(0.418453086545792,0.598425196850394,
-5.03308285095457));
#10140=CARTESIAN_POINT('Ctrl Pts',(0.42494922141563,0.62992125984252,-5.03364019761332));
#10141=CARTESIAN_POINT('Ctrl Pts',(0.42494922141563,0.598425196850394,-5.03364019761332));
#10142=CARTESIAN_POINT('',(0.387730903154071,0.62992125984252,-5.02135772559288));
#10143=CARTESIAN_POINT('Ctrl Pts',(0.387730903154071,0.62992125984252,-5.02135772559288));
#10144=CARTESIAN_POINT('Ctrl Pts',(0.393623237793955,0.62992125984252,-5.02494877305862));
#10145=CARTESIAN_POINT('Ctrl Pts',(0.405088512996514,0.62992125984252,-5.03193621521463));
#10146=CARTESIAN_POINT('Ctrl Pts',(0.418453086545792,0.62992125984252,-5.03308285095457));
#10147=CARTESIAN_POINT('Ctrl Pts',(0.42494922141563,0.62992125984252,-5.03364019761332));
#10148=CARTESIAN_POINT('',(0.387730903154071,0.598425196850394,-5.02135772559288));
#10149=CARTESIAN_POINT('Ctrl Pts',(0.387730903154071,0.598425196850394,
-5.02135772559288));
#10150=CARTESIAN_POINT('Ctrl Pts',(0.393623237793955,0.598425196850394,
-5.02494877305862));
#10151=CARTESIAN_POINT('Ctrl Pts',(0.405088512996514,0.598425196850394,
-5.03193621521463));
#10152=CARTESIAN_POINT('Ctrl Pts',(0.418453086545792,0.598425196850394,
-5.03308285095457));
#10153=CARTESIAN_POINT('Ctrl Pts',(0.42494922141563,0.598425196850394,-5.03364019761332));
#10154=CARTESIAN_POINT('',(0.387730903154071,0.62992125984252,-5.02135772559288));
#10155=CARTESIAN_POINT('Origin',(0.39843978306582,0.62992125984252,-5.07424259961583));
#10156=CARTESIAN_POINT('',(0.39843978306582,0.62992125984252,-5.07424259961583));
#10157=CARTESIAN_POINT('',(0.39843978306582,0.62992125984252,-5.07424259961583));
#10158=CARTESIAN_POINT('',(0.39843978306582,0.598425196850394,-5.07424259961583));
#10159=CARTESIAN_POINT('',(0.39843978306582,0.598425196850394,-5.07424259961583));
#10160=CARTESIAN_POINT('',(0.39843978306582,0.62992125984252,-5.07424259961583));
#10161=CARTESIAN_POINT('Origin',(0.476991803388032,0.62992125984252,-5.07409262435615));
#10162=CARTESIAN_POINT('',(0.476991803388032,0.62992125984252,-5.07409262435615));
#10163=CARTESIAN_POINT('',(0.476991803388032,0.62992125984252,-5.07409262435615));
#10164=CARTESIAN_POINT('',(0.476991803388032,0.598425196850394,-5.07409262435615));
#10165=CARTESIAN_POINT('',(0.476991803388032,0.598425196850394,-5.07409262435615));
#10166=CARTESIAN_POINT('',(0.476991803388032,0.62992125984252,-5.07409262435615));
#10167=CARTESIAN_POINT('Origin',(0.477035898712529,0.62992125984252,-5.09718827919161));
#10168=CARTESIAN_POINT('',(0.477035898712529,0.62992125984252,-5.09718827919161));
#10169=CARTESIAN_POINT('',(0.477035898712529,0.62992125984252,-5.09718827919161));
#10170=CARTESIAN_POINT('',(0.477035898712529,0.598425196850394,-5.09718827919161));
#10171=CARTESIAN_POINT('',(0.477035898712529,0.598425196850394,-5.09718827919161));
#10172=CARTESIAN_POINT('',(0.477035898712529,0.62992125984252,-5.09718827919161));
#10173=CARTESIAN_POINT('Origin',(0.379148002602203,0.62992125984252,-5.09737517142658));
#10174=CARTESIAN_POINT('',(0.379148002602203,0.62992125984252,-5.09737517142658));
#10175=CARTESIAN_POINT('',(0.379148002602203,0.62992125984252,-5.09737517142658));
#10176=CARTESIAN_POINT('',(0.379148002602203,0.598425196850394,-5.09737517142658));
#10177=CARTESIAN_POINT('',(0.379148002602203,0.598425196850394,-5.09737517142658));
#10178=CARTESIAN_POINT('',(0.379148002602203,0.62992125984252,-5.09737517142658));
#10179=CARTESIAN_POINT('Origin',(0.359887630624581,0.62992125984252,-4.99630099840088));
#10180=CARTESIAN_POINT('',(0.359887630624581,0.62992125984252,-4.99630099840088));
#10181=CARTESIAN_POINT('',(0.359887630624581,0.62992125984252,-4.99630099840088));
#10182=CARTESIAN_POINT('',(0.359887630624581,0.598425196850394,-4.99630099840088));
#10183=CARTESIAN_POINT('',(0.359887630624581,0.598425196850394,-4.99630099840088));
#10184=CARTESIAN_POINT('',(0.359887630624581,0.62992125984252,-4.99630099840088));
#10185=CARTESIAN_POINT('Origin',(0.382574798500971,0.62992125984252,-4.99330358692083));
#10186=CARTESIAN_POINT('',(0.382574798500971,0.62992125984252,-4.99330358692083));
#10187=CARTESIAN_POINT('',(0.382574798500971,0.62992125984252,-4.99330358692083));
#10188=CARTESIAN_POINT('',(0.382574798500971,0.598425196850394,-4.99330358692083));
#10189=CARTESIAN_POINT('',(0.382574798500971,0.598425196850394,-4.99330358692083));
#10190=CARTESIAN_POINT('',(0.382574798500971,0.62992125984252,-4.99330358692083));
#10191=CARTESIAN_POINT('Ctrl Pts',(0.397371421424305,0.62992125984252,-5.00697164057913));
#10192=CARTESIAN_POINT('Ctrl Pts',(0.397371421424305,0.598425196850394,
-5.00697164057913));
#10193=CARTESIAN_POINT('Ctrl Pts',(0.394420028243495,0.62992125984252,-5.00512456030946));
#10194=CARTESIAN_POINT('Ctrl Pts',(0.394420028243495,0.598425196850394,
-5.00512456030946));
#10195=CARTESIAN_POINT('Ctrl Pts',(0.3886252086771,0.62992125984252,-5.00149796899084));
#10196=CARTESIAN_POINT('Ctrl Pts',(0.3886252086771,0.598425196850394,-5.00149796899084));
#10197=CARTESIAN_POINT('Ctrl Pts',(0.384566394484004,0.62992125984252,-4.99600090791874));
#10198=CARTESIAN_POINT('Ctrl Pts',(0.384566394484004,0.598425196850394,
-4.99600090791874));
#10199=CARTESIAN_POINT('Ctrl Pts',(0.382574798500971,0.62992125984252,-4.99330358692083));
#10200=CARTESIAN_POINT('Ctrl Pts',(0.382574798500971,0.598425196850394,
-4.99330358692083));
#10201=CARTESIAN_POINT('',(0.397371421424305,0.62992125984252,-5.00697164057913));
#10202=CARTESIAN_POINT('Ctrl Pts',(0.397371421424305,0.62992125984252,-5.00697164057913));
#10203=CARTESIAN_POINT('Ctrl Pts',(0.394420028243495,0.62992125984252,-5.00512456030946));
#10204=CARTESIAN_POINT('Ctrl Pts',(0.3886252086771,0.62992125984252,-5.00149796899084));
#10205=CARTESIAN_POINT('Ctrl Pts',(0.384566394484004,0.62992125984252,-4.99600090791874));
#10206=CARTESIAN_POINT('Ctrl Pts',(0.382574798500971,0.62992125984252,-4.99330358692083));
#10207=CARTESIAN_POINT('',(0.397371421424305,0.598425196850394,-5.00697164057913));
#10208=CARTESIAN_POINT('Ctrl Pts',(0.397371421424305,0.598425196850394,
-5.00697164057913));
#10209=CARTESIAN_POINT('Ctrl Pts',(0.394420028243495,0.598425196850394,
-5.00512456030946));
#10210=CARTESIAN_POINT('Ctrl Pts',(0.3886252086771,0.598425196850394,-5.00149796899084));
#10211=CARTESIAN_POINT('Ctrl Pts',(0.384566394484004,0.598425196850394,
-4.99600090791874));
#10212=CARTESIAN_POINT('Ctrl Pts',(0.382574798500971,0.598425196850394,
-4.99330358692083));
#10213=CARTESIAN_POINT('',(0.397371421424305,0.62992125984252,-5.00697164057913));
#10214=CARTESIAN_POINT('Ctrl Pts',(0.41846314350683,0.62992125984252,-5.01230246353397));
#10215=CARTESIAN_POINT('Ctrl Pts',(0.41846314350683,0.598425196850394,-5.01230246353397));
#10216=CARTESIAN_POINT('Ctrl Pts',(0.41469654088773,0.62992125984252,-5.01210432154344));
#10217=CARTESIAN_POINT('Ctrl Pts',(0.41469654088773,0.598425196850394,-5.01210432154344));
#10218=CARTESIAN_POINT('Ctrl Pts',(0.407311125020089,0.62992125984252,-5.01171581201672));
#10219=CARTESIAN_POINT('Ctrl Pts',(0.407311125020089,0.598425196850394,
-5.01171581201672));
#10220=CARTESIAN_POINT('Ctrl Pts',(0.400640158441612,0.62992125984252,-5.00853179261435));
#10221=CARTESIAN_POINT('Ctrl Pts',(0.400640158441612,0.598425196850394,
-5.00853179261435));
#10222=CARTESIAN_POINT('Ctrl Pts',(0.397371421424305,0.62992125984252,-5.00697164057913));
#10223=CARTESIAN_POINT('Ctrl Pts',(0.397371421424305,0.598425196850394,
-5.00697164057913));
#10224=CARTESIAN_POINT('',(0.41846314350683,0.62992125984252,-5.01230246353397));
#10225=CARTESIAN_POINT('Ctrl Pts',(0.41846314350683,0.62992125984252,-5.01230246353397));
#10226=CARTESIAN_POINT('Ctrl Pts',(0.41469654088773,0.62992125984252,-5.01210432154344));
#10227=CARTESIAN_POINT('Ctrl Pts',(0.407311125020089,0.62992125984252,-5.01171581201672));
#10228=CARTESIAN_POINT('Ctrl Pts',(0.400640158441612,0.62992125984252,-5.00853179261435));
#10229=CARTESIAN_POINT('Ctrl Pts',(0.397371421424305,0.62992125984252,-5.00697164057913));
#10230=CARTESIAN_POINT('',(0.41846314350683,0.598425196850394,-5.01230246353397));
#10231=CARTESIAN_POINT('Ctrl Pts',(0.41846314350683,0.598425196850394,-5.01230246353397));
#10232=CARTESIAN_POINT('Ctrl Pts',(0.41469654088773,0.598425196850394,-5.01210432154344));
#10233=CARTESIAN_POINT('Ctrl Pts',(0.407311125020089,0.598425196850394,
-5.01171581201672));
#10234=CARTESIAN_POINT('Ctrl Pts',(0.400640158441612,0.598425196850394,
-5.00853179261435));
#10235=CARTESIAN_POINT('Ctrl Pts',(0.397371421424305,0.598425196850394,
-5.00697164057913));
#10236=CARTESIAN_POINT('',(0.41846314350683,0.62992125984252,-5.01230246353397));
#10237=CARTESIAN_POINT('Ctrl Pts',(0.448786920322065,0.62992125984252,-5.00029386180842));
#10238=CARTESIAN_POINT('Ctrl Pts',(0.448786920322065,0.598425196850394,
-5.00029386180842));
#10239=CARTESIAN_POINT('Ctrl Pts',(0.444539914486962,0.62992125984252,-5.00378643106588));
#10240=CARTESIAN_POINT('Ctrl Pts',(0.444539914486962,0.598425196850394,
-5.00378643106588));
#10241=CARTESIAN_POINT('Ctrl Pts',(0.435740146545651,0.62992125984252,-5.01102301141871));
#10242=CARTESIAN_POINT('Ctrl Pts',(0.435740146545651,0.598425196850394,
-5.01102301141871));
#10243=CARTESIAN_POINT('Ctrl Pts',(0.424354018454429,0.62992125984252,-5.01186621354342));
#10244=CARTESIAN_POINT('Ctrl Pts',(0.424354018454429,0.598425196850394,
-5.01186621354342));
#10245=CARTESIAN_POINT('Ctrl Pts',(0.41846314350683,0.62992125984252,-5.01230246353397));
#10246=CARTESIAN_POINT('Ctrl Pts',(0.41846314350683,0.598425196850394,-5.01230246353397));
#10247=CARTESIAN_POINT('',(0.448786920322065,0.62992125984252,-5.00029386180842));
#10248=CARTESIAN_POINT('Ctrl Pts',(0.448786920322065,0.62992125984252,-5.00029386180842));
#10249=CARTESIAN_POINT('Ctrl Pts',(0.444539914486962,0.62992125984252,-5.00378643106588));
#10250=CARTESIAN_POINT('Ctrl Pts',(0.435740146545651,0.62992125984252,-5.01102301141871));
#10251=CARTESIAN_POINT('Ctrl Pts',(0.424354018454429,0.62992125984252,-5.01186621354342));
#10252=CARTESIAN_POINT('Ctrl Pts',(0.41846314350683,0.62992125984252,-5.01230246353397));
#10253=CARTESIAN_POINT('',(0.448786920322065,0.598425196850394,-5.00029386180842));
#10254=CARTESIAN_POINT('Ctrl Pts',(0.448786920322065,0.598425196850394,
-5.00029386180842));
#10255=CARTESIAN_POINT('Ctrl Pts',(0.444539914486962,0.598425196850394,
-5.00378643106588));
#10256=CARTESIAN_POINT('Ctrl Pts',(0.435740146545651,0.598425196850394,
-5.01102301141871));
#10257=CARTESIAN_POINT('Ctrl Pts',(0.424354018454429,0.598425196850394,
-5.01186621354342));
#10258=CARTESIAN_POINT('Ctrl Pts',(0.41846314350683,0.598425196850394,-5.01230246353397));
#10259=CARTESIAN_POINT('',(0.448786920322065,0.62992125984252,-5.00029386180842));
#10260=CARTESIAN_POINT('Ctrl Pts',(0.46040673656207,0.62992125984252,-4.96764227470131));
#10261=CARTESIAN_POINT('Ctrl Pts',(0.46040673656207,0.598425196850394,-4.96764227470131));
#10262=CARTESIAN_POINT('Ctrl Pts',(0.460058637472739,0.62992125984252,-4.97403637577435));
#10263=CARTESIAN_POINT('Ctrl Pts',(0.460058637472739,0.598425196850394,
-4.97403637577435));
#10264=CARTESIAN_POINT('Ctrl Pts',(0.459401432292268,0.62992125984252,-4.98610833022198));
#10265=CARTESIAN_POINT('Ctrl Pts',(0.459401432292268,0.598425196850394,
-4.98610833022198));
#10266=CARTESIAN_POINT('Ctrl Pts',(0.452182317230768,0.62992125984252,-4.99575615812199));
#10267=CARTESIAN_POINT('Ctrl Pts',(0.452182317230768,0.598425196850394,
-4.99575615812199));
#10268=CARTESIAN_POINT('Ctrl Pts',(0.448786920322065,0.62992125984252,-5.00029386180842));
#10269=CARTESIAN_POINT('Ctrl Pts',(0.448786920322065,0.598425196850394,
-5.00029386180842));
#10270=CARTESIAN_POINT('',(0.46040673656207,0.62992125984252,-4.96764227470131));
#10271=CARTESIAN_POINT('Ctrl Pts',(0.46040673656207,0.62992125984252,-4.96764227470131));
#10272=CARTESIAN_POINT('Ctrl Pts',(0.460058637472739,0.62992125984252,-4.97403637577435));
#10273=CARTESIAN_POINT('Ctrl Pts',(0.459401432292268,0.62992125984252,-4.98610833022198));
#10274=CARTESIAN_POINT('Ctrl Pts',(0.452182317230768,0.62992125984252,-4.99575615812199));
#10275=CARTESIAN_POINT('Ctrl Pts',(0.448786920322065,0.62992125984252,-5.00029386180842));
#10276=CARTESIAN_POINT('',(0.46040673656207,0.598425196850394,-4.96764227470131));
#10277=CARTESIAN_POINT('Ctrl Pts',(0.46040673656207,0.598425196850394,-4.96764227470131));
#10278=CARTESIAN_POINT('Ctrl Pts',(0.460058637472739,0.598425196850394,
-4.97403637577435));
#10279=CARTESIAN_POINT('Ctrl Pts',(0.459401432292268,0.598425196850394,
-4.98610833022198));
#10280=CARTESIAN_POINT('Ctrl Pts',(0.452182317230768,0.598425196850394,
-4.99575615812199));
#10281=CARTESIAN_POINT('Ctrl Pts',(0.448786920322065,0.598425196850394,
-5.00029386180842));
#10282=CARTESIAN_POINT('',(0.46040673656207,0.62992125984252,-4.96764227470131));
#10283=CARTESIAN_POINT('Ctrl Pts',(0.448255143837251,0.62992125984252,-4.93275332837728));
#10284=CARTESIAN_POINT('Ctrl Pts',(0.448255143837251,0.598425196850394,
-4.93275332837728));
#10285=CARTESIAN_POINT('Ctrl Pts',(0.4517864863524,0.62992125984252,-4.9376698915717));
#10286=CARTESIAN_POINT('Ctrl Pts',(0.4517864863524,0.598425196850394,-4.9376698915717));
#10287=CARTESIAN_POINT('Ctrl Pts',(0.459255356452742,0.62992125984252,-4.94806853505692));
#10288=CARTESIAN_POINT('Ctrl Pts',(0.459255356452742,0.598425196850394,
-4.94806853505692));
#10289=CARTESIAN_POINT('Ctrl Pts',(0.460009276201094,0.62992125984252,-4.96088535267211));
#10290=CARTESIAN_POINT('Ctrl Pts',(0.460009276201094,0.598425196850394,
-4.96088535267211));
#10291=CARTESIAN_POINT('Ctrl Pts',(0.46040673656207,0.62992125984252,-4.96764227470131));
#10292=CARTESIAN_POINT('Ctrl Pts',(0.46040673656207,0.598425196850394,-4.96764227470131));
#10293=CARTESIAN_POINT('',(0.448255143837251,0.62992125984252,-4.93275332837728));
#10294=CARTESIAN_POINT('Ctrl Pts',(0.448255143837251,0.62992125984252,-4.93275332837728));
#10295=CARTESIAN_POINT('Ctrl Pts',(0.4517864863524,0.62992125984252,-4.9376698915717));
#10296=CARTESIAN_POINT('Ctrl Pts',(0.459255356452742,0.62992125984252,-4.94806853505692));
#10297=CARTESIAN_POINT('Ctrl Pts',(0.460009276201094,0.62992125984252,-4.96088535267211));
#10298=CARTESIAN_POINT('Ctrl Pts',(0.46040673656207,0.62992125984252,-4.96764227470131));
#10299=CARTESIAN_POINT('',(0.448255143837251,0.598425196850394,-4.93275332837728));
#10300=CARTESIAN_POINT('Ctrl Pts',(0.448255143837251,0.598425196850394,
-4.93275332837728));
#10301=CARTESIAN_POINT('Ctrl Pts',(0.4517864863524,0.598425196850394,-4.9376698915717));
#10302=CARTESIAN_POINT('Ctrl Pts',(0.459255356452742,0.598425196850394,
-4.94806853505692));
#10303=CARTESIAN_POINT('Ctrl Pts',(0.460009276201094,0.598425196850394,
-4.96088535267211));
#10304=CARTESIAN_POINT('Ctrl Pts',(0.46040673656207,0.598425196850394,-4.96764227470131));
#10305=CARTESIAN_POINT('',(0.448255143837251,0.62992125984252,-4.93275332837728));
#10306=CARTESIAN_POINT('Ctrl Pts',(0.418689096450719,0.62992125984252,-4.91965057304881));
#10307=CARTESIAN_POINT('Ctrl Pts',(0.418689096450719,0.598425196850394,
-4.91965057304881));
#10308=CARTESIAN_POINT('Ctrl Pts',(0.424298161118087,0.62992125984252,-4.92020251588286));
#10309=CARTESIAN_POINT('Ctrl Pts',(0.424298161118087,0.598425196850394,
-4.92020251588286));
#10310=CARTESIAN_POINT('Ctrl Pts',(0.4355909687385,0.62992125984252,-4.921313750039));
#10311=CARTESIAN_POINT('Ctrl Pts',(0.4355909687385,0.598425196850394,-4.921313750039));
#10312=CARTESIAN_POINT('Ctrl Pts',(0.444015182623564,0.62992125984252,-4.92892336171328));
#10313=CARTESIAN_POINT('Ctrl Pts',(0.444015182623564,0.598425196850394,
-4.92892336171328));
#10314=CARTESIAN_POINT('Ctrl Pts',(0.448255143837251,0.62992125984252,-4.93275332837728));
#10315=CARTESIAN_POINT('Ctrl Pts',(0.448255143837251,0.598425196850394,
-4.93275332837728));
#10316=CARTESIAN_POINT('',(0.418689096450719,0.62992125984252,-4.91965057304881));
#10317=CARTESIAN_POINT('Ctrl Pts',(0.418689096450719,0.62992125984252,-4.91965057304881));
#10318=CARTESIAN_POINT('Ctrl Pts',(0.424298161118087,0.62992125984252,-4.92020251588286));
#10319=CARTESIAN_POINT('Ctrl Pts',(0.4355909687385,0.62992125984252,-4.921313750039));
#10320=CARTESIAN_POINT('Ctrl Pts',(0.444015182623564,0.62992125984252,-4.92892336171328));
#10321=CARTESIAN_POINT('Ctrl Pts',(0.448255143837251,0.62992125984252,-4.93275332837728));
#10322=CARTESIAN_POINT('',(0.418689096450719,0.598425196850394,-4.91965057304881));
#10323=CARTESIAN_POINT('Ctrl Pts',(0.418689096450719,0.598425196850394,
-4.91965057304881));
#10324=CARTESIAN_POINT('Ctrl Pts',(0.424298161118087,0.598425196850394,
-4.92020251588286));
#10325=CARTESIAN_POINT('Ctrl Pts',(0.4355909687385,0.598425196850394,-4.921313750039));
#10326=CARTESIAN_POINT('Ctrl Pts',(0.444015182623564,0.598425196850394,
-4.92892336171328));
#10327=CARTESIAN_POINT('Ctrl Pts',(0.448255143837251,0.598425196850394,
-4.93275332837728));
#10328=CARTESIAN_POINT('',(0.418689096450719,0.62992125984252,-4.91965057304881));
#10329=CARTESIAN_POINT('Ctrl Pts',(0.393865539404279,0.62992125984252,-4.92896310388853));
#10330=CARTESIAN_POINT('Ctrl Pts',(0.393865539404279,0.598425196850394,
-4.92896310388853));
#10331=CARTESIAN_POINT('Ctrl Pts',(0.397508744544916,0.62992125984252,-4.9262539361811));
#10332=CARTESIAN_POINT('Ctrl Pts',(0.397508744544916,0.598425196850394,
-4.9262539361811));
#10333=CARTESIAN_POINT('Ctrl Pts',(0.404884048899908,0.62992125984252,-4.92076949717211));
#10334=CARTESIAN_POINT('Ctrl Pts',(0.404884048899908,0.598425196850394,
-4.92076949717211));
#10335=CARTESIAN_POINT('Ctrl Pts',(0.414050586037655,0.62992125984252,-4.9200265327243));
#10336=CARTESIAN_POINT('Ctrl Pts',(0.414050586037655,0.598425196850394,
-4.9200265327243));
#10337=CARTESIAN_POINT('Ctrl Pts',(0.418689096450719,0.62992125984252,-4.91965057304881));
#10338=CARTESIAN_POINT('Ctrl Pts',(0.418689096450719,0.598425196850394,
-4.91965057304881));
#10339=CARTESIAN_POINT('',(0.393865539404279,0.62992125984252,-4.92896310388853));
#10340=CARTESIAN_POINT('Ctrl Pts',(0.393865539404279,0.62992125984252,-4.92896310388853));
#10341=CARTESIAN_POINT('Ctrl Pts',(0.397508744544916,0.62992125984252,-4.9262539361811));
#10342=CARTESIAN_POINT('Ctrl Pts',(0.404884048899908,0.62992125984252,-4.92076949717211));
#10343=CARTESIAN_POINT('Ctrl Pts',(0.414050586037655,0.62992125984252,-4.9200265327243));
#10344=CARTESIAN_POINT('Ctrl Pts',(0.418689096450719,0.62992125984252,-4.91965057304881));
#10345=CARTESIAN_POINT('',(0.393865539404279,0.598425196850394,-4.92896310388853));
#10346=CARTESIAN_POINT('Ctrl Pts',(0.393865539404279,0.598425196850394,
-4.92896310388853));
#10347=CARTESIAN_POINT('Ctrl Pts',(0.397508744544916,0.598425196850394,
-4.9262539361811));
#10348=CARTESIAN_POINT('Ctrl Pts',(0.404884048899908,0.598425196850394,
-4.92076949717211));
#10349=CARTESIAN_POINT('Ctrl Pts',(0.414050586037655,0.598425196850394,
-4.9200265327243));
#10350=CARTESIAN_POINT('Ctrl Pts',(0.418689096450719,0.598425196850394,
-4.91965057304881));
#10351=CARTESIAN_POINT('',(0.393865539404279,0.62992125984252,-4.92896310388853));
#10352=CARTESIAN_POINT('Ctrl Pts',(0.380894005654256,0.62992125984252,-4.95691760121768));
#10353=CARTESIAN_POINT('Ctrl Pts',(0.380894005654256,0.598425196850394,
-4.95691760121768));
#10354=CARTESIAN_POINT('Ctrl Pts',(0.381972738495423,0.62992125984252,-4.95127443257406));
#10355=CARTESIAN_POINT('Ctrl Pts',(0.381972738495423,0.598425196850394,
-4.95127443257406));
#10356=CARTESIAN_POINT('Ctrl Pts',(0.383968133721861,0.62992125984252,-4.94083593349092));
#10357=CARTESIAN_POINT('Ctrl Pts',(0.383968133721861,0.598425196850394,
-4.94083593349092));
#10358=CARTESIAN_POINT('Ctrl Pts',(0.390750017422721,0.62992125984252,-4.93270045312897));
#10359=CARTESIAN_POINT('Ctrl Pts',(0.390750017422721,0.598425196850394,
-4.93270045312897));
#10360=CARTESIAN_POINT('Ctrl Pts',(0.393865539404279,0.62992125984252,-4.92896310388853));
#10361=CARTESIAN_POINT('Ctrl Pts',(0.393865539404279,0.598425196850394,
-4.92896310388853));
#10362=CARTESIAN_POINT('',(0.380894005654256,0.62992125984252,-4.95691760121768));
#10363=CARTESIAN_POINT('Ctrl Pts',(0.380894005654256,0.62992125984252,-4.95691760121768));
#10364=CARTESIAN_POINT('Ctrl Pts',(0.381972738495423,0.62992125984252,-4.95127443257406));
#10365=CARTESIAN_POINT('Ctrl Pts',(0.383968133721861,0.62992125984252,-4.94083593349092));
#10366=CARTESIAN_POINT('Ctrl Pts',(0.390750017422721,0.62992125984252,-4.93270045312897));
#10367=CARTESIAN_POINT('Ctrl Pts',(0.393865539404279,0.62992125984252,-4.92896310388853));
#10368=CARTESIAN_POINT('',(0.380894005654256,0.598425196850394,-4.95691760121768));
#10369=CARTESIAN_POINT('Ctrl Pts',(0.380894005654256,0.598425196850394,
-4.95691760121768));
#10370=CARTESIAN_POINT('Ctrl Pts',(0.381972738495423,0.598425196850394,
-4.95127443257406));
#10371=CARTESIAN_POINT('Ctrl Pts',(0.383968133721861,0.598425196850394,
-4.94083593349092));
#10372=CARTESIAN_POINT('Ctrl Pts',(0.390750017422721,0.598425196850394,
-4.93270045312897));
#10373=CARTESIAN_POINT('Ctrl Pts',(0.393865539404279,0.598425196850394,
-4.92896310388853));
#10374=CARTESIAN_POINT('',(0.380894005654256,0.62992125984252,-4.95691760121768));
#10375=CARTESIAN_POINT('Origin',(0.355511547714874,0.62992125984252,-4.9548176163189));
#10376=CARTESIAN_POINT('',(0.355511547714874,0.62992125984252,-4.9548176163189));
#10377=CARTESIAN_POINT('',(0.355511547714874,0.62992125984252,-4.9548176163189));
#10378=CARTESIAN_POINT('',(0.355511547714874,0.598425196850394,-4.9548176163189));
#10379=CARTESIAN_POINT('',(0.355511547714874,0.598425196850394,-4.9548176163189));
#10380=CARTESIAN_POINT('',(0.355511547714874,0.62992125984252,-4.9548176163189));
#10381=CARTESIAN_POINT('Ctrl Pts',(0.374771293927165,0.62992125984252,-4.91490043057523));
#10382=CARTESIAN_POINT('Ctrl Pts',(0.374771293927165,0.598425196850394,
-4.91490043057523));
#10383=CARTESIAN_POINT('Ctrl Pts',(0.369736982858362,0.62992125984252,-4.92043832824105));
#10384=CARTESIAN_POINT('Ctrl Pts',(0.369736982858362,0.598425196850394,
-4.92043832824105));
#10385=CARTESIAN_POINT('Ctrl Pts',(0.35938797105912,0.62992125984252,-4.93182256086064));
#10386=CARTESIAN_POINT('Ctrl Pts',(0.35938797105912,0.598425196850394,-4.93182256086064));
#10387=CARTESIAN_POINT('Ctrl Pts',(0.356826818915116,0.62992125984252,-4.9470153894963));
#10388=CARTESIAN_POINT('Ctrl Pts',(0.356826818915116,0.598425196850394,
-4.9470153894963));
#10389=CARTESIAN_POINT('Ctrl Pts',(0.355511547714874,0.62992125984252,-4.9548176163189));
#10390=CARTESIAN_POINT('Ctrl Pts',(0.355511547714874,0.598425196850394,
-4.9548176163189));
#10391=CARTESIAN_POINT('Ctrl Pts',(0.374771293927165,0.62992125984252,-4.91490043057523));
#10392=CARTESIAN_POINT('Ctrl Pts',(0.369736982858362,0.62992125984252,-4.92043832824105));
#10393=CARTESIAN_POINT('Ctrl Pts',(0.35938797105912,0.62992125984252,-4.93182256086064));
#10394=CARTESIAN_POINT('Ctrl Pts',(0.356826818915116,0.62992125984252,-4.9470153894963));
#10395=CARTESIAN_POINT('Ctrl Pts',(0.355511547714874,0.62992125984252,-4.9548176163189));
#10396=CARTESIAN_POINT('Ctrl Pts',(0.374771293927165,0.598425196850394,
-4.91490043057523));
#10397=CARTESIAN_POINT('Ctrl Pts',(0.369736982858362,0.598425196850394,
-4.92043832824105));
#10398=CARTESIAN_POINT('Ctrl Pts',(0.35938797105912,0.598425196850394,-4.93182256086064));
#10399=CARTESIAN_POINT('Ctrl Pts',(0.356826818915116,0.598425196850394,
-4.9470153894963));
#10400=CARTESIAN_POINT('Ctrl Pts',(0.355511547714874,0.598425196850394,
-4.9548176163189));
#10401=CARTESIAN_POINT('Origin',(0.420784639689956,0.62992125984252,-4.99857637366889));
#10402=CARTESIAN_POINT('Origin',(0.420784639689956,0.598425196850394,-4.99857637366889));
#10403=CARTESIAN_POINT('Ctrl Pts',(0.418818435872081,0.62992125984252,-7.02257396045019));
#10404=CARTESIAN_POINT('Ctrl Pts',(0.418818435872081,0.598425196850394,
-7.02257396045019));
#10405=CARTESIAN_POINT('Ctrl Pts',(0.424192777394722,0.62992125984252,-7.0321481125649));
#10406=CARTESIAN_POINT('Ctrl Pts',(0.424192777394722,0.598425196850394,
-7.0321481125649));
#10407=CARTESIAN_POINT('Ctrl Pts',(0.434379139726721,0.62992125984252,-7.05029466727329));
#10408=CARTESIAN_POINT('Ctrl Pts',(0.434379139726721,0.598425196850394,
-7.05029466727329));
#10409=CARTESIAN_POINT('Ctrl Pts',(0.447497523367306,0.62992125984252,-7.06644197967398));
#10410=CARTESIAN_POINT('Ctrl Pts',(0.447497523367306,0.598425196850394,
-7.06644197967398));
#10411=CARTESIAN_POINT('Ctrl Pts',(0.453694626219748,0.62992125984252,-7.0740699434902));
#10412=CARTESIAN_POINT('Ctrl Pts',(0.453694626219748,0.598425196850394,
-7.0740699434902));
#10413=CARTESIAN_POINT('',(0.418818435872081,0.62992125984252,-7.02257396045019));
#10414=CARTESIAN_POINT('',(0.453694626219748,0.62992125984252,-7.0740699434902));
#10415=CARTESIAN_POINT('Ctrl Pts',(0.418818435872081,0.62992125984252,-7.02257396045019));
#10416=CARTESIAN_POINT('Ctrl Pts',(0.424192777394722,0.62992125984252,-7.0321481125649));
#10417=CARTESIAN_POINT('Ctrl Pts',(0.434379139726721,0.62992125984252,-7.05029466727329));
#10418=CARTESIAN_POINT('Ctrl Pts',(0.447497523367306,0.62992125984252,-7.06644197967398));
#10419=CARTESIAN_POINT('Ctrl Pts',(0.453694626219748,0.62992125984252,-7.0740699434902));
#10420=CARTESIAN_POINT('',(0.453694626219748,0.598425196850394,-7.0740699434902));
#10421=CARTESIAN_POINT('',(0.453694626219748,0.62992125984252,-7.0740699434902));
#10422=CARTESIAN_POINT('',(0.418818435872081,0.598425196850394,-7.02257396045019));
#10423=CARTESIAN_POINT('Ctrl Pts',(0.418818435872081,0.598425196850394,
-7.02257396045019));
#10424=CARTESIAN_POINT('Ctrl Pts',(0.424192777394722,0.598425196850394,
-7.0321481125649));
#10425=CARTESIAN_POINT('Ctrl Pts',(0.434379139726721,0.598425196850394,
-7.05029466727329));
#10426=CARTESIAN_POINT('Ctrl Pts',(0.447497523367306,0.598425196850394,
-7.06644197967398));
#10427=CARTESIAN_POINT('Ctrl Pts',(0.453694626219748,0.598425196850394,
-7.0740699434902));
#10428=CARTESIAN_POINT('',(0.418818435872081,0.62992125984252,-7.02257396045019));
#10429=CARTESIAN_POINT('Ctrl Pts',(0.393721932767307,0.62992125984252,-6.95924292133234));
#10430=CARTESIAN_POINT('Ctrl Pts',(0.393721932767307,0.598425196850394,
-6.95924292133234));
#10431=CARTESIAN_POINT('Ctrl Pts',(0.396975358397761,0.62992125984252,-6.97012073158413));
#10432=CARTESIAN_POINT('Ctrl Pts',(0.396975358397761,0.598425196850394,
-6.97012073158413));
#10433=CARTESIAN_POINT('Ctrl Pts',(0.403506490760924,0.62992125984252,-6.99195753581618));
#10434=CARTESIAN_POINT('Ctrl Pts',(0.403506490760924,0.598425196850394,
-6.99195753581618));
#10435=CARTESIAN_POINT('Ctrl Pts',(0.413701819614931,0.62992125984252,-7.01234322262551));
#10436=CARTESIAN_POINT('Ctrl Pts',(0.413701819614931,0.598425196850394,
-7.01234322262551));
#10437=CARTESIAN_POINT('Ctrl Pts',(0.418818435872081,0.62992125984252,-7.02257396045019));
#10438=CARTESIAN_POINT('Ctrl Pts',(0.418818435872081,0.598425196850394,
-7.02257396045019));
#10439=CARTESIAN_POINT('',(0.393721932767307,0.62992125984252,-6.95924292133234));
#10440=CARTESIAN_POINT('Ctrl Pts',(0.393721932767307,0.62992125984252,-6.95924292133234));
#10441=CARTESIAN_POINT('Ctrl Pts',(0.396975358397761,0.62992125984252,-6.97012073158413));
#10442=CARTESIAN_POINT('Ctrl Pts',(0.403506490760924,0.62992125984252,-6.99195753581618));
#10443=CARTESIAN_POINT('Ctrl Pts',(0.413701819614931,0.62992125984252,-7.01234322262551));
#10444=CARTESIAN_POINT('Ctrl Pts',(0.418818435872081,0.62992125984252,-7.02257396045019));
#10445=CARTESIAN_POINT('',(0.393721932767307,0.598425196850394,-6.95924292133234));
#10446=CARTESIAN_POINT('Ctrl Pts',(0.393721932767307,0.598425196850394,
-6.95924292133234));
#10447=CARTESIAN_POINT('Ctrl Pts',(0.396975358397761,0.598425196850394,
-6.97012073158413));
#10448=CARTESIAN_POINT('Ctrl Pts',(0.403506490760924,0.598425196850394,
-6.99195753581618));
#10449=CARTESIAN_POINT('Ctrl Pts',(0.413701819614931,0.598425196850394,
-7.01234322262551));
#10450=CARTESIAN_POINT('Ctrl Pts',(0.418818435872081,0.598425196850394,
-7.02257396045019));
#10451=CARTESIAN_POINT('',(0.393721932767307,0.62992125984252,-6.95924292133234));
#10452=CARTESIAN_POINT('Ctrl Pts',(0.384483942693727,0.62992125984252,-6.9031325930377));
#10453=CARTESIAN_POINT('Ctrl Pts',(0.384483942693727,0.598425196850394,
-6.9031325930377));
#10454=CARTESIAN_POINT('Ctrl Pts',(0.385101780678469,0.62992125984252,-6.91171596116096));
#10455=CARTESIAN_POINT('Ctrl Pts',(0.385101780678469,0.598425196850394,
-6.91171596116096));
#10456=CARTESIAN_POINT('Ctrl Pts',(0.386467662464434,0.62992125984252,-6.93069159307636));
#10457=CARTESIAN_POINT('Ctrl Pts',(0.386467662464434,0.598425196850394,
-6.93069159307636));
#10458=CARTESIAN_POINT('Ctrl Pts',(0.391154902042408,0.62992125984252,-6.94913961199732));
#10459=CARTESIAN_POINT('Ctrl Pts',(0.391154902042408,0.598425196850394,
-6.94913961199732));
#10460=CARTESIAN_POINT('Ctrl Pts',(0.393721932767307,0.62992125984252,-6.95924292133234));
#10461=CARTESIAN_POINT('Ctrl Pts',(0.393721932767307,0.598425196850394,
-6.95924292133234));
#10462=CARTESIAN_POINT('',(0.384483942693727,0.62992125984252,-6.9031325930377));
#10463=CARTESIAN_POINT('Ctrl Pts',(0.384483942693727,0.62992125984252,-6.9031325930377));
#10464=CARTESIAN_POINT('Ctrl Pts',(0.385101780678469,0.62992125984252,-6.91171596116096));
#10465=CARTESIAN_POINT('Ctrl Pts',(0.386467662464434,0.62992125984252,-6.93069159307636));
#10466=CARTESIAN_POINT('Ctrl Pts',(0.391154902042408,0.62992125984252,-6.94913961199732));
#10467=CARTESIAN_POINT('Ctrl Pts',(0.393721932767307,0.62992125984252,-6.95924292133234));
#10468=CARTESIAN_POINT('',(0.384483942693727,0.598425196850394,-6.9031325930377));
#10469=CARTESIAN_POINT('Ctrl Pts',(0.384483942693727,0.598425196850394,
-6.9031325930377));
#10470=CARTESIAN_POINT('Ctrl Pts',(0.385101780678469,0.598425196850394,
-6.91171596116096));
#10471=CARTESIAN_POINT('Ctrl Pts',(0.386467662464434,0.598425196850394,
-6.93069159307636));
#10472=CARTESIAN_POINT('Ctrl Pts',(0.391154902042408,0.598425196850394,
-6.94913961199732));
#10473=CARTESIAN_POINT('Ctrl Pts',(0.393721932767307,0.598425196850394,
-6.95924292133234));
#10474=CARTESIAN_POINT('',(0.384483942693727,0.62992125984252,-6.9031325930377));
#10475=CARTESIAN_POINT('Origin',(0.409325165649375,0.62992125984252,-6.90308516499131));
#10476=CARTESIAN_POINT('',(0.409325165649375,0.62992125984252,-6.90308516499131));
#10477=CARTESIAN_POINT('',(0.409325165649375,0.62992125984252,-6.90308516499131));
#10478=CARTESIAN_POINT('',(0.409325165649375,0.598425196850394,-6.90308516499131));
#10479=CARTESIAN_POINT('',(0.409325165649375,0.598425196850394,-6.90308516499131));
#10480=CARTESIAN_POINT('',(0.409325165649375,0.62992125984252,-6.90308516499131));
#10481=CARTESIAN_POINT('Ctrl Pts',(0.418693584700688,0.62992125984252,-6.95718109639464));
#10482=CARTESIAN_POINT('Ctrl Pts',(0.418693584700688,0.598425196850394,
-6.95718109639464));
#10483=CARTESIAN_POINT('Ctrl Pts',(0.416468219707652,0.62992125984252,-6.94859755649774));
#10484=CARTESIAN_POINT('Ctrl Pts',(0.416468219707652,0.598425196850394,
-6.94859755649774));
#10485=CARTESIAN_POINT('Ctrl Pts',(0.41186065397777,0.62992125984252,-6.93082553959543));
#10486=CARTESIAN_POINT('Ctrl Pts',(0.41186065397777,0.598425196850394,-6.93082553959543));
#10487=CARTESIAN_POINT('Ctrl Pts',(0.410189292110956,0.62992125984252,-6.91253943519288));
#10488=CARTESIAN_POINT('Ctrl Pts',(0.410189292110956,0.598425196850394,
-6.91253943519288));
#10489=CARTESIAN_POINT('Ctrl Pts',(0.409325165649375,0.62992125984252,-6.90308516499131));
#10490=CARTESIAN_POINT('Ctrl Pts',(0.409325165649375,0.598425196850394,
-6.90308516499131));
#10491=CARTESIAN_POINT('',(0.418693584700688,0.62992125984252,-6.95718109639464));
#10492=CARTESIAN_POINT('Ctrl Pts',(0.418693584700688,0.62992125984252,-6.95718109639464));
#10493=CARTESIAN_POINT('Ctrl Pts',(0.416468219707652,0.62992125984252,-6.94859755649774));
#10494=CARTESIAN_POINT('Ctrl Pts',(0.41186065397777,0.62992125984252,-6.93082553959543));
#10495=CARTESIAN_POINT('Ctrl Pts',(0.410189292110956,0.62992125984252,-6.91253943519288));
#10496=CARTESIAN_POINT('Ctrl Pts',(0.409325165649375,0.62992125984252,-6.90308516499131));
#10497=CARTESIAN_POINT('',(0.418693584700688,0.598425196850394,-6.95718109639464));
#10498=CARTESIAN_POINT('Ctrl Pts',(0.418693584700688,0.598425196850394,
-6.95718109639464));
#10499=CARTESIAN_POINT('Ctrl Pts',(0.416468219707652,0.598425196850394,
-6.94859755649774));
#10500=CARTESIAN_POINT('Ctrl Pts',(0.41186065397777,0.598425196850394,-6.93082553959543));
#10501=CARTESIAN_POINT('Ctrl Pts',(0.410189292110956,0.598425196850394,
-6.91253943519288));
#10502=CARTESIAN_POINT('Ctrl Pts',(0.409325165649375,0.598425196850394,
-6.90308516499131));
#10503=CARTESIAN_POINT('',(0.418693584700688,0.62992125984252,-6.95718109639464));
#10504=CARTESIAN_POINT('Ctrl Pts',(0.44729054716625,0.62992125984252,-7.02533944470324));
#10505=CARTESIAN_POINT('Ctrl Pts',(0.44729054716625,0.598425196850394,-7.02533944470324));
#10506=CARTESIAN_POINT('Ctrl Pts',(0.44150135931813,0.62992125984252,-7.0142757532033));
#10507=CARTESIAN_POINT('Ctrl Pts',(0.44150135931813,0.598425196850394,-7.0142757532033));
#10508=CARTESIAN_POINT('Ctrl Pts',(0.430036731422953,0.62992125984252,-6.99236575312703));
#10509=CARTESIAN_POINT('Ctrl Pts',(0.430036731422953,0.598425196850394,
-6.99236575312703));
#10510=CARTESIAN_POINT('Ctrl Pts',(0.422449541175549,0.62992125984252,-6.96883148252694));
#10511=CARTESIAN_POINT('Ctrl Pts',(0.422449541175549,0.598425196850394,
-6.96883148252694));
#10512=CARTESIAN_POINT('Ctrl Pts',(0.418693584700688,0.62992125984252,-6.95718109639464));
#10513=CARTESIAN_POINT('Ctrl Pts',(0.418693584700688,0.598425196850394,
-6.95718109639464));
#10514=CARTESIAN_POINT('',(0.44729054716625,0.62992125984252,-7.02533944470324));
#10515=CARTESIAN_POINT('Ctrl Pts',(0.44729054716625,0.62992125984252,-7.02533944470324));
#10516=CARTESIAN_POINT('Ctrl Pts',(0.44150135931813,0.62992125984252,-7.0142757532033));
#10517=CARTESIAN_POINT('Ctrl Pts',(0.430036731422953,0.62992125984252,-6.99236575312703));
#10518=CARTESIAN_POINT('Ctrl Pts',(0.422449541175549,0.62992125984252,-6.96883148252694));
#10519=CARTESIAN_POINT('Ctrl Pts',(0.418693584700688,0.62992125984252,-6.95718109639464));
#10520=CARTESIAN_POINT('',(0.44729054716625,0.598425196850394,-7.02533944470324));
#10521=CARTESIAN_POINT('Ctrl Pts',(0.44729054716625,0.598425196850394,-7.02533944470324));
#10522=CARTESIAN_POINT('Ctrl Pts',(0.44150135931813,0.598425196850394,-7.0142757532033));
#10523=CARTESIAN_POINT('Ctrl Pts',(0.430036731422953,0.598425196850394,
-6.99236575312703));
#10524=CARTESIAN_POINT('Ctrl Pts',(0.422449541175549,0.598425196850394,
-6.96883148252694));
#10525=CARTESIAN_POINT('Ctrl Pts',(0.418693584700688,0.598425196850394,
-6.95718109639464));
#10526=CARTESIAN_POINT('',(0.44729054716625,0.62992125984252,-7.02533944470324));
#10527=CARTESIAN_POINT('Ctrl Pts',(0.484721075750107,0.62992125984252,-7.07844185040193));
#10528=CARTESIAN_POINT('Ctrl Pts',(0.484721075750107,0.598425196850394,
-7.07844185040193));
#10529=CARTESIAN_POINT('Ctrl Pts',(0.478238059168867,0.62992125984252,-7.07084785408389));
#10530=CARTESIAN_POINT('Ctrl Pts',(0.478238059168867,0.598425196850394,
-7.07084785408389));
#10531=CARTESIAN_POINT('Ctrl Pts',(0.464122965373232,0.62992125984252,-7.05431388891976));
#10532=CARTESIAN_POINT('Ctrl Pts',(0.464122965373232,0.598425196850394,
-7.05431388891976));
#10533=CARTESIAN_POINT('Ctrl Pts',(0.453197812778013,0.62992125984252,-7.03550790272487));
#10534=CARTESIAN_POINT('Ctrl Pts',(0.453197812778013,0.598425196850394,
-7.03550790272487));
#10535=CARTESIAN_POINT('Ctrl Pts',(0.44729054716625,0.62992125984252,-7.02533944470324));
#10536=CARTESIAN_POINT('Ctrl Pts',(0.44729054716625,0.598425196850394,-7.02533944470324));
#10537=CARTESIAN_POINT('',(0.484721075750107,0.62992125984252,-7.07844185040193));
#10538=CARTESIAN_POINT('Ctrl Pts',(0.484721075750107,0.62992125984252,-7.07844185040193));
#10539=CARTESIAN_POINT('Ctrl Pts',(0.478238059168867,0.62992125984252,-7.07084785408389));
#10540=CARTESIAN_POINT('Ctrl Pts',(0.464122965373232,0.62992125984252,-7.05431388891976));
#10541=CARTESIAN_POINT('Ctrl Pts',(0.453197812778013,0.62992125984252,-7.03550790272487));
#10542=CARTESIAN_POINT('Ctrl Pts',(0.44729054716625,0.62992125984252,-7.02533944470324));
#10543=CARTESIAN_POINT('',(0.484721075750107,0.598425196850394,-7.07844185040193));
#10544=CARTESIAN_POINT('Ctrl Pts',(0.484721075750107,0.598425196850394,
-7.07844185040193));
#10545=CARTESIAN_POINT('Ctrl Pts',(0.478238059168867,0.598425196850394,
-7.07084785408389));
#10546=CARTESIAN_POINT('Ctrl Pts',(0.464122965373232,0.598425196850394,
-7.05431388891976));
#10547=CARTESIAN_POINT('Ctrl Pts',(0.453197812778013,0.598425196850394,
-7.03550790272487));
#10548=CARTESIAN_POINT('Ctrl Pts',(0.44729054716625,0.598425196850394,-7.02533944470324));
#10549=CARTESIAN_POINT('',(0.484721075750107,0.62992125984252,-7.07844185040193));
#10550=CARTESIAN_POINT('Origin',(0.484756967272463,0.62992125984252,-7.09724062830691));
#10551=CARTESIAN_POINT('',(0.484756967272463,0.62992125984252,-7.09724062830691));
#10552=CARTESIAN_POINT('',(0.484756967272463,0.62992125984252,-7.09724062830691));
#10553=CARTESIAN_POINT('',(0.484756967272463,0.598425196850394,-7.09724062830691));
#10554=CARTESIAN_POINT('',(0.484756967272463,0.598425196850394,-7.09724062830691));
#10555=CARTESIAN_POINT('',(0.484756967272463,0.62992125984252,-7.09724062830691));
#10556=CARTESIAN_POINT('Origin',(0.357328124397303,0.62992125984252,-7.09748392152486));
#10557=CARTESIAN_POINT('',(0.357328124397303,0.62992125984252,-7.09748392152486));
#10558=CARTESIAN_POINT('',(0.357328124397303,0.62992125984252,-7.09748392152486));
#10559=CARTESIAN_POINT('',(0.357328124397303,0.598425196850394,-7.09748392152486));
#10560=CARTESIAN_POINT('',(0.357328124397303,0.598425196850394,-7.09748392152486));
#10561=CARTESIAN_POINT('',(0.357328124397303,0.62992125984252,-7.09748392152486));
#10562=CARTESIAN_POINT('Origin',(0.357283772754393,0.62992125984252,-7.07425401568497));
#10563=CARTESIAN_POINT('',(0.357283772754393,0.62992125984252,-7.07425401568497));
#10564=CARTESIAN_POINT('',(0.357283772754393,0.62992125984252,-7.07425401568497));
#10565=CARTESIAN_POINT('',(0.357283772754393,0.598425196850394,-7.07425401568497));
#10566=CARTESIAN_POINT('',(0.357283772754393,0.598425196850394,-7.07425401568497));
#10567=CARTESIAN_POINT('',(0.357283772754393,0.62992125984252,-7.07425401568497));
#10568=CARTESIAN_POINT('Origin',(0.453694626219748,0.62992125984252,-7.0740699434902));
#10569=CARTESIAN_POINT('',(0.453694626219748,0.62992125984252,-7.0740699434902));
#10570=CARTESIAN_POINT('',(0.453694626219748,0.598425196850394,-7.0740699434902));
#10571=CARTESIAN_POINT('Origin',(0.421020370013428,0.62992125984252,-7.00028454325809));
#10572=CARTESIAN_POINT('Origin',(0.421020370013428,0.598425196850394,-7.00028454325809));
#10573=CARTESIAN_POINT('Ctrl Pts',(0.42030021952209,0.62992125984252,-8.98987459187778));
#10574=CARTESIAN_POINT('Ctrl Pts',(0.42030021952209,0.598425196850394,-8.98987459187778));
#10575=CARTESIAN_POINT('Ctrl Pts',(0.425614615574943,0.62992125984252,-8.99031943493487));
#10576=CARTESIAN_POINT('Ctrl Pts',(0.425614615574943,0.598425196850394,
-8.99031943493487));
#10577=CARTESIAN_POINT('Ctrl Pts',(0.436076757536157,0.62992125984252,-8.99119517155055));
#10578=CARTESIAN_POINT('Ctrl Pts',(0.436076757536157,0.598425196850394,
-8.99119517155055));
#10579=CARTESIAN_POINT('Ctrl Pts',(0.443967001998858,0.62992125984252,-8.99810450991042));
#10580=CARTESIAN_POINT('Ctrl Pts',(0.443967001998858,0.598425196850394,
-8.99810450991042));
#10581=CARTESIAN_POINT('Ctrl Pts',(0.447849282873979,0.62992125984252,-9.00150415009914));
#10582=CARTESIAN_POINT('Ctrl Pts',(0.447849282873979,0.598425196850394,
-9.00150415009914));
#10583=CARTESIAN_POINT('',(0.42030021952209,0.62992125984252,-8.98987459187778));
#10584=CARTESIAN_POINT('',(0.447849282873979,0.62992125984252,-9.00150415009914));
#10585=CARTESIAN_POINT('Ctrl Pts',(0.42030021952209,0.62992125984252,-8.98987459187778));
#10586=CARTESIAN_POINT('Ctrl Pts',(0.425614615574943,0.62992125984252,-8.99031943493487));
#10587=CARTESIAN_POINT('Ctrl Pts',(0.436076757536157,0.62992125984252,-8.99119517155055));
#10588=CARTESIAN_POINT('Ctrl Pts',(0.443967001998858,0.62992125984252,-8.99810450991042));
#10589=CARTESIAN_POINT('Ctrl Pts',(0.447849282873979,0.62992125984252,-9.00150415009914));
#10590=CARTESIAN_POINT('',(0.447849282873979,0.598425196850394,-9.00150415009914));
#10591=CARTESIAN_POINT('',(0.447849282873979,0.62992125984252,-9.00150415009914));
#10592=CARTESIAN_POINT('',(0.42030021952209,0.598425196850394,-8.98987459187778));
#10593=CARTESIAN_POINT('Ctrl Pts',(0.42030021952209,0.598425196850394,-8.98987459187778));
#10594=CARTESIAN_POINT('Ctrl Pts',(0.425614615574943,0.598425196850394,
-8.99031943493487));
#10595=CARTESIAN_POINT('Ctrl Pts',(0.436076757536157,0.598425196850394,
-8.99119517155055));
#10596=CARTESIAN_POINT('Ctrl Pts',(0.443967001998858,0.598425196850394,
-8.99810450991042));
#10597=CARTESIAN_POINT('Ctrl Pts',(0.447849282873979,0.598425196850394,
-9.00150415009914));
#10598=CARTESIAN_POINT('',(0.42030021952209,0.62992125984252,-8.98987459187778));
#10599=CARTESIAN_POINT('Ctrl Pts',(0.392258619450093,0.62992125984252,-9.00161028644228));
#10600=CARTESIAN_POINT('Ctrl Pts',(0.392258619450093,0.598425196850394,
-9.00161028644228));
#10601=CARTESIAN_POINT('Ctrl Pts',(0.396289769116644,0.62992125984252,-8.99819532304067));
#10602=CARTESIAN_POINT('Ctrl Pts',(0.396289769116644,0.598425196850394,
-8.99819532304067));
#10603=CARTESIAN_POINT('Ctrl Pts',(0.404396142024052,0.62992125984252,-8.99132805958271));
#10604=CARTESIAN_POINT('Ctrl Pts',(0.404396142024052,0.598425196850394,
-8.99132805958271));
#10605=CARTESIAN_POINT('Ctrl Pts',(0.414979679795149,0.62992125984252,-8.99036083401706));
#10606=CARTESIAN_POINT('Ctrl Pts',(0.414979679795149,0.598425196850394,
-8.99036083401706));
#10607=CARTESIAN_POINT('Ctrl Pts',(0.42030021952209,0.62992125984252,-8.98987459187778));
#10608=CARTESIAN_POINT('Ctrl Pts',(0.42030021952209,0.598425196850394,-8.98987459187778));
#10609=CARTESIAN_POINT('',(0.392258619450093,0.62992125984252,-9.00161028644228));
#10610=CARTESIAN_POINT('Ctrl Pts',(0.392258619450093,0.62992125984252,-9.00161028644228));
#10611=CARTESIAN_POINT('Ctrl Pts',(0.396289769116644,0.62992125984252,-8.99819532304067));
#10612=CARTESIAN_POINT('Ctrl Pts',(0.404396142024052,0.62992125984252,-8.99132805958271));
#10613=CARTESIAN_POINT('Ctrl Pts',(0.414979679795149,0.62992125984252,-8.99036083401706));
#10614=CARTESIAN_POINT('Ctrl Pts',(0.42030021952209,0.62992125984252,-8.98987459187778));
#10615=CARTESIAN_POINT('',(0.392258619450093,0.598425196850394,-9.00161028644228));
#10616=CARTESIAN_POINT('Ctrl Pts',(0.392258619450093,0.598425196850394,
-9.00161028644228));
#10617=CARTESIAN_POINT('Ctrl Pts',(0.396289769116644,0.598425196850394,
-8.99819532304067));
#10618=CARTESIAN_POINT('Ctrl Pts',(0.404396142024052,0.598425196850394,
-8.99132805958271));
#10619=CARTESIAN_POINT('Ctrl Pts',(0.414979679795149,0.598425196850394,
-8.99036083401706));
#10620=CARTESIAN_POINT('Ctrl Pts',(0.42030021952209,0.598425196850394,-8.98987459187778));
#10621=CARTESIAN_POINT('',(0.392258619450093,0.62992125984252,-9.00161028644228));
#10622=CARTESIAN_POINT('Ctrl Pts',(0.381037804595742,0.62992125984252,-9.03224696388683));
#10623=CARTESIAN_POINT('Ctrl Pts',(0.381037804595742,0.598425196850394,
-9.03224696388683));
#10624=CARTESIAN_POINT('Ctrl Pts',(0.381418539265808,0.62992125984252,-9.02635507372726));
#10625=CARTESIAN_POINT('Ctrl Pts',(0.381418539265808,0.598425196850394,
-9.02635507372726));
#10626=CARTESIAN_POINT('Ctrl Pts',(0.38215135732196,0.62992125984252,-9.01501467361862));
#10627=CARTESIAN_POINT('Ctrl Pts',(0.38215135732196,0.598425196850394,-9.01501467361862));
#10628=CARTESIAN_POINT('Ctrl Pts',(0.388978506680787,0.62992125984252,-9.00596041617914));
#10629=CARTESIAN_POINT('Ctrl Pts',(0.388978506680787,0.598425196850394,
-9.00596041617914));
#10630=CARTESIAN_POINT('Ctrl Pts',(0.392258619450093,0.62992125984252,-9.00161028644228));
#10631=CARTESIAN_POINT('Ctrl Pts',(0.392258619450093,0.598425196850394,
-9.00161028644228));
#10632=CARTESIAN_POINT('',(0.381037804595742,0.62992125984252,-9.03224696388683));
#10633=CARTESIAN_POINT('Ctrl Pts',(0.381037804595742,0.62992125984252,-9.03224696388683));
#10634=CARTESIAN_POINT('Ctrl Pts',(0.381418539265808,0.62992125984252,-9.02635507372726));
#10635=CARTESIAN_POINT('Ctrl Pts',(0.38215135732196,0.62992125984252,-9.01501467361862));
#10636=CARTESIAN_POINT('Ctrl Pts',(0.388978506680787,0.62992125984252,-9.00596041617914));
#10637=CARTESIAN_POINT('Ctrl Pts',(0.392258619450093,0.62992125984252,-9.00161028644228));
#10638=CARTESIAN_POINT('',(0.381037804595742,0.598425196850394,-9.03224696388683));
#10639=CARTESIAN_POINT('Ctrl Pts',(0.381037804595742,0.598425196850394,
-9.03224696388683));
#10640=CARTESIAN_POINT('Ctrl Pts',(0.381418539265808,0.598425196850394,
-9.02635507372726));
#10641=CARTESIAN_POINT('Ctrl Pts',(0.38215135732196,0.598425196850394,-9.01501467361862));
#10642=CARTESIAN_POINT('Ctrl Pts',(0.388978506680787,0.598425196850394,
-9.00596041617914));
#10643=CARTESIAN_POINT('Ctrl Pts',(0.392258619450093,0.598425196850394,
-9.00161028644228));
#10644=CARTESIAN_POINT('',(0.381037804595742,0.62992125984252,-9.03224696388683));
#10645=CARTESIAN_POINT('Ctrl Pts',(0.393053584580871,0.62992125984252,-9.06633047281667));
#10646=CARTESIAN_POINT('Ctrl Pts',(0.393053584580871,0.598425196850394,
-9.06633047281667));
#10647=CARTESIAN_POINT('Ctrl Pts',(0.389560660808956,0.62992125984252,-9.06148040087803));
#10648=CARTESIAN_POINT('Ctrl Pts',(0.389560660808956,0.598425196850394,
-9.06148040087803));
#10649=CARTESIAN_POINT('Ctrl Pts',(0.3822429990775,0.62992125984252,-9.05131951901007));
#10650=CARTESIAN_POINT('Ctrl Pts',(0.3822429990775,0.598425196850394,-9.05131951901007));
#10651=CARTESIAN_POINT('Ctrl Pts',(0.381451499420092,0.62992125984252,-9.0387938054639));
#10652=CARTESIAN_POINT('Ctrl Pts',(0.381451499420092,0.598425196850394,
-9.0387938054639));
#10653=CARTESIAN_POINT('Ctrl Pts',(0.381037804595742,0.62992125984252,-9.03224696388683));
#10654=CARTESIAN_POINT('Ctrl Pts',(0.381037804595742,0.598425196850394,
-9.03224696388683));
#10655=CARTESIAN_POINT('',(0.393053584580871,0.62992125984252,-9.06633047281667));
#10656=CARTESIAN_POINT('Ctrl Pts',(0.393053584580871,0.62992125984252,-9.06633047281667));
#10657=CARTESIAN_POINT('Ctrl Pts',(0.389560660808956,0.62992125984252,-9.06148040087803));
#10658=CARTESIAN_POINT('Ctrl Pts',(0.3822429990775,0.62992125984252,-9.05131951901007));
#10659=CARTESIAN_POINT('Ctrl Pts',(0.381451499420092,0.62992125984252,-9.0387938054639));
#10660=CARTESIAN_POINT('Ctrl Pts',(0.381037804595742,0.62992125984252,-9.03224696388683));
#10661=CARTESIAN_POINT('',(0.393053584580871,0.598425196850394,-9.06633047281667));
#10662=CARTESIAN_POINT('Ctrl Pts',(0.393053584580871,0.598425196850394,
-9.06633047281667));
#10663=CARTESIAN_POINT('Ctrl Pts',(0.389560660808956,0.598425196850394,
-9.06148040087803));
#10664=CARTESIAN_POINT('Ctrl Pts',(0.3822429990775,0.598425196850394,-9.05131951901007));
#10665=CARTESIAN_POINT('Ctrl Pts',(0.381451499420092,0.598425196850394,
-9.0387938054639));
#10666=CARTESIAN_POINT('Ctrl Pts',(0.381037804595742,0.598425196850394,
-9.03224696388683));
#10667=CARTESIAN_POINT('',(0.393053584580871,0.62992125984252,-9.06633047281667));
#10668=CARTESIAN_POINT('Ctrl Pts',(0.421142589322432,0.62992125984252,-9.07943604818533));
#10669=CARTESIAN_POINT('Ctrl Pts',(0.421142589322432,0.598425196850394,
-9.07943604818533));
#10670=CARTESIAN_POINT('Ctrl Pts',(0.415891398937127,0.62992125984252,-9.07883894916632));
#10671=CARTESIAN_POINT('Ctrl Pts',(0.415891398937127,0.598425196850394,
-9.07883894916632));
#10672=CARTESIAN_POINT('Ctrl Pts',(0.40508691526131,0.62992125984252,-9.07761039980313));
#10673=CARTESIAN_POINT('Ctrl Pts',(0.40508691526131,0.598425196850394,-9.07761039980313));
#10674=CARTESIAN_POINT('Ctrl Pts',(0.39713877382558,0.62992125984252,-9.07015988942874));
#10675=CARTESIAN_POINT('Ctrl Pts',(0.39713877382558,0.598425196850394,-9.07015988942874));
#10676=CARTESIAN_POINT('Ctrl Pts',(0.393053584580871,0.62992125984252,-9.06633047281667));
#10677=CARTESIAN_POINT('Ctrl Pts',(0.393053584580871,0.598425196850394,
-9.06633047281667));
#10678=CARTESIAN_POINT('',(0.421142589322432,0.62992125984252,-9.07943604818533));
#10679=CARTESIAN_POINT('Ctrl Pts',(0.421142589322432,0.62992125984252,-9.07943604818533));
#10680=CARTESIAN_POINT('Ctrl Pts',(0.415891398937127,0.62992125984252,-9.07883894916632));
#10681=CARTESIAN_POINT('Ctrl Pts',(0.40508691526131,0.62992125984252,-9.07761039980313));
#10682=CARTESIAN_POINT('Ctrl Pts',(0.39713877382558,0.62992125984252,-9.07015988942874));
#10683=CARTESIAN_POINT('Ctrl Pts',(0.393053584580871,0.62992125984252,-9.06633047281667));
#10684=CARTESIAN_POINT('',(0.421142589322432,0.598425196850394,-9.07943604818533));
#10685=CARTESIAN_POINT('Ctrl Pts',(0.421142589322432,0.598425196850394,
-9.07943604818533));
#10686=CARTESIAN_POINT('Ctrl Pts',(0.415891398937127,0.598425196850394,
-9.07883894916632));
#10687=CARTESIAN_POINT('Ctrl Pts',(0.40508691526131,0.598425196850394,-9.07761039980313));
#10688=CARTESIAN_POINT('Ctrl Pts',(0.39713877382558,0.598425196850394,-9.07015988942874));
#10689=CARTESIAN_POINT('Ctrl Pts',(0.393053584580871,0.598425196850394,
-9.06633047281667));
#10690=CARTESIAN_POINT('',(0.421142589322432,0.62992125984252,-9.07943604818533));
#10691=CARTESIAN_POINT('Ctrl Pts',(0.447706097875042,0.62992125984252,-9.06716609928905));
#10692=CARTESIAN_POINT('Ctrl Pts',(0.447706097875042,0.598425196850394,
-9.06716609928905));
#10693=CARTESIAN_POINT('Ctrl Pts',(0.443893963419147,0.62992125984252,-9.07073706760792));
#10694=CARTESIAN_POINT('Ctrl Pts',(0.443893963419147,0.598425196850394,
-9.07073706760792));
#10695=CARTESIAN_POINT('Ctrl Pts',(0.436386380054382,0.62992125984252,-9.07776970054808));
#10696=CARTESIAN_POINT('Ctrl Pts',(0.436386380054382,0.598425196850394,
-9.07776970054808));
#10697=CARTESIAN_POINT('Ctrl Pts',(0.426170928833691,0.62992125984252,-9.07888638427225));
#10698=CARTESIAN_POINT('Ctrl Pts',(0.426170928833691,0.598425196850394,
-9.07888638427225));
#10699=CARTESIAN_POINT('Ctrl Pts',(0.421142589322432,0.62992125984252,-9.07943604818533));
#10700=CARTESIAN_POINT('Ctrl Pts',(0.421142589322432,0.598425196850394,
-9.07943604818533));
#10701=CARTESIAN_POINT('',(0.447706097875042,0.62992125984252,-9.06716609928905));
#10702=CARTESIAN_POINT('Ctrl Pts',(0.447706097875042,0.62992125984252,-9.06716609928905));
#10703=CARTESIAN_POINT('Ctrl Pts',(0.443893963419147,0.62992125984252,-9.07073706760792));
#10704=CARTESIAN_POINT('Ctrl Pts',(0.436386380054382,0.62992125984252,-9.07776970054808));
#10705=CARTESIAN_POINT('Ctrl Pts',(0.426170928833691,0.62992125984252,-9.07888638427225));
#10706=CARTESIAN_POINT('Ctrl Pts',(0.421142589322432,0.62992125984252,-9.07943604818533));
#10707=CARTESIAN_POINT('',(0.447706097875042,0.598425196850394,-9.06716609928905));
#10708=CARTESIAN_POINT('Ctrl Pts',(0.447706097875042,0.598425196850394,
-9.06716609928905));
#10709=CARTESIAN_POINT('Ctrl Pts',(0.443893963419147,0.598425196850394,
-9.07073706760792));
#10710=CARTESIAN_POINT('Ctrl Pts',(0.436386380054382,0.598425196850394,
-9.07776970054808));
#10711=CARTESIAN_POINT('Ctrl Pts',(0.426170928833691,0.598425196850394,
-9.07888638427225));
#10712=CARTESIAN_POINT('Ctrl Pts',(0.421142589322432,0.598425196850394,
-9.07943604818533));
#10713=CARTESIAN_POINT('',(0.447706097875042,0.62992125984252,-9.06716609928905));
#10714=CARTESIAN_POINT('Ctrl Pts',(0.458788023586304,0.62992125984252,-9.03411266733455));
#10715=CARTESIAN_POINT('Ctrl Pts',(0.458788023586304,0.598425196850394,
-9.03411266733455));
#10716=CARTESIAN_POINT('Ctrl Pts',(0.458465570878954,0.62992125984252,-9.04054329822262));
#10717=CARTESIAN_POINT('Ctrl Pts',(0.458465570878954,0.598425196850394,
-9.04054329822262));
#10718=CARTESIAN_POINT('Ctrl Pts',(0.457859095892133,0.62992125984252,-9.05263814715457));
#10719=CARTESIAN_POINT('Ctrl Pts',(0.457859095892133,0.598425196850394,
-9.05263814715457));
#10720=CARTESIAN_POINT('Ctrl Pts',(0.450944375800687,0.62992125984252,-9.06253243870695));
#10721=CARTESIAN_POINT('Ctrl Pts',(0.450944375800687,0.598425196850394,
-9.06253243870695));
#10722=CARTESIAN_POINT('Ctrl Pts',(0.447706097875042,0.62992125984252,-9.06716609928905));
#10723=CARTESIAN_POINT('Ctrl Pts',(0.447706097875042,0.598425196850394,
-9.06716609928905));
#10724=CARTESIAN_POINT('',(0.458788023586304,0.62992125984252,-9.03411266733455));
#10725=CARTESIAN_POINT('Ctrl Pts',(0.458788023586304,0.62992125984252,-9.03411266733455));
#10726=CARTESIAN_POINT('Ctrl Pts',(0.458465570878954,0.62992125984252,-9.04054329822262));
#10727=CARTESIAN_POINT('Ctrl Pts',(0.457859095892133,0.62992125984252,-9.05263814715457));
#10728=CARTESIAN_POINT('Ctrl Pts',(0.450944375800687,0.62992125984252,-9.06253243870695));
#10729=CARTESIAN_POINT('Ctrl Pts',(0.447706097875042,0.62992125984252,-9.06716609928905));
#10730=CARTESIAN_POINT('',(0.458788023586304,0.598425196850394,-9.03411266733455));
#10731=CARTESIAN_POINT('Ctrl Pts',(0.458788023586304,0.598425196850394,
-9.03411266733455));
#10732=CARTESIAN_POINT('Ctrl Pts',(0.458465570878954,0.598425196850394,
-9.04054329822262));
#10733=CARTESIAN_POINT('Ctrl Pts',(0.457859095892133,0.598425196850394,
-9.05263814715457));
#10734=CARTESIAN_POINT('Ctrl Pts',(0.450944375800687,0.598425196850394,
-9.06253243870695));
#10735=CARTESIAN_POINT('Ctrl Pts',(0.447706097875042,0.598425196850394,
-9.06716609928905));
#10736=CARTESIAN_POINT('',(0.458788023586304,0.62992125984252,-9.03411266733455));
#10737=CARTESIAN_POINT('Ctrl Pts',(0.447849282873979,0.62992125984252,-9.00150415009914));
#10738=CARTESIAN_POINT('Ctrl Pts',(0.447849282873979,0.598425196850394,
-9.00150415009914));
#10739=CARTESIAN_POINT('Ctrl Pts',(0.451025921948433,0.62992125984252,-9.00603008290812));
#10740=CARTESIAN_POINT('Ctrl Pts',(0.451025921948433,0.598425196850394,
-9.00603008290812));
#10741=CARTESIAN_POINT('Ctrl Pts',(0.457868035604038,0.62992125984252,-9.01577841942066));
#10742=CARTESIAN_POINT('Ctrl Pts',(0.457868035604038,0.598425196850394,
-9.01577841942066));
#10743=CARTESIAN_POINT('Ctrl Pts',(0.458467094321854,0.62992125984252,-9.02771693520472));
#10744=CARTESIAN_POINT('Ctrl Pts',(0.458467094321854,0.598425196850394,
-9.02771693520472));
#10745=CARTESIAN_POINT('Ctrl Pts',(0.458788023586304,0.62992125984252,-9.03411266733455));
#10746=CARTESIAN_POINT('Ctrl Pts',(0.458788023586304,0.598425196850394,
-9.03411266733455));
#10747=CARTESIAN_POINT('Ctrl Pts',(0.447849282873979,0.62992125984252,-9.00150415009914));
#10748=CARTESIAN_POINT('Ctrl Pts',(0.451025921948433,0.62992125984252,-9.00603008290812));
#10749=CARTESIAN_POINT('Ctrl Pts',(0.457868035604038,0.62992125984252,-9.01577841942066));
#10750=CARTESIAN_POINT('Ctrl Pts',(0.458467094321854,0.62992125984252,-9.02771693520472));
#10751=CARTESIAN_POINT('Ctrl Pts',(0.458788023586304,0.62992125984252,-9.03411266733455));
#10752=CARTESIAN_POINT('Ctrl Pts',(0.447849282873979,0.598425196850394,
-9.00150415009914));
#10753=CARTESIAN_POINT('Ctrl Pts',(0.451025921948433,0.598425196850394,
-9.00603008290812));
#10754=CARTESIAN_POINT('Ctrl Pts',(0.457868035604038,0.598425196850394,
-9.01577841942066));
#10755=CARTESIAN_POINT('Ctrl Pts',(0.458467094321854,0.598425196850394,
-9.02771693520472));
#10756=CARTESIAN_POINT('Ctrl Pts',(0.458788023586304,0.598425196850394,
-9.03411266733455));
#10757=CARTESIAN_POINT('Ctrl Pts',(0.414888811208708,0.62992125984252,-8.89844196261995));
#10758=CARTESIAN_POINT('Ctrl Pts',(0.414888811208708,0.598425196850394,
-8.89844196261995));
#10759=CARTESIAN_POINT('Ctrl Pts',(0.407673148747364,0.62992125984252,-8.89887830315391));
#10760=CARTESIAN_POINT('Ctrl Pts',(0.407673148747364,0.598425196850394,
-8.89887830315391));
#10761=CARTESIAN_POINT('Ctrl Pts',(0.393898419142504,0.62992125984252,-8.89971127904531));
#10762=CARTESIAN_POINT('Ctrl Pts',(0.393898419142504,0.598425196850394,
-8.89971127904531));
#10763=CARTESIAN_POINT('Ctrl Pts',(0.382573760764585,0.62992125984252,-8.9075417175694));
#10764=CARTESIAN_POINT('Ctrl Pts',(0.382573760764585,0.598425196850394,
-8.9075417175694));
#10765=CARTESIAN_POINT('Ctrl Pts',(0.377181335881563,0.62992125984252,-8.91127031141595));
#10766=CARTESIAN_POINT('Ctrl Pts',(0.377181335881563,0.598425196850394,
-8.91127031141595));
#10767=CARTESIAN_POINT('',(0.414888811208708,0.62992125984252,-8.89844196261995));
#10768=CARTESIAN_POINT('',(0.377181335881563,0.62992125984252,-8.91127031141595));
#10769=CARTESIAN_POINT('Ctrl Pts',(0.414888811208708,0.62992125984252,-8.89844196261995));
#10770=CARTESIAN_POINT('Ctrl Pts',(0.407673148747364,0.62992125984252,-8.89887830315391));
#10771=CARTESIAN_POINT('Ctrl Pts',(0.393898419142504,0.62992125984252,-8.89971127904531));
#10772=CARTESIAN_POINT('Ctrl Pts',(0.382573760764585,0.62992125984252,-8.9075417175694));
#10773=CARTESIAN_POINT('Ctrl Pts',(0.377181335881563,0.62992125984252,-8.91127031141595));
#10774=CARTESIAN_POINT('',(0.377181335881563,0.598425196850394,-8.91127031141595));
#10775=CARTESIAN_POINT('',(0.377181335881563,0.62992125984252,-8.91127031141595));
#10776=CARTESIAN_POINT('',(0.414888811208708,0.598425196850394,-8.89844196261995));
#10777=CARTESIAN_POINT('Ctrl Pts',(0.414888811208708,0.598425196850394,
-8.89844196261995));
#10778=CARTESIAN_POINT('Ctrl Pts',(0.407673148747364,0.598425196850394,
-8.89887830315391));
#10779=CARTESIAN_POINT('Ctrl Pts',(0.393898419142504,0.598425196850394,
-8.89971127904531));
#10780=CARTESIAN_POINT('Ctrl Pts',(0.382573760764585,0.598425196850394,
-8.9075417175694));
#10781=CARTESIAN_POINT('Ctrl Pts',(0.377181335881563,0.598425196850394,
-8.91127031141595));
#10782=CARTESIAN_POINT('',(0.414888811208708,0.62992125984252,-8.89844196261995));
#10783=CARTESIAN_POINT('Ctrl Pts',(0.452777220008101,0.62992125984252,-8.91005178047038));
#10784=CARTESIAN_POINT('Ctrl Pts',(0.452777220008101,0.598425196850394,
-8.91005178047038));
#10785=CARTESIAN_POINT('Ctrl Pts',(0.447081732702911,0.62992125984252,-8.90665590281569));
#10786=CARTESIAN_POINT('Ctrl Pts',(0.447081732702911,0.598425196850394,
-8.90665590281569));
#10787=CARTESIAN_POINT('Ctrl Pts',(0.435411659108326,0.62992125984252,-8.89969773751307));
#10788=CARTESIAN_POINT('Ctrl Pts',(0.435411659108326,0.598425196850394,
-8.89969773751307));
#10789=CARTESIAN_POINT('Ctrl Pts',(0.421837968998467,0.62992125984252,-8.89886717543268));
#10790=CARTESIAN_POINT('Ctrl Pts',(0.421837968998467,0.598425196850394,
-8.89886717543268));
#10791=CARTESIAN_POINT('Ctrl Pts',(0.414888811208708,0.62992125984252,-8.89844196261995));
#10792=CARTESIAN_POINT('Ctrl Pts',(0.414888811208708,0.598425196850394,
-8.89844196261995));
#10793=CARTESIAN_POINT('',(0.452777220008101,0.62992125984252,-8.91005178047038));
#10794=CARTESIAN_POINT('Ctrl Pts',(0.452777220008101,0.62992125984252,-8.91005178047038));
#10795=CARTESIAN_POINT('Ctrl Pts',(0.447081732702911,0.62992125984252,-8.90665590281569));
#10796=CARTESIAN_POINT('Ctrl Pts',(0.435411659108326,0.62992125984252,-8.89969773751307));
#10797=CARTESIAN_POINT('Ctrl Pts',(0.421837968998467,0.62992125984252,-8.89886717543268));
#10798=CARTESIAN_POINT('Ctrl Pts',(0.414888811208708,0.62992125984252,-8.89844196261995));
#10799=CARTESIAN_POINT('',(0.452777220008101,0.598425196850394,-8.91005178047038));
#10800=CARTESIAN_POINT('Ctrl Pts',(0.452777220008101,0.598425196850394,
-8.91005178047038));
#10801=CARTESIAN_POINT('Ctrl Pts',(0.447081732702911,0.598425196850394,
-8.90665590281569));
#10802=CARTESIAN_POINT('Ctrl Pts',(0.435411659108326,0.598425196850394,
-8.89969773751307));
#10803=CARTESIAN_POINT('Ctrl Pts',(0.421837968998467,0.598425196850394,
-8.89886717543268));
#10804=CARTESIAN_POINT('Ctrl Pts',(0.414888811208708,0.598425196850394,
-8.89844196261995));
#10805=CARTESIAN_POINT('',(0.452777220008101,0.62992125984252,-8.91005178047038));
#10806=CARTESIAN_POINT('Ctrl Pts',(0.477280480654857,0.62992125984252,-8.94397719621339));
#10807=CARTESIAN_POINT('Ctrl Pts',(0.477280480654857,0.598425196850394,
-8.94397719621339));
#10808=CARTESIAN_POINT('Ctrl Pts',(0.474335212860323,0.62992125984252,-8.93709402626754));
#10809=CARTESIAN_POINT('Ctrl Pts',(0.474335212860323,0.598425196850394,
-8.93709402626754));
#10810=CARTESIAN_POINT('Ctrl Pts',(0.468701647946459,0.62992125984252,-8.92392823374602));
#10811=CARTESIAN_POINT('Ctrl Pts',(0.468701647946459,0.598425196850394,
-8.92392823374602));
#10812=CARTESIAN_POINT('Ctrl Pts',(0.457921452582844,0.62992125984252,-8.91453443461901));
#10813=CARTESIAN_POINT('Ctrl Pts',(0.457921452582844,0.598425196850394,
-8.91453443461901));
#10814=CARTESIAN_POINT('Ctrl Pts',(0.452777220008101,0.62992125984252,-8.91005178047038));
#10815=CARTESIAN_POINT('Ctrl Pts',(0.452777220008101,0.598425196850394,
-8.91005178047038));
#10816=CARTESIAN_POINT('',(0.477280480654857,0.62992125984252,-8.94397719621339));
#10817=CARTESIAN_POINT('Ctrl Pts',(0.477280480654857,0.62992125984252,-8.94397719621339));
#10818=CARTESIAN_POINT('Ctrl Pts',(0.474335212860323,0.62992125984252,-8.93709402626754));
#10819=CARTESIAN_POINT('Ctrl Pts',(0.468701647946459,0.62992125984252,-8.92392823374602));
#10820=CARTESIAN_POINT('Ctrl Pts',(0.457921452582844,0.62992125984252,-8.91453443461901));
#10821=CARTESIAN_POINT('Ctrl Pts',(0.452777220008101,0.62992125984252,-8.91005178047038));
#10822=CARTESIAN_POINT('',(0.477280480654857,0.598425196850394,-8.94397719621339));
#10823=CARTESIAN_POINT('Ctrl Pts',(0.477280480654857,0.598425196850394,
-8.94397719621339));
#10824=CARTESIAN_POINT('Ctrl Pts',(0.474335212860323,0.598425196850394,
-8.93709402626754));
#10825=CARTESIAN_POINT('Ctrl Pts',(0.468701647946459,0.598425196850394,
-8.92392823374602));
#10826=CARTESIAN_POINT('Ctrl Pts',(0.457921452582844,0.598425196850394,
-8.91453443461901));
#10827=CARTESIAN_POINT('Ctrl Pts',(0.452777220008101,0.598425196850394,
-8.91005178047038));
#10828=CARTESIAN_POINT('',(0.477280480654857,0.62992125984252,-8.94397719621339));
#10829=CARTESIAN_POINT('Ctrl Pts',(0.485586240508659,0.62992125984252,-9.00411764703948));
#10830=CARTESIAN_POINT('Ctrl Pts',(0.485586240508659,0.598425196850394,
-9.00411764703948));
#10831=CARTESIAN_POINT('Ctrl Pts',(0.48541080221919,0.62992125984252,-8.99273901232452));
#10832=CARTESIAN_POINT('Ctrl Pts',(0.48541080221919,0.598425196850394,-8.99273901232452));
#10833=CARTESIAN_POINT('Ctrl Pts',(0.485096113486224,0.62992125984252,-8.97232882620055));
#10834=CARTESIAN_POINT('Ctrl Pts',(0.485096113486224,0.598425196850394,
-8.97232882620055));
#10835=CARTESIAN_POINT('Ctrl Pts',(0.479678005244953,0.62992125984252,-8.95267434608342));
#10836=CARTESIAN_POINT('Ctrl Pts',(0.479678005244953,0.598425196850394,
-8.95267434608342));
#10837=CARTESIAN_POINT('Ctrl Pts',(0.477280480654857,0.62992125984252,-8.94397719621339));
#10838=CARTESIAN_POINT('Ctrl Pts',(0.477280480654857,0.598425196850394,
-8.94397719621339));
#10839=CARTESIAN_POINT('',(0.485586240508659,0.62992125984252,-9.00411764703948));
#10840=CARTESIAN_POINT('Ctrl Pts',(0.485586240508659,0.62992125984252,-9.00411764703948));
#10841=CARTESIAN_POINT('Ctrl Pts',(0.48541080221919,0.62992125984252,-8.99273901232452));
#10842=CARTESIAN_POINT('Ctrl Pts',(0.485096113486224,0.62992125984252,-8.97232882620055));
#10843=CARTESIAN_POINT('Ctrl Pts',(0.479678005244953,0.62992125984252,-8.95267434608342));
#10844=CARTESIAN_POINT('Ctrl Pts',(0.477280480654857,0.62992125984252,-8.94397719621339));
#10845=CARTESIAN_POINT('',(0.485586240508659,0.598425196850394,-9.00411764703948));
#10846=CARTESIAN_POINT('Ctrl Pts',(0.485586240508659,0.598425196850394,
-9.00411764703948));
#10847=CARTESIAN_POINT('Ctrl Pts',(0.48541080221919,0.598425196850394,-8.99273901232452));
#10848=CARTESIAN_POINT('Ctrl Pts',(0.485096113486224,0.598425196850394,
-8.97232882620055));
#10849=CARTESIAN_POINT('Ctrl Pts',(0.479678005244953,0.598425196850394,
-8.95267434608342));
#10850=CARTESIAN_POINT('Ctrl Pts',(0.477280480654857,0.598425196850394,
-8.94397719621339));
#10851=CARTESIAN_POINT('',(0.485586240508659,0.62992125984252,-9.00411764703948));
#10852=CARTESIAN_POINT('Ctrl Pts',(0.477366682672147,0.62992125984252,-9.05945565635486));
#10853=CARTESIAN_POINT('Ctrl Pts',(0.477366682672147,0.598425196850394,
-9.05945565635486));
#10854=CARTESIAN_POINT('Ctrl Pts',(0.479768255925509,0.62992125984252,-9.05171810462675));
#10855=CARTESIAN_POINT('Ctrl Pts',(0.479768255925509,0.598425196850394,
-9.05171810462675));
#10856=CARTESIAN_POINT('Ctrl Pts',(0.485350089856933,0.62992125984252,-9.0337341731678));
#10857=CARTESIAN_POINT('Ctrl Pts',(0.485350089856933,0.598425196850394,
-9.0337341731678));
#10858=CARTESIAN_POINT('Ctrl Pts',(0.485500528054588,0.62992125984252,-9.01486716272774));
#10859=CARTESIAN_POINT('Ctrl Pts',(0.485500528054588,0.598425196850394,
-9.01486716272774));
#10860=CARTESIAN_POINT('Ctrl Pts',(0.485586240508659,0.62992125984252,-9.00411764703948));
#10861=CARTESIAN_POINT('Ctrl Pts',(0.485586240508659,0.598425196850394,
-9.00411764703948));
#10862=CARTESIAN_POINT('',(0.477366682672147,0.62992125984252,-9.05945565635486));
#10863=CARTESIAN_POINT('Ctrl Pts',(0.477366682672147,0.62992125984252,-9.05945565635486));
#10864=CARTESIAN_POINT('Ctrl Pts',(0.479768255925509,0.62992125984252,-9.05171810462675));
#10865=CARTESIAN_POINT('Ctrl Pts',(0.485350089856933,0.62992125984252,-9.0337341731678));
#10866=CARTESIAN_POINT('Ctrl Pts',(0.485500528054588,0.62992125984252,-9.01486716272774));
#10867=CARTESIAN_POINT('Ctrl Pts',(0.485586240508659,0.62992125984252,-9.00411764703948));
#10868=CARTESIAN_POINT('',(0.477366682672147,0.598425196850394,-9.05945565635486));
#10869=CARTESIAN_POINT('Ctrl Pts',(0.477366682672147,0.598425196850394,
-9.05945565635486));
#10870=CARTESIAN_POINT('Ctrl Pts',(0.479768255925509,0.598425196850394,
-9.05171810462675));
#10871=CARTESIAN_POINT('Ctrl Pts',(0.485350089856933,0.598425196850394,
-9.0337341731678));
#10872=CARTESIAN_POINT('Ctrl Pts',(0.485500528054588,0.598425196850394,
-9.01486716272774));
#10873=CARTESIAN_POINT('Ctrl Pts',(0.485586240508659,0.598425196850394,
-9.00411764703948));
#10874=CARTESIAN_POINT('',(0.477366682672147,0.62992125984252,-9.05945565635486));
#10875=CARTESIAN_POINT('Ctrl Pts',(0.453253232986116,0.62992125984252,-9.08904271415047));
#10876=CARTESIAN_POINT('Ctrl Pts',(0.453253232986116,0.598425196850394,
-9.08904271415047));
#10877=CARTESIAN_POINT('Ctrl Pts',(0.458279294813604,0.62992125984252,-9.0851418056834));
#10878=CARTESIAN_POINT('Ctrl Pts',(0.458279294813604,0.598425196850394,
-9.0851418056834));
#10879=CARTESIAN_POINT('Ctrl Pts',(0.468585714288335,0.62992125984252,-9.07714262056112));
#10880=CARTESIAN_POINT('Ctrl Pts',(0.468585714288335,0.598425196850394,
-9.07714262056112));
#10881=CARTESIAN_POINT('Ctrl Pts',(0.474391939837704,0.62992125984252,-9.06544749777097));
#10882=CARTESIAN_POINT('Ctrl Pts',(0.474391939837704,0.598425196850394,
-9.06544749777097));
#10883=CARTESIAN_POINT('Ctrl Pts',(0.477366682672147,0.62992125984252,-9.05945565635486));
#10884=CARTESIAN_POINT('Ctrl Pts',(0.477366682672147,0.598425196850394,
-9.05945565635486));
#10885=CARTESIAN_POINT('',(0.453253232986116,0.62992125984252,-9.08904271415047));
#10886=CARTESIAN_POINT('Ctrl Pts',(0.453253232986116,0.62992125984252,-9.08904271415047));
#10887=CARTESIAN_POINT('Ctrl Pts',(0.458279294813604,0.62992125984252,-9.0851418056834));
#10888=CARTESIAN_POINT('Ctrl Pts',(0.468585714288335,0.62992125984252,-9.07714262056112));
#10889=CARTESIAN_POINT('Ctrl Pts',(0.474391939837704,0.62992125984252,-9.06544749777097));
#10890=CARTESIAN_POINT('Ctrl Pts',(0.477366682672147,0.62992125984252,-9.05945565635486));
#10891=CARTESIAN_POINT('',(0.453253232986116,0.598425196850394,-9.08904271415047));
#10892=CARTESIAN_POINT('Ctrl Pts',(0.453253232986116,0.598425196850394,
-9.08904271415047));
#10893=CARTESIAN_POINT('Ctrl Pts',(0.458279294813604,0.598425196850394,
-9.0851418056834));
#10894=CARTESIAN_POINT('Ctrl Pts',(0.468585714288335,0.598425196850394,
-9.07714262056112));
#10895=CARTESIAN_POINT('Ctrl Pts',(0.474391939837704,0.598425196850394,
-9.06544749777097));
#10896=CARTESIAN_POINT('Ctrl Pts',(0.477366682672147,0.598425196850394,
-9.05945565635486));
#10897=CARTESIAN_POINT('',(0.453253232986116,0.62992125984252,-9.08904271415047));
#10898=CARTESIAN_POINT('Ctrl Pts',(0.418226702868598,0.62992125984252,-9.0994489598741));
#10899=CARTESIAN_POINT('Ctrl Pts',(0.418226702868598,0.598425196850394,
-9.0994489598741));
#10900=CARTESIAN_POINT('Ctrl Pts',(0.424476064670833,0.62992125984252,-9.09901304603181));
#10901=CARTESIAN_POINT('Ctrl Pts',(0.424476064670833,0.598425196850394,
-9.09901304603181));
#10902=CARTESIAN_POINT('Ctrl Pts',(0.436925782062289,0.62992125984252,-9.09814463669416));
#10903=CARTESIAN_POINT('Ctrl Pts',(0.436925782062289,0.598425196850394,
-9.09814463669416));
#10904=CARTESIAN_POINT('Ctrl Pts',(0.447825050388752,0.62992125984252,-9.09206871605271));
#10905=CARTESIAN_POINT('Ctrl Pts',(0.447825050388752,0.598425196850394,
-9.09206871605271));
#10906=CARTESIAN_POINT('Ctrl Pts',(0.453253232986116,0.62992125984252,-9.08904271415047));
#10907=CARTESIAN_POINT('Ctrl Pts',(0.453253232986116,0.598425196850394,
-9.08904271415047));
#10908=CARTESIAN_POINT('',(0.418226702868598,0.62992125984252,-9.0994489598741));
#10909=CARTESIAN_POINT('Ctrl Pts',(0.418226702868598,0.62992125984252,-9.0994489598741));
#10910=CARTESIAN_POINT('Ctrl Pts',(0.424476064670833,0.62992125984252,-9.09901304603181));
#10911=CARTESIAN_POINT('Ctrl Pts',(0.436925782062289,0.62992125984252,-9.09814463669416));
#10912=CARTESIAN_POINT('Ctrl Pts',(0.447825050388752,0.62992125984252,-9.09206871605271));
#10913=CARTESIAN_POINT('Ctrl Pts',(0.453253232986116,0.62992125984252,-9.08904271415047));
#10914=CARTESIAN_POINT('',(0.418226702868598,0.598425196850394,-9.0994489598741));
#10915=CARTESIAN_POINT('Ctrl Pts',(0.418226702868598,0.598425196850394,
-9.0994489598741));
#10916=CARTESIAN_POINT('Ctrl Pts',(0.424476064670833,0.598425196850394,
-9.09901304603181));
#10917=CARTESIAN_POINT('Ctrl Pts',(0.436925782062289,0.598425196850394,
-9.09814463669416));
#10918=CARTESIAN_POINT('Ctrl Pts',(0.447825050388752,0.598425196850394,
-9.09206871605271));
#10919=CARTESIAN_POINT('Ctrl Pts',(0.453253232986116,0.598425196850394,
-9.08904271415047));
#10920=CARTESIAN_POINT('',(0.418226702868598,0.62992125984252,-9.0994489598741));
#10921=CARTESIAN_POINT('Ctrl Pts',(0.373880416651857,0.62992125984252,-9.08127188132674));
#10922=CARTESIAN_POINT('Ctrl Pts',(0.373880416651857,0.598425196850394,
-9.08127188132674));
#10923=CARTESIAN_POINT('Ctrl Pts',(0.380221483624139,0.62992125984252,-9.08658588567403));
#10924=CARTESIAN_POINT('Ctrl Pts',(0.380221483624139,0.598425196850394,
-9.08658588567403));
#10925=CARTESIAN_POINT('Ctrl Pts',(0.393062042663769,0.62992125984252,-9.09734665935083));
#10926=CARTESIAN_POINT('Ctrl Pts',(0.393062042663769,0.598425196850394,
-9.09734665935083));
#10927=CARTESIAN_POINT('Ctrl Pts',(0.409769770233101,0.62992125984252,-9.09874245266279));
#10928=CARTESIAN_POINT('Ctrl Pts',(0.409769770233101,0.598425196850394,
-9.09874245266279));
#10929=CARTESIAN_POINT('Ctrl Pts',(0.418226702868598,0.62992125984252,-9.0994489598741));
#10930=CARTESIAN_POINT('Ctrl Pts',(0.418226702868598,0.598425196850394,
-9.0994489598741));
#10931=CARTESIAN_POINT('',(0.373880416651857,0.62992125984252,-9.08127188132674));
#10932=CARTESIAN_POINT('Ctrl Pts',(0.373880416651857,0.62992125984252,-9.08127188132674));
#10933=CARTESIAN_POINT('Ctrl Pts',(0.380221483624139,0.62992125984252,-9.08658588567403));
#10934=CARTESIAN_POINT('Ctrl Pts',(0.393062042663769,0.62992125984252,-9.09734665935083));
#10935=CARTESIAN_POINT('Ctrl Pts',(0.409769770233101,0.62992125984252,-9.09874245266279));
#10936=CARTESIAN_POINT('Ctrl Pts',(0.418226702868598,0.62992125984252,-9.0994489598741));
#10937=CARTESIAN_POINT('',(0.373880416651857,0.598425196850394,-9.08127188132674));
#10938=CARTESIAN_POINT('Ctrl Pts',(0.373880416651857,0.598425196850394,
-9.08127188132674));
#10939=CARTESIAN_POINT('Ctrl Pts',(0.380221483624139,0.598425196850394,
-9.08658588567403));
#10940=CARTESIAN_POINT('Ctrl Pts',(0.393062042663769,0.598425196850394,
-9.09734665935083));
#10941=CARTESIAN_POINT('Ctrl Pts',(0.409769770233101,0.598425196850394,
-9.09874245266279));
#10942=CARTESIAN_POINT('Ctrl Pts',(0.418226702868598,0.598425196850394,
-9.0994489598741));
#10943=CARTESIAN_POINT('',(0.373880416651857,0.62992125984252,-9.08127188132674));
#10944=CARTESIAN_POINT('Ctrl Pts',(0.356198119819393,0.62992125984252,-9.03310003875792));
#10945=CARTESIAN_POINT('Ctrl Pts',(0.356198119819393,0.598425196850394,
-9.03310003875792));
#10946=CARTESIAN_POINT('Ctrl Pts',(0.356803185417892,0.62992125984252,-9.04243655183293));
#10947=CARTESIAN_POINT('Ctrl Pts',(0.356803185417892,0.598425196850394,
-9.04243655183293));
#10948=CARTESIAN_POINT('Ctrl Pts',(0.357959743939353,0.62992125984252,-9.06028292053149));
#10949=CARTESIAN_POINT('Ctrl Pts',(0.357959743939353,0.598425196850394,
-9.06028292053149));
#10950=CARTESIAN_POINT('Ctrl Pts',(0.368739975268546,0.62992125984252,-9.07449499918031));
#10951=CARTESIAN_POINT('Ctrl Pts',(0.368739975268546,0.598425196850394,
-9.07449499918031));
#10952=CARTESIAN_POINT('Ctrl Pts',(0.373880416651857,0.62992125984252,-9.08127188132674));
#10953=CARTESIAN_POINT('Ctrl Pts',(0.373880416651857,0.598425196850394,
-9.08127188132674));
#10954=CARTESIAN_POINT('',(0.356198119819393,0.62992125984252,-9.03310003875792));
#10955=CARTESIAN_POINT('Ctrl Pts',(0.356198119819393,0.62992125984252,-9.03310003875792));
#10956=CARTESIAN_POINT('Ctrl Pts',(0.356803185417892,0.62992125984252,-9.04243655183293));
#10957=CARTESIAN_POINT('Ctrl Pts',(0.357959743939353,0.62992125984252,-9.06028292053149));
#10958=CARTESIAN_POINT('Ctrl Pts',(0.368739975268546,0.62992125984252,-9.07449499918031));
#10959=CARTESIAN_POINT('Ctrl Pts',(0.373880416651857,0.62992125984252,-9.08127188132674));
#10960=CARTESIAN_POINT('',(0.356198119819393,0.598425196850394,-9.03310003875792));
#10961=CARTESIAN_POINT('Ctrl Pts',(0.356198119819393,0.598425196850394,
-9.03310003875792));
#10962=CARTESIAN_POINT('Ctrl Pts',(0.356803185417892,0.598425196850394,
-9.04243655183293));
#10963=CARTESIAN_POINT('Ctrl Pts',(0.357959743939353,0.598425196850394,
-9.06028292053149));
#10964=CARTESIAN_POINT('Ctrl Pts',(0.368739975268546,0.598425196850394,
-9.07449499918031));
#10965=CARTESIAN_POINT('Ctrl Pts',(0.373880416651857,0.598425196850394,
-9.08127188132674));
#10966=CARTESIAN_POINT('',(0.356198119819393,0.62992125984252,-9.03310003875792));
#10967=CARTESIAN_POINT('Ctrl Pts',(0.373027792143642,0.62992125984252,-8.98633935232244));
#10968=CARTESIAN_POINT('Ctrl Pts',(0.373027792143642,0.598425196850394,
-8.98633935232244));
#10969=CARTESIAN_POINT('Ctrl Pts',(0.368108650576539,0.62992125984252,-8.99293528913881));
#10970=CARTESIAN_POINT('Ctrl Pts',(0.368108650576539,0.598425196850394,
-8.99293528913881));
#10971=CARTESIAN_POINT('Ctrl Pts',(0.35778629554399,0.62992125984252,-9.00677624099232));
#10972=CARTESIAN_POINT('Ctrl Pts',(0.35778629554399,0.598425196850394,-9.00677624099232));
#10973=CARTESIAN_POINT('Ctrl Pts',(0.356743807720071,0.62992125984252,-9.02405533563212));
#10974=CARTESIAN_POINT('Ctrl Pts',(0.356743807720071,0.598425196850394,
-9.02405533563212));
#10975=CARTESIAN_POINT('Ctrl Pts',(0.356198119819393,0.62992125984252,-9.03310003875792));
#10976=CARTESIAN_POINT('Ctrl Pts',(0.356198119819393,0.598425196850394,
-9.03310003875792));
#10977=CARTESIAN_POINT('',(0.373027792143642,0.62992125984252,-8.98633935232244));
#10978=CARTESIAN_POINT('Ctrl Pts',(0.373027792143642,0.62992125984252,-8.98633935232244));
#10979=CARTESIAN_POINT('Ctrl Pts',(0.368108650576539,0.62992125984252,-8.99293528913881));
#10980=CARTESIAN_POINT('Ctrl Pts',(0.35778629554399,0.62992125984252,-9.00677624099232));
#10981=CARTESIAN_POINT('Ctrl Pts',(0.356743807720071,0.62992125984252,-9.02405533563212));
#10982=CARTESIAN_POINT('Ctrl Pts',(0.356198119819393,0.62992125984252,-9.03310003875792));
#10983=CARTESIAN_POINT('',(0.373027792143642,0.598425196850394,-8.98633935232244));
#10984=CARTESIAN_POINT('Ctrl Pts',(0.373027792143642,0.598425196850394,
-8.98633935232244));
#10985=CARTESIAN_POINT('Ctrl Pts',(0.368108650576539,0.598425196850394,
-8.99293528913881));
#10986=CARTESIAN_POINT('Ctrl Pts',(0.35778629554399,0.598425196850394,-9.00677624099232));
#10987=CARTESIAN_POINT('Ctrl Pts',(0.356743807720071,0.598425196850394,
-9.02405533563212));
#10988=CARTESIAN_POINT('Ctrl Pts',(0.356198119819393,0.598425196850394,
-9.03310003875792));
#10989=CARTESIAN_POINT('',(0.373027792143642,0.62992125984252,-8.98633935232244));
#10990=CARTESIAN_POINT('Ctrl Pts',(0.414351262962776,0.62992125984252,-8.96853583230077));
#10991=CARTESIAN_POINT('Ctrl Pts',(0.414351262962776,0.598425196850394,
-8.96853583230077));
#10992=CARTESIAN_POINT('Ctrl Pts',(0.406517733800275,0.62992125984252,-8.96929151765421));
#10993=CARTESIAN_POINT('Ctrl Pts',(0.406517733800275,0.598425196850394,
-8.96929151765421));
#10994=CARTESIAN_POINT('Ctrl Pts',(0.390838937588334,0.62992125984252,-8.97080402069224));
#10995=CARTESIAN_POINT('Ctrl Pts',(0.390838937588334,0.598425196850394,
-8.97080402069224));
#10996=CARTESIAN_POINT('Ctrl Pts',(0.378967803055762,0.62992125984252,-8.98115832453884));
#10997=CARTESIAN_POINT('Ctrl Pts',(0.378967803055762,0.598425196850394,
-8.98115832453884));
#10998=CARTESIAN_POINT('Ctrl Pts',(0.373027792143642,0.62992125984252,-8.98633935232244));
#10999=CARTESIAN_POINT('Ctrl Pts',(0.373027792143642,0.598425196850394,
-8.98633935232244));
#11000=CARTESIAN_POINT('',(0.414351262962776,0.62992125984252,-8.96853583230077));
#11001=CARTESIAN_POINT('Ctrl Pts',(0.414351262962776,0.62992125984252,-8.96853583230077));
#11002=CARTESIAN_POINT('Ctrl Pts',(0.406517733800275,0.62992125984252,-8.96929151765421));
#11003=CARTESIAN_POINT('Ctrl Pts',(0.390838937588334,0.62992125984252,-8.97080402069224));
#11004=CARTESIAN_POINT('Ctrl Pts',(0.378967803055762,0.62992125984252,-8.98115832453884));
#11005=CARTESIAN_POINT('Ctrl Pts',(0.373027792143642,0.62992125984252,-8.98633935232244));
#11006=CARTESIAN_POINT('',(0.414351262962776,0.598425196850394,-8.96853583230077));
#11007=CARTESIAN_POINT('Ctrl Pts',(0.414351262962776,0.598425196850394,
-8.96853583230077));
#11008=CARTESIAN_POINT('Ctrl Pts',(0.406517733800275,0.598425196850394,
-8.96929151765421));
#11009=CARTESIAN_POINT('Ctrl Pts',(0.390838937588334,0.598425196850394,
-8.97080402069224));
#11010=CARTESIAN_POINT('Ctrl Pts',(0.378967803055762,0.598425196850394,
-8.98115832453884));
#11011=CARTESIAN_POINT('Ctrl Pts',(0.373027792143642,0.598425196850394,
-8.98633935232244));
#11012=CARTESIAN_POINT('',(0.414351262962776,0.62992125984252,-8.96853583230077));
#11013=CARTESIAN_POINT('Ctrl Pts',(0.441488786328939,0.62992125984252,-8.97560071027338));
#11014=CARTESIAN_POINT('Ctrl Pts',(0.441488786328939,0.598425196850394,
-8.97560071027338));
#11015=CARTESIAN_POINT('Ctrl Pts',(0.437221201939646,0.62992125984252,-8.97353317316554));
#11016=CARTESIAN_POINT('Ctrl Pts',(0.437221201939646,0.598425196850394,
-8.97353317316554));
#11017=CARTESIAN_POINT('Ctrl Pts',(0.428645158060228,0.62992125984252,-8.96937829599341));
#11018=CARTESIAN_POINT('Ctrl Pts',(0.428645158060228,0.598425196850394,
-8.96937829599341));
#11019=CARTESIAN_POINT('Ctrl Pts',(0.419131010091334,0.62992125984252,-8.96881754441551));
#11020=CARTESIAN_POINT('Ctrl Pts',(0.419131010091334,0.598425196850394,
-8.96881754441551));
#11021=CARTESIAN_POINT('Ctrl Pts',(0.414351262962776,0.62992125984252,-8.96853583230077));
#11022=CARTESIAN_POINT('Ctrl Pts',(0.414351262962776,0.598425196850394,
-8.96853583230077));
#11023=CARTESIAN_POINT('',(0.441488786328939,0.62992125984252,-8.97560071027338));
#11024=CARTESIAN_POINT('Ctrl Pts',(0.441488786328939,0.62992125984252,-8.97560071027338));
#11025=CARTESIAN_POINT('Ctrl Pts',(0.437221201939646,0.62992125984252,-8.97353317316554));
#11026=CARTESIAN_POINT('Ctrl Pts',(0.428645158060228,0.62992125984252,-8.96937829599341));
#11027=CARTESIAN_POINT('Ctrl Pts',(0.419131010091334,0.62992125984252,-8.96881754441551));
#11028=CARTESIAN_POINT('Ctrl Pts',(0.414351262962776,0.62992125984252,-8.96853583230077));
#11029=CARTESIAN_POINT('',(0.441488786328939,0.598425196850394,-8.97560071027338));
#11030=CARTESIAN_POINT('Ctrl Pts',(0.441488786328939,0.598425196850394,
-8.97560071027338));
#11031=CARTESIAN_POINT('Ctrl Pts',(0.437221201939646,0.598425196850394,
-8.97353317316554));
#11032=CARTESIAN_POINT('Ctrl Pts',(0.428645158060228,0.598425196850394,
-8.96937829599341));
#11033=CARTESIAN_POINT('Ctrl Pts',(0.419131010091334,0.598425196850394,
-8.96881754441551));
#11034=CARTESIAN_POINT('Ctrl Pts',(0.414351262962776,0.598425196850394,
-8.96853583230077));
#11035=CARTESIAN_POINT('',(0.441488786328939,0.62992125984252,-8.97560071027338));
#11036=CARTESIAN_POINT('Ctrl Pts',(0.461397675033699,0.62992125984252,-8.99436156917176));
#11037=CARTESIAN_POINT('Ctrl Pts',(0.461397675033699,0.598425196850394,
-8.99436156917176));
#11038=CARTESIAN_POINT('Ctrl Pts',(0.458714988171157,0.62992125984252,-8.99067659691133));
#11039=CARTESIAN_POINT('Ctrl Pts',(0.458714988171157,0.598425196850394,
-8.99067659691133));
#11040=CARTESIAN_POINT('Ctrl Pts',(0.453256361353685,0.62992125984252,-8.98317855877528));
#11041=CARTESIAN_POINT('Ctrl Pts',(0.453256361353685,0.598425196850394,
-8.98317855877528));
#11042=CARTESIAN_POINT('Ctrl Pts',(0.445455732324605,0.62992125984252,-8.97815526511643));
#11043=CARTESIAN_POINT('Ctrl Pts',(0.445455732324605,0.598425196850394,
-8.97815526511643));
#11044=CARTESIAN_POINT('Ctrl Pts',(0.441488786328939,0.62992125984252,-8.97560071027338));
#11045=CARTESIAN_POINT('Ctrl Pts',(0.441488786328939,0.598425196850394,
-8.97560071027338));
#11046=CARTESIAN_POINT('',(0.461397675033699,0.62992125984252,-8.99436156917176));
#11047=CARTESIAN_POINT('Ctrl Pts',(0.461397675033699,0.62992125984252,-8.99436156917176));
#11048=CARTESIAN_POINT('Ctrl Pts',(0.458714988171157,0.62992125984252,-8.99067659691133));
#11049=CARTESIAN_POINT('Ctrl Pts',(0.453256361353685,0.62992125984252,-8.98317855877528));
#11050=CARTESIAN_POINT('Ctrl Pts',(0.445455732324605,0.62992125984252,-8.97815526511643));
#11051=CARTESIAN_POINT('Ctrl Pts',(0.441488786328939,0.62992125984252,-8.97560071027338));
#11052=CARTESIAN_POINT('',(0.461397675033699,0.598425196850394,-8.99436156917176));
#11053=CARTESIAN_POINT('Ctrl Pts',(0.461397675033699,0.598425196850394,
-8.99436156917176));
#11054=CARTESIAN_POINT('Ctrl Pts',(0.458714988171157,0.598425196850394,
-8.99067659691133));
#11055=CARTESIAN_POINT('Ctrl Pts',(0.453256361353685,0.598425196850394,
-8.98317855877528));
#11056=CARTESIAN_POINT('Ctrl Pts',(0.445455732324605,0.598425196850394,
-8.97815526511643));
#11057=CARTESIAN_POINT('Ctrl Pts',(0.441488786328939,0.598425196850394,
-8.97560071027338));
#11058=CARTESIAN_POINT('',(0.461397675033699,0.62992125984252,-8.99436156917176));
#11059=CARTESIAN_POINT('Ctrl Pts',(0.461522720249476,0.62992125984252,-8.98952733799493));
#11060=CARTESIAN_POINT('Ctrl Pts',(0.461522720249476,0.598425196850394,
-8.98952733799493));
#11061=CARTESIAN_POINT('Ctrl Pts',(0.461515478951169,0.62992125984252,-8.99019881198451));
#11062=CARTESIAN_POINT('Ctrl Pts',(0.461515478951169,0.598425196850394,
-8.99019881198451));
#11063=CARTESIAN_POINT('Ctrl Pts',(0.461498094845668,0.62992125984252,-8.99181081223379));
#11064=CARTESIAN_POINT('Ctrl Pts',(0.461498094845668,0.598425196850394,
-8.99181081223379));
#11065=CARTESIAN_POINT('Ctrl Pts',(0.461434676596589,0.62992125984252,-8.99342169494369));
#11066=CARTESIAN_POINT('Ctrl Pts',(0.461434676596589,0.598425196850394,
-8.99342169494369));
#11067=CARTESIAN_POINT('Ctrl Pts',(0.461397675033699,0.62992125984252,-8.99436156917176));
#11068=CARTESIAN_POINT('Ctrl Pts',(0.461397675033699,0.598425196850394,
-8.99436156917176));
#11069=CARTESIAN_POINT('',(0.461522720249476,0.62992125984252,-8.98952733799493));
#11070=CARTESIAN_POINT('Ctrl Pts',(0.461522720249476,0.62992125984252,-8.98952733799493));
#11071=CARTESIAN_POINT('Ctrl Pts',(0.461515478951169,0.62992125984252,-8.99019881198451));
#11072=CARTESIAN_POINT('Ctrl Pts',(0.461498094845668,0.62992125984252,-8.99181081223379));
#11073=CARTESIAN_POINT('Ctrl Pts',(0.461434676596589,0.62992125984252,-8.99342169494369));
#11074=CARTESIAN_POINT('Ctrl Pts',(0.461397675033699,0.62992125984252,-8.99436156917176));
#11075=CARTESIAN_POINT('',(0.461522720249476,0.598425196850394,-8.98952733799493));
#11076=CARTESIAN_POINT('Ctrl Pts',(0.461522720249476,0.598425196850394,
-8.98952733799493));
#11077=CARTESIAN_POINT('Ctrl Pts',(0.461515478951169,0.598425196850394,
-8.99019881198451));
#11078=CARTESIAN_POINT('Ctrl Pts',(0.461498094845668,0.598425196850394,
-8.99181081223379));
#11079=CARTESIAN_POINT('Ctrl Pts',(0.461434676596589,0.598425196850394,
-8.99342169494369));
#11080=CARTESIAN_POINT('Ctrl Pts',(0.461397675033699,0.598425196850394,
-8.99436156917176));
#11081=CARTESIAN_POINT('',(0.461522720249476,0.62992125984252,-8.98952733799493));
#11082=CARTESIAN_POINT('Ctrl Pts',(0.45784083815636,0.62992125984252,-8.95999331317136));
#11083=CARTESIAN_POINT('Ctrl Pts',(0.45784083815636,0.598425196850394,-8.95999331317136));
#11084=CARTESIAN_POINT('Ctrl Pts',(0.458907551655756,0.62992125984252,-8.96485147335878));
#11085=CARTESIAN_POINT('Ctrl Pts',(0.458907551655756,0.598425196850394,
-8.96485147335878));
#11086=CARTESIAN_POINT('Ctrl Pts',(0.461044249398049,0.62992125984252,-8.97458268976324));
#11087=CARTESIAN_POINT('Ctrl Pts',(0.461044249398049,0.598425196850394,
-8.97458268976324));
#11088=CARTESIAN_POINT('Ctrl Pts',(0.461363067289165,0.62992125984252,-8.98454070751601));
#11089=CARTESIAN_POINT('Ctrl Pts',(0.461363067289165,0.598425196850394,
-8.98454070751601));
#11090=CARTESIAN_POINT('Ctrl Pts',(0.461522720249476,0.62992125984252,-8.98952733799493));
#11091=CARTESIAN_POINT('Ctrl Pts',(0.461522720249476,0.598425196850394,
-8.98952733799493));
#11092=CARTESIAN_POINT('',(0.45784083815636,0.62992125984252,-8.95999331317136));
#11093=CARTESIAN_POINT('Ctrl Pts',(0.45784083815636,0.62992125984252,-8.95999331317136));
#11094=CARTESIAN_POINT('Ctrl Pts',(0.458907551655756,0.62992125984252,-8.96485147335878));
#11095=CARTESIAN_POINT('Ctrl Pts',(0.461044249398049,0.62992125984252,-8.97458268976324));
#11096=CARTESIAN_POINT('Ctrl Pts',(0.461363067289165,0.62992125984252,-8.98454070751601));
#11097=CARTESIAN_POINT('Ctrl Pts',(0.461522720249476,0.62992125984252,-8.98952733799493));
#11098=CARTESIAN_POINT('',(0.45784083815636,0.598425196850394,-8.95999331317136));
#11099=CARTESIAN_POINT('Ctrl Pts',(0.45784083815636,0.598425196850394,-8.95999331317136));
#11100=CARTESIAN_POINT('Ctrl Pts',(0.458907551655756,0.598425196850394,
-8.96485147335878));
#11101=CARTESIAN_POINT('Ctrl Pts',(0.461044249398049,0.598425196850394,
-8.97458268976324));
#11102=CARTESIAN_POINT('Ctrl Pts',(0.461363067289165,0.598425196850394,
-8.98454070751601));
#11103=CARTESIAN_POINT('Ctrl Pts',(0.461522720249476,0.598425196850394,
-8.98952733799493));
#11104=CARTESIAN_POINT('',(0.45784083815636,0.62992125984252,-8.95999331317136));
#11105=CARTESIAN_POINT('Ctrl Pts',(0.448800189069703,0.62992125984252,-8.9369148584514));
#11106=CARTESIAN_POINT('Ctrl Pts',(0.448800189069703,0.598425196850394,
-8.9369148584514));
#11107=CARTESIAN_POINT('Ctrl Pts',(0.450571391396916,0.62992125984252,-8.94022063089501));
#11108=CARTESIAN_POINT('Ctrl Pts',(0.450571391396916,0.598425196850394,
-8.94022063089501));
#11109=CARTESIAN_POINT('Ctrl Pts',(0.454497378264674,0.62992125984252,-8.94754809371617));
#11110=CARTESIAN_POINT('Ctrl Pts',(0.454497378264674,0.598425196850394,
-8.94754809371617));
#11111=CARTESIAN_POINT('Ctrl Pts',(0.456656048398156,0.62992125984252,-8.95558322032539));
#11112=CARTESIAN_POINT('Ctrl Pts',(0.456656048398156,0.598425196850394,
-8.95558322032539));
#11113=CARTESIAN_POINT('Ctrl Pts',(0.45784083815636,0.62992125984252,-8.95999331317136));
#11114=CARTESIAN_POINT('Ctrl Pts',(0.45784083815636,0.598425196850394,-8.95999331317136));
#11115=CARTESIAN_POINT('',(0.448800189069703,0.62992125984252,-8.9369148584514));
#11116=CARTESIAN_POINT('Ctrl Pts',(0.448800189069703,0.62992125984252,-8.9369148584514));
#11117=CARTESIAN_POINT('Ctrl Pts',(0.450571391396916,0.62992125984252,-8.94022063089501));
#11118=CARTESIAN_POINT('Ctrl Pts',(0.454497378264674,0.62992125984252,-8.94754809371617));
#11119=CARTESIAN_POINT('Ctrl Pts',(0.456656048398156,0.62992125984252,-8.95558322032539));
#11120=CARTESIAN_POINT('Ctrl Pts',(0.45784083815636,0.62992125984252,-8.95999331317136));
#11121=CARTESIAN_POINT('',(0.448800189069703,0.598425196850394,-8.9369148584514));
#11122=CARTESIAN_POINT('Ctrl Pts',(0.448800189069703,0.598425196850394,
-8.9369148584514));
#11123=CARTESIAN_POINT('Ctrl Pts',(0.450571391396916,0.598425196850394,
-8.94022063089501));
#11124=CARTESIAN_POINT('Ctrl Pts',(0.454497378264674,0.598425196850394,
-8.94754809371617));
#11125=CARTESIAN_POINT('Ctrl Pts',(0.456656048398156,0.598425196850394,
-8.95558322032539));
#11126=CARTESIAN_POINT('Ctrl Pts',(0.45784083815636,0.598425196850394,-8.95999331317136));
#11127=CARTESIAN_POINT('',(0.448800189069703,0.62992125984252,-8.9369148584514));
#11128=CARTESIAN_POINT('Ctrl Pts',(0.434943767271423,0.62992125984252,-8.92337928467657));
#11129=CARTESIAN_POINT('Ctrl Pts',(0.434943767271423,0.598425196850394,
-8.92337928467657));
#11130=CARTESIAN_POINT('Ctrl Pts',(0.437641711977027,0.62992125984252,-8.92522002858493));
#11131=CARTESIAN_POINT('Ctrl Pts',(0.437641711977027,0.598425196850394,
-8.92522002858493));
#11132=CARTESIAN_POINT('Ctrl Pts',(0.443057623544368,0.62992125984252,-8.92891517704559));
#11133=CARTESIAN_POINT('Ctrl Pts',(0.443057623544368,0.598425196850394,
-8.92891517704559));
#11134=CARTESIAN_POINT('Ctrl Pts',(0.446881288641659,0.62992125984252,-8.93424173404279));
#11135=CARTESIAN_POINT('Ctrl Pts',(0.446881288641659,0.598425196850394,
-8.93424173404279));
#11136=CARTESIAN_POINT('Ctrl Pts',(0.448800189069703,0.62992125984252,-8.9369148584514));
#11137=CARTESIAN_POINT('Ctrl Pts',(0.448800189069703,0.598425196850394,
-8.9369148584514));
#11138=CARTESIAN_POINT('',(0.434943767271423,0.62992125984252,-8.92337928467657));
#11139=CARTESIAN_POINT('Ctrl Pts',(0.434943767271423,0.62992125984252,-8.92337928467657));
#11140=CARTESIAN_POINT('Ctrl Pts',(0.437641711977027,0.62992125984252,-8.92522002858493));
#11141=CARTESIAN_POINT('Ctrl Pts',(0.443057623544368,0.62992125984252,-8.92891517704559));
#11142=CARTESIAN_POINT('Ctrl Pts',(0.446881288641659,0.62992125984252,-8.93424173404279));
#11143=CARTESIAN_POINT('Ctrl Pts',(0.448800189069703,0.62992125984252,-8.9369148584514));
#11144=CARTESIAN_POINT('',(0.434943767271423,0.598425196850394,-8.92337928467657));
#11145=CARTESIAN_POINT('Ctrl Pts',(0.434943767271423,0.598425196850394,
-8.92337928467657));
#11146=CARTESIAN_POINT('Ctrl Pts',(0.437641711977027,0.598425196850394,
-8.92522002858493));
#11147=CARTESIAN_POINT('Ctrl Pts',(0.443057623544368,0.598425196850394,
-8.92891517704559));
#11148=CARTESIAN_POINT('Ctrl Pts',(0.446881288641659,0.598425196850394,
-8.93424173404279));
#11149=CARTESIAN_POINT('Ctrl Pts',(0.448800189069703,0.598425196850394,
-8.9369148584514));
#11150=CARTESIAN_POINT('',(0.434943767271423,0.62992125984252,-8.92337928467657));
#11151=CARTESIAN_POINT('Ctrl Pts',(0.415463875031086,0.62992125984252,-8.91831393425988));
#11152=CARTESIAN_POINT('Ctrl Pts',(0.415463875031086,0.598425196850394,
-8.91831393425988));
#11153=CARTESIAN_POINT('Ctrl Pts',(0.419009434418022,0.62992125984252,-8.91848844677834));
#11154=CARTESIAN_POINT('Ctrl Pts',(0.419009434418022,0.598425196850394,
-8.91848844677834));
#11155=CARTESIAN_POINT('Ctrl Pts',(0.425861178117713,0.62992125984252,-8.91882568976834));
#11156=CARTESIAN_POINT('Ctrl Pts',(0.425861178117713,0.598425196850394,
-8.91882568976834));
#11157=CARTESIAN_POINT('Ctrl Pts',(0.431987582334652,0.62992125984252,-8.92189718871824));
#11158=CARTESIAN_POINT('Ctrl Pts',(0.431987582334652,0.598425196850394,
-8.92189718871824));
#11159=CARTESIAN_POINT('Ctrl Pts',(0.434943767271423,0.62992125984252,-8.92337928467657));
#11160=CARTESIAN_POINT('Ctrl Pts',(0.434943767271423,0.598425196850394,
-8.92337928467657));
#11161=CARTESIAN_POINT('',(0.415463875031086,0.62992125984252,-8.91831393425988));
#11162=CARTESIAN_POINT('Ctrl Pts',(0.415463875031086,0.62992125984252,-8.91831393425988));
#11163=CARTESIAN_POINT('Ctrl Pts',(0.419009434418022,0.62992125984252,-8.91848844677834));
#11164=CARTESIAN_POINT('Ctrl Pts',(0.425861178117713,0.62992125984252,-8.91882568976834));
#11165=CARTESIAN_POINT('Ctrl Pts',(0.431987582334652,0.62992125984252,-8.92189718871824));
#11166=CARTESIAN_POINT('Ctrl Pts',(0.434943767271423,0.62992125984252,-8.92337928467657));
#11167=CARTESIAN_POINT('',(0.415463875031086,0.598425196850394,-8.91831393425988));
#11168=CARTESIAN_POINT('Ctrl Pts',(0.415463875031086,0.598425196850394,
-8.91831393425988));
#11169=CARTESIAN_POINT('Ctrl Pts',(0.419009434418022,0.598425196850394,
-8.91848844677834));
#11170=CARTESIAN_POINT('Ctrl Pts',(0.425861178117713,0.598425196850394,
-8.91882568976834));
#11171=CARTESIAN_POINT('Ctrl Pts',(0.431987582334652,0.598425196850394,
-8.92189718871824));
#11172=CARTESIAN_POINT('Ctrl Pts',(0.434943767271423,0.598425196850394,
-8.92337928467657));
#11173=CARTESIAN_POINT('',(0.415463875031086,0.62992125984252,-8.91831393425988));
#11174=CARTESIAN_POINT('Ctrl Pts',(0.39412793549424,0.62992125984252,-8.92573993346423));
#11175=CARTESIAN_POINT('Ctrl Pts',(0.39412793549424,0.598425196850394,-8.92573993346423));
#11176=CARTESIAN_POINT('Ctrl Pts',(0.397181646164389,0.62992125984252,-8.92358117518841));
#11177=CARTESIAN_POINT('Ctrl Pts',(0.397181646164389,0.598425196850394,
-8.92358117518841));
#11178=CARTESIAN_POINT('Ctrl Pts',(0.403565653733247,0.62992125984252,-8.91906813166177));
#11179=CARTESIAN_POINT('Ctrl Pts',(0.403565653733247,0.598425196850394,
-8.91906813166177));
#11180=CARTESIAN_POINT('Ctrl Pts',(0.411384878987608,0.62992125984252,-8.91857249124426));
#11181=CARTESIAN_POINT('Ctrl Pts',(0.411384878987608,0.598425196850394,
-8.91857249124426));
#11182=CARTESIAN_POINT('Ctrl Pts',(0.415463875031086,0.62992125984252,-8.91831393425988));
#11183=CARTESIAN_POINT('Ctrl Pts',(0.415463875031086,0.598425196850394,
-8.91831393425988));
#11184=CARTESIAN_POINT('',(0.39412793549424,0.62992125984252,-8.92573993346423));
#11185=CARTESIAN_POINT('Ctrl Pts',(0.39412793549424,0.62992125984252,-8.92573993346423));
#11186=CARTESIAN_POINT('Ctrl Pts',(0.397181646164389,0.62992125984252,-8.92358117518841));
#11187=CARTESIAN_POINT('Ctrl Pts',(0.403565653733247,0.62992125984252,-8.91906813166177));
#11188=CARTESIAN_POINT('Ctrl Pts',(0.411384878987608,0.62992125984252,-8.91857249124426));
#11189=CARTESIAN_POINT('Ctrl Pts',(0.415463875031086,0.62992125984252,-8.91831393425988));
#11190=CARTESIAN_POINT('',(0.39412793549424,0.598425196850394,-8.92573993346423));
#11191=CARTESIAN_POINT('Ctrl Pts',(0.39412793549424,0.598425196850394,-8.92573993346423));
#11192=CARTESIAN_POINT('Ctrl Pts',(0.397181646164389,0.598425196850394,
-8.92358117518841));
#11193=CARTESIAN_POINT('Ctrl Pts',(0.403565653733247,0.598425196850394,
-8.91906813166177));
#11194=CARTESIAN_POINT('Ctrl Pts',(0.411384878987608,0.598425196850394,
-8.91857249124426));
#11195=CARTESIAN_POINT('Ctrl Pts',(0.415463875031086,0.598425196850394,
-8.91831393425988));
#11196=CARTESIAN_POINT('',(0.39412793549424,0.62992125984252,-8.92573993346423));
#11197=CARTESIAN_POINT('Ctrl Pts',(0.382894045891832,0.62992125984252,-8.94952849556706));
#11198=CARTESIAN_POINT('Ctrl Pts',(0.382894045891832,0.598425196850394,
-8.94952849556706));
#11199=CARTESIAN_POINT('Ctrl Pts',(0.383913424277248,0.62992125984252,-8.94461514061788));
#11200=CARTESIAN_POINT('Ctrl Pts',(0.383913424277248,0.598425196850394,
-8.94461514061788));
#11201=CARTESIAN_POINT('Ctrl Pts',(0.385753922595035,0.62992125984252,-8.93574402695879));
#11202=CARTESIAN_POINT('Ctrl Pts',(0.385753922595035,0.598425196850394,
-8.93574402695879));
#11203=CARTESIAN_POINT('Ctrl Pts',(0.391544518843465,0.62992125984252,-8.92882623653312));
#11204=CARTESIAN_POINT('Ctrl Pts',(0.391544518843465,0.598425196850394,
-8.92882623653312));
#11205=CARTESIAN_POINT('Ctrl Pts',(0.39412793549424,0.62992125984252,-8.92573993346423));
#11206=CARTESIAN_POINT('Ctrl Pts',(0.39412793549424,0.598425196850394,-8.92573993346423));
#11207=CARTESIAN_POINT('',(0.382894045891832,0.62992125984252,-8.94952849556706));
#11208=CARTESIAN_POINT('Ctrl Pts',(0.382894045891832,0.62992125984252,-8.94952849556706));
#11209=CARTESIAN_POINT('Ctrl Pts',(0.383913424277248,0.62992125984252,-8.94461514061788));
#11210=CARTESIAN_POINT('Ctrl Pts',(0.385753922595035,0.62992125984252,-8.93574402695879));
#11211=CARTESIAN_POINT('Ctrl Pts',(0.391544518843465,0.62992125984252,-8.92882623653312));
#11212=CARTESIAN_POINT('Ctrl Pts',(0.39412793549424,0.62992125984252,-8.92573993346423));
#11213=CARTESIAN_POINT('',(0.382894045891832,0.598425196850394,-8.94952849556706));
#11214=CARTESIAN_POINT('Ctrl Pts',(0.382894045891832,0.598425196850394,
-8.94952849556706));
#11215=CARTESIAN_POINT('Ctrl Pts',(0.383913424277248,0.598425196850394,
-8.94461514061788));
#11216=CARTESIAN_POINT('Ctrl Pts',(0.385753922595035,0.598425196850394,
-8.93574402695879));
#11217=CARTESIAN_POINT('Ctrl Pts',(0.391544518843465,0.598425196850394,
-8.92882623653312));
#11218=CARTESIAN_POINT('Ctrl Pts',(0.39412793549424,0.598425196850394,-8.92573993346423));
#11219=CARTESIAN_POINT('',(0.382894045891832,0.62992125984252,-8.94952849556706));
#11220=CARTESIAN_POINT('Origin',(0.359660014684515,0.62992125984252,-8.9474244087896));
#11221=CARTESIAN_POINT('',(0.359660014684515,0.62992125984252,-8.9474244087896));
#11222=CARTESIAN_POINT('',(0.359660014684515,0.62992125984252,-8.9474244087896));
#11223=CARTESIAN_POINT('',(0.359660014684515,0.598425196850394,-8.9474244087896));
#11224=CARTESIAN_POINT('',(0.359660014684515,0.598425196850394,-8.9474244087896));
#11225=CARTESIAN_POINT('',(0.359660014684515,0.62992125984252,-8.9474244087896));
#11226=CARTESIAN_POINT('Ctrl Pts',(0.377181335881563,0.62992125984252,-8.91127031141595));
#11227=CARTESIAN_POINT('Ctrl Pts',(0.377181335881563,0.598425196850394,
-8.91127031141595));
#11228=CARTESIAN_POINT('Ctrl Pts',(0.37277868576585,0.62992125984252,-8.91618446994495));
#11229=CARTESIAN_POINT('Ctrl Pts',(0.37277868576585,0.598425196850394,-8.91618446994495));
#11230=CARTESIAN_POINT('Ctrl Pts',(0.36350732940495,0.62992125984252,-8.92653299043576));
#11231=CARTESIAN_POINT('Ctrl Pts',(0.36350732940495,0.598425196850394,-8.92653299043576));
#11232=CARTESIAN_POINT('Ctrl Pts',(0.360984722058761,0.62992125984252,-8.94023107578651));
#11233=CARTESIAN_POINT('Ctrl Pts',(0.360984722058761,0.598425196850394,
-8.94023107578651));
#11234=CARTESIAN_POINT('Ctrl Pts',(0.359660014684515,0.62992125984252,-8.9474244087896));
#11235=CARTESIAN_POINT('Ctrl Pts',(0.359660014684515,0.598425196850394,
-8.9474244087896));
#11236=CARTESIAN_POINT('Ctrl Pts',(0.377181335881563,0.62992125984252,-8.91127031141595));
#11237=CARTESIAN_POINT('Ctrl Pts',(0.37277868576585,0.62992125984252,-8.91618446994495));
#11238=CARTESIAN_POINT('Ctrl Pts',(0.36350732940495,0.62992125984252,-8.92653299043576));
#11239=CARTESIAN_POINT('Ctrl Pts',(0.360984722058761,0.62992125984252,-8.94023107578651));
#11240=CARTESIAN_POINT('Ctrl Pts',(0.359660014684515,0.62992125984252,-8.9474244087896));
#11241=CARTESIAN_POINT('Ctrl Pts',(0.377181335881563,0.598425196850394,
-8.91127031141595));
#11242=CARTESIAN_POINT('Ctrl Pts',(0.37277868576585,0.598425196850394,-8.91618446994495));
#11243=CARTESIAN_POINT('Ctrl Pts',(0.36350732940495,0.598425196850394,-8.92653299043576));
#11244=CARTESIAN_POINT('Ctrl Pts',(0.360984722058761,0.598425196850394,
-8.94023107578651));
#11245=CARTESIAN_POINT('Ctrl Pts',(0.359660014684515,0.598425196850394,
-8.9474244087896));
#11246=CARTESIAN_POINT('Origin',(0.420892180164026,0.62992125984252,-8.99894546124702));
#11247=CARTESIAN_POINT('Origin',(0.420892180164026,0.598425196850394,-8.99894546124702));
#11248=CARTESIAN_POINT('Origin',(0.346589942456734,0.62992125984252,-10.0995857321901));
#11249=CARTESIAN_POINT('',(0.346589942456734,0.62992125984252,-10.0995857321901));
#11250=CARTESIAN_POINT('',(0.362166086130205,0.62992125984252,-10.0995559934745));
#11251=CARTESIAN_POINT('',(0.346589942456734,0.62992125984252,-10.0995857321901));
#11252=CARTESIAN_POINT('',(0.362166086130205,0.598425196850394,-10.0995559934745));
#11253=CARTESIAN_POINT('',(0.362166086130205,0.62992125984252,-10.0995559934745));
#11254=CARTESIAN_POINT('',(0.346589942456734,0.598425196850394,-10.0995857321901));
#11255=CARTESIAN_POINT('',(0.346589942456734,0.598425196850394,-10.0995857321901));
#11256=CARTESIAN_POINT('',(0.346589942456734,0.62992125984252,-10.0995857321901));
#11257=CARTESIAN_POINT('Ctrl Pts',(0.32505538007208,0.62992125984252,-10.0733084619995));
#11258=CARTESIAN_POINT('Ctrl Pts',(0.32505538007208,0.598425196850394,-10.0733084619995));
#11259=CARTESIAN_POINT('Ctrl Pts',(0.329630622223523,0.62992125984252,-10.0775544228458));
#11260=CARTESIAN_POINT('Ctrl Pts',(0.329630622223523,0.598425196850394,
-10.0775544228458));
#11261=CARTESIAN_POINT('Ctrl Pts',(0.338018928597569,0.62992125984252,-10.085339020743));
#11262=CARTESIAN_POINT('Ctrl Pts',(0.338018928597569,0.598425196850394,
-10.085339020743));
#11263=CARTESIAN_POINT('Ctrl Pts',(0.343911405153163,0.62992125984252,-10.0951334761687));
#11264=CARTESIAN_POINT('Ctrl Pts',(0.343911405153163,0.598425196850394,
-10.0951334761687));
#11265=CARTESIAN_POINT('Ctrl Pts',(0.346589942456734,0.62992125984252,-10.0995857321901));
#11266=CARTESIAN_POINT('Ctrl Pts',(0.346589942456734,0.598425196850394,
-10.0995857321901));
#11267=CARTESIAN_POINT('',(0.32505538007208,0.62992125984252,-10.0733084619995));
#11268=CARTESIAN_POINT('Ctrl Pts',(0.32505538007208,0.62992125984252,-10.0733084619995));
#11269=CARTESIAN_POINT('Ctrl Pts',(0.329630622223523,0.62992125984252,-10.0775544228458));
#11270=CARTESIAN_POINT('Ctrl Pts',(0.338018928597569,0.62992125984252,-10.085339020743));
#11271=CARTESIAN_POINT('Ctrl Pts',(0.343911405153163,0.62992125984252,-10.0951334761687));
#11272=CARTESIAN_POINT('Ctrl Pts',(0.346589942456734,0.62992125984252,-10.0995857321901));
#11273=CARTESIAN_POINT('',(0.32505538007208,0.598425196850394,-10.0733084619995));
#11274=CARTESIAN_POINT('Ctrl Pts',(0.32505538007208,0.598425196850394,-10.0733084619995));
#11275=CARTESIAN_POINT('Ctrl Pts',(0.329630622223523,0.598425196850394,
-10.0775544228458));
#11276=CARTESIAN_POINT('Ctrl Pts',(0.338018928597569,0.598425196850394,
-10.085339020743));
#11277=CARTESIAN_POINT('Ctrl Pts',(0.343911405153163,0.598425196850394,
-10.0951334761687));
#11278=CARTESIAN_POINT('Ctrl Pts',(0.346589942456734,0.598425196850394,
-10.0995857321901));
#11279=CARTESIAN_POINT('',(0.32505538007208,0.62992125984252,-10.0733084619995));
#11280=CARTESIAN_POINT('Ctrl Pts',(0.289562167447668,0.62992125984252,-10.0502805117741));
#11281=CARTESIAN_POINT('Ctrl Pts',(0.289562167447668,0.598425196850394,
-10.0502805117741));
#11282=CARTESIAN_POINT('Ctrl Pts',(0.296049376118117,0.62992125984252,-10.0535561454972));
#11283=CARTESIAN_POINT('Ctrl Pts',(0.296049376118117,0.598425196850394,
-10.0535561454972));
#11284=CARTESIAN_POINT('Ctrl Pts',(0.308714670401806,0.62992125984252,-10.059951325177));
#11285=CARTESIAN_POINT('Ctrl Pts',(0.308714670401806,0.598425196850394,
-10.059951325177));
#11286=CARTESIAN_POINT('Ctrl Pts',(0.319697832547365,0.62992125984252,-10.0689291237232));
#11287=CARTESIAN_POINT('Ctrl Pts',(0.319697832547365,0.598425196850394,
-10.0689291237232));
#11288=CARTESIAN_POINT('Ctrl Pts',(0.32505538007208,0.62992125984252,-10.0733084619995));
#11289=CARTESIAN_POINT('Ctrl Pts',(0.32505538007208,0.598425196850394,-10.0733084619995));
#11290=CARTESIAN_POINT('',(0.289562167447668,0.62992125984252,-10.0502805117741));
#11291=CARTESIAN_POINT('Ctrl Pts',(0.289562167447668,0.62992125984252,-10.0502805117741));
#11292=CARTESIAN_POINT('Ctrl Pts',(0.296049376118117,0.62992125984252,-10.0535561454972));
#11293=CARTESIAN_POINT('Ctrl Pts',(0.308714670401806,0.62992125984252,-10.059951325177));
#11294=CARTESIAN_POINT('Ctrl Pts',(0.319697832547365,0.62992125984252,-10.0689291237232));
#11295=CARTESIAN_POINT('Ctrl Pts',(0.32505538007208,0.62992125984252,-10.0733084619995));
#11296=CARTESIAN_POINT('',(0.289562167447668,0.598425196850394,-10.0502805117741));
#11297=CARTESIAN_POINT('Ctrl Pts',(0.289562167447668,0.598425196850394,
-10.0502805117741));
#11298=CARTESIAN_POINT('Ctrl Pts',(0.296049376118117,0.598425196850394,
-10.0535561454972));
#11299=CARTESIAN_POINT('Ctrl Pts',(0.308714670401806,0.598425196850394,
-10.059951325177));
#11300=CARTESIAN_POINT('Ctrl Pts',(0.319697832547365,0.598425196850394,
-10.0689291237232));
#11301=CARTESIAN_POINT('Ctrl Pts',(0.32505538007208,0.598425196850394,-10.0733084619995));
#11302=CARTESIAN_POINT('',(0.289562167447668,0.62992125984252,-10.0502805117741));
#11303=CARTESIAN_POINT('Origin',(0.289517559396738,0.62992125984252,-10.0269163079971));
#11304=CARTESIAN_POINT('',(0.289517559396738,0.62992125984252,-10.0269163079971));
#11305=CARTESIAN_POINT('',(0.289517559396738,0.62992125984252,-10.0269163079971));
#11306=CARTESIAN_POINT('',(0.289517559396738,0.598425196850394,-10.0269163079971));
#11307=CARTESIAN_POINT('',(0.289517559396738,0.598425196850394,-10.0269163079971));
#11308=CARTESIAN_POINT('',(0.289517559396738,0.62992125984252,-10.0269163079971));
#11309=CARTESIAN_POINT('Ctrl Pts',(0.314919745929038,0.62992125984252,-10.0393556148994));
#11310=CARTESIAN_POINT('Ctrl Pts',(0.314919745929038,0.598425196850394,
-10.0393556148994));
#11311=CARTESIAN_POINT('Ctrl Pts',(0.310503277370908,0.62992125984252,-10.0368270497378));
#11312=CARTESIAN_POINT('Ctrl Pts',(0.310503277370908,0.598425196850394,
-10.0368270497378));
#11313=CARTESIAN_POINT('Ctrl Pts',(0.302302336124383,0.62992125984252,-10.032131756642));
#11314=CARTESIAN_POINT('Ctrl Pts',(0.302302336124383,0.598425196850394,
-10.032131756642));
#11315=CARTESIAN_POINT('Ctrl Pts',(0.293554436105021,0.62992125984252,-10.0285631199522));
#11316=CARTESIAN_POINT('Ctrl Pts',(0.293554436105021,0.598425196850394,
-10.0285631199522));
#11317=CARTESIAN_POINT('Ctrl Pts',(0.289517559396738,0.62992125984252,-10.0269163079971));
#11318=CARTESIAN_POINT('Ctrl Pts',(0.289517559396738,0.598425196850394,
-10.0269163079971));
#11319=CARTESIAN_POINT('',(0.314919745929038,0.62992125984252,-10.0393556148994));
#11320=CARTESIAN_POINT('Ctrl Pts',(0.314919745929038,0.62992125984252,-10.0393556148994));
#11321=CARTESIAN_POINT('Ctrl Pts',(0.310503277370908,0.62992125984252,-10.0368270497378));
#11322=CARTESIAN_POINT('Ctrl Pts',(0.302302336124383,0.62992125984252,-10.032131756642));
#11323=CARTESIAN_POINT('Ctrl Pts',(0.293554436105021,0.62992125984252,-10.0285631199522));
#11324=CARTESIAN_POINT('Ctrl Pts',(0.289517559396738,0.62992125984252,-10.0269163079971));
#11325=CARTESIAN_POINT('',(0.314919745929038,0.598425196850394,-10.0393556148994));
#11326=CARTESIAN_POINT('Ctrl Pts',(0.314919745929038,0.598425196850394,
-10.0393556148994));
#11327=CARTESIAN_POINT('Ctrl Pts',(0.310503277370908,0.598425196850394,
-10.0368270497378));
#11328=CARTESIAN_POINT('Ctrl Pts',(0.302302336124383,0.598425196850394,
-10.032131756642));
#11329=CARTESIAN_POINT('Ctrl Pts',(0.293554436105021,0.598425196850394,
-10.0285631199522));
#11330=CARTESIAN_POINT('Ctrl Pts',(0.289517559396738,0.598425196850394,
-10.0269163079971));
#11331=CARTESIAN_POINT('',(0.314919745929038,0.62992125984252,-10.0393556148994));
#11332=CARTESIAN_POINT('Ctrl Pts',(0.337912892448651,0.62992125984252,-10.0559621154226));
#11333=CARTESIAN_POINT('Ctrl Pts',(0.337912892448651,0.598425196850394,
-10.0559621154226));
#11334=CARTESIAN_POINT('Ctrl Pts',(0.334607290634893,0.62992125984252,-10.0531004865577));
#11335=CARTESIAN_POINT('Ctrl Pts',(0.334607290634893,0.598425196850394,
-10.0531004865577));
#11336=CARTESIAN_POINT('Ctrl Pts',(0.327434350247695,0.62992125984252,-10.0468909385192));
#11337=CARTESIAN_POINT('Ctrl Pts',(0.327434350247695,0.598425196850394,
-10.0468909385192));
#11338=CARTESIAN_POINT('Ctrl Pts',(0.31930353117445,0.62992125984252,-10.0419951902038));
#11339=CARTESIAN_POINT('Ctrl Pts',(0.31930353117445,0.598425196850394,-10.0419951902038));
#11340=CARTESIAN_POINT('Ctrl Pts',(0.314919745929038,0.62992125984252,-10.0393556148994));
#11341=CARTESIAN_POINT('Ctrl Pts',(0.314919745929038,0.598425196850394,
-10.0393556148994));
#11342=CARTESIAN_POINT('',(0.337912892448651,0.62992125984252,-10.0559621154226));
#11343=CARTESIAN_POINT('Ctrl Pts',(0.337912892448651,0.62992125984252,-10.0559621154226));
#11344=CARTESIAN_POINT('Ctrl Pts',(0.334607290634893,0.62992125984252,-10.0531004865577));
#11345=CARTESIAN_POINT('Ctrl Pts',(0.327434350247695,0.62992125984252,-10.0468909385192));
#11346=CARTESIAN_POINT('Ctrl Pts',(0.31930353117445,0.62992125984252,-10.0419951902038));
#11347=CARTESIAN_POINT('Ctrl Pts',(0.314919745929038,0.62992125984252,-10.0393556148994));
#11348=CARTESIAN_POINT('',(0.337912892448651,0.598425196850394,-10.0559621154226));
#11349=CARTESIAN_POINT('Ctrl Pts',(0.337912892448651,0.598425196850394,
-10.0559621154226));
#11350=CARTESIAN_POINT('Ctrl Pts',(0.334607290634893,0.598425196850394,
-10.0531004865577));
#11351=CARTESIAN_POINT('Ctrl Pts',(0.327434350247695,0.598425196850394,
-10.0468909385192));
#11352=CARTESIAN_POINT('Ctrl Pts',(0.31930353117445,0.598425196850394,-10.0419951902038));
#11353=CARTESIAN_POINT('Ctrl Pts',(0.314919745929038,0.598425196850394,
-10.0393556148994));
#11354=CARTESIAN_POINT('',(0.337912892448651,0.62992125984252,-10.0559621154226));
#11355=CARTESIAN_POINT('Origin',(0.337618838373348,0.62992125984252,-9.90194643453892));
#11356=CARTESIAN_POINT('',(0.337618838373348,0.62992125984252,-9.90194643453892));
#11357=CARTESIAN_POINT('',(0.337618838373348,0.62992125984252,-9.90194643453892));
#11358=CARTESIAN_POINT('',(0.337618838373348,0.598425196850394,-9.90194643453892));
#11359=CARTESIAN_POINT('',(0.337618838373348,0.598425196850394,-9.90194643453892));
#11360=CARTESIAN_POINT('',(0.337618838373348,0.62992125984252,-9.90194643453892));
#11361=CARTESIAN_POINT('Origin',(0.361788712441432,0.62992125984252,-9.90190028826381));
#11362=CARTESIAN_POINT('',(0.361788712441432,0.62992125984252,-9.90190028826381));
#11363=CARTESIAN_POINT('',(0.361788712441432,0.62992125984252,-9.90190028826381));
#11364=CARTESIAN_POINT('',(0.361788712441432,0.598425196850394,-9.90190028826381));
#11365=CARTESIAN_POINT('',(0.361788712441432,0.598425196850394,-9.90190028826381));
#11366=CARTESIAN_POINT('',(0.361788712441432,0.62992125984252,-9.90190028826381));
#11367=CARTESIAN_POINT('Origin',(0.362166086130205,0.62992125984252,-10.0995559934745));
#11368=CARTESIAN_POINT('',(0.362166086130205,0.62992125984252,-10.0995559934745));
#11369=CARTESIAN_POINT('',(0.362166086130205,0.598425196850394,-10.0995559934745));
#11370=CARTESIAN_POINT('Origin',(0.420881035473328,0.62992125984252,-9.99894417939454));
#11371=CARTESIAN_POINT('Origin',(0.420881035473328,0.598425196850394,-9.99894417939454));
#11372=CARTESIAN_POINT('Origin',(0.365254445890931,0.62992125984252,-11.0995500970309));
#11373=CARTESIAN_POINT('',(0.365254445890931,0.62992125984252,-11.0995500970309));
#11374=CARTESIAN_POINT('',(0.380830566098048,0.62992125984252,-11.0995203583601));
#11375=CARTESIAN_POINT('',(0.365254445890931,0.62992125984252,-11.0995500970309));
#11376=CARTESIAN_POINT('',(0.380830566098048,0.598425196850394,-11.0995203583601));
#11377=CARTESIAN_POINT('',(0.380830566098048,0.62992125984252,-11.0995203583601));
#11378=CARTESIAN_POINT('',(0.365254445890931,0.598425196850394,-11.0995500970309));
#11379=CARTESIAN_POINT('',(0.365254445890931,0.598425196850394,-11.0995500970309));
#11380=CARTESIAN_POINT('',(0.365254445890931,0.62992125984252,-11.0995500970309));
#11381=CARTESIAN_POINT('Ctrl Pts',(0.343719883506276,0.62992125984252,-11.0732728268403));
#11382=CARTESIAN_POINT('Ctrl Pts',(0.343719883506276,0.598425196850394,
-11.0732728268403));
#11383=CARTESIAN_POINT('Ctrl Pts',(0.34829512565772,0.62992125984252,-11.0775187876866));
#11384=CARTESIAN_POINT('Ctrl Pts',(0.34829512565772,0.598425196850394,-11.0775187876866));
#11385=CARTESIAN_POINT('Ctrl Pts',(0.356683432031765,0.62992125984252,-11.0853033855838));
#11386=CARTESIAN_POINT('Ctrl Pts',(0.356683432031765,0.598425196850394,
-11.0853033855838));
#11387=CARTESIAN_POINT('Ctrl Pts',(0.36257590858736,0.62992125984252,-11.0950978410095));
#11388=CARTESIAN_POINT('Ctrl Pts',(0.36257590858736,0.598425196850394,-11.0950978410095));
#11389=CARTESIAN_POINT('Ctrl Pts',(0.365254445890931,0.62992125984252,-11.0995500970309));
#11390=CARTESIAN_POINT('Ctrl Pts',(0.365254445890931,0.598425196850394,
-11.0995500970309));
#11391=CARTESIAN_POINT('',(0.343719883506276,0.62992125984252,-11.0732728268403));
#11392=CARTESIAN_POINT('Ctrl Pts',(0.343719883506276,0.62992125984252,-11.0732728268403));
#11393=CARTESIAN_POINT('Ctrl Pts',(0.34829512565772,0.62992125984252,-11.0775187876866));
#11394=CARTESIAN_POINT('Ctrl Pts',(0.356683432031765,0.62992125984252,-11.0853033855838));
#11395=CARTESIAN_POINT('Ctrl Pts',(0.36257590858736,0.62992125984252,-11.0950978410095));
#11396=CARTESIAN_POINT('Ctrl Pts',(0.365254445890931,0.62992125984252,-11.0995500970309));
#11397=CARTESIAN_POINT('',(0.343719883506276,0.598425196850394,-11.0732728268403));
#11398=CARTESIAN_POINT('Ctrl Pts',(0.343719883506276,0.598425196850394,
-11.0732728268403));
#11399=CARTESIAN_POINT('Ctrl Pts',(0.34829512565772,0.598425196850394,-11.0775187876866));
#11400=CARTESIAN_POINT('Ctrl Pts',(0.356683432031765,0.598425196850394,
-11.0853033855838));
#11401=CARTESIAN_POINT('Ctrl Pts',(0.36257590858736,0.598425196850394,-11.0950978410095));
#11402=CARTESIAN_POINT('Ctrl Pts',(0.365254445890931,0.598425196850394,
-11.0995500970309));
#11403=CARTESIAN_POINT('',(0.343719883506276,0.62992125984252,-11.0732728268403));
#11404=CARTESIAN_POINT('Ctrl Pts',(0.308226670881864,0.62992125984252,-11.0502448766149));
#11405=CARTESIAN_POINT('Ctrl Pts',(0.308226670881864,0.598425196850394,
-11.0502448766149));
#11406=CARTESIAN_POINT('Ctrl Pts',(0.314713879552313,0.62992125984252,-11.053520510338));
#11407=CARTESIAN_POINT('Ctrl Pts',(0.314713879552313,0.598425196850394,
-11.053520510338));
#11408=CARTESIAN_POINT('Ctrl Pts',(0.327379173836002,0.62992125984252,-11.0599156900179));
#11409=CARTESIAN_POINT('Ctrl Pts',(0.327379173836002,0.598425196850394,
-11.0599156900179));
#11410=CARTESIAN_POINT('Ctrl Pts',(0.338362335981561,0.62992125984252,-11.068893488564));
#11411=CARTESIAN_POINT('Ctrl Pts',(0.338362335981561,0.598425196850394,
-11.068893488564));
#11412=CARTESIAN_POINT('Ctrl Pts',(0.343719883506276,0.62992125984252,-11.0732728268403));
#11413=CARTESIAN_POINT('Ctrl Pts',(0.343719883506276,0.598425196850394,
-11.0732728268403));
#11414=CARTESIAN_POINT('',(0.308226670881864,0.62992125984252,-11.0502448766149));
#11415=CARTESIAN_POINT('Ctrl Pts',(0.308226670881864,0.62992125984252,-11.0502448766149));
#11416=CARTESIAN_POINT('Ctrl Pts',(0.314713879552313,0.62992125984252,-11.053520510338));
#11417=CARTESIAN_POINT('Ctrl Pts',(0.327379173836002,0.62992125984252,-11.0599156900179));
#11418=CARTESIAN_POINT('Ctrl Pts',(0.338362335981561,0.62992125984252,-11.068893488564));
#11419=CARTESIAN_POINT('Ctrl Pts',(0.343719883506276,0.62992125984252,-11.0732728268403));
#11420=CARTESIAN_POINT('',(0.308226670881864,0.598425196850394,-11.0502448766149));
#11421=CARTESIAN_POINT('Ctrl Pts',(0.308226670881864,0.598425196850394,
-11.0502448766149));
#11422=CARTESIAN_POINT('Ctrl Pts',(0.314713879552313,0.598425196850394,
-11.053520510338));
#11423=CARTESIAN_POINT('Ctrl Pts',(0.327379173836002,0.598425196850394,
-11.0599156900179));
#11424=CARTESIAN_POINT('Ctrl Pts',(0.338362335981561,0.598425196850394,
-11.068893488564));
#11425=CARTESIAN_POINT('Ctrl Pts',(0.343719883506276,0.598425196850394,
-11.0732728268403));
#11426=CARTESIAN_POINT('',(0.308226670881864,0.62992125984252,-11.0502448766149));
#11427=CARTESIAN_POINT('Origin',(0.308182062830935,0.62992125984252,-11.0268806728379));
#11428=CARTESIAN_POINT('',(0.308182062830935,0.62992125984252,-11.0268806728379));
#11429=CARTESIAN_POINT('',(0.308182062830935,0.62992125984252,-11.0268806728379));
#11430=CARTESIAN_POINT('',(0.308182062830935,0.598425196850394,-11.0268806728379));
#11431=CARTESIAN_POINT('',(0.308182062830935,0.598425196850394,-11.0268806728379));
#11432=CARTESIAN_POINT('',(0.308182062830935,0.62992125984252,-11.0268806728379));
#11433=CARTESIAN_POINT('Ctrl Pts',(0.333584249363235,0.62992125984252,-11.0393199797402));
#11434=CARTESIAN_POINT('Ctrl Pts',(0.333584249363235,0.598425196850394,
-11.0393199797402));
#11435=CARTESIAN_POINT('Ctrl Pts',(0.329167780805105,0.62992125984252,-11.0367914145786));
#11436=CARTESIAN_POINT('Ctrl Pts',(0.329167780805105,0.598425196850394,
-11.0367914145786));
#11437=CARTESIAN_POINT('Ctrl Pts',(0.320966839558579,0.62992125984252,-11.0320961214828));
#11438=CARTESIAN_POINT('Ctrl Pts',(0.320966839558579,0.598425196850394,
-11.0320961214828));
#11439=CARTESIAN_POINT('Ctrl Pts',(0.312218939539217,0.62992125984252,-11.028527484793));
#11440=CARTESIAN_POINT('Ctrl Pts',(0.312218939539217,0.598425196850394,
-11.028527484793));
#11441=CARTESIAN_POINT('Ctrl Pts',(0.308182062830935,0.62992125984252,-11.0268806728379));
#11442=CARTESIAN_POINT('Ctrl Pts',(0.308182062830935,0.598425196850394,
-11.0268806728379));
#11443=CARTESIAN_POINT('',(0.333584249363235,0.62992125984252,-11.0393199797402));
#11444=CARTESIAN_POINT('Ctrl Pts',(0.333584249363235,0.62992125984252,-11.0393199797402));
#11445=CARTESIAN_POINT('Ctrl Pts',(0.329167780805105,0.62992125984252,-11.0367914145786));
#11446=CARTESIAN_POINT('Ctrl Pts',(0.320966839558579,0.62992125984252,-11.0320961214828));
#11447=CARTESIAN_POINT('Ctrl Pts',(0.312218939539217,0.62992125984252,-11.028527484793));
#11448=CARTESIAN_POINT('Ctrl Pts',(0.308182062830935,0.62992125984252,-11.0268806728379));
#11449=CARTESIAN_POINT('',(0.333584249363235,0.598425196850394,-11.0393199797402));
#11450=CARTESIAN_POINT('Ctrl Pts',(0.333584249363235,0.598425196850394,
-11.0393199797402));
#11451=CARTESIAN_POINT('Ctrl Pts',(0.329167780805105,0.598425196850394,
-11.0367914145786));
#11452=CARTESIAN_POINT('Ctrl Pts',(0.320966839558579,0.598425196850394,
-11.0320961214828));
#11453=CARTESIAN_POINT('Ctrl Pts',(0.312218939539217,0.598425196850394,
-11.028527484793));
#11454=CARTESIAN_POINT('Ctrl Pts',(0.308182062830935,0.598425196850394,
-11.0268806728379));
#11455=CARTESIAN_POINT('',(0.333584249363235,0.62992125984252,-11.0393199797402));
#11456=CARTESIAN_POINT('Ctrl Pts',(0.356577395882847,0.62992125984252,-11.0559264802634));
#11457=CARTESIAN_POINT('Ctrl Pts',(0.356577395882847,0.598425196850394,
-11.0559264802634));
#11458=CARTESIAN_POINT('Ctrl Pts',(0.353271789663286,0.62992125984252,-11.0530648520695));
#11459=CARTESIAN_POINT('Ctrl Pts',(0.353271789663286,0.598425196850394,
-11.0530648520695));
#11460=CARTESIAN_POINT('Ctrl Pts',(0.346098844877372,0.62992125984252,-11.0468553099555));
#11461=CARTESIAN_POINT('Ctrl Pts',(0.346098844877372,0.598425196850394,
-11.0468553099555));
#11462=CARTESIAN_POINT('Ctrl Pts',(0.337968029772656,0.62992125984252,-11.0419595563002));
#11463=CARTESIAN_POINT('Ctrl Pts',(0.337968029772656,0.598425196850394,
-11.0419595563002));
#11464=CARTESIAN_POINT('Ctrl Pts',(0.333584249363235,0.62992125984252,-11.0393199797402));
#11465=CARTESIAN_POINT('Ctrl Pts',(0.333584249363235,0.598425196850394,
-11.0393199797402));
#11466=CARTESIAN_POINT('',(0.356577395882847,0.62992125984252,-11.0559264802634));
#11467=CARTESIAN_POINT('Ctrl Pts',(0.356577395882847,0.62992125984252,-11.0559264802634));
#11468=CARTESIAN_POINT('Ctrl Pts',(0.353271789663286,0.62992125984252,-11.0530648520695));
#11469=CARTESIAN_POINT('Ctrl Pts',(0.346098844877372,0.62992125984252,-11.0468553099555));
#11470=CARTESIAN_POINT('Ctrl Pts',(0.337968029772656,0.62992125984252,-11.0419595563002));
#11471=CARTESIAN_POINT('Ctrl Pts',(0.333584249363235,0.62992125984252,-11.0393199797402));
#11472=CARTESIAN_POINT('',(0.356577395882847,0.598425196850394,-11.0559264802634));
#11473=CARTESIAN_POINT('Ctrl Pts',(0.356577395882847,0.598425196850394,
-11.0559264802634));
#11474=CARTESIAN_POINT('Ctrl Pts',(0.353271789663286,0.598425196850394,
-11.0530648520695));
#11475=CARTESIAN_POINT('Ctrl Pts',(0.346098844877372,0.598425196850394,
-11.0468553099555));
#11476=CARTESIAN_POINT('Ctrl Pts',(0.337968029772656,0.598425196850394,
-11.0419595563002));
#11477=CARTESIAN_POINT('Ctrl Pts',(0.333584249363235,0.598425196850394,
-11.0393199797402));
#11478=CARTESIAN_POINT('',(0.356577395882847,0.62992125984252,-11.0559264802634));
#11479=CARTESIAN_POINT('Origin',(0.356283341807545,0.62992125984252,-10.9019107993797));
#11480=CARTESIAN_POINT('',(0.356283341807545,0.62992125984252,-10.9019107993797));
#11481=CARTESIAN_POINT('',(0.356283341807545,0.62992125984252,-10.9019107993797));
#11482=CARTESIAN_POINT('',(0.356283341807545,0.598425196850394,-10.9019107993797));
#11483=CARTESIAN_POINT('',(0.356283341807545,0.598425196850394,-10.9019107993797));
#11484=CARTESIAN_POINT('',(0.356283341807545,0.62992125984252,-10.9019107993797));
#11485=CARTESIAN_POINT('Origin',(0.380453192409275,0.62992125984252,-10.9018646531494));
#11486=CARTESIAN_POINT('',(0.380453192409275,0.62992125984252,-10.9018646531494));
#11487=CARTESIAN_POINT('',(0.380453192409275,0.62992125984252,-10.9018646531494));
#11488=CARTESIAN_POINT('',(0.380453192409275,0.598425196850394,-10.9018646531494));
#11489=CARTESIAN_POINT('',(0.380453192409275,0.598425196850394,-10.9018646531494));
#11490=CARTESIAN_POINT('',(0.380453192409275,0.62992125984252,-10.9018646531494));
#11491=CARTESIAN_POINT('Origin',(0.380830566098048,0.62992125984252,-11.0995203583601));
#11492=CARTESIAN_POINT('',(0.380830566098048,0.62992125984252,-11.0995203583601));
#11493=CARTESIAN_POINT('',(0.380830566098048,0.598425196850394,-11.0995203583601));
#11494=CARTESIAN_POINT('Origin',(0.420977045290031,0.62992125984252,-11.0005613735275));
#11495=CARTESIAN_POINT('Origin',(0.420977045290031,0.598425196850394,-11.0005613735275));
#11496=CARTESIAN_POINT('Origin',(0.346419977226042,0.62992125984252,-12.1010770203286));
#11497=CARTESIAN_POINT('',(0.346419977226042,0.62992125984252,-12.1010770203286));
#11498=CARTESIAN_POINT('',(0.361996109180601,0.62992125984252,-12.1010997893705));
#11499=CARTESIAN_POINT('',(0.346419977226042,0.62992125984252,-12.1010770203286));
#11500=CARTESIAN_POINT('',(0.361996109180601,0.598425196850394,-12.1010997893705));
#11501=CARTESIAN_POINT('',(0.361996109180601,0.62992125984252,-12.1010997893705));
#11502=CARTESIAN_POINT('',(0.346419977226042,0.598425196850394,-12.1010770203286));
#11503=CARTESIAN_POINT('',(0.346419977226042,0.598425196850394,-12.1010770203286));
#11504=CARTESIAN_POINT('',(0.346419977226042,0.62992125984252,-12.1010770203286));
#11505=CARTESIAN_POINT('Ctrl Pts',(0.324974118623688,0.62992125984252,-12.0747273058219));
#11506=CARTESIAN_POINT('Ctrl Pts',(0.324974118623688,0.598425196850394,
-12.0747273058219));
#11507=CARTESIAN_POINT('Ctrl Pts',(0.329535019737995,0.62992125984252,-12.0789886750652));
#11508=CARTESIAN_POINT('Ctrl Pts',(0.329535019737995,0.598425196850394,
-12.0789886750652));
#11509=CARTESIAN_POINT('Ctrl Pts',(0.337897024830578,0.62992125984252,-12.0868015152082));
#11510=CARTESIAN_POINT('Ctrl Pts',(0.337897024830578,0.598425196850394,
-12.0868015152082));
#11511=CARTESIAN_POINT('Ctrl Pts',(0.34375646183139,0.62992125984252,-12.0966157695917));
#11512=CARTESIAN_POINT('Ctrl Pts',(0.34375646183139,0.598425196850394,-12.0966157695917));
#11513=CARTESIAN_POINT('Ctrl Pts',(0.346419977226042,0.62992125984252,-12.1010770203286));
#11514=CARTESIAN_POINT('Ctrl Pts',(0.346419977226042,0.598425196850394,
-12.1010770203286));
#11515=CARTESIAN_POINT('',(0.324974118623688,0.62992125984252,-12.0747273058219));
#11516=CARTESIAN_POINT('Ctrl Pts',(0.324974118623688,0.62992125984252,-12.0747273058219));
#11517=CARTESIAN_POINT('Ctrl Pts',(0.329535019737995,0.62992125984252,-12.0789886750652));
#11518=CARTESIAN_POINT('Ctrl Pts',(0.337897024830578,0.62992125984252,-12.0868015152082));
#11519=CARTESIAN_POINT('Ctrl Pts',(0.34375646183139,0.62992125984252,-12.0966157695917));
#11520=CARTESIAN_POINT('Ctrl Pts',(0.346419977226042,0.62992125984252,-12.1010770203286));
#11521=CARTESIAN_POINT('',(0.324974118623688,0.598425196850394,-12.0747273058219));
#11522=CARTESIAN_POINT('Ctrl Pts',(0.324974118623688,0.598425196850394,
-12.0747273058219));
#11523=CARTESIAN_POINT('Ctrl Pts',(0.329535019737995,0.598425196850394,
-12.0789886750652));
#11524=CARTESIAN_POINT('Ctrl Pts',(0.337897024830578,0.598425196850394,
-12.0868015152082));
#11525=CARTESIAN_POINT('Ctrl Pts',(0.34375646183139,0.598425196850394,-12.0966157695917));
#11526=CARTESIAN_POINT('Ctrl Pts',(0.346419977226042,0.598425196850394,
-12.1010770203286));
#11527=CARTESIAN_POINT('',(0.324974118623688,0.62992125984252,-12.0747273058219));
#11528=CARTESIAN_POINT('Ctrl Pts',(0.289558735560916,0.62992125984252,-12.0515798260784));
#11529=CARTESIAN_POINT('Ctrl Pts',(0.289558735560916,0.598425196850394,
-12.0515798260784));
#11530=CARTESIAN_POINT('Ctrl Pts',(0.29603486474303,0.62992125984252,-12.0548773143428));
#11531=CARTESIAN_POINT('Ctrl Pts',(0.29603486474303,0.598425196850394,-12.0548773143428));
#11532=CARTESIAN_POINT('Ctrl Pts',(0.308678526384924,0.62992125984252,-12.0613151608883));
#11533=CARTESIAN_POINT('Ctrl Pts',(0.308678526384924,0.598425196850394,
-12.0613151608883));
#11534=CARTESIAN_POINT('Ctrl Pts',(0.319631364009563,0.62992125984252,-12.0703299327054));
#11535=CARTESIAN_POINT('Ctrl Pts',(0.319631364009563,0.598425196850394,
-12.0703299327054));
#11536=CARTESIAN_POINT('Ctrl Pts',(0.324974118623688,0.62992125984252,-12.0747273058219));
#11537=CARTESIAN_POINT('Ctrl Pts',(0.324974118623688,0.598425196850394,
-12.0747273058219));
#11538=CARTESIAN_POINT('',(0.289558735560916,0.62992125984252,-12.0515798260784));
#11539=CARTESIAN_POINT('Ctrl Pts',(0.289558735560916,0.62992125984252,-12.0515798260784));
#11540=CARTESIAN_POINT('Ctrl Pts',(0.29603486474303,0.62992125984252,-12.0548773143428));
#11541=CARTESIAN_POINT('Ctrl Pts',(0.308678526384924,0.62992125984252,-12.0613151608883));
#11542=CARTESIAN_POINT('Ctrl Pts',(0.319631364009563,0.62992125984252,-12.0703299327054));
#11543=CARTESIAN_POINT('Ctrl Pts',(0.324974118623688,0.62992125984252,-12.0747273058219));
#11544=CARTESIAN_POINT('',(0.289558735560916,0.598425196850394,-12.0515798260784));
#11545=CARTESIAN_POINT('Ctrl Pts',(0.289558735560916,0.598425196850394,
-12.0515798260784));
#11546=CARTESIAN_POINT('Ctrl Pts',(0.29603486474303,0.598425196850394,-12.0548773143428));
#11547=CARTESIAN_POINT('Ctrl Pts',(0.308678526384924,0.598425196850394,
-12.0613151608883));
#11548=CARTESIAN_POINT('Ctrl Pts',(0.319631364009563,0.598425196850394,
-12.0703299327054));
#11549=CARTESIAN_POINT('Ctrl Pts',(0.324974118623688,0.598425196850394,
-12.0747273058219));
#11550=CARTESIAN_POINT('',(0.289558735560916,0.62992125984252,-12.0515798260784));
#11551=CARTESIAN_POINT('Origin',(0.289592889141025,0.62992125984252,-12.0282156164134));
#11552=CARTESIAN_POINT('',(0.289592889141025,0.62992125984252,-12.0282156164134));
#11553=CARTESIAN_POINT('',(0.289592889141025,0.62992125984252,-12.0282156164134));
#11554=CARTESIAN_POINT('',(0.289592889141025,0.598425196850394,-12.0282156164134));
#11555=CARTESIAN_POINT('',(0.289592889141025,0.598425196850394,-12.0282156164134));
#11556=CARTESIAN_POINT('',(0.289592889141025,0.62992125984252,-12.0282156164134));
#11557=CARTESIAN_POINT('Ctrl Pts',(0.314952998082838,0.62992125984252,-12.040740484129));
#11558=CARTESIAN_POINT('Ctrl Pts',(0.314952998082838,0.598425196850394,
-12.040740484129));
#11559=CARTESIAN_POINT('Ctrl Pts',(0.310545080357349,0.62992125984252,-12.0381970336276));
#11560=CARTESIAN_POINT('Ctrl Pts',(0.310545080357349,0.598425196850394,
-12.0381970336276));
#11561=CARTESIAN_POINT('Ctrl Pts',(0.302360022632784,0.62992125984252,-12.0334741031036));
#11562=CARTESIAN_POINT('Ctrl Pts',(0.302360022632784,0.598425196850394,
-12.0334741031036));
#11563=CARTESIAN_POINT('Ctrl Pts',(0.293624192727486,0.62992125984252,-12.0298760170246));
#11564=CARTESIAN_POINT('Ctrl Pts',(0.293624192727486,0.598425196850394,
-12.0298760170246));
#11565=CARTESIAN_POINT('Ctrl Pts',(0.289592889141025,0.62992125984252,-12.0282156164134));
#11566=CARTESIAN_POINT('Ctrl Pts',(0.289592889141025,0.598425196850394,
-12.0282156164134));
#11567=CARTESIAN_POINT('',(0.314952998082838,0.62992125984252,-12.040740484129));
#11568=CARTESIAN_POINT('Ctrl Pts',(0.314952998082838,0.62992125984252,-12.040740484129));
#11569=CARTESIAN_POINT('Ctrl Pts',(0.310545080357349,0.62992125984252,-12.0381970336276));
#11570=CARTESIAN_POINT('Ctrl Pts',(0.302360022632784,0.62992125984252,-12.0334741031036));
#11571=CARTESIAN_POINT('Ctrl Pts',(0.293624192727486,0.62992125984252,-12.0298760170246));
#11572=CARTESIAN_POINT('Ctrl Pts',(0.289592889141025,0.62992125984252,-12.0282156164134));
#11573=CARTESIAN_POINT('',(0.314952998082838,0.598425196850394,-12.040740484129));
#11574=CARTESIAN_POINT('Ctrl Pts',(0.314952998082838,0.598425196850394,
-12.040740484129));
#11575=CARTESIAN_POINT('Ctrl Pts',(0.310545080357349,0.598425196850394,
-12.0381970336276));
#11576=CARTESIAN_POINT('Ctrl Pts',(0.302360022632784,0.598425196850394,
-12.0334741031036));
#11577=CARTESIAN_POINT('Ctrl Pts',(0.293624192727486,0.598425196850394,
-12.0298760170246));
#11578=CARTESIAN_POINT('Ctrl Pts',(0.289592889141025,0.598425196850394,
-12.0282156164134));
#11579=CARTESIAN_POINT('',(0.314952998082838,0.62992125984252,-12.040740484129));
#11580=CARTESIAN_POINT('Ctrl Pts',(0.337890032971878,0.62992125984252,-12.0574244008454));
#11581=CARTESIAN_POINT('Ctrl Pts',(0.337890032971878,0.598425196850394,
-12.0574244008454));
#11582=CARTESIAN_POINT('Ctrl Pts',(0.334594093916589,0.62992125984252,-12.0545516354353));
#11583=CARTESIAN_POINT('Ctrl Pts',(0.334594093916589,0.598425196850394,
-12.0545516354353));
#11584=CARTESIAN_POINT('Ctrl Pts',(0.327442133837536,0.62992125984252,-12.0483179329351));
#11585=CARTESIAN_POINT('Ctrl Pts',(0.327442133837536,0.598425196850394,
-12.0483179329351));
#11586=CARTESIAN_POINT('Ctrl Pts',(0.319327857522454,0.62992125984252,-12.0433948129864));
#11587=CARTESIAN_POINT('Ctrl Pts',(0.319327857522454,0.598425196850394,
-12.0433948129864));
#11588=CARTESIAN_POINT('Ctrl Pts',(0.314952998082838,0.62992125984252,-12.040740484129));
#11589=CARTESIAN_POINT('Ctrl Pts',(0.314952998082838,0.598425196850394,
-12.040740484129));
#11590=CARTESIAN_POINT('',(0.337890032971878,0.62992125984252,-12.0574244008454));
#11591=CARTESIAN_POINT('Ctrl Pts',(0.337890032971878,0.62992125984252,-12.0574244008454));
#11592=CARTESIAN_POINT('Ctrl Pts',(0.334594093916589,0.62992125984252,-12.0545516354353));
#11593=CARTESIAN_POINT('Ctrl Pts',(0.327442133837536,0.62992125984252,-12.0483179329351));
#11594=CARTESIAN_POINT('Ctrl Pts',(0.319327857522454,0.62992125984252,-12.0433948129864));
#11595=CARTESIAN_POINT('Ctrl Pts',(0.314952998082838,0.62992125984252,-12.040740484129));
#11596=CARTESIAN_POINT('',(0.337890032971878,0.598425196850394,-12.0574244008454));
#11597=CARTESIAN_POINT('Ctrl Pts',(0.337890032971878,0.598425196850394,
-12.0574244008454));
#11598=CARTESIAN_POINT('Ctrl Pts',(0.334594093916589,0.598425196850394,
-12.0545516354353));
#11599=CARTESIAN_POINT('Ctrl Pts',(0.327442133837536,0.598425196850394,
-12.0483179329351));
#11600=CARTESIAN_POINT('Ctrl Pts',(0.319327857522454,0.598425196850394,
-12.0433948129864));
#11601=CARTESIAN_POINT('Ctrl Pts',(0.314952998082838,0.598425196850394,
-12.040740484129));
#11602=CARTESIAN_POINT('',(0.337890032971878,0.62992125984252,-12.0574244008454));
#11603=CARTESIAN_POINT('Origin',(0.338115171803347,0.62992125984252,-11.9034086038037));
#11604=CARTESIAN_POINT('',(0.338115171803347,0.62992125984252,-11.9034086038037));
#11605=CARTESIAN_POINT('',(0.338115171803347,0.62992125984252,-11.9034086038037));
#11606=CARTESIAN_POINT('',(0.338115171803347,0.598425196850394,-11.9034086038037));
#11607=CARTESIAN_POINT('',(0.338115171803347,0.598425196850394,-11.9034086038037));
#11608=CARTESIAN_POINT('',(0.338115171803347,0.62992125984252,-11.9034086038037));
#11609=CARTESIAN_POINT('Origin',(0.362285040633873,0.62992125984252,-11.9034439350888));
#11610=CARTESIAN_POINT('',(0.362285040633873,0.62992125984252,-11.9034439350888));
#11611=CARTESIAN_POINT('',(0.362285040633873,0.62992125984252,-11.9034439350888));
#11612=CARTESIAN_POINT('',(0.362285040633873,0.598425196850394,-11.9034439350888));
#11613=CARTESIAN_POINT('',(0.362285040633873,0.598425196850394,-11.9034439350888));
#11614=CARTESIAN_POINT('',(0.362285040633873,0.62992125984252,-11.9034439350888));
#11615=CARTESIAN_POINT('Origin',(0.361996109180601,0.62992125984252,-12.1010997893705));
#11616=CARTESIAN_POINT('',(0.361996109180601,0.62992125984252,-12.1010997893705));
#11617=CARTESIAN_POINT('',(0.361996109180601,0.598425196850394,-12.1010997893705));
#11618=CARTESIAN_POINT('Origin',(0.42038580951426,0.62992125984252,-12.0023472356537));
#11619=CARTESIAN_POINT('Origin',(0.42038580951426,0.598425196850394,-12.0023472356537));
#11620=CARTESIAN_POINT('',(0.,0.,0.));
#11621=UNCERTAINTY_MEASURE_WITH_UNIT(LENGTH_MEASURE(0.000393700787401575),
#11628,'DISTANCE_ACCURACY_VALUE',
'Maximum model space distance between geometric entities at asserted c
onnectivities');
#11622=UNCERTAINTY_MEASURE_WITH_UNIT(LENGTH_MEASURE(0.000393700787401575),
#11628,'DISTANCE_ACCURACY_VALUE',
'Maximum model space distance between geometric entities at asserted c
onnectivities');
#11623=UNCERTAINTY_MEASURE_WITH_UNIT(LENGTH_MEASURE(0.000393700787401575),
#11628,'DISTANCE_ACCURACY_VALUE',
'Maximum model space distance between geometric entities at asserted c
onnectivities');
#11624=(
GEOMETRIC_REPRESENTATION_CONTEXT(3)
GLOBAL_UNCERTAINTY_ASSIGNED_CONTEXT((#11621))
GLOBAL_UNIT_ASSIGNED_CONTEXT((#11628,#11632,#11633))
REPRESENTATION_CONTEXT('','3D')
);
#11625=(
GEOMETRIC_REPRESENTATION_CONTEXT(3)
GLOBAL_UNCERTAINTY_ASSIGNED_CONTEXT((#11622))
GLOBAL_UNIT_ASSIGNED_CONTEXT((#11628,#11632,#11633))
REPRESENTATION_CONTEXT('','3D')
);
#11626=(
GEOMETRIC_REPRESENTATION_CONTEXT(3)
GLOBAL_UNCERTAINTY_ASSIGNED_CONTEXT((#11623))
GLOBAL_UNIT_ASSIGNED_CONTEXT((#11628,#11632,#11633))
REPRESENTATION_CONTEXT('','3D')
);
#11627=DIMENSIONAL_EXPONENTS(1.,0.,0.,0.,0.,0.,0.);
#11628=(
CONVERSION_BASED_UNIT('inch',#11631)
LENGTH_UNIT()
NAMED_UNIT(#11627)
);
#11629=(
LENGTH_UNIT()
NAMED_UNIT(*)
SI_UNIT(.MILLI.,.METRE.)
);
#11630=(
LENGTH_UNIT()
NAMED_UNIT(*)
SI_UNIT($,.METRE.)
);
#11631=LENGTH_MEASURE_WITH_UNIT(LENGTH_MEASURE(25.4),#11629);
#11632=(
NAMED_UNIT(*)
PLANE_ANGLE_UNIT()
SI_UNIT($,.RADIAN.)
);
#11633=(
NAMED_UNIT(*)
SI_UNIT($,.STERADIAN.)
SOLID_ANGLE_UNIT()
);
#11634=SHAPE_DEFINITION_REPRESENTATION(#11636,#11639);
#11635=SHAPE_DEFINITION_REPRESENTATION(#11637,#11640);
#11636=PRODUCT_DEFINITION_SHAPE('',$,#11642);
#11637=PRODUCT_DEFINITION_SHAPE('',$,#11643);
#11638=PRODUCT_DEFINITION_SHAPE($,$,#16);
#11639=SHAPE_REPRESENTATION('',(#5609,#5705),#11624);
#11640=SHAPE_REPRESENTATION('',(#5610),#11625);
#11641=PRODUCT_DEFINITION_CONTEXT('part definition',#11649,'design');
#11642=PRODUCT_DEFINITION('Circle Compass-Expo Edit for New Version',
'Circle Compass-Expo Edit for New Version v1',#11644,#11641);
#11643=PRODUCT_DEFINITION('Bearing Cap','Bearing Cap',#11645,#11641);
#11644=PRODUCT_DEFINITION_FORMATION('',$,#11651);
#11645=PRODUCT_DEFINITION_FORMATION('',$,#11652);
#11646=PRODUCT_RELATED_PRODUCT_CATEGORY(
'Circle Compass-Expo Edit for New Version v1',
'Circle Compass-Expo Edit for New Version v1',(#11651));
#11647=PRODUCT_RELATED_PRODUCT_CATEGORY('Bearing Cap','Bearing Cap',(#11652));
#11648=APPLICATION_PROTOCOL_DEFINITION('international standard',
'automotive_design',2009,#11649);
#11649=APPLICATION_CONTEXT(
'Core Data for Automotive Mechanical Design Process');
#11650=PRODUCT_CONTEXT('part definition',#11649,'mechanical');
#11651=PRODUCT('Circle Compass-Expo Edit for New Version',
'Circle Compass-Expo Edit for New Version v1',$,(#11650));
#11652=PRODUCT('Bearing Cap','Bearing Cap',$,(#11650));
#11653=PRESENTATION_STYLE_ASSIGNMENT((#11657));
#11654=PRESENTATION_STYLE_ASSIGNMENT((#11658));
#11655=PRESENTATION_STYLE_ASSIGNMENT((#11659));
#11656=PRESENTATION_STYLE_ASSIGNMENT((#11660));
#11657=SURFACE_STYLE_USAGE(.BOTH.,#11661);
#11658=SURFACE_STYLE_USAGE(.BOTH.,#11662);
#11659=SURFACE_STYLE_USAGE(.BOTH.,#11663);
#11660=SURFACE_STYLE_USAGE(.BOTH.,#11664);
#11661=SURFACE_SIDE_STYLE('',(#11665));
#11662=SURFACE_SIDE_STYLE('',(#11666));
#11663=SURFACE_SIDE_STYLE('',(#11667));
#11664=SURFACE_SIDE_STYLE('',(#11668));
#11665=SURFACE_STYLE_FILL_AREA(#11669);
#11666=SURFACE_STYLE_FILL_AREA(#11670);
#11667=SURFACE_STYLE_FILL_AREA(#11671);
#11668=SURFACE_STYLE_FILL_AREA(#11672);
#11669=FILL_AREA_STYLE('Steel - Satin',(#11673));
#11670=FILL_AREA_STYLE('Steel - Satin',(#11674));
#11671=FILL_AREA_STYLE('Steel - Satin',(#11675));
#11672=FILL_AREA_STYLE('Steel - Satin (1)',(#11676));
#11673=FILL_AREA_STYLE_COLOUR('Steel - Satin',#11677);
#11674=FILL_AREA_STYLE_COLOUR('Steel - Satin',#11678);
#11675=FILL_AREA_STYLE_COLOUR('Steel - Satin',#11679);
#11676=FILL_AREA_STYLE_COLOUR('Steel - Satin (1)',#11680);
#11677=COLOUR_RGB('Steel - Satin',0.627450980392157,0.627450980392157,0.627450980392157);
#11678=COLOUR_RGB('Steel - Satin',1.,1.,1.);
#11679=COLOUR_RGB('Steel - Satin',0.,0.,0.);
#11680=COLOUR_RGB('Steel - Satin (1)',0.301960784313725,0.301960784313725,
0.301960784313725);
ENDSEC;
END-ISO-10303-21;
