ISO-10303-21;
HEADER;
/* Generated by software containing ST-Developer
 * from STEP Tools, Inc. (www.steptools.com) 
 */

FILE_DESCRIPTION(
/* description */ (''),
/* implementation_level */ '2;1');

FILE_NAME(
/* name */ 'Expo Body.step',
/* time_stamp */ '2023-09-23T13:07:22-05:00',
/* author */ (''),
/* organization */ (''),
/* preprocessor_version */ 'ST-DEVELOPER v20',
/* originating_system */ 'Autodesk Translation Framework v12.9.0.99',
/* authorisation */ '');

FILE_SCHEMA (('AUTOMOTIVE_DESIGN { 1 0 10303 214 3 1 1 }'));
ENDSEC;

DATA;
#10=MECHANICAL_DESIGN_GEOMETRIC_PRESENTATION_REPRESENTATION('',(#17),#13366);
#11=SHAPE_REPRESENTATION_RELATIONSHIP('SRR','None',#13379,#12);
#12=ADVANCED_BREP_SHAPE_REPRESENTATION('',(#18),#13364);
#13=ITEM_DEFINED_TRANSFORMATION($,$,#6562,#6783);
#14=(
REPRESENTATION_RELATIONSHIP($,$,#13380,#13379)
REPRESENTATION_RELATIONSHIP_WITH_TRANSFORMATION(#13)
SHAPE_REPRESENTATION_RELATIONSHIP()
);
#15=CONTEXT_DEPENDENT_SHAPE_REPRESENTATION(#14,#13378);
#16=NEXT_ASSEMBLY_USAGE_OCCURRENCE('Bearing Cap:1','Bearing Cap:1',
'Bearing Cap:1',#13382,#13383,'Bearing Cap:1');
#17=STYLED_ITEM('',(#13394),#18);
#18=MANIFOLD_SOLID_BREP('Main Body',#6548);
#19=(
BOUNDED_SURFACE()
B_SPLINE_SURFACE(2,2,((#13223,#13224,#13225),(#13226,#13227,#13228),(#13229,
#13230,#13231)),.UNSPECIFIED.,.F.,.F.,.F.)
B_SPLINE_SURFACE_WITH_KNOTS((3,3),(3,3),(-1.57079632679491,0.),(1.5707963267949,
3.14159265358979),.UNSPECIFIED.)
GEOMETRIC_REPRESENTATION_ITEM()
RATIONAL_B_SPLINE_SURFACE(((1.,0.707106781186548,1.),(0.707106781186534,
0.499999999999991,0.707106781186534),(1.,0.707106781186548,1.)))
REPRESENTATION_ITEM('')
SURFACE()
);
#20=(
BOUNDED_SURFACE()
B_SPLINE_SURFACE(2,2,((#13243,#13244,#13245),(#13246,#13247,#13248),(#13249,
#13250,#13251)),.UNSPECIFIED.,.F.,.F.,.F.)
B_SPLINE_SURFACE_WITH_KNOTS((3,3),(3,3),(-1.57079632679491,0.),(-3.14159265358979,
-1.5707963267949),.UNSPECIFIED.)
GEOMETRIC_REPRESENTATION_ITEM()
RATIONAL_B_SPLINE_SURFACE(((1.,0.707106781186548,1.),(0.707106781186534,
0.499999999999991,0.707106781186534),(1.,0.707106781186548,1.)))
REPRESENTATION_ITEM('')
SURFACE()
);
#21=(
BOUNDED_SURFACE()
B_SPLINE_SURFACE(2,2,((#13263,#13264,#13265),(#13266,#13267,#13268),(#13269,
#13270,#13271)),.UNSPECIFIED.,.F.,.F.,.F.)
B_SPLINE_SURFACE_WITH_KNOTS((3,3),(3,3),(-1.57079632679491,0.),(-1.5707963267949,
0.),.UNSPECIFIED.)
GEOMETRIC_REPRESENTATION_ITEM()
RATIONAL_B_SPLINE_SURFACE(((1.,0.707106781186548,1.),(0.707106781186534,
0.499999999999991,0.707106781186534),(1.,0.707106781186548,1.)))
REPRESENTATION_ITEM('')
SURFACE()
);
#22=(
BOUNDED_SURFACE()
B_SPLINE_SURFACE(2,2,((#13283,#13284,#13285),(#13286,#13287,#13288),(#13289,
#13290,#13291)),.UNSPECIFIED.,.F.,.F.,.F.)
B_SPLINE_SURFACE_WITH_KNOTS((3,3),(3,3),(-1.57079632679491,0.),(0.,1.5707963267949),
 .UNSPECIFIED.)
GEOMETRIC_REPRESENTATION_ITEM()
RATIONAL_B_SPLINE_SURFACE(((1.,0.707106781186548,1.),(0.707106781186534,
0.499999999999991,0.707106781186534),(1.,0.707106781186548,1.)))
REPRESENTATION_ITEM('')
SURFACE()
);
#23=B_SPLINE_SURFACE_WITH_KNOTS('',3,1,((#9059,#9060),(#9061,#9062),(#9063,
#9064),(#9065,#9066),(#9067,#9068)),.UNSPECIFIED.,.F.,.F.,.F.,(4,1,4),(2,
2),(0.,0.0218176016904285,0.0420889149214224),(0.,0.0800000000000001),
 .UNSPECIFIED.);
#24=B_SPLINE_SURFACE_WITH_KNOTS('',3,1,((#9078,#9079),(#9080,#9081),(#9082,
#9083),(#9084,#9085),(#9086,#9087)),.UNSPECIFIED.,.F.,.F.,.F.,(4,1,4),(2,
2),(0.,0.0598001535264518,0.0949654394031728),(0.,0.0800000000000001),
 .UNSPECIFIED.);
#25=B_SPLINE_SURFACE_WITH_KNOTS('',3,1,((#9095,#9096),(#9097,#9098),(#9099,
#9100),(#9101,#9102),(#9103,#9104)),.UNSPECIFIED.,.F.,.F.,.F.,(4,1,4),(2,
2),(0.,0.0536000960859172,0.129175919133879),(0.,0.0800000000000001),
 .UNSPECIFIED.);
#26=B_SPLINE_SURFACE_WITH_KNOTS('',3,1,((#9112,#9113),(#9114,#9115),(#9116,
#9117),(#9118,#9119),(#9120,#9121)),.UNSPECIFIED.,.F.,.F.,.F.,(4,1,4),(2,
2),(0.,0.0339638057000802,0.073741391225506),(0.,0.0800000000000001),
 .UNSPECIFIED.);
#27=B_SPLINE_SURFACE_WITH_KNOTS('',3,1,((#9129,#9130),(#9131,#9132),(#9133,
#9134),(#9135,#9136),(#9137,#9138)),.UNSPECIFIED.,.F.,.F.,.F.,(4,1,4),(2,
2),(0.,0.0299157313730873,0.0605775010531365),(0.,0.0800000000000001),
 .UNSPECIFIED.);
#28=B_SPLINE_SURFACE_WITH_KNOTS('',3,1,((#9146,#9147),(#9148,#9149),(#9150,
#9151),(#9152,#9153),(#9154,#9155)),.UNSPECIFIED.,.F.,.F.,.F.,(4,1,4),(2,
2),(0.,0.0546459146323912,0.109879961756188),(0.,0.0800000000000001),
 .UNSPECIFIED.);
#29=B_SPLINE_SURFACE_WITH_KNOTS('',3,1,((#9163,#9164),(#9165,#9166),(#9167,
#9168),(#9169,#9170),(#9171,#9172)),.UNSPECIFIED.,.F.,.F.,.F.,(4,1,4),(2,
2),(0.,0.0652285099029585,0.12303364202659),(0.,0.0800000000000001),
 .UNSPECIFIED.);
#30=B_SPLINE_SURFACE_WITH_KNOTS('',3,1,((#9180,#9181),(#9182,#9183),(#9184,
#9185),(#9186,#9187),(#9188,#9189)),.UNSPECIFIED.,.F.,.F.,.F.,(4,1,4),(2,
2),(0.,0.0568469588697056,0.121552665190366),(0.,0.0800000000000001),
 .UNSPECIFIED.);
#31=B_SPLINE_SURFACE_WITH_KNOTS('',3,1,((#9197,#9198),(#9199,#9200),(#9201,
#9202),(#9203,#9204),(#9205,#9206)),.UNSPECIFIED.,.F.,.F.,.F.,(4,1,4),(2,
2),(0.,0.0640461417390412,0.120272793611969),(0.,0.0800000000000001),
 .UNSPECIFIED.);
#32=B_SPLINE_SURFACE_WITH_KNOTS('',3,1,((#9218,#9219),(#9220,#9221),(#9222,
#9223),(#9224,#9225),(#9226,#9227)),.UNSPECIFIED.,.F.,.F.,.F.,(4,1,4),(2,
2),(0.,0.0375179065301811,0.0800334878150295),(0.,0.0800000000000001),
 .UNSPECIFIED.);
#33=B_SPLINE_SURFACE_WITH_KNOTS('',3,1,((#9235,#9236),(#9237,#9238),(#9239,
#9240),(#9241,#9242),(#9243,#9244)),.UNSPECIFIED.,.F.,.F.,.F.,(4,1,4),(2,
2),(0.,0.0404549665622204,0.0773518399790095),(0.,0.0800000000000001),
 .UNSPECIFIED.);
#34=B_SPLINE_SURFACE_WITH_KNOTS('',3,1,((#9252,#9253),(#9254,#9255),(#9256,
#9257),(#9258,#9259),(#9260,#9261)),.UNSPECIFIED.,.F.,.F.,.F.,(4,1,4),(2,
2),(0.,0.0354121134006625,0.0738764663882883),(0.,0.0800000000000001),
 .UNSPECIFIED.);
#35=B_SPLINE_SURFACE_WITH_KNOTS('',3,1,((#9269,#9270),(#9271,#9272),(#9273,
#9274),(#9275,#9276),(#9277,#9278)),.UNSPECIFIED.,.F.,.F.,.F.,(4,1,4),(2,
2),(0.,0.0342303438784064,0.0682980381398307),(0.,0.0800000000000001),
 .UNSPECIFIED.);
#36=B_SPLINE_SURFACE_WITH_KNOTS('',3,1,((#9286,#9287),(#9288,#9289),(#9290,
#9291),(#9292,#9293),(#9294,#9295)),.UNSPECIFIED.,.F.,.F.,.F.,(4,1,4),(2,
2),(0.,0.0437534791805283,0.0803580527028946),(0.,0.0800000000000001),
 .UNSPECIFIED.);
#37=B_SPLINE_SURFACE_WITH_KNOTS('',3,1,((#9303,#9304),(#9305,#9306),(#9307,
#9308),(#9309,#9310),(#9311,#9312)),.UNSPECIFIED.,.F.,.F.,.F.,(4,1,4),(2,
2),(0.,0.090815464464552,0.152920812027033),(0.,0.0800000000000001),
 .UNSPECIFIED.);
#38=B_SPLINE_SURFACE_WITH_KNOTS('',3,1,((#9320,#9321),(#9322,#9323),(#9324,
#9325),(#9326,#9327),(#9328,#9329)),.UNSPECIFIED.,.F.,.F.,.F.,(4,1,4),(2,
2),(0.,0.0490850721416762,0.110607491428957),(0.,0.0800000000000001),
 .UNSPECIFIED.);
#39=B_SPLINE_SURFACE_WITH_KNOTS('',3,1,((#9337,#9338),(#9339,#9340),(#9341,
#9342),(#9343,#9344),(#9345,#9346)),.UNSPECIFIED.,.F.,.F.,.F.,(4,1,4),(2,
2),(0.,0.0372947996925052,0.0780238865095945),(0.,0.0800000000000001),
 .UNSPECIFIED.);
#40=B_SPLINE_SURFACE_WITH_KNOTS('',3,1,((#9354,#9355),(#9356,#9357),(#9358,
#9359),(#9360,#9361),(#9362,#9363)),.UNSPECIFIED.,.F.,.F.,.F.,(4,1,4),(2,
2),(0.,0.0217910848164856,0.0434483310073029),(0.,0.0800000000000001),
 .UNSPECIFIED.);
#41=B_SPLINE_SURFACE_WITH_KNOTS('',3,1,((#9388,#9389),(#9390,#9391),(#9392,
#9393),(#9394,#9395),(#9396,#9397)),.UNSPECIFIED.,.F.,.F.,.F.,(4,1,4),(2,
2),(0.,0.0472746173127617,0.0866738092703374),(0.,0.0800000000000001),
 .UNSPECIFIED.);
#42=B_SPLINE_SURFACE_WITH_KNOTS('',3,1,((#9405,#9406),(#9407,#9408),(#9409,
#9410),(#9411,#9412),(#9413,#9414)),.UNSPECIFIED.,.F.,.F.,.F.,(4,1,4),(2,
2),(0.,0.0551897050158099,0.107749556236625),(0.,0.0800000000000001),
 .UNSPECIFIED.);
#43=B_SPLINE_SURFACE_WITH_KNOTS('',3,1,((#9426,#9427),(#9428,#9429),(#9430,
#9431),(#9432,#9433),(#9434,#9435)),.UNSPECIFIED.,.F.,.F.,.F.,(4,1,4),(2,
2),(0.,0.0387270999342029,0.0719123587156729),(0.,0.0800000000000001),
 .UNSPECIFIED.);
#44=B_SPLINE_SURFACE_WITH_KNOTS('',3,1,((#9443,#9444),(#9445,#9446),(#9447,
#9448),(#9449,#9450),(#9451,#9452)),.UNSPECIFIED.,.F.,.F.,.F.,(4,1,4),(2,
2),(0.,0.0332542522838567,0.072159610968571),(0.,0.0800000000000001),
 .UNSPECIFIED.);
#45=B_SPLINE_SURFACE_WITH_KNOTS('',3,1,((#9471,#9472),(#9473,#9474),(#9475,
#9476),(#9477,#9478),(#9479,#9480)),.UNSPECIFIED.,.F.,.F.,.F.,(4,1,4),(2,
2),(0.,0.0390683181795671,0.0789652543239475),(0.,0.0800000000000001),
 .UNSPECIFIED.);
#46=B_SPLINE_SURFACE_WITH_KNOTS('',3,1,((#9497,#9498),(#9499,#9500),(#9501,
#9502),(#9503,#9504),(#9505,#9506)),.UNSPECIFIED.,.F.,.F.,.F.,(4,1,4),(2,
2),(0.,0.0443328831879838,0.0850115598154877),(0.,0.0800000000000001),
 .UNSPECIFIED.);
#47=B_SPLINE_SURFACE_WITH_KNOTS('',3,1,((#9520,#9521),(#9522,#9523),(#9524,
#9525),(#9526,#9527),(#9528,#9529)),.UNSPECIFIED.,.F.,.F.,.F.,(4,1,4),(2,
2),(0.,0.103000893333528,0.168048607304288),(0.,0.0800000000000001),
 .UNSPECIFIED.);
#48=B_SPLINE_SURFACE_WITH_KNOTS('',3,1,((#9543,#9544),(#9545,#9546),(#9547,
#9548),(#9549,#9550),(#9551,#9552)),.UNSPECIFIED.,.F.,.F.,.F.,(4,1,4),(2,
2),(0.,0.0651281084228092,0.167703710886641),(0.,0.0800000000000001),
 .UNSPECIFIED.);
#49=B_SPLINE_SURFACE_WITH_KNOTS('',3,1,((#9566,#9567),(#9568,#9569),(#9570,
#9571),(#9572,#9573),(#9574,#9575)),.UNSPECIFIED.,.F.,.F.,.F.,(4,1,4),(2,
2),(0.,0.0402050701011079,0.0845906652172728),(0.,0.0800000000000001),
 .UNSPECIFIED.);
#50=B_SPLINE_SURFACE_WITH_KNOTS('',3,1,((#9589,#9590),(#9591,#9592),(#9593,
#9594),(#9595,#9596),(#9597,#9598)),.UNSPECIFIED.,.F.,.F.,.F.,(4,1,4),(2,
2),(0.,0.0443948451323618,0.0846608441620445),(0.,0.0800000000000001),
 .UNSPECIFIED.);
#51=B_SPLINE_SURFACE_WITH_KNOTS('',3,1,((#9612,#9613),(#9614,#9615),(#9616,
#9617),(#9618,#9619),(#9620,#9621)),.UNSPECIFIED.,.F.,.F.,.F.,(4,1,4),(2,
2),(0.,0.102824756132062,0.167948437267609),(0.,0.0800000000000001),
 .UNSPECIFIED.);
#52=B_SPLINE_SURFACE_WITH_KNOTS('',3,1,((#9635,#9636),(#9637,#9638),(#9639,
#9640),(#9641,#9642),(#9643,#9644)),.UNSPECIFIED.,.F.,.F.,.F.,(4,1,4),(2,
2),(0.,0.0692709879129147,0.173342298058409),(0.,0.0800000000000001),
 .UNSPECIFIED.);
#53=B_SPLINE_SURFACE_WITH_KNOTS('',3,1,((#9655,#9656),(#9657,#9658),(#9659,
#9660),(#9661,#9662),(#9663,#9664)),.UNSPECIFIED.,.F.,.F.,.F.,(4,1,4),(2,
2),(0.,0.0658347279988518,0.128408661771583),(0.,0.0800000000000001),
 .UNSPECIFIED.);
#54=B_SPLINE_SURFACE_WITH_KNOTS('',3,1,((#9674,#9675),(#9676,#9677),(#9678,
#9679),(#9680,#9681),(#9682,#9683)),.UNSPECIFIED.,.F.,.F.,.F.,(4,1,4),(2,
2),(0.,0.0461651246786702,0.0968349289720671),(0.,0.0800000000000001),
 .UNSPECIFIED.);
#55=B_SPLINE_SURFACE_WITH_KNOTS('',3,1,((#9691,#9692),(#9693,#9694),(#9695,
#9696),(#9697,#9698),(#9699,#9700)),.UNSPECIFIED.,.F.,.F.,.F.,(4,1,4),(2,
2),(0.,0.0529024584391459,0.100621087380616),(0.,0.0800000000000001),
 .UNSPECIFIED.);
#56=B_SPLINE_SURFACE_WITH_KNOTS('',3,1,((#9708,#9709),(#9710,#9711),(#9712,
#9713),(#9714,#9715),(#9716,#9717)),.UNSPECIFIED.,.F.,.F.,.F.,(4,1,4),(2,
2),(0.,0.079681439837166,0.14380166635471),(0.,0.0800000000000001),
 .UNSPECIFIED.);
#57=B_SPLINE_SURFACE_WITH_KNOTS('',3,1,((#9725,#9726),(#9727,#9728),(#9729,
#9730),(#9731,#9732),(#9733,#9734)),.UNSPECIFIED.,.F.,.F.,.F.,(4,1,4),(2,
2),(0.,0.0520196140847323,0.118757006426962),(0.,0.0800000000000001),
 .UNSPECIFIED.);
#58=B_SPLINE_SURFACE_WITH_KNOTS('',3,1,((#9742,#9743),(#9744,#9745),(#9746,
#9747),(#9748,#9749),(#9750,#9751)),.UNSPECIFIED.,.F.,.F.,.F.,(4,1,4),(2,
2),(0.,0.0381001227654107,0.0808374674599438),(0.,0.0800000000000001),
 .UNSPECIFIED.);
#59=B_SPLINE_SURFACE_WITH_KNOTS('',3,1,((#9759,#9760),(#9761,#9762),(#9763,
#9764),(#9765,#9766),(#9767,#9768)),.UNSPECIFIED.,.F.,.F.,.F.,(4,1,4),(2,
2),(0.,0.0339981706933887,0.0691189350907898),(0.,0.0800000000000001),
 .UNSPECIFIED.);
#60=B_SPLINE_SURFACE_WITH_KNOTS('',3,1,((#9776,#9777),(#9778,#9779),(#9780,
#9781),(#9782,#9783),(#9784,#9785)),.UNSPECIFIED.,.F.,.F.,.F.,(4,1,4),(2,
2),(0.,0.037993915798521,0.073042421014239),(0.,0.0800000000000001),
 .UNSPECIFIED.);
#61=B_SPLINE_SURFACE_WITH_KNOTS('',3,1,((#9793,#9794),(#9795,#9796),(#9797,
#9798),(#9799,#9800),(#9801,#9802)),.UNSPECIFIED.,.F.,.F.,.F.,(4,1,4),(2,
2),(0.,0.0463151088179566,0.0968162357820773),(0.,0.0800000000000001),
 .UNSPECIFIED.);
#62=B_SPLINE_SURFACE_WITH_KNOTS('',3,1,((#9810,#9811),(#9812,#9813),(#9814,
#9815),(#9816,#9817),(#9818,#9819)),.UNSPECIFIED.,.F.,.F.,.F.,(4,1,4),(2,
2),(0.,0.0531295225517055,0.100607450608798),(0.,0.0800000000000001),
 .UNSPECIFIED.);
#63=B_SPLINE_SURFACE_WITH_KNOTS('',3,1,((#9827,#9828),(#9829,#9830),(#9831,
#9832),(#9833,#9834),(#9835,#9836)),.UNSPECIFIED.,.F.,.F.,.F.,(4,1,4),(2,
2),(0.,0.0801071092667821,0.14414397241998),(0.,0.0800000000000001),
 .UNSPECIFIED.);
#64=B_SPLINE_SURFACE_WITH_KNOTS('',3,1,((#9844,#9845),(#9846,#9847),(#9848,
#9849),(#9850,#9851),(#9852,#9853)),.UNSPECIFIED.,.F.,.F.,.F.,(4,1,4),(2,
2),(0.,0.0900221168515158,0.211899081112814),(0.,0.0800000000000001),
 .UNSPECIFIED.);
#65=B_SPLINE_SURFACE_WITH_KNOTS('',3,1,((#9860,#9861),(#9862,#9863),(#9864,
#9865),(#9866,#9867),(#9868,#9869)),.UNSPECIFIED.,.F.,.F.,.F.,(4,1,4),(2,
2),(0.,0.0402903893336851,0.0790976727214657),(0.,0.0800000000000001),
 .UNSPECIFIED.);
#66=B_SPLINE_SURFACE_WITH_KNOTS('',3,1,((#9886,#9887),(#9888,#9889),(#9890,
#9891),(#9892,#9893),(#9894,#9895)),.UNSPECIFIED.,.F.,.F.,.F.,(4,1,4),(2,
2),(0.,0.039588521038265,0.0808171933230362),(0.,0.0800000000000001),
 .UNSPECIFIED.);
#67=B_SPLINE_SURFACE_WITH_KNOTS('',3,1,((#9909,#9910),(#9911,#9912),(#9913,
#9914),(#9915,#9916),(#9917,#9918)),.UNSPECIFIED.,.F.,.F.,.F.,(4,1,4),(2,
2),(0.,0.0411751588903121,0.0808349370488873),(0.,0.0800000000000001),
 .UNSPECIFIED.);
#68=B_SPLINE_SURFACE_WITH_KNOTS('',3,1,((#9932,#9933),(#9934,#9935),(#9936,
#9937),(#9938,#9939),(#9940,#9941)),.UNSPECIFIED.,.F.,.F.,.F.,(4,1,4),(2,
2),(0.,0.038665378330147,0.0791236398710967),(0.,0.0800000000000001),
 .UNSPECIFIED.);
#69=B_SPLINE_SURFACE_WITH_KNOTS('',3,1,((#9955,#9956),(#9957,#9958),(#9959,
#9960),(#9961,#9962),(#9963,#9964)),.UNSPECIFIED.,.F.,.F.,.F.,(4,1,4),(2,
2),(0.,0.0407790881983587,0.0795880132196552),(0.,0.0800000000000001),
 .UNSPECIFIED.);
#70=B_SPLINE_SURFACE_WITH_KNOTS('',3,1,((#9978,#9979),(#9980,#9981),(#9982,
#9983),(#9984,#9985),(#9986,#9987)),.UNSPECIFIED.,.F.,.F.,.F.,(4,1,4),(2,
2),(0.,0.0273769196897683,0.0549485850630399),(0.,0.0800000000000001),
 .UNSPECIFIED.);
#71=B_SPLINE_SURFACE_WITH_KNOTS('',3,1,((#10001,#10002),(#10003,#10004),
(#10005,#10006),(#10007,#10008),(#10009,#10010)),.UNSPECIFIED.,.F.,.F.,
 .F.,(4,1,4),(2,2),(0.,0.026831713646857,0.0539126248664207),(0.,0.0800000000000001),
 .UNSPECIFIED.);
#72=B_SPLINE_SURFACE_WITH_KNOTS('',3,1,((#10024,#10025),(#10026,#10027),
(#10028,#10029),(#10030,#10031),(#10032,#10033)),.UNSPECIFIED.,.F.,.F.,
 .F.,(4,1,4),(2,2),(0.,0.0260173454794762,0.0526434158477411),(0.,0.0800000000000001),
 .UNSPECIFIED.);
#73=B_SPLINE_SURFACE_WITH_KNOTS('',3,1,((#10047,#10048),(#10049,#10050),
(#10051,#10052),(#10053,#10054),(#10055,#10056)),.UNSPECIFIED.,.F.,.F.,
 .F.,(4,1,4),(2,2),(0.,0.0385950002083268,0.0786185555549038),(0.,0.0800000000000001),
 .UNSPECIFIED.);
#74=B_SPLINE_SURFACE_WITH_KNOTS('',3,1,((#10067,#10068),(#10069,#10070),
(#10071,#10072),(#10073,#10074),(#10075,#10076)),.UNSPECIFIED.,.F.,.F.,
 .F.,(4,1,4),(2,2),(0.,0.0326342038141044,0.0637829324544554),(0.,0.0800000000000001),
 .UNSPECIFIED.);
#75=B_SPLINE_SURFACE_WITH_KNOTS('',3,1,((#10093,#10094),(#10095,#10096),
(#10097,#10098),(#10099,#10100),(#10101,#10102)),.UNSPECIFIED.,.F.,.F.,
 .F.,(4,1,4),(2,2),(0.,0.0313579949205228,0.0637702499518982),(0.,0.0800000000000001),
 .UNSPECIFIED.);
#76=B_SPLINE_SURFACE_WITH_KNOTS('',3,1,((#10116,#10117),(#10118,#10119),
(#10120,#10121),(#10122,#10123),(#10124,#10125)),.UNSPECIFIED.,.F.,.F.,
 .F.,(4,1,4),(2,2),(0.,0.0315895542304577,0.0626677070148854),(0.,0.0800000000000001),
 .UNSPECIFIED.);
#77=B_SPLINE_SURFACE_WITH_KNOTS('',3,1,((#10139,#10140),(#10141,#10142),
(#10143,#10144),(#10145,#10146),(#10147,#10148)),.UNSPECIFIED.,.F.,.F.,
 .F.,(4,1,4),(2,2),(0.,0.03029640648041,0.0607651633979536),(0.,0.0800000000000001),
 .UNSPECIFIED.);
#78=B_SPLINE_SURFACE_WITH_KNOTS('',3,1,((#10162,#10163),(#10164,#10165),
(#10166,#10167),(#10168,#10169),(#10170,#10171)),.UNSPECIFIED.,.F.,.F.,
 .F.,(4,1,4),(2,2),(0.,0.0327036020865077,0.0633554141059179),(0.,0.0800000000000001),
 .UNSPECIFIED.);
#79=B_SPLINE_SURFACE_WITH_KNOTS('',3,1,((#10185,#10186),(#10187,#10188),
(#10189,#10190),(#10191,#10192),(#10193,#10194)),.UNSPECIFIED.,.F.,.F.,
 .F.,(4,1,4),(2,2),(0.,0.0312204422343226,0.0647788647982613),(0.,0.0800000000000001),
 .UNSPECIFIED.);
#80=B_SPLINE_SURFACE_WITH_KNOTS('',3,1,((#10208,#10209),(#10210,#10211),
(#10212,#10213),(#10214,#10215),(#10216,#10217)),.UNSPECIFIED.,.F.,.F.,
 .F.,(4,1,4),(2,2),(0.,0.0327329917489224,0.0636652968038899),(0.,0.0800000000000001),
 .UNSPECIFIED.);
#81=B_SPLINE_SURFACE_WITH_KNOTS('',3,1,((#10231,#10232),(#10233,#10234),
(#10235,#10236),(#10237,#10238),(#10239,#10240)),.UNSPECIFIED.,.F.,.F.,
 .F.,(4,1,4),(2,2),(0.,0.0302322596487886,0.0599640696393697),(0.,0.0800000000000001),
 .UNSPECIFIED.);
#82=B_SPLINE_SURFACE_WITH_KNOTS('',3,1,((#10251,#10252),(#10253,#10254),
(#10255,#10256),(#10257,#10258),(#10259,#10260)),.UNSPECIFIED.,.F.,.F.,
 .F.,(4,1,4),(2,2),(0.,0.0451836443896067,0.0862901044993198),(0.,0.0800000000000001),
 .UNSPECIFIED.);
#83=B_SPLINE_SURFACE_WITH_KNOTS('',3,1,((#10270,#10271),(#10272,#10273),
(#10274,#10275),(#10276,#10277),(#10278,#10279)),.UNSPECIFIED.,.F.,.F.,
 .F.,(4,1,4),(2,2),(0.,0.0599561146367429,0.121128999698535),(0.,0.0800000000000001),
 .UNSPECIFIED.);
#84=B_SPLINE_SURFACE_WITH_KNOTS('',3,1,((#10287,#10288),(#10289,#10290),
(#10291,#10292),(#10293,#10294),(#10295,#10296)),.UNSPECIFIED.,.F.,.F.,
 .F.,(4,1,4),(2,2),(0.,0.0677336557619183,0.12962721792257),(0.,0.0800000000000001),
 .UNSPECIFIED.);
#85=B_SPLINE_SURFACE_WITH_KNOTS('',3,1,((#10304,#10305),(#10306,#10307),
(#10308,#10309),(#10310,#10311),(#10312,#10313)),.UNSPECIFIED.,.F.,.F.,
 .F.,(4,1,4),(2,2),(0.,0.0618934800478109,0.129627145413942),(0.,0.0800000000000001),
 .UNSPECIFIED.);
#86=B_SPLINE_SURFACE_WITH_KNOTS('',3,1,((#10321,#10322),(#10323,#10324),
(#10325,#10326),(#10327,#10328),(#10329,#10330)),.UNSPECIFIED.,.F.,.F.,
 .F.,(4,1,4),(2,2),(0.,0.0600839770391247,0.119549640984918),(0.,0.0800000000000001),
 .UNSPECIFIED.);
#87=B_SPLINE_SURFACE_WITH_KNOTS('',3,1,((#10338,#10339),(#10340,#10341),
(#10342,#10343),(#10344,#10345),(#10346,#10347)),.UNSPECIFIED.,.F.,.F.,
 .F.,(4,1,4),(2,2),(0.,0.0409161364474536,0.0844833845291401),(0.,0.0800000000000001),
 .UNSPECIFIED.);
#88=B_SPLINE_SURFACE_WITH_KNOTS('',3,1,((#10355,#10356),(#10357,#10358),
(#10359,#10360),(#10361,#10362),(#10363,#10364)),.UNSPECIFIED.,.F.,.F.,
 .F.,(4,1,4),(2,2),(0.,0.0449995358001123,0.0861812769662166),(0.,0.0800000000000001),
 .UNSPECIFIED.);
#89=B_SPLINE_SURFACE_WITH_KNOTS('',3,1,((#10372,#10373),(#10374,#10375),
(#10376,#10377),(#10378,#10379),(#10380,#10381)),.UNSPECIFIED.,.F.,.F.,
 .F.,(4,1,4),(2,2),(0.,0.0321962455286292,0.0687319054240846),(0.,0.0800000000000001),
 .UNSPECIFIED.);
#90=B_SPLINE_SURFACE_WITH_KNOTS('',3,1,((#10389,#10390),(#10391,#10392),
(#10393,#10394),(#10395,#10396),(#10397,#10398)),.UNSPECIFIED.,.F.,.F.,
 .F.,(4,1,4),(2,2),(0.,0.0328954482691171,0.0642408960569505),(0.,0.0800000000000001),
 .UNSPECIFIED.);
#91=B_SPLINE_SURFACE_WITH_KNOTS('',3,1,((#10406,#10407),(#10408,#10409),
(#10410,#10411),(#10412,#10413),(#10414,#10415)),.UNSPECIFIED.,.F.,.F.,
 .F.,(4,1,4),(2,2),(0.,0.0516017767130313,0.102972044627825),(0.,0.0800000000000001),
 .UNSPECIFIED.);
#92=B_SPLINE_SURFACE_WITH_KNOTS('',3,1,((#10423,#10424),(#10425,#10426),
(#10427,#10428),(#10429,#10430),(#10431,#10432)),.UNSPECIFIED.,.F.,.F.,
 .F.,(4,1,4),(2,2),(0.,0.0598560889946542,0.114302643542405),(0.,0.0800000000000001),
 .UNSPECIFIED.);
#93=B_SPLINE_SURFACE_WITH_KNOTS('',3,1,((#10440,#10441),(#10442,#10443),
(#10444,#10445),(#10446,#10447),(#10448,#10449)),.UNSPECIFIED.,.F.,.F.,
 .F.,(4,1,4),(2,2),(0.,0.0535362678815566,0.112930937295095),(0.,0.0800000000000001),
 .UNSPECIFIED.);
#94=B_SPLINE_SURFACE_WITH_KNOTS('',3,1,((#10457,#10458),(#10459,#10460),
(#10461,#10462),(#10463,#10464),(#10465,#10466)),.UNSPECIFIED.,.F.,.F.,
 .F.,(4,1,4),(2,2),(0.,0.0511700332051771,0.102058510458641),(0.,0.0800000000000001),
 .UNSPECIFIED.);
#95=B_SPLINE_SURFACE_WITH_KNOTS('',3,1,((#10474,#10475),(#10476,#10477),
(#10478,#10479),(#10480,#10481),(#10482,#10483)),.UNSPECIFIED.,.F.,.F.,
 .F.,(4,1,4),(2,2),(0.,0.0316519612438911,0.0655607456519841),(0.,0.0800000000000001),
 .UNSPECIFIED.);
#96=B_SPLINE_SURFACE_WITH_KNOTS('',3,1,((#10491,#10492),(#10493,#10494),
(#10495,#10496),(#10497,#10498),(#10499,#10500)),.UNSPECIFIED.,.F.,.F.,
 .F.,(4,1,4),(2,2),(0.,0.0373326383076392,0.0700726863730868),(0.,0.0800000000000001),
 .UNSPECIFIED.);
#97=B_SPLINE_SURFACE_WITH_KNOTS('',3,1,((#10508,#10509),(#10510,#10511),
(#10512,#10513),(#10514,#10515),(#10516,#10517)),.UNSPECIFIED.,.F.,.F.,
 .F.,(4,1,4),(2,2),(0.,0.0409708073282192,0.084982353918847),(0.,0.0800000000000001),
 .UNSPECIFIED.);
#98=B_SPLINE_SURFACE_WITH_KNOTS('',3,1,((#10524,#10525),(#10526,#10527),
(#10528,#10529),(#10530,#10531),(#10532,#10533)),.UNSPECIFIED.,.F.,.F.,
 .F.,(4,1,4),(2,2),(0.,0.039180148475849,0.0784233920337735),(0.,0.0800000000000001),
 .UNSPECIFIED.);
#99=B_SPLINE_SURFACE_WITH_KNOTS('',3,1,((#10550,#10551),(#10552,#10553),
(#10554,#10555),(#10556,#10557),(#10558,#10559)),.UNSPECIFIED.,.F.,.F.,
 .F.,(4,1,4),(2,2),(0.,0.0384786628209138,0.0775751576991428),(0.,0.0800000000000001),
 .UNSPECIFIED.);
#100=B_SPLINE_SURFACE_WITH_KNOTS('',3,1,((#10573,#10574),(#10575,#10576),
(#10577,#10578),(#10579,#10580),(#10581,#10582)),.UNSPECIFIED.,.F.,.F.,
 .F.,(4,1,4),(2,2),(0.,0.0468117556265154,0.0876699107624476),(0.,0.0800000000000001),
 .UNSPECIFIED.);
#101=B_SPLINE_SURFACE_WITH_KNOTS('',3,1,((#10596,#10597),(#10598,#10599),
(#10600,#10601),(#10602,#10603),(#10604,#10605)),.UNSPECIFIED.,.F.,.F.,
 .F.,(4,1,4),(2,2),(0.,0.0425367631382475,0.0913011753020643),(0.,0.0800000000000001),
 .UNSPECIFIED.);
#102=B_SPLINE_SURFACE_WITH_KNOTS('',3,1,((#10619,#10620),(#10621,#10622),
(#10623,#10624),(#10625,#10626),(#10627,#10628)),.UNSPECIFIED.,.F.,.F.,
 .F.,(4,1,4),(2,2),(0.,0.036994096574436,0.0756728824615977),(0.,0.0800000000000001),
 .UNSPECIFIED.);
#103=B_SPLINE_SURFACE_WITH_KNOTS('',3,1,((#10642,#10643),(#10644,#10645),
(#10646,#10647),(#10648,#10649),(#10650,#10651)),.UNSPECIFIED.,.F.,.F.,
 .F.,(4,1,4),(2,2),(0.,0.0272457732425106,0.0535211635235323),(0.,0.0800000000000001),
 .UNSPECIFIED.);
#104=B_SPLINE_SURFACE_WITH_KNOTS('',3,1,((#10665,#10666),(#10667,#10668),
(#10669,#10670),(#10671,#10672),(#10673,#10674)),.UNSPECIFIED.,.F.,.F.,
 .F.,(4,1,4),(2,2),(0.,0.0303241359714812,0.0589117031488922),(0.,0.0800000000000001),
 .UNSPECIFIED.);
#105=B_SPLINE_SURFACE_WITH_KNOTS('',3,1,((#10688,#10689),(#10690,#10691),
(#10692,#10693),(#10694,#10695),(#10696,#10697)),.UNSPECIFIED.,.F.,.F.,
 .F.,(4,1,4),(2,2),(0.,0.0312144870235774,0.0625191352927194),(0.,0.0800000000000001),
 .UNSPECIFIED.);
#106=B_SPLINE_SURFACE_WITH_KNOTS('',3,1,((#10711,#10712),(#10713,#10714),
(#10715,#10716),(#10717,#10718),(#10719,#10720)),.UNSPECIFIED.,.F.,.F.,
 .F.,(4,1,4),(2,2),(0.,0.0406633844022827,0.085001280552299),(0.,0.0800000000000001),
 .UNSPECIFIED.);
#107=B_SPLINE_SURFACE_WITH_KNOTS('',3,1,((#10731,#10732),(#10733,#10734),
(#10735,#10736),(#10737,#10738),(#10739,#10740)),.UNSPECIFIED.,.F.,.F.,
 .F.,(4,1,4),(2,2),(0.,0.0542663042135734,0.103815346437514),(0.,0.0800000000000001),
 .UNSPECIFIED.);
#108=B_SPLINE_SURFACE_WITH_KNOTS('',3,1,((#10750,#10751),(#10752,#10753),
(#10754,#10755),(#10756,#10757),(#10758,#10759)),.UNSPECIFIED.,.F.,.F.,
 .F.,(4,1,4),(2,2),(0.,0.0696610976291184,0.14211783608149),(0.,0.0800000000000001),
 .UNSPECIFIED.);
#109=B_SPLINE_SURFACE_WITH_KNOTS('',3,1,((#10767,#10768),(#10769,#10770),
(#10771,#10772),(#10773,#10774),(#10775,#10776)),.UNSPECIFIED.,.F.,.F.,
 .F.,(4,1,4),(2,2),(0.,0.125884337958883,0.220443457534191),(0.,0.0800000000000001),
 .UNSPECIFIED.);
#110=B_SPLINE_SURFACE_WITH_KNOTS('',3,1,((#10784,#10785),(#10786,#10787),
(#10788,#10789),(#10790,#10791),(#10792,#10793)),.UNSPECIFIED.,.F.,.F.,
 .F.,(4,1,4),(2,2),(0.,0.0832102077729628,0.195223955250071),(0.,0.0800000000000001),
 .UNSPECIFIED.);
#111=B_SPLINE_SURFACE_WITH_KNOTS('',3,1,((#10801,#10802),(#10803,#10804),
(#10805,#10806),(#10807,#10808),(#10809,#10810)),.UNSPECIFIED.,.F.,.F.,
 .F.,(4,1,4),(2,2),(0.,0.0710688016269973,0.140800901674629),(0.,0.0800000000000001),
 .UNSPECIFIED.);
#112=B_SPLINE_SURFACE_WITH_KNOTS('',3,1,((#10818,#10819),(#10820,#10821),
(#10822,#10823),(#10824,#10825),(#10826,#10827)),.UNSPECIFIED.,.F.,.F.,
 .F.,(4,1,4),(2,2),(0.,0.0411453414347849,0.0841154329900053),(0.,0.0800000000000001),
 .UNSPECIFIED.);
#113=B_SPLINE_SURFACE_WITH_KNOTS('',3,1,((#10835,#10836),(#10837,#10838),
(#10839,#10840),(#10841,#10842),(#10843,#10844)),.UNSPECIFIED.,.F.,.F.,
 .F.,(4,1,4),(2,2),(0.,0.0428753060228332,0.0839351228129366),(0.,0.0800000000000001),
 .UNSPECIFIED.);
#114=B_SPLINE_SURFACE_WITH_KNOTS('',3,1,((#10852,#10853),(#10854,#10855),
(#10856,#10857),(#10858,#10859),(#10860,#10861)),.UNSPECIFIED.,.F.,.F.,
 .F.,(4,1,4),(2,2),(0.,0.0457338619948745,0.090644427081241),(0.,0.0800000000000001),
 .UNSPECIFIED.);
#115=B_SPLINE_SURFACE_WITH_KNOTS('',3,1,((#10869,#10870),(#10871,#10872),
(#10873,#10874),(#10875,#10876),(#10877,#10878)),.UNSPECIFIED.,.F.,.F.,
 .F.,(4,1,4),(2,2),(0.,0.0610350779868393,0.126904054592791),(0.,0.0800000000000001),
 .UNSPECIFIED.);
#116=B_SPLINE_SURFACE_WITH_KNOTS('',3,1,((#10886,#10887),(#10888,#10889),
(#10890,#10891),(#10892,#10893),(#10894,#10895)),.UNSPECIFIED.,.F.,.F.,
 .F.,(4,1,4),(2,2),(0.,0.0579084577641827,0.116399031324587),(0.,0.0800000000000001),
 .UNSPECIFIED.);
#117=B_SPLINE_SURFACE_WITH_KNOTS('',3,1,((#10903,#10904),(#10905,#10906),
(#10907,#10908),(#10909,#10910),(#10911,#10912)),.UNSPECIFIED.,.F.,.F.,
 .F.,(4,1,4),(2,2),(0.,0.035048505215718,0.0696535870939551),(0.,0.0800000000000001),
 .UNSPECIFIED.);
#118=B_SPLINE_SURFACE_WITH_KNOTS('',3,1,((#10920,#10921),(#10922,#10923),
(#10924,#10925),(#10926,#10927),(#10928,#10929)),.UNSPECIFIED.,.F.,.F.,
 .F.,(4,1,4),(2,2),(0.,0.0383740788053719,0.0744949009520681),(0.,0.0800000000000001),
 .UNSPECIFIED.);
#119=B_SPLINE_SURFACE_WITH_KNOTS('',3,1,((#10937,#10938),(#10939,#10940),
(#10941,#10942),(#10943,#10944),(#10945,#10946)),.UNSPECIFIED.,.F.,.F.,
 .F.,(4,1,4),(2,2),(0.,0.0508124035199345,0.117400033233114),(0.,0.0800000000000001),
 .UNSPECIFIED.);
#120=B_SPLINE_SURFACE_WITH_KNOTS('',3,1,((#10954,#10955),(#10956,#10957),
(#10958,#10959),(#10960,#10961),(#10962,#10963)),.UNSPECIFIED.,.F.,.F.,
 .F.,(4,1,4),(2,2),(0.,0.0367179624187499,0.0775554197174561),(0.,0.0800000000000001),
 .UNSPECIFIED.);
#121=B_SPLINE_SURFACE_WITH_KNOTS('',3,1,((#10971,#10972),(#10973,#10974),
(#10975,#10976),(#10977,#10978),(#10979,#10980)),.UNSPECIFIED.,.F.,.F.,
 .F.,(4,1,4),(2,2),(0.,0.027843365821479,0.0547659772387825),(0.,0.0800000000000001),
 .UNSPECIFIED.);
#122=B_SPLINE_SURFACE_WITH_KNOTS('',3,1,((#10988,#10989),(#10990,#10991),
(#10992,#10993),(#10994,#10995),(#10996,#10997)),.UNSPECIFIED.,.F.,.F.,
 .F.,(4,1,4),(2,2),(0.,0.0340676942614243,0.0682980852053608),(0.,0.0800000000000001),
 .UNSPECIFIED.);
#123=B_SPLINE_SURFACE_WITH_KNOTS('',3,1,((#11005,#11006),(#11007,#11008),
(#11009,#11010),(#11011,#11012),(#11013,#11014)),.UNSPECIFIED.,.F.,.F.,
 .F.,(4,1,4),(2,2),(0.,0.0327372835405923,0.0578634464404441),(0.,0.0800000000000001),
 .UNSPECIFIED.);
#124=B_SPLINE_SURFACE_WITH_KNOTS('',3,1,((#11026,#11027),(#11028,#11029),
(#11030,#11031),(#11032,#11033),(#11034,#11035)),.UNSPECIFIED.,.F.,.F.,
 .F.,(4,1,4),(2,2),(0.,0.0496793846116063,0.103836991705219),(0.,0.0800000000000001),
 .UNSPECIFIED.);
#125=B_SPLINE_SURFACE_WITH_KNOTS('',3,1,((#11105,#11106),(#11107,#11108),
(#11109,#11110),(#11111,#11112),(#11113,#11114)),.UNSPECIFIED.,.F.,.F.,
 .F.,(4,1,4),(2,2),(0.,0.0218176075139688,0.0420889059528155),(0.,0.0800000000000001),
 .UNSPECIFIED.);
#126=B_SPLINE_SURFACE_WITH_KNOTS('',3,1,((#11124,#11125),(#11126,#11127),
(#11128,#11129),(#11130,#11131),(#11132,#11133)),.UNSPECIFIED.,.F.,.F.,
 .F.,(4,1,4),(2,2),(0.,0.0598001535264518,0.0949654394031728),(0.,0.0800000000000001),
 .UNSPECIFIED.);
#127=B_SPLINE_SURFACE_WITH_KNOTS('',3,1,((#11141,#11142),(#11143,#11144),
(#11145,#11146),(#11147,#11148),(#11149,#11150)),.UNSPECIFIED.,.F.,.F.,
 .F.,(4,1,4),(2,2),(0.,0.0536000537971173,0.12917587153259),(0.,0.0800000000000001),
 .UNSPECIFIED.);
#128=B_SPLINE_SURFACE_WITH_KNOTS('',3,1,((#11158,#11159),(#11160,#11161),
(#11162,#11163),(#11164,#11165),(#11166,#11167)),.UNSPECIFIED.,.F.,.F.,
 .F.,(4,1,4),(2,2),(0.,0.0339637534766598,0.0737413858924635),(0.,0.0800000000000001),
 .UNSPECIFIED.);
#129=B_SPLINE_SURFACE_WITH_KNOTS('',3,1,((#11175,#11176),(#11177,#11178),
(#11179,#11180),(#11181,#11182),(#11183,#11184)),.UNSPECIFIED.,.F.,.F.,
 .F.,(4,1,4),(2,2),(0.,0.0299157610181046,0.0605775306981538),(0.,0.0800000000000001),
 .UNSPECIFIED.);
#130=B_SPLINE_SURFACE_WITH_KNOTS('',3,1,((#11192,#11193),(#11194,#11195),
(#11196,#11197),(#11198,#11199),(#11200,#11201)),.UNSPECIFIED.,.F.,.F.,
 .F.,(4,1,4),(2,2),(0.,0.0546459733174597,0.109879939285712),(0.,0.0800000000000001),
 .UNSPECIFIED.);
#131=B_SPLINE_SURFACE_WITH_KNOTS('',3,1,((#11209,#11210),(#11211,#11212),
(#11213,#11214),(#11215,#11216),(#11217,#11218)),.UNSPECIFIED.,.F.,.F.,
 .F.,(4,1,4),(2,2),(0.,0.0652285053449521,0.123033652898628),(0.,0.0800000000000001),
 .UNSPECIFIED.);
#132=B_SPLINE_SURFACE_WITH_KNOTS('',3,1,((#11226,#11227),(#11228,#11229),
(#11230,#11231),(#11232,#11233),(#11234,#11235)),.UNSPECIFIED.,.F.,.F.,
 .F.,(4,1,4),(2,2),(0.,0.0568469296351124,0.12155270350367),(0.,0.0800000000000001),
 .UNSPECIFIED.);
#133=B_SPLINE_SURFACE_WITH_KNOTS('',3,1,((#11243,#11244),(#11245,#11246),
(#11247,#11248),(#11249,#11250),(#11251,#11252)),.UNSPECIFIED.,.F.,.F.,
 .F.,(4,1,4),(2,2),(0.,0.0640461995873068,0.120272768121803),(0.,0.0800000000000001),
 .UNSPECIFIED.);
#134=B_SPLINE_SURFACE_WITH_KNOTS('',3,1,((#11264,#11265),(#11266,#11267),
(#11268,#11269),(#11270,#11271),(#11272,#11273)),.UNSPECIFIED.,.F.,.F.,
 .F.,(4,1,4),(2,2),(0.,0.0375179701973238,0.0800335123930926),(0.,0.0800000000000001),
 .UNSPECIFIED.);
#135=B_SPLINE_SURFACE_WITH_KNOTS('',3,1,((#11281,#11282),(#11283,#11284),
(#11285,#11286),(#11287,#11288),(#11289,#11290)),.UNSPECIFIED.,.F.,.F.,
 .F.,(4,1,4),(2,2),(0.,0.0404549665622204,0.0773518059567474),(0.,0.0800000000000001),
 .UNSPECIFIED.);
#136=B_SPLINE_SURFACE_WITH_KNOTS('',3,1,((#11298,#11299),(#11300,#11301),
(#11302,#11303),(#11304,#11305),(#11306,#11307)),.UNSPECIFIED.,.F.,.F.,
 .F.,(4,1,4),(2,2),(0.,0.0354121134006625,0.0738765251855123),(0.,0.0800000000000001),
 .UNSPECIFIED.);
#137=B_SPLINE_SURFACE_WITH_KNOTS('',3,1,((#11315,#11316),(#11317,#11318),
(#11319,#11320),(#11321,#11322),(#11323,#11324)),.UNSPECIFIED.,.F.,.F.,
 .F.,(4,1,4),(2,2),(0.,0.0342303210135999,0.068298049735794),(0.,0.0800000000000001),
 .UNSPECIFIED.);
#138=B_SPLINE_SURFACE_WITH_KNOTS('',3,1,((#11332,#11333),(#11334,#11335),
(#11336,#11337),(#11338,#11339),(#11340,#11341)),.UNSPECIFIED.,.F.,.F.,
 .F.,(4,1,4),(2,2),(0.,0.0437534499090946,0.0803580234314609),(0.,0.0800000000000001),
 .UNSPECIFIED.);
#139=B_SPLINE_SURFACE_WITH_KNOTS('',3,1,((#11349,#11350),(#11351,#11352),
(#11353,#11354),(#11355,#11356),(#11357,#11358)),.UNSPECIFIED.,.F.,.F.,
 .F.,(4,1,4),(2,2),(0.,0.0908154700048634,0.15292086159336),(0.,0.0800000000000001),
 .UNSPECIFIED.);
#140=B_SPLINE_SURFACE_WITH_KNOTS('',3,1,((#11366,#11367),(#11368,#11369),
(#11370,#11371),(#11372,#11373),(#11374,#11375)),.UNSPECIFIED.,.F.,.F.,
 .F.,(4,1,4),(2,2),(0.,0.0490851135575105,0.110607487905956),(0.,0.0800000000000001),
 .UNSPECIFIED.);
#141=B_SPLINE_SURFACE_WITH_KNOTS('',3,1,((#11383,#11384),(#11385,#11386),
(#11387,#11388),(#11389,#11390),(#11391,#11392)),.UNSPECIFIED.,.F.,.F.,
 .F.,(4,1,4),(2,2),(0.,0.0372947866103706,0.0780238734274599),(0.,0.0800000000000001),
 .UNSPECIFIED.);
#142=B_SPLINE_SURFACE_WITH_KNOTS('',3,1,((#11400,#11401),(#11402,#11403),
(#11404,#11405),(#11406,#11407),(#11408,#11409)),.UNSPECIFIED.,.F.,.F.,
 .F.,(4,1,4),(2,2),(0.,0.0217910867989323,0.0434483172669869),(0.,0.0800000000000001),
 .UNSPECIFIED.);
#143=B_SPLINE_SURFACE_WITH_KNOTS('',3,1,((#11434,#11435),(#11436,#11437),
(#11438,#11439),(#11440,#11441),(#11442,#11443)),.UNSPECIFIED.,.F.,.F.,
 .F.,(4,1,4),(2,2),(0.,0.0472745758158476,0.0866738005378113),(0.,0.0800000000000001),
 .UNSPECIFIED.);
#144=B_SPLINE_SURFACE_WITH_KNOTS('',3,1,((#11451,#11452),(#11453,#11454),
(#11455,#11456),(#11457,#11458),(#11459,#11460)),.UNSPECIFIED.,.F.,.F.,
 .F.,(4,1,4),(2,2),(0.,0.0551897050158099,0.107749556236625),(0.,0.0800000000000001),
 .UNSPECIFIED.);
#145=B_SPLINE_SURFACE_WITH_KNOTS('',3,1,((#11472,#11473),(#11474,#11475),
(#11476,#11477),(#11478,#11479),(#11480,#11481)),.UNSPECIFIED.,.F.,.F.,
 .F.,(4,1,4),(2,2),(0.,0.0387270999342029,0.0719123587156729),(0.,0.0800000000000001),
 .UNSPECIFIED.);
#146=B_SPLINE_SURFACE_WITH_KNOTS('',3,1,((#11489,#11490),(#11491,#11492),
(#11493,#11494),(#11495,#11496),(#11497,#11498)),.UNSPECIFIED.,.F.,.F.,
 .F.,(4,1,4),(2,2),(0.,0.0332542982856907,0.0721596069386628),(0.,0.0800000000000001),
 .UNSPECIFIED.);
#147=B_SPLINE_SURFACE_WITH_KNOTS('',3,1,((#11517,#11518),(#11519,#11520),
(#11521,#11522),(#11523,#11524),(#11525,#11526)),.UNSPECIFIED.,.F.,.F.,
 .F.,(4,1,4),(2,2),(0.,0.0610753476027705,0.118397575438087),(0.,0.0800000000000001),
 .UNSPECIFIED.);
#148=B_SPLINE_SURFACE_WITH_KNOTS('',3,1,((#11536,#11537),(#11538,#11539),
(#11540,#11541),(#11542,#11543),(#11544,#11545)),.UNSPECIFIED.,.F.,.F.,
 .F.,(4,1,4),(2,2),(0.,0.0638731384757737,0.131508677860341),(0.,0.0800000000000001),
 .UNSPECIFIED.);
#149=B_SPLINE_SURFACE_WITH_KNOTS('',3,1,((#11553,#11554),(#11555,#11556),
(#11557,#11558),(#11559,#11560),(#11561,#11562)),.UNSPECIFIED.,.F.,.F.,
 .F.,(4,1,4),(2,2),(0.,0.0617045681115293,0.123734456319688),(0.,0.0800000000000001),
 .UNSPECIFIED.);
#150=B_SPLINE_SURFACE_WITH_KNOTS('',3,1,((#11570,#11571),(#11572,#11573),
(#11574,#11575),(#11576,#11577),(#11578,#11579)),.UNSPECIFIED.,.F.,.F.,
 .F.,(4,1,4),(2,2),(0.,0.0405737228660203,0.0853350695821744),(0.,0.0800000000000001),
 .UNSPECIFIED.);
#151=B_SPLINE_SURFACE_WITH_KNOTS('',3,1,((#11587,#11588),(#11589,#11590),
(#11591,#11592),(#11593,#11594),(#11595,#11596)),.UNSPECIFIED.,.F.,.F.,
 .F.,(4,1,4),(2,2),(0.,0.0424338464910251,0.0823307425093003),(0.,0.0800000000000001),
 .UNSPECIFIED.);
#152=B_SPLINE_SURFACE_WITH_KNOTS('',3,1,((#11604,#11605),(#11606,#11607),
(#11608,#11609),(#11610,#11611),(#11612,#11613)),.UNSPECIFIED.,.F.,.F.,
 .F.,(4,1,4),(2,2),(0.,0.0321769566753228,0.0673182682992443),(0.,0.0800000000000001),
 .UNSPECIFIED.);
#153=B_SPLINE_SURFACE_WITH_KNOTS('',3,1,((#11621,#11622),(#11623,#11624),
(#11625,#11626),(#11627,#11628),(#11629,#11630)),.UNSPECIFIED.,.F.,.F.,
 .F.,(4,1,4),(2,2),(0.,0.0312555376472925,0.062193149567601),(0.,0.0800000000000001),
 .UNSPECIFIED.);
#154=B_SPLINE_SURFACE_WITH_KNOTS('',3,1,((#11638,#11639),(#11640,#11641),
(#11642,#11643),(#11644,#11645),(#11646,#11647)),.UNSPECIFIED.,.F.,.F.,
 .F.,(4,1,4),(2,2),(0.,0.0342057657538168,0.0676922560135504),(0.,0.0800000000000001),
 .UNSPECIFIED.);
#155=B_SPLINE_SURFACE_WITH_KNOTS('',3,1,((#11655,#11656),(#11657,#11658),
(#11659,#11660),(#11661,#11662),(#11663,#11664)),.UNSPECIFIED.,.F.,.F.,
 .F.,(4,1,4),(2,2),(0.,0.0367040089779317,0.0717278884739949),(0.,0.0800000000000001),
 .UNSPECIFIED.);
#156=B_SPLINE_SURFACE_WITH_KNOTS('',3,1,((#11672,#11673),(#11674,#11675),
(#11676,#11677),(#11678,#11679),(#11680,#11681)),.UNSPECIFIED.,.F.,.F.,
 .F.,(4,1,4),(2,2),(0.,0.0395569285603717,0.0779990605853786),(0.,0.0800000000000001),
 .UNSPECIFIED.);
#157=B_SPLINE_SURFACE_WITH_KNOTS('',3,1,((#11689,#11690),(#11691,#11692),
(#11693,#11694),(#11695,#11696),(#11697,#11698)),.UNSPECIFIED.,.F.,.F.,
 .F.,(4,1,4),(2,2),(0.,0.0515577297547186,0.106705839734694),(0.,0.0800000000000001),
 .UNSPECIFIED.);
#158=B_SPLINE_SURFACE_WITH_KNOTS('',3,1,((#11706,#11707),(#11708,#11709),
(#11710,#11711),(#11712,#11713),(#11714,#11715)),.UNSPECIFIED.,.F.,.F.,
 .F.,(4,1,4),(2,2),(0.,0.0577560143518382,0.110035964036563),(0.,0.0800000000000001),
 .UNSPECIFIED.);
#159=B_SPLINE_SURFACE_WITH_KNOTS('',3,1,((#11727,#11728),(#11729,#11730),
(#11731,#11732),(#11733,#11734),(#11735,#11736)),.UNSPECIFIED.,.F.,.F.,
 .F.,(4,1,4),(2,2),(0.,0.0342977307749464,0.0752204843304529),(0.,0.0800000000000001),
 .UNSPECIFIED.);
#160=B_SPLINE_SURFACE_WITH_KNOTS('',3,1,((#11744,#11745),(#11746,#11747),
(#11748,#11749),(#11750,#11751),(#11752,#11753)),.UNSPECIFIED.,.F.,.F.,
 .F.,(4,1,4),(2,2),(0.,0.0333062984553339,0.0650304159974321),(0.,0.0800000000000001),
 .UNSPECIFIED.);
#161=B_SPLINE_SURFACE_WITH_KNOTS('',3,1,((#11761,#11762),(#11763,#11764),
(#11765,#11766),(#11767,#11768),(#11769,#11770)),.UNSPECIFIED.,.F.,.F.,
 .F.,(4,1,4),(2,2),(0.,0.0310107670314217,0.0643027700297314),(0.,0.0800000000000001),
 .UNSPECIFIED.);
#162=B_SPLINE_SURFACE_WITH_KNOTS('',3,1,((#11778,#11779),(#11780,#11781),
(#11782,#11783),(#11784,#11785),(#11786,#11787)),.UNSPECIFIED.,.F.,.F.,
 .F.,(4,1,4),(2,2),(0.,0.0313904842147987,0.0617573469507271),(0.,0.0800000000000001),
 .UNSPECIFIED.);
#163=B_SPLINE_SURFACE_WITH_KNOTS('',3,1,((#11795,#11796),(#11797,#11798),
(#11799,#11800),(#11801,#11802),(#11803,#11804)),.UNSPECIFIED.,.F.,.F.,
 .F.,(4,1,4),(2,2),(0.,0.0350733740678862,0.0729845560340777),(0.,0.0800000000000001),
 .UNSPECIFIED.);
#164=B_SPLINE_SURFACE_WITH_KNOTS('',3,1,((#11812,#11813),(#11814,#11815),
(#11816,#11817),(#11818,#11819),(#11820,#11821)),.UNSPECIFIED.,.F.,.F.,
 .F.,(4,1,4),(2,2),(0.,0.0376108132970383,0.0743129721866254),(0.,0.0800000000000001),
 .UNSPECIFIED.);
#165=B_SPLINE_SURFACE_WITH_KNOTS('',3,1,((#11829,#11830),(#11831,#11832),
(#11833,#11834),(#11835,#11836),(#11837,#11838)),.UNSPECIFIED.,.F.,.F.,
 .F.,(4,1,4),(2,2),(0.,0.00556583404137605,0.00991769523789547),(0.,0.0800000000000001),
 .UNSPECIFIED.);
#166=B_SPLINE_SURFACE_WITH_KNOTS('',3,1,((#11850,#11851),(#11852,#11853),
(#11854,#11855),(#11856,#11857),(#11858,#11859)),.UNSPECIFIED.,.F.,.F.,
 .F.,(4,1,4),(2,2),(0.,0.0196002096404197,0.0439333859436336),(0.,0.0800000000000001),
 .UNSPECIFIED.);
#167=B_SPLINE_SURFACE_WITH_KNOTS('',3,1,((#11867,#11868),(#11869,#11870),
(#11871,#11872),(#11873,#11874),(#11875,#11876)),.UNSPECIFIED.,.F.,.F.,
 .F.,(4,1,4),(2,2),(0.,0.0376015574550056,0.0770915097376104),(0.,0.0800000000000001),
 .UNSPECIFIED.);
#168=B_SPLINE_SURFACE_WITH_KNOTS('',3,1,((#11884,#11885),(#11886,#11887),
(#11888,#11889),(#11890,#11891),(#11892,#11893)),.UNSPECIFIED.,.F.,.F.,
 .F.,(4,1,4),(2,2),(0.,0.0391541379235305,0.0764715612254127),(0.,0.0800000000000001),
 .UNSPECIFIED.);
#169=B_SPLINE_SURFACE_WITH_KNOTS('',3,1,((#11901,#11902),(#11903,#11904),
(#11905,#11906),(#11907,#11908),(#11909,#11910)),.UNSPECIFIED.,.F.,.F.,
 .F.,(4,1,4),(2,2),(0.,0.0404391751765394,0.0818812857336721),(0.,0.0800000000000001),
 .UNSPECIFIED.);
#170=B_SPLINE_SURFACE_WITH_KNOTS('',3,1,((#11918,#11919),(#11920,#11921),
(#11922,#11923),(#11924,#11925),(#11926,#11927)),.UNSPECIFIED.,.F.,.F.,
 .F.,(4,1,4),(2,2),(0.,0.0406038516044686,0.080618956644265),(0.,0.0800000000000001),
 .UNSPECIFIED.);
#171=B_SPLINE_SURFACE_WITH_KNOTS('',3,1,((#11935,#11936),(#11937,#11938),
(#11939,#11940),(#11941,#11942),(#11943,#11944)),.UNSPECIFIED.,.F.,.F.,
 .F.,(4,1,4),(2,2),(0.,0.0330921010431209,0.067337296503284),(0.,0.0800000000000001),
 .UNSPECIFIED.);
#172=B_SPLINE_SURFACE_WITH_KNOTS('',3,1,((#11952,#11953),(#11954,#11955),
(#11956,#11957),(#11958,#11959),(#11960,#11961)),.UNSPECIFIED.,.F.,.F.,
 .F.,(4,1,4),(2,2),(0.,0.0471374156499247,0.0844463385034418),(0.,0.0800000000000001),
 .UNSPECIFIED.);
#173=B_SPLINE_SURFACE_WITH_KNOTS('',3,1,((#11973,#11974),(#11975,#11976),
(#11977,#11978),(#11979,#11980),(#11981,#11982)),.UNSPECIFIED.,.F.,.F.,
 .F.,(4,1,4),(2,2),(0.,0.0564294709496232,0.115111848789961),(0.,0.0800000000000001),
 .UNSPECIFIED.);
#174=B_SPLINE_SURFACE_WITH_KNOTS('',3,1,((#11989,#11990),(#11991,#11992),
(#11993,#11994),(#11995,#11996),(#11997,#11998)),.UNSPECIFIED.,.F.,.F.,
 .F.,(4,1,4),(2,2),(0.,0.0627197098398673,0.119946942309451),(0.,0.0800000000000001),
 .UNSPECIFIED.);
#175=B_SPLINE_SURFACE_WITH_KNOTS('',3,1,((#12008,#12009),(#12010,#12011),
(#12012,#12013),(#12014,#12015),(#12016,#12017)),.UNSPECIFIED.,.F.,.F.,
 .F.,(4,1,4),(2,2),(0.,0.072853600854711,0.148822340672413),(0.,0.0800000000000001),
 .UNSPECIFIED.);
#176=B_SPLINE_SURFACE_WITH_KNOTS('',3,1,((#12025,#12026),(#12027,#12028),
(#12029,#12030),(#12031,#12032),(#12033,#12034)),.UNSPECIFIED.,.F.,.F.,
 .F.,(4,1,4),(2,2),(0.,0.0640358816831102,0.125702735904233),(0.,0.0800000000000001),
 .UNSPECIFIED.);
#177=B_SPLINE_SURFACE_WITH_KNOTS('',3,1,((#12042,#12043),(#12044,#12045),
(#12046,#12047),(#12048,#12049),(#12050,#12051)),.UNSPECIFIED.,.F.,.F.,
 .F.,(4,1,4),(2,2),(0.,0.0618681352980181,0.127640514642888),(0.,0.0800000000000001),
 .UNSPECIFIED.);
#178=B_SPLINE_SURFACE_WITH_KNOTS('',3,1,((#12059,#12060),(#12061,#12062),
(#12063,#12064),(#12065,#12066),(#12067,#12068)),.UNSPECIFIED.,.F.,.F.,
 .F.,(4,1,4),(2,2),(0.,0.0614242280757362,0.122013841226584),(0.,0.0800000000000001),
 .UNSPECIFIED.);
#179=B_SPLINE_SURFACE_WITH_KNOTS('',3,1,((#12076,#12077),(#12078,#12079),
(#12080,#12081),(#12082,#12083),(#12084,#12085)),.UNSPECIFIED.,.F.,.F.,
 .F.,(4,1,4),(2,2),(0.,0.0517851519522547,0.100763289056962),(0.,0.0800000000000001),
 .UNSPECIFIED.);
#180=B_SPLINE_SURFACE_WITH_KNOTS('',3,1,((#12117,#12118),(#12119,#12120),
(#12121,#12122),(#12123,#12124),(#12125,#12126)),.UNSPECIFIED.,.F.,.F.,
 .F.,(4,1,4),(2,2),(0.,0.0262669441094077,0.0515730003932563),(0.,0.0800000000000001),
 .UNSPECIFIED.);
#181=B_SPLINE_SURFACE_WITH_KNOTS('',3,1,((#12134,#12135),(#12136,#12137),
(#12138,#12139),(#12140,#12141),(#12142,#12143)),.UNSPECIFIED.,.F.,.F.,
 .F.,(4,1,4),(2,2),(0.,0.0284283714879703,0.0557413051256862),(0.,0.0800000000000001),
 .UNSPECIFIED.);
#182=B_SPLINE_SURFACE_WITH_KNOTS('',3,1,((#12151,#12152),(#12153,#12154),
(#12155,#12156),(#12157,#12158),(#12159,#12160)),.UNSPECIFIED.,.F.,.F.,
 .F.,(4,1,4),(2,2),(0.,0.0408648848577099,0.0846717705740038),(0.,0.0800000000000001),
 .UNSPECIFIED.);
#183=B_SPLINE_SURFACE_WITH_KNOTS('',3,1,((#12168,#12169),(#12170,#12171),
(#12172,#12173),(#12174,#12175),(#12176,#12177)),.UNSPECIFIED.,.F.,.F.,
 .F.,(4,1,4),(2,2),(0.,0.0475636126146235,0.0897992944261258),(0.,0.0800000000000001),
 .UNSPECIFIED.);
#184=B_SPLINE_SURFACE_WITH_KNOTS('',3,1,((#12185,#12186),(#12187,#12188),
(#12189,#12190),(#12191,#12192),(#12193,#12194)),.UNSPECIFIED.,.F.,.F.,
 .F.,(4,1,4),(2,2),(0.,0.0451858352075359,0.0955690738275269),(0.,0.0800000000000001),
 .UNSPECIFIED.);
#185=B_SPLINE_SURFACE_WITH_KNOTS('',3,1,((#12202,#12203),(#12204,#12205),
(#12206,#12207),(#12208,#12209),(#12210,#12211)),.UNSPECIFIED.,.F.,.F.,
 .F.,(4,1,4),(2,2),(0.,0.0417719491070894,0.0841000439771112),(0.,0.0800000000000001),
 .UNSPECIFIED.);
#186=B_SPLINE_SURFACE_WITH_KNOTS('',3,1,((#12219,#12220),(#12221,#12222),
(#12223,#12224),(#12225,#12226),(#12227,#12228)),.UNSPECIFIED.,.F.,.F.,
 .F.,(4,1,4),(2,2),(0.,0.0338678413150431,0.0685620567337463),(0.,0.0800000000000001),
 .UNSPECIFIED.);
#187=B_SPLINE_SURFACE_WITH_KNOTS('',3,1,((#12236,#12237),(#12238,#12239),
(#12240,#12241),(#12242,#12243),(#12244,#12245)),.UNSPECIFIED.,.F.,.F.,
 .F.,(4,1,4),(2,2),(0.,0.042936932216716,0.0794229547053171),(0.,0.0800000000000001),
 .UNSPECIFIED.);
#188=B_SPLINE_SURFACE_WITH_KNOTS('',3,1,((#12257,#12258),(#12259,#12260),
(#12261,#12262),(#12263,#12264),(#12265,#12266)),.UNSPECIFIED.,.F.,.F.,
 .F.,(4,1,4),(2,2),(0.,0.0557992389326012,0.114706257561376),(0.,0.0800000000000001),
 .UNSPECIFIED.);
#189=B_SPLINE_SURFACE_WITH_KNOTS('',3,1,((#12273,#12274),(#12275,#12276),
(#12277,#12278),(#12279,#12280),(#12281,#12282)),.UNSPECIFIED.,.F.,.F.,
 .F.,(4,1,4),(2,2),(0.,0.0834828267181977,0.158230793087571),(0.,0.0800000000000001),
 .UNSPECIFIED.);
#190=B_SPLINE_SURFACE_WITH_KNOTS('',3,1,((#12292,#12293),(#12294,#12295),
(#12296,#12297),(#12298,#12299),(#12300,#12301)),.UNSPECIFIED.,.F.,.F.,
 .F.,(4,1,4),(2,2),(0.,0.0863378669212026,0.173320094222271),(0.,0.0800000000000001),
 .UNSPECIFIED.);
#191=B_SPLINE_SURFACE_WITH_KNOTS('',3,1,((#12309,#12310),(#12311,#12312),
(#12313,#12314),(#12315,#12316),(#12317,#12318)),.UNSPECIFIED.,.F.,.F.,
 .F.,(4,1,4),(2,2),(0.,0.0654480883065756,0.144688986355528),(0.,0.0800000000000001),
 .UNSPECIFIED.);
#192=B_SPLINE_SURFACE_WITH_KNOTS('',3,1,((#12330,#12331),(#12332,#12333),
(#12334,#12335),(#12336,#12337),(#12338,#12339)),.UNSPECIFIED.,.F.,.F.,
 .F.,(4,1,4),(2,2),(0.,0.0674502230403241,0.139654095901599),(0.,0.0800000000000001),
 .UNSPECIFIED.);
#193=B_SPLINE_SURFACE_WITH_KNOTS('',3,1,((#12347,#12348),(#12349,#12350),
(#12351,#12352),(#12353,#12354),(#12355,#12356)),.UNSPECIFIED.,.F.,.F.,
 .F.,(4,1,4),(2,2),(0.,0.0949559097434613,0.188046095621246),(0.,0.0800000000000001),
 .UNSPECIFIED.);
#194=B_SPLINE_SURFACE_WITH_KNOTS('',3,1,((#12364,#12365),(#12366,#12367),
(#12368,#12369),(#12370,#12371),(#12372,#12373)),.UNSPECIFIED.,.F.,.F.,
 .F.,(4,1,4),(2,2),(0.,0.0759298508360621,0.165317634624141),(0.,0.0800000000000001),
 .UNSPECIFIED.);
#195=B_SPLINE_SURFACE_WITH_KNOTS('',3,1,((#12396,#12397),(#12398,#12399),
(#12400,#12401),(#12402,#12403),(#12404,#12405)),.UNSPECIFIED.,.F.,.F.,
 .F.,(4,1,4),(2,2),(0.,0.0394988511456073,0.0777590875577101),(0.,0.0800000000000001),
 .UNSPECIFIED.);
#196=B_SPLINE_SURFACE_WITH_KNOTS('',3,1,((#12422,#12423),(#12424,#12425),
(#12426,#12427),(#12428,#12429),(#12430,#12431)),.UNSPECIFIED.,.F.,.F.,
 .F.,(4,1,4),(2,2),(0.,0.0392374244798337,0.0789038416010834),(0.,0.0800000000000001),
 .UNSPECIFIED.);
#197=B_SPLINE_SURFACE_WITH_KNOTS('',3,1,((#12445,#12446),(#12447,#12448),
(#12449,#12450),(#12451,#12452),(#12453,#12454)),.UNSPECIFIED.,.F.,.F.,
 .F.,(4,1,4),(2,2),(0.,0.043903338707427,0.0845028358580415),(0.,0.0800000000000001),
 .UNSPECIFIED.);
#198=B_SPLINE_SURFACE_WITH_KNOTS('',3,1,((#12468,#12469),(#12470,#12471),
(#12472,#12473),(#12474,#12475),(#12476,#12477)),.UNSPECIFIED.,.F.,.F.,
 .F.,(4,1,4),(2,2),(0.,0.0446152851786176,0.0934688491099336),(0.,0.0800000000000001),
 .UNSPECIFIED.);
#199=B_SPLINE_SURFACE_WITH_KNOTS('',3,1,((#12491,#12492),(#12493,#12494),
(#12495,#12496),(#12497,#12498),(#12499,#12500)),.UNSPECIFIED.,.F.,.F.,
 .F.,(4,1,4),(2,2),(0.,0.0391857270156543,0.0806258232515251),(0.,0.0800000000000001),
 .UNSPECIFIED.);
#200=B_SPLINE_SURFACE_WITH_KNOTS('',3,1,((#12514,#12515),(#12516,#12517),
(#12518,#12519),(#12520,#12521),(#12522,#12523)),.UNSPECIFIED.,.F.,.F.,
 .F.,(4,1,4),(2,2),(0.,0.0386597436353011,0.0761361519538434),(0.,0.0800000000000001),
 .UNSPECIFIED.);
#201=B_SPLINE_SURFACE_WITH_KNOTS('',3,1,((#12537,#12538),(#12539,#12540),
(#12541,#12542),(#12543,#12544),(#12545,#12546)),.UNSPECIFIED.,.F.,.F.,
 .F.,(4,1,4),(2,2),(0.,0.047933252337126,0.0901537432213935),(0.,0.0800000000000001),
 .UNSPECIFIED.);
#202=B_SPLINE_SURFACE_WITH_KNOTS('',3,1,((#12560,#12561),(#12562,#12563),
(#12564,#12565),(#12566,#12567),(#12568,#12569)),.UNSPECIFIED.,.F.,.F.,
 .F.,(4,1,4),(2,2),(0.,0.0412998748142406,0.0889551600979055),(0.,0.0800000000000001),
 .UNSPECIFIED.);
#203=B_SPLINE_SURFACE_WITH_KNOTS('',3,1,((#12580,#12581),(#12582,#12583),
(#12584,#12585),(#12586,#12587),(#12588,#12589)),.UNSPECIFIED.,.F.,.F.,
 .F.,(4,1,4),(2,2),(0.,0.0539033664421157,0.102901750395014),(0.,0.0800000000000001),
 .UNSPECIFIED.);
#204=B_SPLINE_SURFACE_WITH_KNOTS('',3,1,((#12599,#12600),(#12601,#12602),
(#12603,#12604),(#12605,#12606),(#12607,#12608)),.UNSPECIFIED.,.F.,.F.,
 .F.,(4,1,4),(2,2),(0.,0.0497624477264923,0.101963431063346),(0.,0.0800000000000001),
 .UNSPECIFIED.);
#205=B_SPLINE_SURFACE_WITH_KNOTS('',3,1,((#12616,#12617),(#12618,#12619),
(#12620,#12621),(#12622,#12623),(#12624,#12625)),.UNSPECIFIED.,.F.,.F.,
 .F.,(4,1,4),(2,2),(0.,0.0562135654102698,0.107522572435112),(0.,0.0800000000000001),
 .UNSPECIFIED.);
#206=B_SPLINE_SURFACE_WITH_KNOTS('',3,1,((#12633,#12634),(#12635,#12636),
(#12637,#12638),(#12639,#12640),(#12641,#12642)),.UNSPECIFIED.,.F.,.F.,
 .F.,(4,1,4),(2,2),(0.,0.0862756250673372,0.154755083513855),(0.,0.0800000000000001),
 .UNSPECIFIED.);
#207=B_SPLINE_SURFACE_WITH_KNOTS('',3,1,((#12650,#12651),(#12652,#12653),
(#12654,#12655),(#12656,#12657),(#12658,#12659)),.UNSPECIFIED.,.F.,.F.,
 .F.,(4,1,4),(2,2),(0.,0.0614278130587069,0.142773013808487),(0.,0.0800000000000001),
 .UNSPECIFIED.);
#208=B_SPLINE_SURFACE_WITH_KNOTS('',3,1,((#12667,#12668),(#12669,#12670),
(#12671,#12672),(#12673,#12674),(#12675,#12676)),.UNSPECIFIED.,.F.,.F.,
 .F.,(4,1,4),(2,2),(0.,0.0478250233988194,0.0980697749958685),(0.,0.0800000000000001),
 .UNSPECIFIED.);
#209=B_SPLINE_SURFACE_WITH_KNOTS('',3,1,((#12684,#12685),(#12686,#12687),
(#12688,#12689),(#12690,#12691),(#12692,#12693)),.UNSPECIFIED.,.F.,.F.,
 .F.,(4,1,4),(2,2),(0.,0.0471002935910652,0.0938312363437858),(0.,0.0800000000000001),
 .UNSPECIFIED.);
#210=B_SPLINE_SURFACE_WITH_KNOTS('',3,1,((#12701,#12702),(#12703,#12704),
(#12705,#12706),(#12707,#12708),(#12709,#12710)),.UNSPECIFIED.,.F.,.F.,
 .F.,(4,1,4),(2,2),(0.,0.0614448244139299,0.124424785137188),(0.,0.0800000000000001),
 .UNSPECIFIED.);
#211=B_SPLINE_SURFACE_WITH_KNOTS('',3,1,((#12718,#12719),(#12720,#12721),
(#12722,#12723),(#12724,#12725),(#12726,#12727)),.UNSPECIFIED.,.F.,.F.,
 .F.,(4,1,4),(2,2),(0.,0.0695420717516922,0.132926869225299),(0.,0.0800000000000001),
 .UNSPECIFIED.);
#212=B_SPLINE_SURFACE_WITH_KNOTS('',3,1,((#12735,#12736),(#12737,#12738),
(#12739,#12740),(#12741,#12742),(#12743,#12744)),.UNSPECIFIED.,.F.,.F.,
 .F.,(4,1,4),(2,2),(0.,0.0613339947432805,0.12870360827559),(0.,0.0800000000000001),
 .UNSPECIFIED.);
#213=B_SPLINE_SURFACE_WITH_KNOTS('',3,1,((#12752,#12753),(#12754,#12755),
(#12756,#12757),(#12758,#12759),(#12760,#12761)),.UNSPECIFIED.,.F.,.F.,
 .F.,(4,1,4),(2,2),(0.,0.0583937831469982,0.116875064484167),(0.,0.0800000000000001),
 .UNSPECIFIED.);
#214=B_SPLINE_SURFACE_WITH_KNOTS('',3,1,((#12769,#12770),(#12771,#12772),
(#12773,#12774),(#12775,#12776),(#12777,#12778)),.UNSPECIFIED.,.F.,.F.,
 .F.,(4,1,4),(2,2),(0.,0.0357532840831579,0.0718490146087595),(0.,0.0800000000000001),
 .UNSPECIFIED.);
#215=B_SPLINE_SURFACE_WITH_KNOTS('',3,1,((#12786,#12787),(#12788,#12789),
(#12790,#12791),(#12792,#12793),(#12794,#12795)),.UNSPECIFIED.,.F.,.F.,
 .F.,(4,1,4),(2,2),(0.,0.0344119940372132,0.0700201861488216),(0.,0.0800000000000001),
 .UNSPECIFIED.);
#216=B_SPLINE_SURFACE_WITH_KNOTS('',3,1,((#12803,#12804),(#12805,#12806),
(#12807,#12808),(#12809,#12810),(#12811,#12812)),.UNSPECIFIED.,.F.,.F.,
 .F.,(4,1,4),(2,2),(0.,0.00511669584497052,0.0122835956500121),(0.,0.0800000000000001),
 .UNSPECIFIED.);
#217=B_SPLINE_SURFACE_WITH_KNOTS('',3,1,((#12820,#12821),(#12822,#12823),
(#12824,#12825),(#12826,#12827),(#12828,#12829)),.UNSPECIFIED.,.F.,.F.,
 .F.,(4,1,4),(2,2),(0.,0.0378121228900605,0.0757401848352604),(0.,0.0800000000000001),
 .UNSPECIFIED.);
#218=B_SPLINE_SURFACE_WITH_KNOTS('',3,1,((#12837,#12838),(#12839,#12840),
(#12841,#12842),(#12843,#12844),(#12845,#12846)),.UNSPECIFIED.,.F.,.F.,
 .F.,(4,1,4),(2,2),(0.,0.0284856085928077,0.0631402316591597),(0.,0.0800000000000001),
 .UNSPECIFIED.);
#219=B_SPLINE_SURFACE_WITH_KNOTS('',3,1,((#12854,#12855),(#12856,#12857),
(#12858,#12859),(#12860,#12861),(#12862,#12863)),.UNSPECIFIED.,.F.,.F.,
 .F.,(4,1,4),(2,2),(0.,0.0246785992176313,0.0495403448005961),(0.,0.0800000000000001),
 .UNSPECIFIED.);
#220=B_SPLINE_SURFACE_WITH_KNOTS('',3,1,((#12871,#12872),(#12873,#12874),
(#12875,#12876),(#12877,#12878),(#12879,#12880)),.UNSPECIFIED.,.F.,.F.,
 .F.,(4,1,4),(2,2),(0.,0.0267149049225851,0.0516261784150691),(0.,0.0800000000000001),
 .UNSPECIFIED.);
#221=B_SPLINE_SURFACE_WITH_KNOTS('',3,1,((#12888,#12889),(#12890,#12891),
(#12892,#12893),(#12894,#12895),(#12896,#12897)),.UNSPECIFIED.,.F.,.F.,
 .F.,(4,1,4),(2,2),(0.,0.0279321433902613,0.0583942075983068),(0.,0.0800000000000001),
 .UNSPECIFIED.);
#222=B_SPLINE_SURFACE_WITH_KNOTS('',3,1,((#12905,#12906),(#12907,#12908),
(#12909,#12910),(#12911,#12912),(#12913,#12914)),.UNSPECIFIED.,.F.,.F.,
 .F.,(4,1,4),(2,2),(0.,0.0375194855488833,0.0677418228842806),(0.,0.0800000000000001),
 .UNSPECIFIED.);
#223=B_SPLINE_SURFACE_WITH_KNOTS('',3,1,((#12926,#12927),(#12928,#12929),
(#12930,#12931),(#12932,#12933),(#12934,#12935)),.UNSPECIFIED.,.F.,.F.,
 .F.,(4,1,4),(2,2),(0.,0.0493013359643665,0.103821617157995),(0.,0.0800000000000001),
 .UNSPECIFIED.);
#224=B_SPLINE_SURFACE_WITH_KNOTS('',3,1,((#12948,#12949),(#12950,#12951),
(#12952,#12953),(#12954,#12955),(#12956,#12957)),.UNSPECIFIED.,.F.,.F.,
 .F.,(4,1,4),(2,2),(0.,0.0472745758158476,0.0866738005378113),(0.,0.0800000000000001),
 .UNSPECIFIED.);
#225=B_SPLINE_SURFACE_WITH_KNOTS('',3,1,((#12965,#12966),(#12967,#12968),
(#12969,#12970),(#12971,#12972),(#12973,#12974)),.UNSPECIFIED.,.F.,.F.,
 .F.,(4,1,4),(2,2),(0.,0.0551897050158099,0.107749556236625),(0.,0.0800000000000001),
 .UNSPECIFIED.);
#226=B_SPLINE_SURFACE_WITH_KNOTS('',3,1,((#12986,#12987),(#12988,#12989),
(#12990,#12991),(#12992,#12993),(#12994,#12995)),.UNSPECIFIED.,.F.,.F.,
 .F.,(4,1,4),(2,2),(0.,0.0387270999342029,0.0719123587156729),(0.,0.0800000000000001),
 .UNSPECIFIED.);
#227=B_SPLINE_SURFACE_WITH_KNOTS('',3,1,((#13003,#13004),(#13005,#13006),
(#13007,#13008),(#13009,#13010),(#13011,#13012)),.UNSPECIFIED.,.F.,.F.,
 .F.,(4,1,4),(2,2),(0.,0.0332542752847683,0.0721596089536082),(0.,0.0800000000000001),
 .UNSPECIFIED.);
#228=B_SPLINE_SURFACE_WITH_KNOTS('',3,1,((#13037,#13038),(#13039,#13040),
(#13041,#13042),(#13043,#13044),(#13045,#13046)),.UNSPECIFIED.,.F.,.F.,
 .F.,(4,1,4),(2,2),(0.,0.0472745758158476,0.0866738005378113),(0.,0.0800000000000001),
 .UNSPECIFIED.);
#229=B_SPLINE_SURFACE_WITH_KNOTS('',3,1,((#13054,#13055),(#13056,#13057),
(#13058,#13059),(#13060,#13061),(#13062,#13063)),.UNSPECIFIED.,.F.,.F.,
 .F.,(4,1,4),(2,2),(0.,0.0551897050158099,0.107749556236625),(0.,0.0800000000000001),
 .UNSPECIFIED.);
#230=B_SPLINE_SURFACE_WITH_KNOTS('',3,1,((#13075,#13076),(#13077,#13078),
(#13079,#13080),(#13081,#13082),(#13083,#13084)),.UNSPECIFIED.,.F.,.F.,
 .F.,(4,1,4),(2,2),(0.,0.0387270999342029,0.0719123587156729),(0.,0.0800000000000001),
 .UNSPECIFIED.);
#231=B_SPLINE_SURFACE_WITH_KNOTS('',3,1,((#13092,#13093),(#13094,#13095),
(#13096,#13097),(#13098,#13099),(#13100,#13101)),.UNSPECIFIED.,.F.,.F.,
 .F.,(4,1,4),(2,2),(0.,0.0332542982856907,0.0721596069386628),(0.,0.0800000000000001),
 .UNSPECIFIED.);
#232=B_SPLINE_SURFACE_WITH_KNOTS('',3,1,((#13126,#13127),(#13128,#13129),
(#13130,#13131),(#13132,#13133),(#13134,#13135)),.UNSPECIFIED.,.F.,.F.,
 .F.,(4,1,4),(2,2),(0.,0.0472746186027961,0.0866737935331426),(0.,0.0800000000000001),
 .UNSPECIFIED.);
#233=B_SPLINE_SURFACE_WITH_KNOTS('',3,1,((#13143,#13144),(#13145,#13146),
(#13147,#13148),(#13149,#13150),(#13151,#13152)),.UNSPECIFIED.,.F.,.F.,
 .F.,(4,1,4),(2,2),(0.,0.0551897194734553,0.10774957069427),(0.,0.0800000000000001),
 .UNSPECIFIED.);
#234=B_SPLINE_SURFACE_WITH_KNOTS('',3,1,((#13164,#13165),(#13166,#13167),
(#13168,#13169),(#13170,#13171),(#13172,#13173)),.UNSPECIFIED.,.F.,.F.,
 .F.,(4,1,4),(2,2),(0.,0.0387271284116506,0.0719123634552067),(0.,0.0800000000000001),
 .UNSPECIFIED.);
#235=B_SPLINE_SURFACE_WITH_KNOTS('',3,1,((#13181,#13182),(#13183,#13184),
(#13185,#13186),(#13187,#13188),(#13189,#13190)),.UNSPECIFIED.,.F.,.F.,
 .F.,(4,1,4),(2,2),(0.,0.0332543361874765,0.0721596124438792),(0.,0.0800000000000001),
 .UNSPECIFIED.);
#236=TOROIDAL_SURFACE('',#6631,0.836023622047244,0.15);
#237=TOROIDAL_SURFACE('',#6752,0.3,0.175);
#238=TOROIDAL_SURFACE('',#6757,0.3,0.175);
#239=TOROIDAL_SURFACE('',#6761,0.3,0.175);
#240=TOROIDAL_SURFACE('',#6766,0.3,0.175);
#241=CYLINDRICAL_SURFACE('',#6582,0.187007874015748);
#242=CYLINDRICAL_SURFACE('',#6586,0.192007874015748);
#243=CYLINDRICAL_SURFACE('',#6591,0.192007874015748);
#244=CYLINDRICAL_SURFACE('',#6596,0.192007874015748);
#245=CYLINDRICAL_SURFACE('',#6600,0.192007874015748);
#246=CYLINDRICAL_SURFACE('',#6604,0.192007874015748);
#247=CYLINDRICAL_SURFACE('',#6608,0.192007874015748);
#248=CYLINDRICAL_SURFACE('',#6612,0.192007874015748);
#249=CYLINDRICAL_SURFACE('',#6616,0.192007874015748);
#250=CYLINDRICAL_SURFACE('',#6620,0.192007874015748);
#251=CYLINDRICAL_SURFACE('',#6624,0.192007874015748);
#252=CYLINDRICAL_SURFACE('',#6628,0.192007874015748);
#253=CYLINDRICAL_SURFACE('',#6725,0.1);
#254=CYLINDRICAL_SURFACE('',#6731,0.1);
#255=CYLINDRICAL_SURFACE('',#6736,0.1);
#256=CYLINDRICAL_SURFACE('',#6741,0.1);
#257=CYLINDRICAL_SURFACE('',#6745,0.125);
#258=CYLINDRICAL_SURFACE('',#6748,0.125);
#259=CYLINDRICAL_SURFACE('',#6755,0.175);
#260=CYLINDRICAL_SURFACE('',#6759,0.175);
#261=CYLINDRICAL_SURFACE('',#6764,0.175);
#262=CYLINDRICAL_SURFACE('',#6769,0.175);
#263=CYLINDRICAL_SURFACE('',#6771,0.125);
#264=CYLINDRICAL_SURFACE('',#6773,0.125);
#265=CYLINDRICAL_SURFACE('',#6775,0.649944078859064);
#266=CYLINDRICAL_SURFACE('',#6777,0.686023622047244);
#267=CYLINDRICAL_SURFACE('',#6779,0.561023622047244);
#268=B_SPLINE_CURVE_WITH_KNOTS('',3,(#7728,#7729,#7730,#7731,#7732),
 .UNSPECIFIED.,.F.,.F.,(4,1,4),(0.,0.0218176016904285,0.0420889149214224),
 .UNSPECIFIED.);
#269=B_SPLINE_CURVE_WITH_KNOTS('',3,(#7740,#7741,#7742,#7743,#7744),
 .UNSPECIFIED.,.F.,.F.,(4,1,4),(0.,0.0217910848164856,0.0434483310073029),
 .UNSPECIFIED.);
#270=B_SPLINE_CURVE_WITH_KNOTS('',3,(#7746,#7747,#7748,#7749,#7750),
 .UNSPECIFIED.,.F.,.F.,(4,1,4),(0.,0.0372947996925052,0.0780238865095945),
 .UNSPECIFIED.);
#271=B_SPLINE_CURVE_WITH_KNOTS('',3,(#7752,#7753,#7754,#7755,#7756),
 .UNSPECIFIED.,.F.,.F.,(4,1,4),(0.,0.0490850721416762,0.110607491428957),
 .UNSPECIFIED.);
#272=B_SPLINE_CURVE_WITH_KNOTS('',3,(#7758,#7759,#7760,#7761,#7762),
 .UNSPECIFIED.,.F.,.F.,(4,1,4),(0.,0.090815464464552,0.152920812027033),
 .UNSPECIFIED.);
#273=B_SPLINE_CURVE_WITH_KNOTS('',3,(#7764,#7765,#7766,#7767,#7768),
 .UNSPECIFIED.,.F.,.F.,(4,1,4),(0.,0.0437534791805283,0.0803580527028946),
 .UNSPECIFIED.);
#274=B_SPLINE_CURVE_WITH_KNOTS('',3,(#7770,#7771,#7772,#7773,#7774),
 .UNSPECIFIED.,.F.,.F.,(4,1,4),(0.,0.0342303438784064,0.0682980381398307),
 .UNSPECIFIED.);
#275=B_SPLINE_CURVE_WITH_KNOTS('',3,(#7776,#7777,#7778,#7779,#7780),
 .UNSPECIFIED.,.F.,.F.,(4,1,4),(0.,0.0354121134006625,0.0738764663882883),
 .UNSPECIFIED.);
#276=B_SPLINE_CURVE_WITH_KNOTS('',3,(#7782,#7783,#7784,#7785,#7786),
 .UNSPECIFIED.,.F.,.F.,(4,1,4),(0.,0.0404549665622204,0.0773518399790095),
 .UNSPECIFIED.);
#277=B_SPLINE_CURVE_WITH_KNOTS('',3,(#7788,#7789,#7790,#7791,#7792),
 .UNSPECIFIED.,.F.,.F.,(4,1,4),(0.,0.0375179065301811,0.0800334878150295),
 .UNSPECIFIED.);
#278=B_SPLINE_CURVE_WITH_KNOTS('',3,(#7796,#7797,#7798,#7799,#7800),
 .UNSPECIFIED.,.F.,.F.,(4,1,4),(0.,0.0640461417390412,0.120272793611969),
 .UNSPECIFIED.);
#279=B_SPLINE_CURVE_WITH_KNOTS('',3,(#7802,#7803,#7804,#7805,#7806),
 .UNSPECIFIED.,.F.,.F.,(4,1,4),(0.,0.0568469588697056,0.121552665190366),
 .UNSPECIFIED.);
#280=B_SPLINE_CURVE_WITH_KNOTS('',3,(#7808,#7809,#7810,#7811,#7812),
 .UNSPECIFIED.,.F.,.F.,(4,1,4),(0.,0.0652285099029585,0.12303364202659),
 .UNSPECIFIED.);
#281=B_SPLINE_CURVE_WITH_KNOTS('',3,(#7814,#7815,#7816,#7817,#7818),
 .UNSPECIFIED.,.F.,.F.,(4,1,4),(0.,0.0546459146323912,0.109879961756188),
 .UNSPECIFIED.);
#282=B_SPLINE_CURVE_WITH_KNOTS('',3,(#7820,#7821,#7822,#7823,#7824),
 .UNSPECIFIED.,.F.,.F.,(4,1,4),(0.,0.0299157313730873,0.0605775010531365),
 .UNSPECIFIED.);
#283=B_SPLINE_CURVE_WITH_KNOTS('',3,(#7826,#7827,#7828,#7829,#7830),
 .UNSPECIFIED.,.F.,.F.,(4,1,4),(0.,0.0339638057000802,0.073741391225506),
 .UNSPECIFIED.);
#284=B_SPLINE_CURVE_WITH_KNOTS('',3,(#7832,#7833,#7834,#7835,#7836),
 .UNSPECIFIED.,.F.,.F.,(4,1,4),(0.,0.0536000960859172,0.129175919133879),
 .UNSPECIFIED.);
#285=B_SPLINE_CURVE_WITH_KNOTS('',3,(#7837,#7838,#7839,#7840,#7841),
 .UNSPECIFIED.,.F.,.F.,(4,1,4),(0.,0.0598001535264518,0.0949654394031728),
 .UNSPECIFIED.);
#286=B_SPLINE_CURVE_WITH_KNOTS('',3,(#7852,#7853,#7854,#7855,#7856),
 .UNSPECIFIED.,.F.,.F.,(4,1,4),(0.,0.0332542522838567,0.072159610968571),
 .UNSPECIFIED.);
#287=B_SPLINE_CURVE_WITH_KNOTS('',3,(#7858,#7859,#7860,#7861,#7862),
 .UNSPECIFIED.,.F.,.F.,(4,1,4),(0.,0.0387270999342029,0.0719123587156729),
 .UNSPECIFIED.);
#288=B_SPLINE_CURVE_WITH_KNOTS('',3,(#7866,#7867,#7868,#7869,#7870),
 .UNSPECIFIED.,.F.,.F.,(4,1,4),(0.,0.0551897050158099,0.107749556236625),
 .UNSPECIFIED.);
#289=B_SPLINE_CURVE_WITH_KNOTS('',3,(#7871,#7872,#7873,#7874,#7875),
 .UNSPECIFIED.,.F.,.F.,(4,1,4),(0.,0.0472746173127617,0.0866738092703374),
 .UNSPECIFIED.);
#290=B_SPLINE_CURVE_WITH_KNOTS('',3,(#7878,#7879,#7880,#7881,#7882),
 .UNSPECIFIED.,.F.,.F.,(4,1,4),(0.,0.0658347279988518,0.128408661771583),
 .UNSPECIFIED.);
#291=B_SPLINE_CURVE_WITH_KNOTS('',3,(#7884,#7885,#7886,#7887,#7888),
 .UNSPECIFIED.,.F.,.F.,(4,1,4),(0.,0.0900221168515158,0.211899081112814),
 .UNSPECIFIED.);
#292=B_SPLINE_CURVE_WITH_KNOTS('',3,(#7890,#7891,#7892,#7893,#7894),
 .UNSPECIFIED.,.F.,.F.,(4,1,4),(0.,0.0801071092667821,0.14414397241998),
 .UNSPECIFIED.);
#293=B_SPLINE_CURVE_WITH_KNOTS('',3,(#7896,#7897,#7898,#7899,#7900),
 .UNSPECIFIED.,.F.,.F.,(4,1,4),(0.,0.0531295225517055,0.100607450608798),
 .UNSPECIFIED.);
#294=B_SPLINE_CURVE_WITH_KNOTS('',3,(#7902,#7903,#7904,#7905,#7906),
 .UNSPECIFIED.,.F.,.F.,(4,1,4),(0.,0.0463151088179566,0.0968162357820773),
 .UNSPECIFIED.);
#295=B_SPLINE_CURVE_WITH_KNOTS('',3,(#7908,#7909,#7910,#7911,#7912),
 .UNSPECIFIED.,.F.,.F.,(4,1,4),(0.,0.037993915798521,0.073042421014239),
 .UNSPECIFIED.);
#296=B_SPLINE_CURVE_WITH_KNOTS('',3,(#7914,#7915,#7916,#7917,#7918),
 .UNSPECIFIED.,.F.,.F.,(4,1,4),(0.,0.0339981706933887,0.0691189350907898),
 .UNSPECIFIED.);
#297=B_SPLINE_CURVE_WITH_KNOTS('',3,(#7920,#7921,#7922,#7923,#7924),
 .UNSPECIFIED.,.F.,.F.,(4,1,4),(0.,0.0381001227654107,0.0808374674599438),
 .UNSPECIFIED.);
#298=B_SPLINE_CURVE_WITH_KNOTS('',3,(#7926,#7927,#7928,#7929,#7930),
 .UNSPECIFIED.,.F.,.F.,(4,1,4),(0.,0.0520196140847323,0.118757006426962),
 .UNSPECIFIED.);
#299=B_SPLINE_CURVE_WITH_KNOTS('',3,(#7932,#7933,#7934,#7935,#7936),
 .UNSPECIFIED.,.F.,.F.,(4,1,4),(0.,0.079681439837166,0.14380166635471),
 .UNSPECIFIED.);
#300=B_SPLINE_CURVE_WITH_KNOTS('',3,(#7938,#7939,#7940,#7941,#7942),
 .UNSPECIFIED.,.F.,.F.,(4,1,4),(0.,0.0529024584391459,0.100621087380616),
 .UNSPECIFIED.);
#301=B_SPLINE_CURVE_WITH_KNOTS('',3,(#7943,#7944,#7945,#7946,#7947),
 .UNSPECIFIED.,.F.,.F.,(4,1,4),(0.,0.0461651246786702,0.0968349289720671),
 .UNSPECIFIED.);
#302=B_SPLINE_CURVE_WITH_KNOTS('',3,(#7950,#7951,#7952,#7953,#7954),
 .UNSPECIFIED.,.F.,.F.,(4,1,4),(0.,0.0451836443896067,0.0862901044993198),
 .UNSPECIFIED.);
#303=B_SPLINE_CURVE_WITH_KNOTS('',3,(#7956,#7957,#7958,#7959,#7960),
 .UNSPECIFIED.,.F.,.F.,(4,1,4),(0.,0.0409708073282192,0.084982353918847),
 .UNSPECIFIED.);
#304=B_SPLINE_CURVE_WITH_KNOTS('',3,(#7962,#7963,#7964,#7965,#7966),
 .UNSPECIFIED.,.F.,.F.,(4,1,4),(0.,0.0373326383076392,0.0700726863730868),
 .UNSPECIFIED.);
#305=B_SPLINE_CURVE_WITH_KNOTS('',3,(#7968,#7969,#7970,#7971,#7972),
 .UNSPECIFIED.,.F.,.F.,(4,1,4),(0.,0.0316519612438911,0.0655607456519841),
 .UNSPECIFIED.);
#306=B_SPLINE_CURVE_WITH_KNOTS('',3,(#7974,#7975,#7976,#7977,#7978),
 .UNSPECIFIED.,.F.,.F.,(4,1,4),(0.,0.0511700332051771,0.102058510458641),
 .UNSPECIFIED.);
#307=B_SPLINE_CURVE_WITH_KNOTS('',3,(#7980,#7981,#7982,#7983,#7984),
 .UNSPECIFIED.,.F.,.F.,(4,1,4),(0.,0.0535362678815566,0.112930937295095),
 .UNSPECIFIED.);
#308=B_SPLINE_CURVE_WITH_KNOTS('',3,(#7986,#7987,#7988,#7989,#7990),
 .UNSPECIFIED.,.F.,.F.,(4,1,4),(0.,0.0598560889946542,0.114302643542405),
 .UNSPECIFIED.);
#309=B_SPLINE_CURVE_WITH_KNOTS('',3,(#7992,#7993,#7994,#7995,#7996),
 .UNSPECIFIED.,.F.,.F.,(4,1,4),(0.,0.0516017767130313,0.102972044627825),
 .UNSPECIFIED.);
#310=B_SPLINE_CURVE_WITH_KNOTS('',3,(#7998,#7999,#8000,#8001,#8002),
 .UNSPECIFIED.,.F.,.F.,(4,1,4),(0.,0.0328954482691171,0.0642408960569505),
 .UNSPECIFIED.);
#311=B_SPLINE_CURVE_WITH_KNOTS('',3,(#8004,#8005,#8006,#8007,#8008),
 .UNSPECIFIED.,.F.,.F.,(4,1,4),(0.,0.0321962455286292,0.0687319054240846),
 .UNSPECIFIED.);
#312=B_SPLINE_CURVE_WITH_KNOTS('',3,(#8010,#8011,#8012,#8013,#8014),
 .UNSPECIFIED.,.F.,.F.,(4,1,4),(0.,0.0449995358001123,0.0861812769662166),
 .UNSPECIFIED.);
#313=B_SPLINE_CURVE_WITH_KNOTS('',3,(#8016,#8017,#8018,#8019,#8020),
 .UNSPECIFIED.,.F.,.F.,(4,1,4),(0.,0.0409161364474536,0.0844833845291401),
 .UNSPECIFIED.);
#314=B_SPLINE_CURVE_WITH_KNOTS('',3,(#8022,#8023,#8024,#8025,#8026),
 .UNSPECIFIED.,.F.,.F.,(4,1,4),(0.,0.0600839770391247,0.119549640984918),
 .UNSPECIFIED.);
#315=B_SPLINE_CURVE_WITH_KNOTS('',3,(#8028,#8029,#8030,#8031,#8032),
 .UNSPECIFIED.,.F.,.F.,(4,1,4),(0.,0.0618934800478109,0.129627145413942),
 .UNSPECIFIED.);
#316=B_SPLINE_CURVE_WITH_KNOTS('',3,(#8034,#8035,#8036,#8037,#8038),
 .UNSPECIFIED.,.F.,.F.,(4,1,4),(0.,0.0677336557619183,0.12962721792257),
 .UNSPECIFIED.);
#317=B_SPLINE_CURVE_WITH_KNOTS('',3,(#8039,#8040,#8041,#8042,#8043),
 .UNSPECIFIED.,.F.,.F.,(4,1,4),(0.,0.0599561146367429,0.121128999698535),
 .UNSPECIFIED.);
#318=B_SPLINE_CURVE_WITH_KNOTS('',3,(#8046,#8047,#8048,#8049,#8050),
 .UNSPECIFIED.,.F.,.F.,(4,1,4),(0.,0.0542663042135734,0.103815346437514),
 .UNSPECIFIED.);
#319=B_SPLINE_CURVE_WITH_KNOTS('',3,(#8052,#8053,#8054,#8055,#8056),
 .UNSPECIFIED.,.F.,.F.,(4,1,4),(0.,0.0496793846116063,0.103836991705219),
 .UNSPECIFIED.);
#320=B_SPLINE_CURVE_WITH_KNOTS('',3,(#8060,#8061,#8062,#8063,#8064),
 .UNSPECIFIED.,.F.,.F.,(4,1,4),(0.,0.0327372835405923,0.0578634464404441),
 .UNSPECIFIED.);
#321=B_SPLINE_CURVE_WITH_KNOTS('',3,(#8066,#8067,#8068,#8069,#8070),
 .UNSPECIFIED.,.F.,.F.,(4,1,4),(0.,0.0340676942614243,0.0682980852053608),
 .UNSPECIFIED.);
#322=B_SPLINE_CURVE_WITH_KNOTS('',3,(#8072,#8073,#8074,#8075,#8076),
 .UNSPECIFIED.,.F.,.F.,(4,1,4),(0.,0.027843365821479,0.0547659772387825),
 .UNSPECIFIED.);
#323=B_SPLINE_CURVE_WITH_KNOTS('',3,(#8078,#8079,#8080,#8081,#8082),
 .UNSPECIFIED.,.F.,.F.,(4,1,4),(0.,0.0367179624187499,0.0775554197174561),
 .UNSPECIFIED.);
#324=B_SPLINE_CURVE_WITH_KNOTS('',3,(#8084,#8085,#8086,#8087,#8088),
 .UNSPECIFIED.,.F.,.F.,(4,1,4),(0.,0.0508124035199345,0.117400033233114),
 .UNSPECIFIED.);
#325=B_SPLINE_CURVE_WITH_KNOTS('',3,(#8090,#8091,#8092,#8093,#8094),
 .UNSPECIFIED.,.F.,.F.,(4,1,4),(0.,0.0383740788053719,0.0744949009520681),
 .UNSPECIFIED.);
#326=B_SPLINE_CURVE_WITH_KNOTS('',3,(#8096,#8097,#8098,#8099,#8100),
 .UNSPECIFIED.,.F.,.F.,(4,1,4),(0.,0.035048505215718,0.0696535870939551),
 .UNSPECIFIED.);
#327=B_SPLINE_CURVE_WITH_KNOTS('',3,(#8102,#8103,#8104,#8105,#8106),
 .UNSPECIFIED.,.F.,.F.,(4,1,4),(0.,0.0579084577641827,0.116399031324587),
 .UNSPECIFIED.);
#328=B_SPLINE_CURVE_WITH_KNOTS('',3,(#8108,#8109,#8110,#8111,#8112),
 .UNSPECIFIED.,.F.,.F.,(4,1,4),(0.,0.0610350779868393,0.126904054592791),
 .UNSPECIFIED.);
#329=B_SPLINE_CURVE_WITH_KNOTS('',3,(#8114,#8115,#8116,#8117,#8118),
 .UNSPECIFIED.,.F.,.F.,(4,1,4),(0.,0.0457338619948745,0.090644427081241),
 .UNSPECIFIED.);
#330=B_SPLINE_CURVE_WITH_KNOTS('',3,(#8120,#8121,#8122,#8123,#8124),
 .UNSPECIFIED.,.F.,.F.,(4,1,4),(0.,0.0428753060228332,0.0839351228129366),
 .UNSPECIFIED.);
#331=B_SPLINE_CURVE_WITH_KNOTS('',3,(#8126,#8127,#8128,#8129,#8130),
 .UNSPECIFIED.,.F.,.F.,(4,1,4),(0.,0.0411453414347849,0.0841154329900053),
 .UNSPECIFIED.);
#332=B_SPLINE_CURVE_WITH_KNOTS('',3,(#8132,#8133,#8134,#8135,#8136),
 .UNSPECIFIED.,.F.,.F.,(4,1,4),(0.,0.0710688016269973,0.140800901674629),
 .UNSPECIFIED.);
#333=B_SPLINE_CURVE_WITH_KNOTS('',3,(#8138,#8139,#8140,#8141,#8142),
 .UNSPECIFIED.,.F.,.F.,(4,1,4),(0.,0.0832102077729628,0.195223955250071),
 .UNSPECIFIED.);
#334=B_SPLINE_CURVE_WITH_KNOTS('',3,(#8144,#8145,#8146,#8147,#8148),
 .UNSPECIFIED.,.F.,.F.,(4,1,4),(0.,0.125884337958883,0.220443457534191),
 .UNSPECIFIED.);
#335=B_SPLINE_CURVE_WITH_KNOTS('',3,(#8149,#8150,#8151,#8152,#8153),
 .UNSPECIFIED.,.F.,.F.,(4,1,4),(0.,0.0696610976291184,0.14211783608149),
 .UNSPECIFIED.);
#336=B_SPLINE_CURVE_WITH_KNOTS('',3,(#8178,#8179,#8180,#8181,#8182),
 .UNSPECIFIED.,.F.,.F.,(4,1,4),(0.,0.0218176075139688,0.0420889059528155),
 .UNSPECIFIED.);
#337=B_SPLINE_CURVE_WITH_KNOTS('',3,(#8190,#8191,#8192,#8193,#8194),
 .UNSPECIFIED.,.F.,.F.,(4,1,4),(0.,0.0217910867989323,0.0434483172669869),
 .UNSPECIFIED.);
#338=B_SPLINE_CURVE_WITH_KNOTS('',3,(#8196,#8197,#8198,#8199,#8200),
 .UNSPECIFIED.,.F.,.F.,(4,1,4),(0.,0.0372947866103706,0.0780238734274599),
 .UNSPECIFIED.);
#339=B_SPLINE_CURVE_WITH_KNOTS('',3,(#8202,#8203,#8204,#8205,#8206),
 .UNSPECIFIED.,.F.,.F.,(4,1,4),(0.,0.0490851135575105,0.110607487905956),
 .UNSPECIFIED.);
#340=B_SPLINE_CURVE_WITH_KNOTS('',3,(#8208,#8209,#8210,#8211,#8212),
 .UNSPECIFIED.,.F.,.F.,(4,1,4),(0.,0.0908154700048634,0.15292086159336),
 .UNSPECIFIED.);
#341=B_SPLINE_CURVE_WITH_KNOTS('',3,(#8214,#8215,#8216,#8217,#8218),
 .UNSPECIFIED.,.F.,.F.,(4,1,4),(0.,0.0437534499090946,0.0803580234314609),
 .UNSPECIFIED.);
#342=B_SPLINE_CURVE_WITH_KNOTS('',3,(#8220,#8221,#8222,#8223,#8224),
 .UNSPECIFIED.,.F.,.F.,(4,1,4),(0.,0.0342303210135999,0.068298049735794),
 .UNSPECIFIED.);
#343=B_SPLINE_CURVE_WITH_KNOTS('',3,(#8226,#8227,#8228,#8229,#8230),
 .UNSPECIFIED.,.F.,.F.,(4,1,4),(0.,0.0354121134006625,0.0738765251855123),
 .UNSPECIFIED.);
#344=B_SPLINE_CURVE_WITH_KNOTS('',3,(#8232,#8233,#8234,#8235,#8236),
 .UNSPECIFIED.,.F.,.F.,(4,1,4),(0.,0.0404549665622204,0.0773518059567474),
 .UNSPECIFIED.);
#345=B_SPLINE_CURVE_WITH_KNOTS('',3,(#8238,#8239,#8240,#8241,#8242),
 .UNSPECIFIED.,.F.,.F.,(4,1,4),(0.,0.0375179701973238,0.0800335123930926),
 .UNSPECIFIED.);
#346=B_SPLINE_CURVE_WITH_KNOTS('',3,(#8246,#8247,#8248,#8249,#8250),
 .UNSPECIFIED.,.F.,.F.,(4,1,4),(0.,0.0640461995873068,0.120272768121803),
 .UNSPECIFIED.);
#347=B_SPLINE_CURVE_WITH_KNOTS('',3,(#8252,#8253,#8254,#8255,#8256),
 .UNSPECIFIED.,.F.,.F.,(4,1,4),(0.,0.0568469296351124,0.12155270350367),
 .UNSPECIFIED.);
#348=B_SPLINE_CURVE_WITH_KNOTS('',3,(#8258,#8259,#8260,#8261,#8262),
 .UNSPECIFIED.,.F.,.F.,(4,1,4),(0.,0.0652285053449521,0.123033652898628),
 .UNSPECIFIED.);
#349=B_SPLINE_CURVE_WITH_KNOTS('',3,(#8264,#8265,#8266,#8267,#8268),
 .UNSPECIFIED.,.F.,.F.,(4,1,4),(0.,0.0546459733174597,0.109879939285712),
 .UNSPECIFIED.);
#350=B_SPLINE_CURVE_WITH_KNOTS('',3,(#8270,#8271,#8272,#8273,#8274),
 .UNSPECIFIED.,.F.,.F.,(4,1,4),(0.,0.0299157610181046,0.0605775306981538),
 .UNSPECIFIED.);
#351=B_SPLINE_CURVE_WITH_KNOTS('',3,(#8276,#8277,#8278,#8279,#8280),
 .UNSPECIFIED.,.F.,.F.,(4,1,4),(0.,0.0339637534766598,0.0737413858924635),
 .UNSPECIFIED.);
#352=B_SPLINE_CURVE_WITH_KNOTS('',3,(#8282,#8283,#8284,#8285,#8286),
 .UNSPECIFIED.,.F.,.F.,(4,1,4),(0.,0.0536000537971173,0.12917587153259),
 .UNSPECIFIED.);
#353=B_SPLINE_CURVE_WITH_KNOTS('',3,(#8287,#8288,#8289,#8290,#8291),
 .UNSPECIFIED.,.F.,.F.,(4,1,4),(0.,0.0598001535264518,0.0949654394031728),
 .UNSPECIFIED.);
#354=B_SPLINE_CURVE_WITH_KNOTS('',3,(#8302,#8303,#8304,#8305,#8306),
 .UNSPECIFIED.,.F.,.F.,(4,1,4),(0.,0.0332542982856907,0.0721596069386628),
 .UNSPECIFIED.);
#355=B_SPLINE_CURVE_WITH_KNOTS('',3,(#8308,#8309,#8310,#8311,#8312),
 .UNSPECIFIED.,.F.,.F.,(4,1,4),(0.,0.0387270999342029,0.0719123587156729),
 .UNSPECIFIED.);
#356=B_SPLINE_CURVE_WITH_KNOTS('',3,(#8316,#8317,#8318,#8319,#8320),
 .UNSPECIFIED.,.F.,.F.,(4,1,4),(0.,0.0551897050158099,0.107749556236625),
 .UNSPECIFIED.);
#357=B_SPLINE_CURVE_WITH_KNOTS('',3,(#8321,#8322,#8323,#8324,#8325),
 .UNSPECIFIED.,.F.,.F.,(4,1,4),(0.,0.0472745758158476,0.0866738005378113),
 .UNSPECIFIED.);
#358=B_SPLINE_CURVE_WITH_KNOTS('',3,(#8328,#8329,#8330,#8331,#8332),
 .UNSPECIFIED.,.F.,.F.,(4,1,4),(0.,0.0610753476027705,0.118397575438087),
 .UNSPECIFIED.);
#359=B_SPLINE_CURVE_WITH_KNOTS('',3,(#8334,#8335,#8336,#8337,#8338),
 .UNSPECIFIED.,.F.,.F.,(4,1,4),(0.,0.0564294709496232,0.115111848789961),
 .UNSPECIFIED.);
#360=B_SPLINE_CURVE_WITH_KNOTS('',3,(#8342,#8343,#8344,#8345,#8346),
 .UNSPECIFIED.,.F.,.F.,(4,1,4),(0.,0.0471374156499247,0.0844463385034418),
 .UNSPECIFIED.);
#361=B_SPLINE_CURVE_WITH_KNOTS('',3,(#8348,#8349,#8350,#8351,#8352),
 .UNSPECIFIED.,.F.,.F.,(4,1,4),(0.,0.0330921010431209,0.067337296503284),
 .UNSPECIFIED.);
#362=B_SPLINE_CURVE_WITH_KNOTS('',3,(#8354,#8355,#8356,#8357,#8358),
 .UNSPECIFIED.,.F.,.F.,(4,1,4),(0.,0.0406038516044686,0.080618956644265),
 .UNSPECIFIED.);
#363=B_SPLINE_CURVE_WITH_KNOTS('',3,(#8360,#8361,#8362,#8363,#8364),
 .UNSPECIFIED.,.F.,.F.,(4,1,4),(0.,0.0404391751765394,0.0818812857336721),
 .UNSPECIFIED.);
#364=B_SPLINE_CURVE_WITH_KNOTS('',3,(#8366,#8367,#8368,#8369,#8370),
 .UNSPECIFIED.,.F.,.F.,(4,1,4),(0.,0.0391541379235305,0.0764715612254127),
 .UNSPECIFIED.);
#365=B_SPLINE_CURVE_WITH_KNOTS('',3,(#8372,#8373,#8374,#8375,#8376),
 .UNSPECIFIED.,.F.,.F.,(4,1,4),(0.,0.0376015574550056,0.0770915097376104),
 .UNSPECIFIED.);
#366=B_SPLINE_CURVE_WITH_KNOTS('',3,(#8378,#8379,#8380,#8381,#8382),
 .UNSPECIFIED.,.F.,.F.,(4,1,4),(0.,0.0196002096404197,0.0439333859436336),
 .UNSPECIFIED.);
#367=B_SPLINE_CURVE_WITH_KNOTS('',3,(#8386,#8387,#8388,#8389,#8390),
 .UNSPECIFIED.,.F.,.F.,(4,1,4),(0.,0.00556583404137605,0.00991769523789547),
 .UNSPECIFIED.);
#368=B_SPLINE_CURVE_WITH_KNOTS('',3,(#8392,#8393,#8394,#8395,#8396),
 .UNSPECIFIED.,.F.,.F.,(4,1,4),(0.,0.0376108132970383,0.0743129721866254),
 .UNSPECIFIED.);
#369=B_SPLINE_CURVE_WITH_KNOTS('',3,(#8398,#8399,#8400,#8401,#8402),
 .UNSPECIFIED.,.F.,.F.,(4,1,4),(0.,0.0350733740678862,0.0729845560340777),
 .UNSPECIFIED.);
#370=B_SPLINE_CURVE_WITH_KNOTS('',3,(#8404,#8405,#8406,#8407,#8408),
 .UNSPECIFIED.,.F.,.F.,(4,1,4),(0.,0.0313904842147987,0.0617573469507271),
 .UNSPECIFIED.);
#371=B_SPLINE_CURVE_WITH_KNOTS('',3,(#8410,#8411,#8412,#8413,#8414),
 .UNSPECIFIED.,.F.,.F.,(4,1,4),(0.,0.0310107670314217,0.0643027700297314),
 .UNSPECIFIED.);
#372=B_SPLINE_CURVE_WITH_KNOTS('',3,(#8416,#8417,#8418,#8419,#8420),
 .UNSPECIFIED.,.F.,.F.,(4,1,4),(0.,0.0333062984553339,0.0650304159974321),
 .UNSPECIFIED.);
#373=B_SPLINE_CURVE_WITH_KNOTS('',3,(#8422,#8423,#8424,#8425,#8426),
 .UNSPECIFIED.,.F.,.F.,(4,1,4),(0.,0.0342977307749464,0.0752204843304529),
 .UNSPECIFIED.);
#374=B_SPLINE_CURVE_WITH_KNOTS('',3,(#8430,#8431,#8432,#8433,#8434),
 .UNSPECIFIED.,.F.,.F.,(4,1,4),(0.,0.0577560143518382,0.110035964036563),
 .UNSPECIFIED.);
#375=B_SPLINE_CURVE_WITH_KNOTS('',3,(#8436,#8437,#8438,#8439,#8440),
 .UNSPECIFIED.,.F.,.F.,(4,1,4),(0.,0.0515577297547186,0.106705839734694),
 .UNSPECIFIED.);
#376=B_SPLINE_CURVE_WITH_KNOTS('',3,(#8442,#8443,#8444,#8445,#8446),
 .UNSPECIFIED.,.F.,.F.,(4,1,4),(0.,0.0395569285603717,0.0779990605853786),
 .UNSPECIFIED.);
#377=B_SPLINE_CURVE_WITH_KNOTS('',3,(#8448,#8449,#8450,#8451,#8452),
 .UNSPECIFIED.,.F.,.F.,(4,1,4),(0.,0.0367040089779317,0.0717278884739949),
 .UNSPECIFIED.);
#378=B_SPLINE_CURVE_WITH_KNOTS('',3,(#8454,#8455,#8456,#8457,#8458),
 .UNSPECIFIED.,.F.,.F.,(4,1,4),(0.,0.0342057657538168,0.0676922560135504),
 .UNSPECIFIED.);
#379=B_SPLINE_CURVE_WITH_KNOTS('',3,(#8460,#8461,#8462,#8463,#8464),
 .UNSPECIFIED.,.F.,.F.,(4,1,4),(0.,0.0312555376472925,0.062193149567601),
 .UNSPECIFIED.);
#380=B_SPLINE_CURVE_WITH_KNOTS('',3,(#8466,#8467,#8468,#8469,#8470),
 .UNSPECIFIED.,.F.,.F.,(4,1,4),(0.,0.0321769566753228,0.0673182682992443),
 .UNSPECIFIED.);
#381=B_SPLINE_CURVE_WITH_KNOTS('',3,(#8472,#8473,#8474,#8475,#8476),
 .UNSPECIFIED.,.F.,.F.,(4,1,4),(0.,0.0424338464910251,0.0823307425093003),
 .UNSPECIFIED.);
#382=B_SPLINE_CURVE_WITH_KNOTS('',3,(#8478,#8479,#8480,#8481,#8482),
 .UNSPECIFIED.,.F.,.F.,(4,1,4),(0.,0.0405737228660203,0.0853350695821744),
 .UNSPECIFIED.);
#383=B_SPLINE_CURVE_WITH_KNOTS('',3,(#8484,#8485,#8486,#8487,#8488),
 .UNSPECIFIED.,.F.,.F.,(4,1,4),(0.,0.0617045681115293,0.123734456319688),
 .UNSPECIFIED.);
#384=B_SPLINE_CURVE_WITH_KNOTS('',3,(#8489,#8490,#8491,#8492,#8493),
 .UNSPECIFIED.,.F.,.F.,(4,1,4),(0.,0.0638731384757737,0.131508677860341),
 .UNSPECIFIED.);
#385=B_SPLINE_CURVE_WITH_KNOTS('',3,(#8496,#8497,#8498,#8499,#8500),
 .UNSPECIFIED.,.F.,.F.,(4,1,4),(0.,0.0627197098398673,0.119946942309451),
 .UNSPECIFIED.);
#386=B_SPLINE_CURVE_WITH_KNOTS('',3,(#8502,#8503,#8504,#8505,#8506),
 .UNSPECIFIED.,.F.,.F.,(4,1,4),(0.,0.0557992389326012,0.114706257561376),
 .UNSPECIFIED.);
#387=B_SPLINE_CURVE_WITH_KNOTS('',3,(#8510,#8511,#8512,#8513,#8514),
 .UNSPECIFIED.,.F.,.F.,(4,1,4),(0.,0.042936932216716,0.0794229547053171),
 .UNSPECIFIED.);
#388=B_SPLINE_CURVE_WITH_KNOTS('',3,(#8516,#8517,#8518,#8519,#8520),
 .UNSPECIFIED.,.F.,.F.,(4,1,4),(0.,0.0338678413150431,0.0685620567337463),
 .UNSPECIFIED.);
#389=B_SPLINE_CURVE_WITH_KNOTS('',3,(#8522,#8523,#8524,#8525,#8526),
 .UNSPECIFIED.,.F.,.F.,(4,1,4),(0.,0.0417719491070894,0.0841000439771112),
 .UNSPECIFIED.);
#390=B_SPLINE_CURVE_WITH_KNOTS('',3,(#8528,#8529,#8530,#8531,#8532),
 .UNSPECIFIED.,.F.,.F.,(4,1,4),(0.,0.0451858352075359,0.0955690738275269),
 .UNSPECIFIED.);
#391=B_SPLINE_CURVE_WITH_KNOTS('',3,(#8534,#8535,#8536,#8537,#8538),
 .UNSPECIFIED.,.F.,.F.,(4,1,4),(0.,0.0475636126146235,0.0897992944261258),
 .UNSPECIFIED.);
#392=B_SPLINE_CURVE_WITH_KNOTS('',3,(#8540,#8541,#8542,#8543,#8544),
 .UNSPECIFIED.,.F.,.F.,(4,1,4),(0.,0.0408648848577099,0.0846717705740038),
 .UNSPECIFIED.);
#393=B_SPLINE_CURVE_WITH_KNOTS('',3,(#8546,#8547,#8548,#8549,#8550),
 .UNSPECIFIED.,.F.,.F.,(4,1,4),(0.,0.0284283714879703,0.0557413051256862),
 .UNSPECIFIED.);
#394=B_SPLINE_CURVE_WITH_KNOTS('',3,(#8552,#8553,#8554,#8555,#8556),
 .UNSPECIFIED.,.F.,.F.,(4,1,4),(0.,0.0262669441094077,0.0515730003932563),
 .UNSPECIFIED.);
#395=B_SPLINE_CURVE_WITH_KNOTS('',3,(#8570,#8571,#8572,#8573,#8574),
 .UNSPECIFIED.,.F.,.F.,(4,1,4),(0.,0.0517851519522547,0.100763289056962),
 .UNSPECIFIED.);
#396=B_SPLINE_CURVE_WITH_KNOTS('',3,(#8576,#8577,#8578,#8579,#8580),
 .UNSPECIFIED.,.F.,.F.,(4,1,4),(0.,0.0614242280757362,0.122013841226584),
 .UNSPECIFIED.);
#397=B_SPLINE_CURVE_WITH_KNOTS('',3,(#8582,#8583,#8584,#8585,#8586),
 .UNSPECIFIED.,.F.,.F.,(4,1,4),(0.,0.0618681352980181,0.127640514642888),
 .UNSPECIFIED.);
#398=B_SPLINE_CURVE_WITH_KNOTS('',3,(#8588,#8589,#8590,#8591,#8592),
 .UNSPECIFIED.,.F.,.F.,(4,1,4),(0.,0.0640358816831102,0.125702735904233),
 .UNSPECIFIED.);
#399=B_SPLINE_CURVE_WITH_KNOTS('',3,(#8593,#8594,#8595,#8596,#8597),
 .UNSPECIFIED.,.F.,.F.,(4,1,4),(0.,0.072853600854711,0.148822340672413),
 .UNSPECIFIED.);
#400=B_SPLINE_CURVE_WITH_KNOTS('',3,(#8600,#8601,#8602,#8603,#8604),
 .UNSPECIFIED.,.F.,.F.,(4,1,4),(0.,0.0834828267181977,0.158230793087571),
 .UNSPECIFIED.);
#401=B_SPLINE_CURVE_WITH_KNOTS('',3,(#8614,#8615,#8616,#8617,#8618),
 .UNSPECIFIED.,.F.,.F.,(4,1,4),(0.,0.0759298508360621,0.165317634624141),
 .UNSPECIFIED.);
#402=B_SPLINE_CURVE_WITH_KNOTS('',3,(#8620,#8621,#8622,#8623,#8624),
 .UNSPECIFIED.,.F.,.F.,(4,1,4),(0.,0.0949559097434613,0.188046095621246),
 .UNSPECIFIED.);
#403=B_SPLINE_CURVE_WITH_KNOTS('',3,(#8626,#8627,#8628,#8629,#8630),
 .UNSPECIFIED.,.F.,.F.,(4,1,4),(0.,0.0674502230403241,0.139654095901599),
 .UNSPECIFIED.);
#404=B_SPLINE_CURVE_WITH_KNOTS('',3,(#8634,#8635,#8636,#8637,#8638),
 .UNSPECIFIED.,.F.,.F.,(4,1,4),(0.,0.0654480883065756,0.144688986355528),
 .UNSPECIFIED.);
#405=B_SPLINE_CURVE_WITH_KNOTS('',3,(#8639,#8640,#8641,#8642,#8643),
 .UNSPECIFIED.,.F.,.F.,(4,1,4),(0.,0.0863378669212026,0.173320094222271),
 .UNSPECIFIED.);
#406=B_SPLINE_CURVE_WITH_KNOTS('',3,(#8646,#8647,#8648,#8649,#8650),
 .UNSPECIFIED.,.F.,.F.,(4,1,4),(0.,0.0539033664421157,0.102901750395014),
 .UNSPECIFIED.);
#407=B_SPLINE_CURVE_WITH_KNOTS('',3,(#8652,#8653,#8654,#8655,#8656),
 .UNSPECIFIED.,.F.,.F.,(4,1,4),(0.,0.0493013359643665,0.103821617157995),
 .UNSPECIFIED.);
#408=B_SPLINE_CURVE_WITH_KNOTS('',3,(#8660,#8661,#8662,#8663,#8664),
 .UNSPECIFIED.,.F.,.F.,(4,1,4),(0.,0.0375194855488833,0.0677418228842806),
 .UNSPECIFIED.);
#409=B_SPLINE_CURVE_WITH_KNOTS('',3,(#8666,#8667,#8668,#8669,#8670),
 .UNSPECIFIED.,.F.,.F.,(4,1,4),(0.,0.0279321433902613,0.0583942075983068),
 .UNSPECIFIED.);
#410=B_SPLINE_CURVE_WITH_KNOTS('',3,(#8672,#8673,#8674,#8675,#8676),
 .UNSPECIFIED.,.F.,.F.,(4,1,4),(0.,0.0267149049225851,0.0516261784150691),
 .UNSPECIFIED.);
#411=B_SPLINE_CURVE_WITH_KNOTS('',3,(#8678,#8679,#8680,#8681,#8682),
 .UNSPECIFIED.,.F.,.F.,(4,1,4),(0.,0.0246785992176313,0.0495403448005961),
 .UNSPECIFIED.);
#412=B_SPLINE_CURVE_WITH_KNOTS('',3,(#8684,#8685,#8686,#8687,#8688),
 .UNSPECIFIED.,.F.,.F.,(4,1,4),(0.,0.0284856085928077,0.0631402316591597),
 .UNSPECIFIED.);
#413=B_SPLINE_CURVE_WITH_KNOTS('',3,(#8690,#8691,#8692,#8693,#8694),
 .UNSPECIFIED.,.F.,.F.,(4,1,4),(0.,0.0378121228900605,0.0757401848352604),
 .UNSPECIFIED.);
#414=B_SPLINE_CURVE_WITH_KNOTS('',3,(#8696,#8697,#8698,#8699,#8700),
 .UNSPECIFIED.,.F.,.F.,(4,1,4),(0.,0.00511669584497052,0.0122835956500121),
 .UNSPECIFIED.);
#415=B_SPLINE_CURVE_WITH_KNOTS('',3,(#8702,#8703,#8704,#8705,#8706),
 .UNSPECIFIED.,.F.,.F.,(4,1,4),(0.,0.0344119940372132,0.0700201861488216),
 .UNSPECIFIED.);
#416=B_SPLINE_CURVE_WITH_KNOTS('',3,(#8708,#8709,#8710,#8711,#8712),
 .UNSPECIFIED.,.F.,.F.,(4,1,4),(0.,0.0357532840831579,0.0718490146087595),
 .UNSPECIFIED.);
#417=B_SPLINE_CURVE_WITH_KNOTS('',3,(#8714,#8715,#8716,#8717,#8718),
 .UNSPECIFIED.,.F.,.F.,(4,1,4),(0.,0.0583937831469982,0.116875064484167),
 .UNSPECIFIED.);
#418=B_SPLINE_CURVE_WITH_KNOTS('',3,(#8720,#8721,#8722,#8723,#8724),
 .UNSPECIFIED.,.F.,.F.,(4,1,4),(0.,0.0613339947432805,0.12870360827559),
 .UNSPECIFIED.);
#419=B_SPLINE_CURVE_WITH_KNOTS('',3,(#8726,#8727,#8728,#8729,#8730),
 .UNSPECIFIED.,.F.,.F.,(4,1,4),(0.,0.0695420717516922,0.132926869225299),
 .UNSPECIFIED.);
#420=B_SPLINE_CURVE_WITH_KNOTS('',3,(#8732,#8733,#8734,#8735,#8736),
 .UNSPECIFIED.,.F.,.F.,(4,1,4),(0.,0.0614448244139299,0.124424785137188),
 .UNSPECIFIED.);
#421=B_SPLINE_CURVE_WITH_KNOTS('',3,(#8738,#8739,#8740,#8741,#8742),
 .UNSPECIFIED.,.F.,.F.,(4,1,4),(0.,0.0471002935910652,0.0938312363437858),
 .UNSPECIFIED.);
#422=B_SPLINE_CURVE_WITH_KNOTS('',3,(#8744,#8745,#8746,#8747,#8748),
 .UNSPECIFIED.,.F.,.F.,(4,1,4),(0.,0.0478250233988194,0.0980697749958685),
 .UNSPECIFIED.);
#423=B_SPLINE_CURVE_WITH_KNOTS('',3,(#8750,#8751,#8752,#8753,#8754),
 .UNSPECIFIED.,.F.,.F.,(4,1,4),(0.,0.0614278130587069,0.142773013808487),
 .UNSPECIFIED.);
#424=B_SPLINE_CURVE_WITH_KNOTS('',3,(#8756,#8757,#8758,#8759,#8760),
 .UNSPECIFIED.,.F.,.F.,(4,1,4),(0.,0.0862756250673372,0.154755083513855),
 .UNSPECIFIED.);
#425=B_SPLINE_CURVE_WITH_KNOTS('',3,(#8762,#8763,#8764,#8765,#8766),
 .UNSPECIFIED.,.F.,.F.,(4,1,4),(0.,0.0562135654102698,0.107522572435112),
 .UNSPECIFIED.);
#426=B_SPLINE_CURVE_WITH_KNOTS('',3,(#8767,#8768,#8769,#8770,#8771),
 .UNSPECIFIED.,.F.,.F.,(4,1,4),(0.,0.0497624477264923,0.101963431063346),
 .UNSPECIFIED.);
#427=B_SPLINE_CURVE_WITH_KNOTS('',3,(#8782,#8783,#8784,#8785,#8786),
 .UNSPECIFIED.,.F.,.F.,(4,1,4),(0.,0.0332542752847683,0.0721596089536082),
 .UNSPECIFIED.);
#428=B_SPLINE_CURVE_WITH_KNOTS('',3,(#8788,#8789,#8790,#8791,#8792),
 .UNSPECIFIED.,.F.,.F.,(4,1,4),(0.,0.0387270999342029,0.0719123587156729),
 .UNSPECIFIED.);
#429=B_SPLINE_CURVE_WITH_KNOTS('',3,(#8796,#8797,#8798,#8799,#8800),
 .UNSPECIFIED.,.F.,.F.,(4,1,4),(0.,0.0551897050158099,0.107749556236625),
 .UNSPECIFIED.);
#430=B_SPLINE_CURVE_WITH_KNOTS('',3,(#8801,#8802,#8803,#8804,#8805),
 .UNSPECIFIED.,.F.,.F.,(4,1,4),(0.,0.0472745758158476,0.0866738005378113),
 .UNSPECIFIED.);
#431=B_SPLINE_CURVE_WITH_KNOTS('',3,(#8816,#8817,#8818,#8819,#8820),
 .UNSPECIFIED.,.F.,.F.,(4,1,4),(0.,0.0332542982856907,0.0721596069386628),
 .UNSPECIFIED.);
#432=B_SPLINE_CURVE_WITH_KNOTS('',3,(#8822,#8823,#8824,#8825,#8826),
 .UNSPECIFIED.,.F.,.F.,(4,1,4),(0.,0.0387270999342029,0.0719123587156729),
 .UNSPECIFIED.);
#433=B_SPLINE_CURVE_WITH_KNOTS('',3,(#8830,#8831,#8832,#8833,#8834),
 .UNSPECIFIED.,.F.,.F.,(4,1,4),(0.,0.0551897050158099,0.107749556236625),
 .UNSPECIFIED.);
#434=B_SPLINE_CURVE_WITH_KNOTS('',3,(#8835,#8836,#8837,#8838,#8839),
 .UNSPECIFIED.,.F.,.F.,(4,1,4),(0.,0.0472745758158476,0.0866738005378113),
 .UNSPECIFIED.);
#435=B_SPLINE_CURVE_WITH_KNOTS('',3,(#8850,#8851,#8852,#8853,#8854),
 .UNSPECIFIED.,.F.,.F.,(4,1,4),(0.,0.0332543361874765,0.0721596124438792),
 .UNSPECIFIED.);
#436=B_SPLINE_CURVE_WITH_KNOTS('',3,(#8856,#8857,#8858,#8859,#8860),
 .UNSPECIFIED.,.F.,.F.,(4,1,4),(0.,0.0387271284116506,0.0719123634552067),
 .UNSPECIFIED.);
#437=B_SPLINE_CURVE_WITH_KNOTS('',3,(#8864,#8865,#8866,#8867,#8868),
 .UNSPECIFIED.,.F.,.F.,(4,1,4),(0.,0.0551897194734553,0.10774957069427),
 .UNSPECIFIED.);
#438=B_SPLINE_CURVE_WITH_KNOTS('',3,(#8869,#8870,#8871,#8872,#8873),
 .UNSPECIFIED.,.F.,.F.,(4,1,4),(0.,0.0472746186027961,0.0866737935331426),
 .UNSPECIFIED.);
#439=B_SPLINE_CURVE_WITH_KNOTS('',3,(#8899,#8900,#8901,#8902,#8903,#8904,
#8905),.UNSPECIFIED.,.F.,.F.,(4,3,4),(3.70144702370605,3.75525506050432,
3.80906309730376),.UNSPECIFIED.);
#440=B_SPLINE_CURVE_WITH_KNOTS('',3,(#8917,#8918,#8919,#8920,#8921,#8922,
#8923,#8924,#8925,#8926,#8927),.UNSPECIFIED.,.F.,.F.,(4,2,3,2,4),(3.78681406778553,
3.82299093100799,4.0456073953214,4.2682238596348,4.30440072285727),
 .UNSPECIFIED.);
#441=B_SPLINE_CURVE_WITH_KNOTS('',3,(#9003,#9004,#9005,#9006,#9007,#9008,
#9009,#9010,#9011,#9012,#9013,#9014,#9015,#9016),.UNSPECIFIED.,.F.,.F.,
(4,2,2,2,2,2,4),(2.45549752350035,2.49523148937609,2.60421109938249,2.68521781429749,
2.76326111952229,2.86085723655871,2.93637225500122),.UNSPECIFIED.);
#442=B_SPLINE_CURVE_WITH_KNOTS('',3,(#9023,#9024,#9025,#9026),
 .UNSPECIFIED.,.F.,.F.,(4,4),(2.67495408735214,3.89277045271109),
 .UNSPECIFIED.);
#443=B_SPLINE_CURVE_WITH_KNOTS('',3,(#9030,#9031,#9032,#9033),
 .UNSPECIFIED.,.F.,.F.,(4,4),(0.,1.21781636535895),.UNSPECIFIED.);
#444=B_SPLINE_CURVE_WITH_KNOTS('',3,(#9072,#9073,#9074,#9075,#9076),
 .UNSPECIFIED.,.F.,.F.,(4,1,4),(0.,0.0218176016904285,0.0420889149214224),
 .UNSPECIFIED.);
#445=B_SPLINE_CURVE_WITH_KNOTS('',3,(#9090,#9091,#9092,#9093,#9094),
 .UNSPECIFIED.,.F.,.F.,(4,1,4),(0.,0.0598001535264518,0.0949654394031728),
 .UNSPECIFIED.);
#446=B_SPLINE_CURVE_WITH_KNOTS('',3,(#9107,#9108,#9109,#9110,#9111),
 .UNSPECIFIED.,.F.,.F.,(4,1,4),(0.,0.0536000960859172,0.129175919133879),
 .UNSPECIFIED.);
#447=B_SPLINE_CURVE_WITH_KNOTS('',3,(#9124,#9125,#9126,#9127,#9128),
 .UNSPECIFIED.,.F.,.F.,(4,1,4),(0.,0.0339638057000802,0.073741391225506),
 .UNSPECIFIED.);
#448=B_SPLINE_CURVE_WITH_KNOTS('',3,(#9141,#9142,#9143,#9144,#9145),
 .UNSPECIFIED.,.F.,.F.,(4,1,4),(0.,0.0299157313730873,0.0605775010531365),
 .UNSPECIFIED.);
#449=B_SPLINE_CURVE_WITH_KNOTS('',3,(#9158,#9159,#9160,#9161,#9162),
 .UNSPECIFIED.,.F.,.F.,(4,1,4),(0.,0.0546459146323912,0.109879961756188),
 .UNSPECIFIED.);
#450=B_SPLINE_CURVE_WITH_KNOTS('',3,(#9175,#9176,#9177,#9178,#9179),
 .UNSPECIFIED.,.F.,.F.,(4,1,4),(0.,0.0652285099029585,0.12303364202659),
 .UNSPECIFIED.);
#451=B_SPLINE_CURVE_WITH_KNOTS('',3,(#9192,#9193,#9194,#9195,#9196),
 .UNSPECIFIED.,.F.,.F.,(4,1,4),(0.,0.0568469588697056,0.121552665190366),
 .UNSPECIFIED.);
#452=B_SPLINE_CURVE_WITH_KNOTS('',3,(#9209,#9210,#9211,#9212,#9213),
 .UNSPECIFIED.,.F.,.F.,(4,1,4),(0.,0.0640461417390412,0.120272793611969),
 .UNSPECIFIED.);
#453=B_SPLINE_CURVE_WITH_KNOTS('',3,(#9230,#9231,#9232,#9233,#9234),
 .UNSPECIFIED.,.F.,.F.,(4,1,4),(0.,0.0375179065301811,0.0800334878150295),
 .UNSPECIFIED.);
#454=B_SPLINE_CURVE_WITH_KNOTS('',3,(#9247,#9248,#9249,#9250,#9251),
 .UNSPECIFIED.,.F.,.F.,(4,1,4),(0.,0.0404549665622204,0.0773518399790095),
 .UNSPECIFIED.);
#455=B_SPLINE_CURVE_WITH_KNOTS('',3,(#9264,#9265,#9266,#9267,#9268),
 .UNSPECIFIED.,.F.,.F.,(4,1,4),(0.,0.0354121134006625,0.0738764663882883),
 .UNSPECIFIED.);
#456=B_SPLINE_CURVE_WITH_KNOTS('',3,(#9281,#9282,#9283,#9284,#9285),
 .UNSPECIFIED.,.F.,.F.,(4,1,4),(0.,0.0342303438784064,0.0682980381398307),
 .UNSPECIFIED.);
#457=B_SPLINE_CURVE_WITH_KNOTS('',3,(#9298,#9299,#9300,#9301,#9302),
 .UNSPECIFIED.,.F.,.F.,(4,1,4),(0.,0.0437534791805283,0.0803580527028946),
 .UNSPECIFIED.);
#458=B_SPLINE_CURVE_WITH_KNOTS('',3,(#9315,#9316,#9317,#9318,#9319),
 .UNSPECIFIED.,.F.,.F.,(4,1,4),(0.,0.090815464464552,0.152920812027033),
 .UNSPECIFIED.);
#459=B_SPLINE_CURVE_WITH_KNOTS('',3,(#9332,#9333,#9334,#9335,#9336),
 .UNSPECIFIED.,.F.,.F.,(4,1,4),(0.,0.0490850721416762,0.110607491428957),
 .UNSPECIFIED.);
#460=B_SPLINE_CURVE_WITH_KNOTS('',3,(#9349,#9350,#9351,#9352,#9353),
 .UNSPECIFIED.,.F.,.F.,(4,1,4),(0.,0.0372947996925052,0.0780238865095945),
 .UNSPECIFIED.);
#461=B_SPLINE_CURVE_WITH_KNOTS('',3,(#9366,#9367,#9368,#9369,#9370),
 .UNSPECIFIED.,.F.,.F.,(4,1,4),(0.,0.0217910848164856,0.0434483310073029),
 .UNSPECIFIED.);
#462=B_SPLINE_CURVE_WITH_KNOTS('',3,(#9400,#9401,#9402,#9403,#9404),
 .UNSPECIFIED.,.F.,.F.,(4,1,4),(0.,0.0472746173127617,0.0866738092703374),
 .UNSPECIFIED.);
#463=B_SPLINE_CURVE_WITH_KNOTS('',3,(#9417,#9418,#9419,#9420,#9421),
 .UNSPECIFIED.,.F.,.F.,(4,1,4),(0.,0.0551897050158099,0.107749556236625),
 .UNSPECIFIED.);
#464=B_SPLINE_CURVE_WITH_KNOTS('',3,(#9438,#9439,#9440,#9441,#9442),
 .UNSPECIFIED.,.F.,.F.,(4,1,4),(0.,0.0387270999342029,0.0719123587156729),
 .UNSPECIFIED.);
#465=B_SPLINE_CURVE_WITH_KNOTS('',3,(#9455,#9456,#9457,#9458,#9459),
 .UNSPECIFIED.,.F.,.F.,(4,1,4),(0.,0.0332542522838567,0.072159610968571),
 .UNSPECIFIED.);
#466=B_SPLINE_CURVE_WITH_KNOTS('',3,(#9483,#9484,#9485,#9486,#9487),
 .UNSPECIFIED.,.F.,.F.,(4,1,4),(0.,0.0390683181795671,0.0789652543239475),
 .UNSPECIFIED.);
#467=B_SPLINE_CURVE_WITH_KNOTS('',3,(#9491,#9492,#9493,#9494,#9495),
 .UNSPECIFIED.,.F.,.F.,(4,1,4),(0.,0.0390683181795671,0.0789652543239475),
 .UNSPECIFIED.);
#468=B_SPLINE_CURVE_WITH_KNOTS('',3,(#9508,#9509,#9510,#9511,#9512),
 .UNSPECIFIED.,.F.,.F.,(4,1,4),(0.,0.0443328831879838,0.0850115598154877),
 .UNSPECIFIED.);
#469=B_SPLINE_CURVE_WITH_KNOTS('',3,(#9515,#9516,#9517,#9518,#9519),
 .UNSPECIFIED.,.F.,.F.,(4,1,4),(0.,0.0443328831879838,0.0850115598154877),
 .UNSPECIFIED.);
#470=B_SPLINE_CURVE_WITH_KNOTS('',3,(#9531,#9532,#9533,#9534,#9535),
 .UNSPECIFIED.,.F.,.F.,(4,1,4),(0.,0.103000893333528,0.168048607304288),
 .UNSPECIFIED.);
#471=B_SPLINE_CURVE_WITH_KNOTS('',3,(#9538,#9539,#9540,#9541,#9542),
 .UNSPECIFIED.,.F.,.F.,(4,1,4),(0.,0.103000893333528,0.168048607304288),
 .UNSPECIFIED.);
#472=B_SPLINE_CURVE_WITH_KNOTS('',3,(#9554,#9555,#9556,#9557,#9558),
 .UNSPECIFIED.,.F.,.F.,(4,1,4),(0.,0.0651281084228092,0.167703710886641),
 .UNSPECIFIED.);
#473=B_SPLINE_CURVE_WITH_KNOTS('',3,(#9561,#9562,#9563,#9564,#9565),
 .UNSPECIFIED.,.F.,.F.,(4,1,4),(0.,0.0651281084228092,0.167703710886641),
 .UNSPECIFIED.);
#474=B_SPLINE_CURVE_WITH_KNOTS('',3,(#9577,#9578,#9579,#9580,#9581),
 .UNSPECIFIED.,.F.,.F.,(4,1,4),(0.,0.0402050701011079,0.0845906652172728),
 .UNSPECIFIED.);
#475=B_SPLINE_CURVE_WITH_KNOTS('',3,(#9584,#9585,#9586,#9587,#9588),
 .UNSPECIFIED.,.F.,.F.,(4,1,4),(0.,0.0402050701011079,0.0845906652172728),
 .UNSPECIFIED.);
#476=B_SPLINE_CURVE_WITH_KNOTS('',3,(#9600,#9601,#9602,#9603,#9604),
 .UNSPECIFIED.,.F.,.F.,(4,1,4),(0.,0.0443948451323618,0.0846608441620445),
 .UNSPECIFIED.);
#477=B_SPLINE_CURVE_WITH_KNOTS('',3,(#9607,#9608,#9609,#9610,#9611),
 .UNSPECIFIED.,.F.,.F.,(4,1,4),(0.,0.0443948451323618,0.0846608441620445),
 .UNSPECIFIED.);
#478=B_SPLINE_CURVE_WITH_KNOTS('',3,(#9623,#9624,#9625,#9626,#9627),
 .UNSPECIFIED.,.F.,.F.,(4,1,4),(0.,0.102824756132062,0.167948437267609),
 .UNSPECIFIED.);
#479=B_SPLINE_CURVE_WITH_KNOTS('',3,(#9630,#9631,#9632,#9633,#9634),
 .UNSPECIFIED.,.F.,.F.,(4,1,4),(0.,0.102824756132062,0.167948437267609),
 .UNSPECIFIED.);
#480=B_SPLINE_CURVE_WITH_KNOTS('',3,(#9645,#9646,#9647,#9648,#9649),
 .UNSPECIFIED.,.F.,.F.,(4,1,4),(0.,0.0692709879129147,0.173342298058409),
 .UNSPECIFIED.);
#481=B_SPLINE_CURVE_WITH_KNOTS('',3,(#9650,#9651,#9652,#9653,#9654),
 .UNSPECIFIED.,.F.,.F.,(4,1,4),(0.,0.0692709879129147,0.173342298058409),
 .UNSPECIFIED.);
#482=B_SPLINE_CURVE_WITH_KNOTS('',3,(#9668,#9669,#9670,#9671,#9672),
 .UNSPECIFIED.,.F.,.F.,(4,1,4),(0.,0.0658347279988518,0.128408661771583),
 .UNSPECIFIED.);
#483=B_SPLINE_CURVE_WITH_KNOTS('',3,(#9686,#9687,#9688,#9689,#9690),
 .UNSPECIFIED.,.F.,.F.,(4,1,4),(0.,0.0461651246786702,0.0968349289720671),
 .UNSPECIFIED.);
#484=B_SPLINE_CURVE_WITH_KNOTS('',3,(#9703,#9704,#9705,#9706,#9707),
 .UNSPECIFIED.,.F.,.F.,(4,1,4),(0.,0.0529024584391459,0.100621087380616),
 .UNSPECIFIED.);
#485=B_SPLINE_CURVE_WITH_KNOTS('',3,(#9720,#9721,#9722,#9723,#9724),
 .UNSPECIFIED.,.F.,.F.,(4,1,4),(0.,0.079681439837166,0.14380166635471),
 .UNSPECIFIED.);
#486=B_SPLINE_CURVE_WITH_KNOTS('',3,(#9737,#9738,#9739,#9740,#9741),
 .UNSPECIFIED.,.F.,.F.,(4,1,4),(0.,0.0520196140847323,0.118757006426962),
 .UNSPECIFIED.);
#487=B_SPLINE_CURVE_WITH_KNOTS('',3,(#9754,#9755,#9756,#9757,#9758),
 .UNSPECIFIED.,.F.,.F.,(4,1,4),(0.,0.0381001227654107,0.0808374674599438),
 .UNSPECIFIED.);
#488=B_SPLINE_CURVE_WITH_KNOTS('',3,(#9771,#9772,#9773,#9774,#9775),
 .UNSPECIFIED.,.F.,.F.,(4,1,4),(0.,0.0339981706933887,0.0691189350907898),
 .UNSPECIFIED.);
#489=B_SPLINE_CURVE_WITH_KNOTS('',3,(#9788,#9789,#9790,#9791,#9792),
 .UNSPECIFIED.,.F.,.F.,(4,1,4),(0.,0.037993915798521,0.073042421014239),
 .UNSPECIFIED.);
#490=B_SPLINE_CURVE_WITH_KNOTS('',3,(#9805,#9806,#9807,#9808,#9809),
 .UNSPECIFIED.,.F.,.F.,(4,1,4),(0.,0.0463151088179566,0.0968162357820773),
 .UNSPECIFIED.);
#491=B_SPLINE_CURVE_WITH_KNOTS('',3,(#9822,#9823,#9824,#9825,#9826),
 .UNSPECIFIED.,.F.,.F.,(4,1,4),(0.,0.0531295225517055,0.100607450608798),
 .UNSPECIFIED.);
#492=B_SPLINE_CURVE_WITH_KNOTS('',3,(#9839,#9840,#9841,#9842,#9843),
 .UNSPECIFIED.,.F.,.F.,(4,1,4),(0.,0.0801071092667821,0.14414397241998),
 .UNSPECIFIED.);
#493=B_SPLINE_CURVE_WITH_KNOTS('',3,(#9854,#9855,#9856,#9857,#9858),
 .UNSPECIFIED.,.F.,.F.,(4,1,4),(0.,0.0900221168515158,0.211899081112814),
 .UNSPECIFIED.);
#494=B_SPLINE_CURVE_WITH_KNOTS('',3,(#9872,#9873,#9874,#9875,#9876),
 .UNSPECIFIED.,.F.,.F.,(4,1,4),(0.,0.0402903893336851,0.0790976727214657),
 .UNSPECIFIED.);
#495=B_SPLINE_CURVE_WITH_KNOTS('',3,(#9880,#9881,#9882,#9883,#9884),
 .UNSPECIFIED.,.F.,.F.,(4,1,4),(0.,0.0402903893336851,0.0790976727214657),
 .UNSPECIFIED.);
#496=B_SPLINE_CURVE_WITH_KNOTS('',3,(#9897,#9898,#9899,#9900,#9901),
 .UNSPECIFIED.,.F.,.F.,(4,1,4),(0.,0.039588521038265,0.0808171933230362),
 .UNSPECIFIED.);
#497=B_SPLINE_CURVE_WITH_KNOTS('',3,(#9904,#9905,#9906,#9907,#9908),
 .UNSPECIFIED.,.F.,.F.,(4,1,4),(0.,0.039588521038265,0.0808171933230362),
 .UNSPECIFIED.);
#498=B_SPLINE_CURVE_WITH_KNOTS('',3,(#9920,#9921,#9922,#9923,#9924),
 .UNSPECIFIED.,.F.,.F.,(4,1,4),(0.,0.0411751588903121,0.0808349370488873),
 .UNSPECIFIED.);
#499=B_SPLINE_CURVE_WITH_KNOTS('',3,(#9927,#9928,#9929,#9930,#9931),
 .UNSPECIFIED.,.F.,.F.,(4,1,4),(0.,0.0411751588903121,0.0808349370488873),
 .UNSPECIFIED.);
#500=B_SPLINE_CURVE_WITH_KNOTS('',3,(#9943,#9944,#9945,#9946,#9947),
 .UNSPECIFIED.,.F.,.F.,(4,1,4),(0.,0.038665378330147,0.0791236398710967),
 .UNSPECIFIED.);
#501=B_SPLINE_CURVE_WITH_KNOTS('',3,(#9950,#9951,#9952,#9953,#9954),
 .UNSPECIFIED.,.F.,.F.,(4,1,4),(0.,0.038665378330147,0.0791236398710967),
 .UNSPECIFIED.);
#502=B_SPLINE_CURVE_WITH_KNOTS('',3,(#9966,#9967,#9968,#9969,#9970),
 .UNSPECIFIED.,.F.,.F.,(4,1,4),(0.,0.0407790881983587,0.0795880132196552),
 .UNSPECIFIED.);
#503=B_SPLINE_CURVE_WITH_KNOTS('',3,(#9973,#9974,#9975,#9976,#9977),
 .UNSPECIFIED.,.F.,.F.,(4,1,4),(0.,0.0407790881983587,0.0795880132196552),
 .UNSPECIFIED.);
#504=B_SPLINE_CURVE_WITH_KNOTS('',3,(#9989,#9990,#9991,#9992,#9993),
 .UNSPECIFIED.,.F.,.F.,(4,1,4),(0.,0.0273769196897683,0.0549485850630399),
 .UNSPECIFIED.);
#505=B_SPLINE_CURVE_WITH_KNOTS('',3,(#9996,#9997,#9998,#9999,#10000),
 .UNSPECIFIED.,.F.,.F.,(4,1,4),(0.,0.0273769196897683,0.0549485850630399),
 .UNSPECIFIED.);
#506=B_SPLINE_CURVE_WITH_KNOTS('',3,(#10012,#10013,#10014,#10015,#10016),
 .UNSPECIFIED.,.F.,.F.,(4,1,4),(0.,0.026831713646857,0.0539126248664207),
 .UNSPECIFIED.);
#507=B_SPLINE_CURVE_WITH_KNOTS('',3,(#10019,#10020,#10021,#10022,#10023),
 .UNSPECIFIED.,.F.,.F.,(4,1,4),(0.,0.026831713646857,0.0539126248664207),
 .UNSPECIFIED.);
#508=B_SPLINE_CURVE_WITH_KNOTS('',3,(#10035,#10036,#10037,#10038,#10039),
 .UNSPECIFIED.,.F.,.F.,(4,1,4),(0.,0.0260173454794762,0.0526434158477411),
 .UNSPECIFIED.);
#509=B_SPLINE_CURVE_WITH_KNOTS('',3,(#10042,#10043,#10044,#10045,#10046),
 .UNSPECIFIED.,.F.,.F.,(4,1,4),(0.,0.0260173454794762,0.0526434158477411),
 .UNSPECIFIED.);
#510=B_SPLINE_CURVE_WITH_KNOTS('',3,(#10057,#10058,#10059,#10060,#10061),
 .UNSPECIFIED.,.F.,.F.,(4,1,4),(0.,0.0385950002083268,0.0786185555549038),
 .UNSPECIFIED.);
#511=B_SPLINE_CURVE_WITH_KNOTS('',3,(#10062,#10063,#10064,#10065,#10066),
 .UNSPECIFIED.,.F.,.F.,(4,1,4),(0.,0.0385950002083268,0.0786185555549038),
 .UNSPECIFIED.);
#512=B_SPLINE_CURVE_WITH_KNOTS('',3,(#10079,#10080,#10081,#10082,#10083),
 .UNSPECIFIED.,.F.,.F.,(4,1,4),(0.,0.0326342038141044,0.0637829324544554),
 .UNSPECIFIED.);
#513=B_SPLINE_CURVE_WITH_KNOTS('',3,(#10087,#10088,#10089,#10090,#10091),
 .UNSPECIFIED.,.F.,.F.,(4,1,4),(0.,0.0326342038141044,0.0637829324544554),
 .UNSPECIFIED.);
#514=B_SPLINE_CURVE_WITH_KNOTS('',3,(#10104,#10105,#10106,#10107,#10108),
 .UNSPECIFIED.,.F.,.F.,(4,1,4),(0.,0.0313579949205228,0.0637702499518982),
 .UNSPECIFIED.);
#515=B_SPLINE_CURVE_WITH_KNOTS('',3,(#10111,#10112,#10113,#10114,#10115),
 .UNSPECIFIED.,.F.,.F.,(4,1,4),(0.,0.0313579949205228,0.0637702499518982),
 .UNSPECIFIED.);
#516=B_SPLINE_CURVE_WITH_KNOTS('',3,(#10127,#10128,#10129,#10130,#10131),
 .UNSPECIFIED.,.F.,.F.,(4,1,4),(0.,0.0315895542304577,0.0626677070148854),
 .UNSPECIFIED.);
#517=B_SPLINE_CURVE_WITH_KNOTS('',3,(#10134,#10135,#10136,#10137,#10138),
 .UNSPECIFIED.,.F.,.F.,(4,1,4),(0.,0.0315895542304577,0.0626677070148854),
 .UNSPECIFIED.);
#518=B_SPLINE_CURVE_WITH_KNOTS('',3,(#10150,#10151,#10152,#10153,#10154),
 .UNSPECIFIED.,.F.,.F.,(4,1,4),(0.,0.03029640648041,0.0607651633979536),
 .UNSPECIFIED.);
#519=B_SPLINE_CURVE_WITH_KNOTS('',3,(#10157,#10158,#10159,#10160,#10161),
 .UNSPECIFIED.,.F.,.F.,(4,1,4),(0.,0.03029640648041,0.0607651633979536),
 .UNSPECIFIED.);
#520=B_SPLINE_CURVE_WITH_KNOTS('',3,(#10173,#10174,#10175,#10176,#10177),
 .UNSPECIFIED.,.F.,.F.,(4,1,4),(0.,0.0327036020865077,0.0633554141059179),
 .UNSPECIFIED.);
#521=B_SPLINE_CURVE_WITH_KNOTS('',3,(#10180,#10181,#10182,#10183,#10184),
 .UNSPECIFIED.,.F.,.F.,(4,1,4),(0.,0.0327036020865077,0.0633554141059179),
 .UNSPECIFIED.);
#522=B_SPLINE_CURVE_WITH_KNOTS('',3,(#10196,#10197,#10198,#10199,#10200),
 .UNSPECIFIED.,.F.,.F.,(4,1,4),(0.,0.0312204422343226,0.0647788647982613),
 .UNSPECIFIED.);
#523=B_SPLINE_CURVE_WITH_KNOTS('',3,(#10203,#10204,#10205,#10206,#10207),
 .UNSPECIFIED.,.F.,.F.,(4,1,4),(0.,0.0312204422343226,0.0647788647982613),
 .UNSPECIFIED.);
#524=B_SPLINE_CURVE_WITH_KNOTS('',3,(#10219,#10220,#10221,#10222,#10223),
 .UNSPECIFIED.,.F.,.F.,(4,1,4),(0.,0.0327329917489224,0.0636652968038899),
 .UNSPECIFIED.);
#525=B_SPLINE_CURVE_WITH_KNOTS('',3,(#10226,#10227,#10228,#10229,#10230),
 .UNSPECIFIED.,.F.,.F.,(4,1,4),(0.,0.0327329917489224,0.0636652968038899),
 .UNSPECIFIED.);
#526=B_SPLINE_CURVE_WITH_KNOTS('',3,(#10241,#10242,#10243,#10244,#10245),
 .UNSPECIFIED.,.F.,.F.,(4,1,4),(0.,0.0302322596487886,0.0599640696393697),
 .UNSPECIFIED.);
#527=B_SPLINE_CURVE_WITH_KNOTS('',3,(#10246,#10247,#10248,#10249,#10250),
 .UNSPECIFIED.,.F.,.F.,(4,1,4),(0.,0.0302322596487886,0.0599640696393697),
 .UNSPECIFIED.);
#528=B_SPLINE_CURVE_WITH_KNOTS('',3,(#10264,#10265,#10266,#10267,#10268),
 .UNSPECIFIED.,.F.,.F.,(4,1,4),(0.,0.0451836443896067,0.0862901044993198),
 .UNSPECIFIED.);
#529=B_SPLINE_CURVE_WITH_KNOTS('',3,(#10282,#10283,#10284,#10285,#10286),
 .UNSPECIFIED.,.F.,.F.,(4,1,4),(0.,0.0599561146367429,0.121128999698535),
 .UNSPECIFIED.);
#530=B_SPLINE_CURVE_WITH_KNOTS('',3,(#10299,#10300,#10301,#10302,#10303),
 .UNSPECIFIED.,.F.,.F.,(4,1,4),(0.,0.0677336557619183,0.12962721792257),
 .UNSPECIFIED.);
#531=B_SPLINE_CURVE_WITH_KNOTS('',3,(#10316,#10317,#10318,#10319,#10320),
 .UNSPECIFIED.,.F.,.F.,(4,1,4),(0.,0.0618934800478109,0.129627145413942),
 .UNSPECIFIED.);
#532=B_SPLINE_CURVE_WITH_KNOTS('',3,(#10333,#10334,#10335,#10336,#10337),
 .UNSPECIFIED.,.F.,.F.,(4,1,4),(0.,0.0600839770391247,0.119549640984918),
 .UNSPECIFIED.);
#533=B_SPLINE_CURVE_WITH_KNOTS('',3,(#10350,#10351,#10352,#10353,#10354),
 .UNSPECIFIED.,.F.,.F.,(4,1,4),(0.,0.0409161364474536,0.0844833845291401),
 .UNSPECIFIED.);
#534=B_SPLINE_CURVE_WITH_KNOTS('',3,(#10367,#10368,#10369,#10370,#10371),
 .UNSPECIFIED.,.F.,.F.,(4,1,4),(0.,0.0449995358001123,0.0861812769662166),
 .UNSPECIFIED.);
#535=B_SPLINE_CURVE_WITH_KNOTS('',3,(#10384,#10385,#10386,#10387,#10388),
 .UNSPECIFIED.,.F.,.F.,(4,1,4),(0.,0.0321962455286292,0.0687319054240846),
 .UNSPECIFIED.);
#536=B_SPLINE_CURVE_WITH_KNOTS('',3,(#10401,#10402,#10403,#10404,#10405),
 .UNSPECIFIED.,.F.,.F.,(4,1,4),(0.,0.0328954482691171,0.0642408960569505),
 .UNSPECIFIED.);
#537=B_SPLINE_CURVE_WITH_KNOTS('',3,(#10418,#10419,#10420,#10421,#10422),
 .UNSPECIFIED.,.F.,.F.,(4,1,4),(0.,0.0516017767130313,0.102972044627825),
 .UNSPECIFIED.);
#538=B_SPLINE_CURVE_WITH_KNOTS('',3,(#10435,#10436,#10437,#10438,#10439),
 .UNSPECIFIED.,.F.,.F.,(4,1,4),(0.,0.0598560889946542,0.114302643542405),
 .UNSPECIFIED.);
#539=B_SPLINE_CURVE_WITH_KNOTS('',3,(#10452,#10453,#10454,#10455,#10456),
 .UNSPECIFIED.,.F.,.F.,(4,1,4),(0.,0.0535362678815566,0.112930937295095),
 .UNSPECIFIED.);
#540=B_SPLINE_CURVE_WITH_KNOTS('',3,(#10469,#10470,#10471,#10472,#10473),
 .UNSPECIFIED.,.F.,.F.,(4,1,4),(0.,0.0511700332051771,0.102058510458641),
 .UNSPECIFIED.);
#541=B_SPLINE_CURVE_WITH_KNOTS('',3,(#10486,#10487,#10488,#10489,#10490),
 .UNSPECIFIED.,.F.,.F.,(4,1,4),(0.,0.0316519612438911,0.0655607456519841),
 .UNSPECIFIED.);
#542=B_SPLINE_CURVE_WITH_KNOTS('',3,(#10503,#10504,#10505,#10506,#10507),
 .UNSPECIFIED.,.F.,.F.,(4,1,4),(0.,0.0373326383076392,0.0700726863730868),
 .UNSPECIFIED.);
#543=B_SPLINE_CURVE_WITH_KNOTS('',3,(#10518,#10519,#10520,#10521,#10522),
 .UNSPECIFIED.,.F.,.F.,(4,1,4),(0.,0.0409708073282192,0.084982353918847),
 .UNSPECIFIED.);
#544=B_SPLINE_CURVE_WITH_KNOTS('',3,(#10536,#10537,#10538,#10539,#10540),
 .UNSPECIFIED.,.F.,.F.,(4,1,4),(0.,0.039180148475849,0.0784233920337735),
 .UNSPECIFIED.);
#545=B_SPLINE_CURVE_WITH_KNOTS('',3,(#10544,#10545,#10546,#10547,#10548),
 .UNSPECIFIED.,.F.,.F.,(4,1,4),(0.,0.039180148475849,0.0784233920337735),
 .UNSPECIFIED.);
#546=B_SPLINE_CURVE_WITH_KNOTS('',3,(#10561,#10562,#10563,#10564,#10565),
 .UNSPECIFIED.,.F.,.F.,(4,1,4),(0.,0.0384786628209138,0.0775751576991428),
 .UNSPECIFIED.);
#547=B_SPLINE_CURVE_WITH_KNOTS('',3,(#10568,#10569,#10570,#10571,#10572),
 .UNSPECIFIED.,.F.,.F.,(4,1,4),(0.,0.0384786628209138,0.0775751576991428),
 .UNSPECIFIED.);
#548=B_SPLINE_CURVE_WITH_KNOTS('',3,(#10584,#10585,#10586,#10587,#10588),
 .UNSPECIFIED.,.F.,.F.,(4,1,4),(0.,0.0468117556265154,0.0876699107624476),
 .UNSPECIFIED.);
#549=B_SPLINE_CURVE_WITH_KNOTS('',3,(#10591,#10592,#10593,#10594,#10595),
 .UNSPECIFIED.,.F.,.F.,(4,1,4),(0.,0.0468117556265154,0.0876699107624476),
 .UNSPECIFIED.);
#550=B_SPLINE_CURVE_WITH_KNOTS('',3,(#10607,#10608,#10609,#10610,#10611),
 .UNSPECIFIED.,.F.,.F.,(4,1,4),(0.,0.0425367631382475,0.0913011753020643),
 .UNSPECIFIED.);
#551=B_SPLINE_CURVE_WITH_KNOTS('',3,(#10614,#10615,#10616,#10617,#10618),
 .UNSPECIFIED.,.F.,.F.,(4,1,4),(0.,0.0425367631382475,0.0913011753020643),
 .UNSPECIFIED.);
#552=B_SPLINE_CURVE_WITH_KNOTS('',3,(#10630,#10631,#10632,#10633,#10634),
 .UNSPECIFIED.,.F.,.F.,(4,1,4),(0.,0.036994096574436,0.0756728824615977),
 .UNSPECIFIED.);
#553=B_SPLINE_CURVE_WITH_KNOTS('',3,(#10637,#10638,#10639,#10640,#10641),
 .UNSPECIFIED.,.F.,.F.,(4,1,4),(0.,0.036994096574436,0.0756728824615977),
 .UNSPECIFIED.);
#554=B_SPLINE_CURVE_WITH_KNOTS('',3,(#10653,#10654,#10655,#10656,#10657),
 .UNSPECIFIED.,.F.,.F.,(4,1,4),(0.,0.0272457732425106,0.0535211635235323),
 .UNSPECIFIED.);
#555=B_SPLINE_CURVE_WITH_KNOTS('',3,(#10660,#10661,#10662,#10663,#10664),
 .UNSPECIFIED.,.F.,.F.,(4,1,4),(0.,0.0272457732425106,0.0535211635235323),
 .UNSPECIFIED.);
#556=B_SPLINE_CURVE_WITH_KNOTS('',3,(#10676,#10677,#10678,#10679,#10680),
 .UNSPECIFIED.,.F.,.F.,(4,1,4),(0.,0.0303241359714812,0.0589117031488922),
 .UNSPECIFIED.);
#557=B_SPLINE_CURVE_WITH_KNOTS('',3,(#10683,#10684,#10685,#10686,#10687),
 .UNSPECIFIED.,.F.,.F.,(4,1,4),(0.,0.0303241359714812,0.0589117031488922),
 .UNSPECIFIED.);
#558=B_SPLINE_CURVE_WITH_KNOTS('',3,(#10699,#10700,#10701,#10702,#10703),
 .UNSPECIFIED.,.F.,.F.,(4,1,4),(0.,0.0312144870235774,0.0625191352927194),
 .UNSPECIFIED.);
#559=B_SPLINE_CURVE_WITH_KNOTS('',3,(#10706,#10707,#10708,#10709,#10710),
 .UNSPECIFIED.,.F.,.F.,(4,1,4),(0.,0.0312144870235774,0.0625191352927194),
 .UNSPECIFIED.);
#560=B_SPLINE_CURVE_WITH_KNOTS('',3,(#10721,#10722,#10723,#10724,#10725),
 .UNSPECIFIED.,.F.,.F.,(4,1,4),(0.,0.0406633844022827,0.085001280552299),
 .UNSPECIFIED.);
#561=B_SPLINE_CURVE_WITH_KNOTS('',3,(#10726,#10727,#10728,#10729,#10730),
 .UNSPECIFIED.,.F.,.F.,(4,1,4),(0.,0.0406633844022827,0.085001280552299),
 .UNSPECIFIED.);
#562=B_SPLINE_CURVE_WITH_KNOTS('',3,(#10744,#10745,#10746,#10747,#10748),
 .UNSPECIFIED.,.F.,.F.,(4,1,4),(0.,0.0542663042135734,0.103815346437514),
 .UNSPECIFIED.);
#563=B_SPLINE_CURVE_WITH_KNOTS('',3,(#10762,#10763,#10764,#10765,#10766),
 .UNSPECIFIED.,.F.,.F.,(4,1,4),(0.,0.0696610976291184,0.14211783608149),
 .UNSPECIFIED.);
#564=B_SPLINE_CURVE_WITH_KNOTS('',3,(#10779,#10780,#10781,#10782,#10783),
 .UNSPECIFIED.,.F.,.F.,(4,1,4),(0.,0.125884337958883,0.220443457534191),
 .UNSPECIFIED.);
#565=B_SPLINE_CURVE_WITH_KNOTS('',3,(#10796,#10797,#10798,#10799,#10800),
 .UNSPECIFIED.,.F.,.F.,(4,1,4),(0.,0.0832102077729628,0.195223955250071),
 .UNSPECIFIED.);
#566=B_SPLINE_CURVE_WITH_KNOTS('',3,(#10813,#10814,#10815,#10816,#10817),
 .UNSPECIFIED.,.F.,.F.,(4,1,4),(0.,0.0710688016269973,0.140800901674629),
 .UNSPECIFIED.);
#567=B_SPLINE_CURVE_WITH_KNOTS('',3,(#10830,#10831,#10832,#10833,#10834),
 .UNSPECIFIED.,.F.,.F.,(4,1,4),(0.,0.0411453414347849,0.0841154329900053),
 .UNSPECIFIED.);
#568=B_SPLINE_CURVE_WITH_KNOTS('',3,(#10847,#10848,#10849,#10850,#10851),
 .UNSPECIFIED.,.F.,.F.,(4,1,4),(0.,0.0428753060228332,0.0839351228129366),
 .UNSPECIFIED.);
#569=B_SPLINE_CURVE_WITH_KNOTS('',3,(#10864,#10865,#10866,#10867,#10868),
 .UNSPECIFIED.,.F.,.F.,(4,1,4),(0.,0.0457338619948745,0.090644427081241),
 .UNSPECIFIED.);
#570=B_SPLINE_CURVE_WITH_KNOTS('',3,(#10881,#10882,#10883,#10884,#10885),
 .UNSPECIFIED.,.F.,.F.,(4,1,4),(0.,0.0610350779868393,0.126904054592791),
 .UNSPECIFIED.);
#571=B_SPLINE_CURVE_WITH_KNOTS('',3,(#10898,#10899,#10900,#10901,#10902),
 .UNSPECIFIED.,.F.,.F.,(4,1,4),(0.,0.0579084577641827,0.116399031324587),
 .UNSPECIFIED.);
#572=B_SPLINE_CURVE_WITH_KNOTS('',3,(#10915,#10916,#10917,#10918,#10919),
 .UNSPECIFIED.,.F.,.F.,(4,1,4),(0.,0.035048505215718,0.0696535870939551),
 .UNSPECIFIED.);
#573=B_SPLINE_CURVE_WITH_KNOTS('',3,(#10932,#10933,#10934,#10935,#10936),
 .UNSPECIFIED.,.F.,.F.,(4,1,4),(0.,0.0383740788053719,0.0744949009520681),
 .UNSPECIFIED.);
#574=B_SPLINE_CURVE_WITH_KNOTS('',3,(#10949,#10950,#10951,#10952,#10953),
 .UNSPECIFIED.,.F.,.F.,(4,1,4),(0.,0.0508124035199345,0.117400033233114),
 .UNSPECIFIED.);
#575=B_SPLINE_CURVE_WITH_KNOTS('',3,(#10966,#10967,#10968,#10969,#10970),
 .UNSPECIFIED.,.F.,.F.,(4,1,4),(0.,0.0367179624187499,0.0775554197174561),
 .UNSPECIFIED.);
#576=B_SPLINE_CURVE_WITH_KNOTS('',3,(#10983,#10984,#10985,#10986,#10987),
 .UNSPECIFIED.,.F.,.F.,(4,1,4),(0.,0.027843365821479,0.0547659772387825),
 .UNSPECIFIED.);
#577=B_SPLINE_CURVE_WITH_KNOTS('',3,(#11000,#11001,#11002,#11003,#11004),
 .UNSPECIFIED.,.F.,.F.,(4,1,4),(0.,0.0340676942614243,0.0682980852053608),
 .UNSPECIFIED.);
#578=B_SPLINE_CURVE_WITH_KNOTS('',3,(#11017,#11018,#11019,#11020,#11021),
 .UNSPECIFIED.,.F.,.F.,(4,1,4),(0.,0.0327372835405923,0.0578634464404441),
 .UNSPECIFIED.);
#579=B_SPLINE_CURVE_WITH_KNOTS('',3,(#11036,#11037,#11038,#11039,#11040),
 .UNSPECIFIED.,.F.,.F.,(4,1,4),(0.,0.0496793846116063,0.103836991705219),
 .UNSPECIFIED.);
#580=B_SPLINE_CURVE_WITH_KNOTS('',3,(#11118,#11119,#11120,#11121,#11122),
 .UNSPECIFIED.,.F.,.F.,(4,1,4),(0.,0.0218176075139688,0.0420889059528155),
 .UNSPECIFIED.);
#581=B_SPLINE_CURVE_WITH_KNOTS('',3,(#11136,#11137,#11138,#11139,#11140),
 .UNSPECIFIED.,.F.,.F.,(4,1,4),(0.,0.0598001535264518,0.0949654394031728),
 .UNSPECIFIED.);
#582=B_SPLINE_CURVE_WITH_KNOTS('',3,(#11153,#11154,#11155,#11156,#11157),
 .UNSPECIFIED.,.F.,.F.,(4,1,4),(0.,0.0536000537971173,0.12917587153259),
 .UNSPECIFIED.);
#583=B_SPLINE_CURVE_WITH_KNOTS('',3,(#11170,#11171,#11172,#11173,#11174),
 .UNSPECIFIED.,.F.,.F.,(4,1,4),(0.,0.0339637534766598,0.0737413858924635),
 .UNSPECIFIED.);
#584=B_SPLINE_CURVE_WITH_KNOTS('',3,(#11187,#11188,#11189,#11190,#11191),
 .UNSPECIFIED.,.F.,.F.,(4,1,4),(0.,0.0299157610181046,0.0605775306981538),
 .UNSPECIFIED.);
#585=B_SPLINE_CURVE_WITH_KNOTS('',3,(#11204,#11205,#11206,#11207,#11208),
 .UNSPECIFIED.,.F.,.F.,(4,1,4),(0.,0.0546459733174597,0.109879939285712),
 .UNSPECIFIED.);
#586=B_SPLINE_CURVE_WITH_KNOTS('',3,(#11221,#11222,#11223,#11224,#11225),
 .UNSPECIFIED.,.F.,.F.,(4,1,4),(0.,0.0652285053449521,0.123033652898628),
 .UNSPECIFIED.);
#587=B_SPLINE_CURVE_WITH_KNOTS('',3,(#11238,#11239,#11240,#11241,#11242),
 .UNSPECIFIED.,.F.,.F.,(4,1,4),(0.,0.0568469296351124,0.12155270350367),
 .UNSPECIFIED.);
#588=B_SPLINE_CURVE_WITH_KNOTS('',3,(#11255,#11256,#11257,#11258,#11259),
 .UNSPECIFIED.,.F.,.F.,(4,1,4),(0.,0.0640461995873068,0.120272768121803),
 .UNSPECIFIED.);
#589=B_SPLINE_CURVE_WITH_KNOTS('',3,(#11276,#11277,#11278,#11279,#11280),
 .UNSPECIFIED.,.F.,.F.,(4,1,4),(0.,0.0375179701973238,0.0800335123930926),
 .UNSPECIFIED.);
#590=B_SPLINE_CURVE_WITH_KNOTS('',3,(#11293,#11294,#11295,#11296,#11297),
 .UNSPECIFIED.,.F.,.F.,(4,1,4),(0.,0.0404549665622204,0.0773518059567474),
 .UNSPECIFIED.);
#591=B_SPLINE_CURVE_WITH_KNOTS('',3,(#11310,#11311,#11312,#11313,#11314),
 .UNSPECIFIED.,.F.,.F.,(4,1,4),(0.,0.0354121134006625,0.0738765251855123),
 .UNSPECIFIED.);
#592=B_SPLINE_CURVE_WITH_KNOTS('',3,(#11327,#11328,#11329,#11330,#11331),
 .UNSPECIFIED.,.F.,.F.,(4,1,4),(0.,0.0342303210135999,0.068298049735794),
 .UNSPECIFIED.);
#593=B_SPLINE_CURVE_WITH_KNOTS('',3,(#11344,#11345,#11346,#11347,#11348),
 .UNSPECIFIED.,.F.,.F.,(4,1,4),(0.,0.0437534499090946,0.0803580234314609),
 .UNSPECIFIED.);
#594=B_SPLINE_CURVE_WITH_KNOTS('',3,(#11361,#11362,#11363,#11364,#11365),
 .UNSPECIFIED.,.F.,.F.,(4,1,4),(0.,0.0908154700048634,0.15292086159336),
 .UNSPECIFIED.);
#595=B_SPLINE_CURVE_WITH_KNOTS('',3,(#11378,#11379,#11380,#11381,#11382),
 .UNSPECIFIED.,.F.,.F.,(4,1,4),(0.,0.0490851135575105,0.110607487905956),
 .UNSPECIFIED.);
#596=B_SPLINE_CURVE_WITH_KNOTS('',3,(#11395,#11396,#11397,#11398,#11399),
 .UNSPECIFIED.,.F.,.F.,(4,1,4),(0.,0.0372947866103706,0.0780238734274599),
 .UNSPECIFIED.);
#597=B_SPLINE_CURVE_WITH_KNOTS('',3,(#11412,#11413,#11414,#11415,#11416),
 .UNSPECIFIED.,.F.,.F.,(4,1,4),(0.,0.0217910867989323,0.0434483172669869),
 .UNSPECIFIED.);
#598=B_SPLINE_CURVE_WITH_KNOTS('',3,(#11446,#11447,#11448,#11449,#11450),
 .UNSPECIFIED.,.F.,.F.,(4,1,4),(0.,0.0472745758158476,0.0866738005378113),
 .UNSPECIFIED.);
#599=B_SPLINE_CURVE_WITH_KNOTS('',3,(#11463,#11464,#11465,#11466,#11467),
 .UNSPECIFIED.,.F.,.F.,(4,1,4),(0.,0.0551897050158099,0.107749556236625),
 .UNSPECIFIED.);
#600=B_SPLINE_CURVE_WITH_KNOTS('',3,(#11484,#11485,#11486,#11487,#11488),
 .UNSPECIFIED.,.F.,.F.,(4,1,4),(0.,0.0387270999342029,0.0719123587156729),
 .UNSPECIFIED.);
#601=B_SPLINE_CURVE_WITH_KNOTS('',3,(#11501,#11502,#11503,#11504,#11505),
 .UNSPECIFIED.,.F.,.F.,(4,1,4),(0.,0.0332542982856907,0.0721596069386628),
 .UNSPECIFIED.);
#602=B_SPLINE_CURVE_WITH_KNOTS('',3,(#11530,#11531,#11532,#11533,#11534),
 .UNSPECIFIED.,.F.,.F.,(4,1,4),(0.,0.0610753476027705,0.118397575438087),
 .UNSPECIFIED.);
#603=B_SPLINE_CURVE_WITH_KNOTS('',3,(#11548,#11549,#11550,#11551,#11552),
 .UNSPECIFIED.,.F.,.F.,(4,1,4),(0.,0.0638731384757737,0.131508677860341),
 .UNSPECIFIED.);
#604=B_SPLINE_CURVE_WITH_KNOTS('',3,(#11565,#11566,#11567,#11568,#11569),
 .UNSPECIFIED.,.F.,.F.,(4,1,4),(0.,0.0617045681115293,0.123734456319688),
 .UNSPECIFIED.);
#605=B_SPLINE_CURVE_WITH_KNOTS('',3,(#11582,#11583,#11584,#11585,#11586),
 .UNSPECIFIED.,.F.,.F.,(4,1,4),(0.,0.0405737228660203,0.0853350695821744),
 .UNSPECIFIED.);
#606=B_SPLINE_CURVE_WITH_KNOTS('',3,(#11599,#11600,#11601,#11602,#11603),
 .UNSPECIFIED.,.F.,.F.,(4,1,4),(0.,0.0424338464910251,0.0823307425093003),
 .UNSPECIFIED.);
#607=B_SPLINE_CURVE_WITH_KNOTS('',3,(#11616,#11617,#11618,#11619,#11620),
 .UNSPECIFIED.,.F.,.F.,(4,1,4),(0.,0.0321769566753228,0.0673182682992443),
 .UNSPECIFIED.);
#608=B_SPLINE_CURVE_WITH_KNOTS('',3,(#11633,#11634,#11635,#11636,#11637),
 .UNSPECIFIED.,.F.,.F.,(4,1,4),(0.,0.0312555376472925,0.062193149567601),
 .UNSPECIFIED.);
#609=B_SPLINE_CURVE_WITH_KNOTS('',3,(#11650,#11651,#11652,#11653,#11654),
 .UNSPECIFIED.,.F.,.F.,(4,1,4),(0.,0.0342057657538168,0.0676922560135504),
 .UNSPECIFIED.);
#610=B_SPLINE_CURVE_WITH_KNOTS('',3,(#11667,#11668,#11669,#11670,#11671),
 .UNSPECIFIED.,.F.,.F.,(4,1,4),(0.,0.0367040089779317,0.0717278884739949),
 .UNSPECIFIED.);
#611=B_SPLINE_CURVE_WITH_KNOTS('',3,(#11684,#11685,#11686,#11687,#11688),
 .UNSPECIFIED.,.F.,.F.,(4,1,4),(0.,0.0395569285603717,0.0779990605853786),
 .UNSPECIFIED.);
#612=B_SPLINE_CURVE_WITH_KNOTS('',3,(#11701,#11702,#11703,#11704,#11705),
 .UNSPECIFIED.,.F.,.F.,(4,1,4),(0.,0.0515577297547186,0.106705839734694),
 .UNSPECIFIED.);
#613=B_SPLINE_CURVE_WITH_KNOTS('',3,(#11718,#11719,#11720,#11721,#11722),
 .UNSPECIFIED.,.F.,.F.,(4,1,4),(0.,0.0577560143518382,0.110035964036563),
 .UNSPECIFIED.);
#614=B_SPLINE_CURVE_WITH_KNOTS('',3,(#11739,#11740,#11741,#11742,#11743),
 .UNSPECIFIED.,.F.,.F.,(4,1,4),(0.,0.0342977307749464,0.0752204843304529),
 .UNSPECIFIED.);
#615=B_SPLINE_CURVE_WITH_KNOTS('',3,(#11756,#11757,#11758,#11759,#11760),
 .UNSPECIFIED.,.F.,.F.,(4,1,4),(0.,0.0333062984553339,0.0650304159974321),
 .UNSPECIFIED.);
#616=B_SPLINE_CURVE_WITH_KNOTS('',3,(#11773,#11774,#11775,#11776,#11777),
 .UNSPECIFIED.,.F.,.F.,(4,1,4),(0.,0.0310107670314217,0.0643027700297314),
 .UNSPECIFIED.);
#617=B_SPLINE_CURVE_WITH_KNOTS('',3,(#11790,#11791,#11792,#11793,#11794),
 .UNSPECIFIED.,.F.,.F.,(4,1,4),(0.,0.0313904842147987,0.0617573469507271),
 .UNSPECIFIED.);
#618=B_SPLINE_CURVE_WITH_KNOTS('',3,(#11807,#11808,#11809,#11810,#11811),
 .UNSPECIFIED.,.F.,.F.,(4,1,4),(0.,0.0350733740678862,0.0729845560340777),
 .UNSPECIFIED.);
#619=B_SPLINE_CURVE_WITH_KNOTS('',3,(#11824,#11825,#11826,#11827,#11828),
 .UNSPECIFIED.,.F.,.F.,(4,1,4),(0.,0.0376108132970383,0.0743129721866254),
 .UNSPECIFIED.);
#620=B_SPLINE_CURVE_WITH_KNOTS('',3,(#11841,#11842,#11843,#11844,#11845),
 .UNSPECIFIED.,.F.,.F.,(4,1,4),(0.,0.00556583404137605,0.00991769523789547),
 .UNSPECIFIED.);
#621=B_SPLINE_CURVE_WITH_KNOTS('',3,(#11862,#11863,#11864,#11865,#11866),
 .UNSPECIFIED.,.F.,.F.,(4,1,4),(0.,0.0196002096404197,0.0439333859436336),
 .UNSPECIFIED.);
#622=B_SPLINE_CURVE_WITH_KNOTS('',3,(#11879,#11880,#11881,#11882,#11883),
 .UNSPECIFIED.,.F.,.F.,(4,1,4),(0.,0.0376015574550056,0.0770915097376104),
 .UNSPECIFIED.);
#623=B_SPLINE_CURVE_WITH_KNOTS('',3,(#11896,#11897,#11898,#11899,#11900),
 .UNSPECIFIED.,.F.,.F.,(4,1,4),(0.,0.0391541379235305,0.0764715612254127),
 .UNSPECIFIED.);
#624=B_SPLINE_CURVE_WITH_KNOTS('',3,(#11913,#11914,#11915,#11916,#11917),
 .UNSPECIFIED.,.F.,.F.,(4,1,4),(0.,0.0404391751765394,0.0818812857336721),
 .UNSPECIFIED.);
#625=B_SPLINE_CURVE_WITH_KNOTS('',3,(#11930,#11931,#11932,#11933,#11934),
 .UNSPECIFIED.,.F.,.F.,(4,1,4),(0.,0.0406038516044686,0.080618956644265),
 .UNSPECIFIED.);
#626=B_SPLINE_CURVE_WITH_KNOTS('',3,(#11947,#11948,#11949,#11950,#11951),
 .UNSPECIFIED.,.F.,.F.,(4,1,4),(0.,0.0330921010431209,0.067337296503284),
 .UNSPECIFIED.);
#627=B_SPLINE_CURVE_WITH_KNOTS('',3,(#11964,#11965,#11966,#11967,#11968),
 .UNSPECIFIED.,.F.,.F.,(4,1,4),(0.,0.0471374156499247,0.0844463385034418),
 .UNSPECIFIED.);
#628=B_SPLINE_CURVE_WITH_KNOTS('',3,(#11983,#11984,#11985,#11986,#11987),
 .UNSPECIFIED.,.F.,.F.,(4,1,4),(0.,0.0564294709496232,0.115111848789961),
 .UNSPECIFIED.);
#629=B_SPLINE_CURVE_WITH_KNOTS('',3,(#12002,#12003,#12004,#12005,#12006),
 .UNSPECIFIED.,.F.,.F.,(4,1,4),(0.,0.0627197098398673,0.119946942309451),
 .UNSPECIFIED.);
#630=B_SPLINE_CURVE_WITH_KNOTS('',3,(#12020,#12021,#12022,#12023,#12024),
 .UNSPECIFIED.,.F.,.F.,(4,1,4),(0.,0.072853600854711,0.148822340672413),
 .UNSPECIFIED.);
#631=B_SPLINE_CURVE_WITH_KNOTS('',3,(#12037,#12038,#12039,#12040,#12041),
 .UNSPECIFIED.,.F.,.F.,(4,1,4),(0.,0.0640358816831102,0.125702735904233),
 .UNSPECIFIED.);
#632=B_SPLINE_CURVE_WITH_KNOTS('',3,(#12054,#12055,#12056,#12057,#12058),
 .UNSPECIFIED.,.F.,.F.,(4,1,4),(0.,0.0618681352980181,0.127640514642888),
 .UNSPECIFIED.);
#633=B_SPLINE_CURVE_WITH_KNOTS('',3,(#12071,#12072,#12073,#12074,#12075),
 .UNSPECIFIED.,.F.,.F.,(4,1,4),(0.,0.0614242280757362,0.122013841226584),
 .UNSPECIFIED.);
#634=B_SPLINE_CURVE_WITH_KNOTS('',3,(#12088,#12089,#12090,#12091,#12092),
 .UNSPECIFIED.,.F.,.F.,(4,1,4),(0.,0.0517851519522547,0.100763289056962),
 .UNSPECIFIED.);
#635=B_SPLINE_CURVE_WITH_KNOTS('',3,(#12129,#12130,#12131,#12132,#12133),
 .UNSPECIFIED.,.F.,.F.,(4,1,4),(0.,0.0262669441094077,0.0515730003932563),
 .UNSPECIFIED.);
#636=B_SPLINE_CURVE_WITH_KNOTS('',3,(#12146,#12147,#12148,#12149,#12150),
 .UNSPECIFIED.,.F.,.F.,(4,1,4),(0.,0.0284283714879703,0.0557413051256862),
 .UNSPECIFIED.);
#637=B_SPLINE_CURVE_WITH_KNOTS('',3,(#12163,#12164,#12165,#12166,#12167),
 .UNSPECIFIED.,.F.,.F.,(4,1,4),(0.,0.0408648848577099,0.0846717705740038),
 .UNSPECIFIED.);
#638=B_SPLINE_CURVE_WITH_KNOTS('',3,(#12180,#12181,#12182,#12183,#12184),
 .UNSPECIFIED.,.F.,.F.,(4,1,4),(0.,0.0475636126146235,0.0897992944261258),
 .UNSPECIFIED.);
#639=B_SPLINE_CURVE_WITH_KNOTS('',3,(#12197,#12198,#12199,#12200,#12201),
 .UNSPECIFIED.,.F.,.F.,(4,1,4),(0.,0.0451858352075359,0.0955690738275269),
 .UNSPECIFIED.);
#640=B_SPLINE_CURVE_WITH_KNOTS('',3,(#12214,#12215,#12216,#12217,#12218),
 .UNSPECIFIED.,.F.,.F.,(4,1,4),(0.,0.0417719491070894,0.0841000439771112),
 .UNSPECIFIED.);
#641=B_SPLINE_CURVE_WITH_KNOTS('',3,(#12231,#12232,#12233,#12234,#12235),
 .UNSPECIFIED.,.F.,.F.,(4,1,4),(0.,0.0338678413150431,0.0685620567337463),
 .UNSPECIFIED.);
#642=B_SPLINE_CURVE_WITH_KNOTS('',3,(#12248,#12249,#12250,#12251,#12252),
 .UNSPECIFIED.,.F.,.F.,(4,1,4),(0.,0.042936932216716,0.0794229547053171),
 .UNSPECIFIED.);
#643=B_SPLINE_CURVE_WITH_KNOTS('',3,(#12267,#12268,#12269,#12270,#12271),
 .UNSPECIFIED.,.F.,.F.,(4,1,4),(0.,0.0557992389326012,0.114706257561376),
 .UNSPECIFIED.);
#644=B_SPLINE_CURVE_WITH_KNOTS('',3,(#12286,#12287,#12288,#12289,#12290),
 .UNSPECIFIED.,.F.,.F.,(4,1,4),(0.,0.0834828267181977,0.158230793087571),
 .UNSPECIFIED.);
#645=B_SPLINE_CURVE_WITH_KNOTS('',3,(#12304,#12305,#12306,#12307,#12308),
 .UNSPECIFIED.,.F.,.F.,(4,1,4),(0.,0.0863378669212026,0.173320094222271),
 .UNSPECIFIED.);
#646=B_SPLINE_CURVE_WITH_KNOTS('',3,(#12321,#12322,#12323,#12324,#12325),
 .UNSPECIFIED.,.F.,.F.,(4,1,4),(0.,0.0654480883065756,0.144688986355528),
 .UNSPECIFIED.);
#647=B_SPLINE_CURVE_WITH_KNOTS('',3,(#12342,#12343,#12344,#12345,#12346),
 .UNSPECIFIED.,.F.,.F.,(4,1,4),(0.,0.0674502230403241,0.139654095901599),
 .UNSPECIFIED.);
#648=B_SPLINE_CURVE_WITH_KNOTS('',3,(#12359,#12360,#12361,#12362,#12363),
 .UNSPECIFIED.,.F.,.F.,(4,1,4),(0.,0.0949559097434613,0.188046095621246),
 .UNSPECIFIED.);
#649=B_SPLINE_CURVE_WITH_KNOTS('',3,(#12376,#12377,#12378,#12379,#12380),
 .UNSPECIFIED.,.F.,.F.,(4,1,4),(0.,0.0759298508360621,0.165317634624141),
 .UNSPECIFIED.);
#650=B_SPLINE_CURVE_WITH_KNOTS('',3,(#12408,#12409,#12410,#12411,#12412),
 .UNSPECIFIED.,.F.,.F.,(4,1,4),(0.,0.0394988511456073,0.0777590875577101),
 .UNSPECIFIED.);
#651=B_SPLINE_CURVE_WITH_KNOTS('',3,(#12416,#12417,#12418,#12419,#12420),
 .UNSPECIFIED.,.F.,.F.,(4,1,4),(0.,0.0394988511456073,0.0777590875577101),
 .UNSPECIFIED.);
#652=B_SPLINE_CURVE_WITH_KNOTS('',3,(#12433,#12434,#12435,#12436,#12437),
 .UNSPECIFIED.,.F.,.F.,(4,1,4),(0.,0.0392374244798337,0.0789038416010834),
 .UNSPECIFIED.);
#653=B_SPLINE_CURVE_WITH_KNOTS('',3,(#12440,#12441,#12442,#12443,#12444),
 .UNSPECIFIED.,.F.,.F.,(4,1,4),(0.,0.0392374244798337,0.0789038416010834),
 .UNSPECIFIED.);
#654=B_SPLINE_CURVE_WITH_KNOTS('',3,(#12456,#12457,#12458,#12459,#12460),
 .UNSPECIFIED.,.F.,.F.,(4,1,4),(0.,0.043903338707427,0.0845028358580415),
 .UNSPECIFIED.);
#655=B_SPLINE_CURVE_WITH_KNOTS('',3,(#12463,#12464,#12465,#12466,#12467),
 .UNSPECIFIED.,.F.,.F.,(4,1,4),(0.,0.043903338707427,0.0845028358580415),
 .UNSPECIFIED.);
#656=B_SPLINE_CURVE_WITH_KNOTS('',3,(#12479,#12480,#12481,#12482,#12483),
 .UNSPECIFIED.,.F.,.F.,(4,1,4),(0.,0.0446152851786176,0.0934688491099336),
 .UNSPECIFIED.);
#657=B_SPLINE_CURVE_WITH_KNOTS('',3,(#12486,#12487,#12488,#12489,#12490),
 .UNSPECIFIED.,.F.,.F.,(4,1,4),(0.,0.0446152851786176,0.0934688491099336),
 .UNSPECIFIED.);
#658=B_SPLINE_CURVE_WITH_KNOTS('',3,(#12502,#12503,#12504,#12505,#12506),
 .UNSPECIFIED.,.F.,.F.,(4,1,4),(0.,0.0391857270156543,0.0806258232515251),
 .UNSPECIFIED.);
#659=B_SPLINE_CURVE_WITH_KNOTS('',3,(#12509,#12510,#12511,#12512,#12513),
 .UNSPECIFIED.,.F.,.F.,(4,1,4),(0.,0.0391857270156543,0.0806258232515251),
 .UNSPECIFIED.);
#660=B_SPLINE_CURVE_WITH_KNOTS('',3,(#12525,#12526,#12527,#12528,#12529),
 .UNSPECIFIED.,.F.,.F.,(4,1,4),(0.,0.0386597436353011,0.0761361519538434),
 .UNSPECIFIED.);
#661=B_SPLINE_CURVE_WITH_KNOTS('',3,(#12532,#12533,#12534,#12535,#12536),
 .UNSPECIFIED.,.F.,.F.,(4,1,4),(0.,0.0386597436353011,0.0761361519538434),
 .UNSPECIFIED.);
#662=B_SPLINE_CURVE_WITH_KNOTS('',3,(#12548,#12549,#12550,#12551,#12552),
 .UNSPECIFIED.,.F.,.F.,(4,1,4),(0.,0.047933252337126,0.0901537432213935),
 .UNSPECIFIED.);
#663=B_SPLINE_CURVE_WITH_KNOTS('',3,(#12555,#12556,#12557,#12558,#12559),
 .UNSPECIFIED.,.F.,.F.,(4,1,4),(0.,0.047933252337126,0.0901537432213935),
 .UNSPECIFIED.);
#664=B_SPLINE_CURVE_WITH_KNOTS('',3,(#12570,#12571,#12572,#12573,#12574),
 .UNSPECIFIED.,.F.,.F.,(4,1,4),(0.,0.0412998748142406,0.0889551600979055),
 .UNSPECIFIED.);
#665=B_SPLINE_CURVE_WITH_KNOTS('',3,(#12575,#12576,#12577,#12578,#12579),
 .UNSPECIFIED.,.F.,.F.,(4,1,4),(0.,0.0412998748142406,0.0889551600979055),
 .UNSPECIFIED.);
#666=B_SPLINE_CURVE_WITH_KNOTS('',3,(#12593,#12594,#12595,#12596,#12597),
 .UNSPECIFIED.,.F.,.F.,(4,1,4),(0.,0.0539033664421157,0.102901750395014),
 .UNSPECIFIED.);
#667=B_SPLINE_CURVE_WITH_KNOTS('',3,(#12611,#12612,#12613,#12614,#12615),
 .UNSPECIFIED.,.F.,.F.,(4,1,4),(0.,0.0497624477264923,0.101963431063346),
 .UNSPECIFIED.);
#668=B_SPLINE_CURVE_WITH_KNOTS('',3,(#12628,#12629,#12630,#12631,#12632),
 .UNSPECIFIED.,.F.,.F.,(4,1,4),(0.,0.0562135654102698,0.107522572435112),
 .UNSPECIFIED.);
#669=B_SPLINE_CURVE_WITH_KNOTS('',3,(#12645,#12646,#12647,#12648,#12649),
 .UNSPECIFIED.,.F.,.F.,(4,1,4),(0.,0.0862756250673372,0.154755083513855),
 .UNSPECIFIED.);
#670=B_SPLINE_CURVE_WITH_KNOTS('',3,(#12662,#12663,#12664,#12665,#12666),
 .UNSPECIFIED.,.F.,.F.,(4,1,4),(0.,0.0614278130587069,0.142773013808487),
 .UNSPECIFIED.);
#671=B_SPLINE_CURVE_WITH_KNOTS('',3,(#12679,#12680,#12681,#12682,#12683),
 .UNSPECIFIED.,.F.,.F.,(4,1,4),(0.,0.0478250233988194,0.0980697749958685),
 .UNSPECIFIED.);
#672=B_SPLINE_CURVE_WITH_KNOTS('',3,(#12696,#12697,#12698,#12699,#12700),
 .UNSPECIFIED.,.F.,.F.,(4,1,4),(0.,0.0471002935910652,0.0938312363437858),
 .UNSPECIFIED.);
#673=B_SPLINE_CURVE_WITH_KNOTS('',3,(#12713,#12714,#12715,#12716,#12717),
 .UNSPECIFIED.,.F.,.F.,(4,1,4),(0.,0.0614448244139299,0.124424785137188),
 .UNSPECIFIED.);
#674=B_SPLINE_CURVE_WITH_KNOTS('',3,(#12730,#12731,#12732,#12733,#12734),
 .UNSPECIFIED.,.F.,.F.,(4,1,4),(0.,0.0695420717516922,0.132926869225299),
 .UNSPECIFIED.);
#675=B_SPLINE_CURVE_WITH_KNOTS('',3,(#12747,#12748,#12749,#12750,#12751),
 .UNSPECIFIED.,.F.,.F.,(4,1,4),(0.,0.0613339947432805,0.12870360827559),
 .UNSPECIFIED.);
#676=B_SPLINE_CURVE_WITH_KNOTS('',3,(#12764,#12765,#12766,#12767,#12768),
 .UNSPECIFIED.,.F.,.F.,(4,1,4),(0.,0.0583937831469982,0.116875064484167),
 .UNSPECIFIED.);
#677=B_SPLINE_CURVE_WITH_KNOTS('',3,(#12781,#12782,#12783,#12784,#12785),
 .UNSPECIFIED.,.F.,.F.,(4,1,4),(0.,0.0357532840831579,0.0718490146087595),
 .UNSPECIFIED.);
#678=B_SPLINE_CURVE_WITH_KNOTS('',3,(#12798,#12799,#12800,#12801,#12802),
 .UNSPECIFIED.,.F.,.F.,(4,1,4),(0.,0.0344119940372132,0.0700201861488216),
 .UNSPECIFIED.);
#679=B_SPLINE_CURVE_WITH_KNOTS('',3,(#12815,#12816,#12817,#12818,#12819),
 .UNSPECIFIED.,.F.,.F.,(4,1,4),(0.,0.00511669584497052,0.0122835956500121),
 .UNSPECIFIED.);
#680=B_SPLINE_CURVE_WITH_KNOTS('',3,(#12832,#12833,#12834,#12835,#12836),
 .UNSPECIFIED.,.F.,.F.,(4,1,4),(0.,0.0378121228900605,0.0757401848352604),
 .UNSPECIFIED.);
#681=B_SPLINE_CURVE_WITH_KNOTS('',3,(#12849,#12850,#12851,#12852,#12853),
 .UNSPECIFIED.,.F.,.F.,(4,1,4),(0.,0.0284856085928077,0.0631402316591597),
 .UNSPECIFIED.);
#682=B_SPLINE_CURVE_WITH_KNOTS('',3,(#12866,#12867,#12868,#12869,#12870),
 .UNSPECIFIED.,.F.,.F.,(4,1,4),(0.,0.0246785992176313,0.0495403448005961),
 .UNSPECIFIED.);
#683=B_SPLINE_CURVE_WITH_KNOTS('',3,(#12883,#12884,#12885,#12886,#12887),
 .UNSPECIFIED.,.F.,.F.,(4,1,4),(0.,0.0267149049225851,0.0516261784150691),
 .UNSPECIFIED.);
#684=B_SPLINE_CURVE_WITH_KNOTS('',3,(#12900,#12901,#12902,#12903,#12904),
 .UNSPECIFIED.,.F.,.F.,(4,1,4),(0.,0.0279321433902613,0.0583942075983068),
 .UNSPECIFIED.);
#685=B_SPLINE_CURVE_WITH_KNOTS('',3,(#12917,#12918,#12919,#12920,#12921),
 .UNSPECIFIED.,.F.,.F.,(4,1,4),(0.,0.0375194855488833,0.0677418228842806),
 .UNSPECIFIED.);
#686=B_SPLINE_CURVE_WITH_KNOTS('',3,(#12936,#12937,#12938,#12939,#12940),
 .UNSPECIFIED.,.F.,.F.,(4,1,4),(0.,0.0493013359643665,0.103821617157995),
 .UNSPECIFIED.);
#687=B_SPLINE_CURVE_WITH_KNOTS('',3,(#12960,#12961,#12962,#12963,#12964),
 .UNSPECIFIED.,.F.,.F.,(4,1,4),(0.,0.0472745758158476,0.0866738005378113),
 .UNSPECIFIED.);
#688=B_SPLINE_CURVE_WITH_KNOTS('',3,(#12977,#12978,#12979,#12980,#12981),
 .UNSPECIFIED.,.F.,.F.,(4,1,4),(0.,0.0551897050158099,0.107749556236625),
 .UNSPECIFIED.);
#689=B_SPLINE_CURVE_WITH_KNOTS('',3,(#12998,#12999,#13000,#13001,#13002),
 .UNSPECIFIED.,.F.,.F.,(4,1,4),(0.,0.0387270999342029,0.0719123587156729),
 .UNSPECIFIED.);
#690=B_SPLINE_CURVE_WITH_KNOTS('',3,(#13015,#13016,#13017,#13018,#13019),
 .UNSPECIFIED.,.F.,.F.,(4,1,4),(0.,0.0332542752847683,0.0721596089536082),
 .UNSPECIFIED.);
#691=B_SPLINE_CURVE_WITH_KNOTS('',3,(#13049,#13050,#13051,#13052,#13053),
 .UNSPECIFIED.,.F.,.F.,(4,1,4),(0.,0.0472745758158476,0.0866738005378113),
 .UNSPECIFIED.);
#692=B_SPLINE_CURVE_WITH_KNOTS('',3,(#13066,#13067,#13068,#13069,#13070),
 .UNSPECIFIED.,.F.,.F.,(4,1,4),(0.,0.0551897050158099,0.107749556236625),
 .UNSPECIFIED.);
#693=B_SPLINE_CURVE_WITH_KNOTS('',3,(#13087,#13088,#13089,#13090,#13091),
 .UNSPECIFIED.,.F.,.F.,(4,1,4),(0.,0.0387270999342029,0.0719123587156729),
 .UNSPECIFIED.);
#694=B_SPLINE_CURVE_WITH_KNOTS('',3,(#13104,#13105,#13106,#13107,#13108),
 .UNSPECIFIED.,.F.,.F.,(4,1,4),(0.,0.0332542982856907,0.0721596069386628),
 .UNSPECIFIED.);
#695=B_SPLINE_CURVE_WITH_KNOTS('',3,(#13138,#13139,#13140,#13141,#13142),
 .UNSPECIFIED.,.F.,.F.,(4,1,4),(0.,0.0472746186027961,0.0866737935331426),
 .UNSPECIFIED.);
#696=B_SPLINE_CURVE_WITH_KNOTS('',3,(#13155,#13156,#13157,#13158,#13159),
 .UNSPECIFIED.,.F.,.F.,(4,1,4),(0.,0.0551897194734553,0.10774957069427),
 .UNSPECIFIED.);
#697=B_SPLINE_CURVE_WITH_KNOTS('',3,(#13176,#13177,#13178,#13179,#13180),
 .UNSPECIFIED.,.F.,.F.,(4,1,4),(0.,0.0387271284116506,0.0719123634552067),
 .UNSPECIFIED.);
#698=B_SPLINE_CURVE_WITH_KNOTS('',3,(#13193,#13194,#13195,#13196,#13197),
 .UNSPECIFIED.,.F.,.F.,(4,1,4),(0.,0.0332543361874765,0.0721596124438792),
 .UNSPECIFIED.);
#699=FACE_BOUND('',#1197,.T.);
#700=FACE_BOUND('',#1198,.T.);
#701=FACE_BOUND('',#1199,.T.);
#702=FACE_BOUND('',#1200,.T.);
#703=FACE_BOUND('',#1201,.T.);
#704=FACE_BOUND('',#1202,.T.);
#705=FACE_BOUND('',#1203,.T.);
#706=FACE_BOUND('',#1204,.T.);
#707=FACE_BOUND('',#1205,.T.);
#708=FACE_BOUND('',#1206,.T.);
#709=FACE_BOUND('',#1207,.T.);
#710=FACE_BOUND('',#1208,.T.);
#711=FACE_BOUND('',#1209,.T.);
#712=FACE_BOUND('',#1210,.T.);
#713=FACE_BOUND('',#1211,.T.);
#714=FACE_BOUND('',#1212,.T.);
#715=FACE_BOUND('',#1213,.T.);
#716=FACE_BOUND('',#1214,.T.);
#717=FACE_BOUND('',#1215,.T.);
#718=FACE_BOUND('',#1216,.T.);
#719=FACE_BOUND('',#1217,.T.);
#720=FACE_BOUND('',#1218,.T.);
#721=FACE_BOUND('',#1219,.T.);
#722=FACE_BOUND('',#1220,.T.);
#723=FACE_BOUND('',#1221,.T.);
#724=FACE_BOUND('',#1222,.T.);
#725=FACE_BOUND('',#1223,.T.);
#726=FACE_BOUND('',#1224,.T.);
#727=FACE_BOUND('',#1250,.T.);
#728=FACE_BOUND('',#1251,.T.);
#729=FACE_BOUND('',#1252,.T.);
#730=FACE_BOUND('',#1253,.T.);
#731=FACE_BOUND('',#1254,.T.);
#732=FACE_BOUND('',#1255,.T.);
#733=FACE_BOUND('',#1256,.T.);
#734=FACE_BOUND('',#1257,.T.);
#735=FACE_BOUND('',#1258,.T.);
#736=FACE_BOUND('',#1259,.T.);
#737=FACE_BOUND('',#1314,.T.);
#738=FACE_BOUND('',#1349,.T.);
#739=FACE_BOUND('',#1350,.T.);
#740=FACE_BOUND('',#1380,.T.);
#741=FACE_BOUND('',#1396,.T.);
#742=FACE_BOUND('',#1527,.T.);
#743=FACE_BOUND('',#1595,.T.);
#744=PLANE('',#6566);
#745=PLANE('',#6635);
#746=PLANE('',#6641);
#747=PLANE('',#6642);
#748=PLANE('',#6643);
#749=PLANE('',#6644);
#750=PLANE('',#6645);
#751=PLANE('',#6646);
#752=PLANE('',#6647);
#753=PLANE('',#6648);
#754=PLANE('',#6649);
#755=PLANE('',#6650);
#756=PLANE('',#6651);
#757=PLANE('',#6652);
#758=PLANE('',#6653);
#759=PLANE('',#6654);
#760=PLANE('',#6655);
#761=PLANE('',#6656);
#762=PLANE('',#6657);
#763=PLANE('',#6658);
#764=PLANE('',#6659);
#765=PLANE('',#6660);
#766=PLANE('',#6661);
#767=PLANE('',#6662);
#768=PLANE('',#6663);
#769=PLANE('',#6664);
#770=PLANE('',#6665);
#771=PLANE('',#6666);
#772=PLANE('',#6667);
#773=PLANE('',#6668);
#774=PLANE('',#6669);
#775=PLANE('',#6670);
#776=PLANE('',#6671);
#777=PLANE('',#6672);
#778=PLANE('',#6673);
#779=PLANE('',#6674);
#780=PLANE('',#6675);
#781=PLANE('',#6676);
#782=PLANE('',#6677);
#783=PLANE('',#6678);
#784=PLANE('',#6679);
#785=PLANE('',#6680);
#786=PLANE('',#6681);
#787=PLANE('',#6682);
#788=PLANE('',#6683);
#789=PLANE('',#6684);
#790=PLANE('',#6685);
#791=PLANE('',#6686);
#792=PLANE('',#6687);
#793=PLANE('',#6688);
#794=PLANE('',#6689);
#795=PLANE('',#6690);
#796=PLANE('',#6691);
#797=PLANE('',#6692);
#798=PLANE('',#6693);
#799=PLANE('',#6694);
#800=PLANE('',#6695);
#801=PLANE('',#6696);
#802=PLANE('',#6697);
#803=PLANE('',#6698);
#804=PLANE('',#6699);
#805=PLANE('',#6700);
#806=PLANE('',#6701);
#807=PLANE('',#6702);
#808=PLANE('',#6703);
#809=PLANE('',#6704);
#810=PLANE('',#6705);
#811=PLANE('',#6706);
#812=PLANE('',#6707);
#813=PLANE('',#6708);
#814=PLANE('',#6709);
#815=PLANE('',#6710);
#816=PLANE('',#6711);
#817=PLANE('',#6712);
#818=PLANE('',#6713);
#819=PLANE('',#6714);
#820=PLANE('',#6715);
#821=PLANE('',#6716);
#822=PLANE('',#6717);
#823=PLANE('',#6718);
#824=PLANE('',#6719);
#825=PLANE('',#6720);
#826=PLANE('',#6721);
#827=PLANE('',#6722);
#828=PLANE('',#6723);
#829=PLANE('',#6724);
#830=PLANE('',#6747);
#831=PLANE('',#6750);
#832=PLANE('',#6751);
#833=PLANE('',#6770);
#834=PLANE('',#6772);
#835=PLANE('',#6774);
#836=PLANE('',#6776);
#837=PLANE('',#6781);
#838=PLANE('',#6782);
#839=FACE_OUTER_BOUND('',#1195,.T.);
#840=FACE_OUTER_BOUND('',#1196,.T.);
#841=FACE_OUTER_BOUND('',#1225,.T.);
#842=FACE_OUTER_BOUND('',#1226,.T.);
#843=FACE_OUTER_BOUND('',#1227,.T.);
#844=FACE_OUTER_BOUND('',#1228,.T.);
#845=FACE_OUTER_BOUND('',#1229,.T.);
#846=FACE_OUTER_BOUND('',#1230,.T.);
#847=FACE_OUTER_BOUND('',#1231,.T.);
#848=FACE_OUTER_BOUND('',#1232,.T.);
#849=FACE_OUTER_BOUND('',#1233,.T.);
#850=FACE_OUTER_BOUND('',#1234,.T.);
#851=FACE_OUTER_BOUND('',#1235,.T.);
#852=FACE_OUTER_BOUND('',#1236,.T.);
#853=FACE_OUTER_BOUND('',#1237,.T.);
#854=FACE_OUTER_BOUND('',#1238,.T.);
#855=FACE_OUTER_BOUND('',#1239,.T.);
#856=FACE_OUTER_BOUND('',#1240,.T.);
#857=FACE_OUTER_BOUND('',#1241,.T.);
#858=FACE_OUTER_BOUND('',#1242,.T.);
#859=FACE_OUTER_BOUND('',#1243,.T.);
#860=FACE_OUTER_BOUND('',#1244,.T.);
#861=FACE_OUTER_BOUND('',#1245,.T.);
#862=FACE_OUTER_BOUND('',#1246,.T.);
#863=FACE_OUTER_BOUND('',#1247,.T.);
#864=FACE_OUTER_BOUND('',#1248,.T.);
#865=FACE_OUTER_BOUND('',#1249,.T.);
#866=FACE_OUTER_BOUND('',#1260,.T.);
#867=FACE_OUTER_BOUND('',#1261,.T.);
#868=FACE_OUTER_BOUND('',#1262,.T.);
#869=FACE_OUTER_BOUND('',#1263,.T.);
#870=FACE_OUTER_BOUND('',#1264,.T.);
#871=FACE_OUTER_BOUND('',#1265,.T.);
#872=FACE_OUTER_BOUND('',#1266,.T.);
#873=FACE_OUTER_BOUND('',#1267,.T.);
#874=FACE_OUTER_BOUND('',#1268,.T.);
#875=FACE_OUTER_BOUND('',#1269,.T.);
#876=FACE_OUTER_BOUND('',#1270,.T.);
#877=FACE_OUTER_BOUND('',#1271,.T.);
#878=FACE_OUTER_BOUND('',#1272,.T.);
#879=FACE_OUTER_BOUND('',#1273,.T.);
#880=FACE_OUTER_BOUND('',#1274,.T.);
#881=FACE_OUTER_BOUND('',#1275,.T.);
#882=FACE_OUTER_BOUND('',#1276,.T.);
#883=FACE_OUTER_BOUND('',#1277,.T.);
#884=FACE_OUTER_BOUND('',#1278,.T.);
#885=FACE_OUTER_BOUND('',#1279,.T.);
#886=FACE_OUTER_BOUND('',#1280,.T.);
#887=FACE_OUTER_BOUND('',#1281,.T.);
#888=FACE_OUTER_BOUND('',#1282,.T.);
#889=FACE_OUTER_BOUND('',#1283,.T.);
#890=FACE_OUTER_BOUND('',#1284,.T.);
#891=FACE_OUTER_BOUND('',#1285,.T.);
#892=FACE_OUTER_BOUND('',#1286,.T.);
#893=FACE_OUTER_BOUND('',#1287,.T.);
#894=FACE_OUTER_BOUND('',#1288,.T.);
#895=FACE_OUTER_BOUND('',#1289,.T.);
#896=FACE_OUTER_BOUND('',#1290,.T.);
#897=FACE_OUTER_BOUND('',#1291,.T.);
#898=FACE_OUTER_BOUND('',#1292,.T.);
#899=FACE_OUTER_BOUND('',#1293,.T.);
#900=FACE_OUTER_BOUND('',#1294,.T.);
#901=FACE_OUTER_BOUND('',#1295,.T.);
#902=FACE_OUTER_BOUND('',#1296,.T.);
#903=FACE_OUTER_BOUND('',#1297,.T.);
#904=FACE_OUTER_BOUND('',#1298,.T.);
#905=FACE_OUTER_BOUND('',#1299,.T.);
#906=FACE_OUTER_BOUND('',#1300,.T.);
#907=FACE_OUTER_BOUND('',#1301,.T.);
#908=FACE_OUTER_BOUND('',#1302,.T.);
#909=FACE_OUTER_BOUND('',#1303,.T.);
#910=FACE_OUTER_BOUND('',#1304,.T.);
#911=FACE_OUTER_BOUND('',#1305,.T.);
#912=FACE_OUTER_BOUND('',#1306,.T.);
#913=FACE_OUTER_BOUND('',#1307,.T.);
#914=FACE_OUTER_BOUND('',#1308,.T.);
#915=FACE_OUTER_BOUND('',#1309,.T.);
#916=FACE_OUTER_BOUND('',#1310,.T.);
#917=FACE_OUTER_BOUND('',#1311,.T.);
#918=FACE_OUTER_BOUND('',#1312,.T.);
#919=FACE_OUTER_BOUND('',#1313,.T.);
#920=FACE_OUTER_BOUND('',#1315,.T.);
#921=FACE_OUTER_BOUND('',#1316,.T.);
#922=FACE_OUTER_BOUND('',#1317,.T.);
#923=FACE_OUTER_BOUND('',#1318,.T.);
#924=FACE_OUTER_BOUND('',#1319,.T.);
#925=FACE_OUTER_BOUND('',#1320,.T.);
#926=FACE_OUTER_BOUND('',#1321,.T.);
#927=FACE_OUTER_BOUND('',#1322,.T.);
#928=FACE_OUTER_BOUND('',#1323,.T.);
#929=FACE_OUTER_BOUND('',#1324,.T.);
#930=FACE_OUTER_BOUND('',#1325,.T.);
#931=FACE_OUTER_BOUND('',#1326,.T.);
#932=FACE_OUTER_BOUND('',#1327,.T.);
#933=FACE_OUTER_BOUND('',#1328,.T.);
#934=FACE_OUTER_BOUND('',#1329,.T.);
#935=FACE_OUTER_BOUND('',#1330,.T.);
#936=FACE_OUTER_BOUND('',#1331,.T.);
#937=FACE_OUTER_BOUND('',#1332,.T.);
#938=FACE_OUTER_BOUND('',#1333,.T.);
#939=FACE_OUTER_BOUND('',#1334,.T.);
#940=FACE_OUTER_BOUND('',#1335,.T.);
#941=FACE_OUTER_BOUND('',#1336,.T.);
#942=FACE_OUTER_BOUND('',#1337,.T.);
#943=FACE_OUTER_BOUND('',#1338,.T.);
#944=FACE_OUTER_BOUND('',#1339,.T.);
#945=FACE_OUTER_BOUND('',#1340,.T.);
#946=FACE_OUTER_BOUND('',#1341,.T.);
#947=FACE_OUTER_BOUND('',#1342,.T.);
#948=FACE_OUTER_BOUND('',#1343,.T.);
#949=FACE_OUTER_BOUND('',#1344,.T.);
#950=FACE_OUTER_BOUND('',#1345,.T.);
#951=FACE_OUTER_BOUND('',#1346,.T.);
#952=FACE_OUTER_BOUND('',#1347,.T.);
#953=FACE_OUTER_BOUND('',#1348,.T.);
#954=FACE_OUTER_BOUND('',#1351,.T.);
#955=FACE_OUTER_BOUND('',#1352,.T.);
#956=FACE_OUTER_BOUND('',#1353,.T.);
#957=FACE_OUTER_BOUND('',#1354,.T.);
#958=FACE_OUTER_BOUND('',#1355,.T.);
#959=FACE_OUTER_BOUND('',#1356,.T.);
#960=FACE_OUTER_BOUND('',#1357,.T.);
#961=FACE_OUTER_BOUND('',#1358,.T.);
#962=FACE_OUTER_BOUND('',#1359,.T.);
#963=FACE_OUTER_BOUND('',#1360,.T.);
#964=FACE_OUTER_BOUND('',#1361,.T.);
#965=FACE_OUTER_BOUND('',#1362,.T.);
#966=FACE_OUTER_BOUND('',#1363,.T.);
#967=FACE_OUTER_BOUND('',#1364,.T.);
#968=FACE_OUTER_BOUND('',#1365,.T.);
#969=FACE_OUTER_BOUND('',#1366,.T.);
#970=FACE_OUTER_BOUND('',#1367,.T.);
#971=FACE_OUTER_BOUND('',#1368,.T.);
#972=FACE_OUTER_BOUND('',#1369,.T.);
#973=FACE_OUTER_BOUND('',#1370,.T.);
#974=FACE_OUTER_BOUND('',#1371,.T.);
#975=FACE_OUTER_BOUND('',#1372,.T.);
#976=FACE_OUTER_BOUND('',#1373,.T.);
#977=FACE_OUTER_BOUND('',#1374,.T.);
#978=FACE_OUTER_BOUND('',#1375,.T.);
#979=FACE_OUTER_BOUND('',#1376,.T.);
#980=FACE_OUTER_BOUND('',#1377,.T.);
#981=FACE_OUTER_BOUND('',#1378,.T.);
#982=FACE_OUTER_BOUND('',#1379,.T.);
#983=FACE_OUTER_BOUND('',#1381,.T.);
#984=FACE_OUTER_BOUND('',#1382,.T.);
#985=FACE_OUTER_BOUND('',#1383,.T.);
#986=FACE_OUTER_BOUND('',#1384,.T.);
#987=FACE_OUTER_BOUND('',#1385,.T.);
#988=FACE_OUTER_BOUND('',#1386,.T.);
#989=FACE_OUTER_BOUND('',#1387,.T.);
#990=FACE_OUTER_BOUND('',#1388,.T.);
#991=FACE_OUTER_BOUND('',#1389,.T.);
#992=FACE_OUTER_BOUND('',#1390,.T.);
#993=FACE_OUTER_BOUND('',#1391,.T.);
#994=FACE_OUTER_BOUND('',#1392,.T.);
#995=FACE_OUTER_BOUND('',#1393,.T.);
#996=FACE_OUTER_BOUND('',#1394,.T.);
#997=FACE_OUTER_BOUND('',#1395,.T.);
#998=FACE_OUTER_BOUND('',#1397,.T.);
#999=FACE_OUTER_BOUND('',#1398,.T.);
#1000=FACE_OUTER_BOUND('',#1399,.T.);
#1001=FACE_OUTER_BOUND('',#1400,.T.);
#1002=FACE_OUTER_BOUND('',#1401,.T.);
#1003=FACE_OUTER_BOUND('',#1402,.T.);
#1004=FACE_OUTER_BOUND('',#1403,.T.);
#1005=FACE_OUTER_BOUND('',#1404,.T.);
#1006=FACE_OUTER_BOUND('',#1405,.T.);
#1007=FACE_OUTER_BOUND('',#1406,.T.);
#1008=FACE_OUTER_BOUND('',#1407,.T.);
#1009=FACE_OUTER_BOUND('',#1408,.T.);
#1010=FACE_OUTER_BOUND('',#1409,.T.);
#1011=FACE_OUTER_BOUND('',#1410,.T.);
#1012=FACE_OUTER_BOUND('',#1411,.T.);
#1013=FACE_OUTER_BOUND('',#1412,.T.);
#1014=FACE_OUTER_BOUND('',#1413,.T.);
#1015=FACE_OUTER_BOUND('',#1414,.T.);
#1016=FACE_OUTER_BOUND('',#1415,.T.);
#1017=FACE_OUTER_BOUND('',#1416,.T.);
#1018=FACE_OUTER_BOUND('',#1417,.T.);
#1019=FACE_OUTER_BOUND('',#1418,.T.);
#1020=FACE_OUTER_BOUND('',#1419,.T.);
#1021=FACE_OUTER_BOUND('',#1420,.T.);
#1022=FACE_OUTER_BOUND('',#1421,.T.);
#1023=FACE_OUTER_BOUND('',#1422,.T.);
#1024=FACE_OUTER_BOUND('',#1423,.T.);
#1025=FACE_OUTER_BOUND('',#1424,.T.);
#1026=FACE_OUTER_BOUND('',#1425,.T.);
#1027=FACE_OUTER_BOUND('',#1426,.T.);
#1028=FACE_OUTER_BOUND('',#1427,.T.);
#1029=FACE_OUTER_BOUND('',#1428,.T.);
#1030=FACE_OUTER_BOUND('',#1429,.T.);
#1031=FACE_OUTER_BOUND('',#1430,.T.);
#1032=FACE_OUTER_BOUND('',#1431,.T.);
#1033=FACE_OUTER_BOUND('',#1432,.T.);
#1034=FACE_OUTER_BOUND('',#1433,.T.);
#1035=FACE_OUTER_BOUND('',#1434,.T.);
#1036=FACE_OUTER_BOUND('',#1435,.T.);
#1037=FACE_OUTER_BOUND('',#1436,.T.);
#1038=FACE_OUTER_BOUND('',#1437,.T.);
#1039=FACE_OUTER_BOUND('',#1438,.T.);
#1040=FACE_OUTER_BOUND('',#1439,.T.);
#1041=FACE_OUTER_BOUND('',#1440,.T.);
#1042=FACE_OUTER_BOUND('',#1441,.T.);
#1043=FACE_OUTER_BOUND('',#1442,.T.);
#1044=FACE_OUTER_BOUND('',#1443,.T.);
#1045=FACE_OUTER_BOUND('',#1444,.T.);
#1046=FACE_OUTER_BOUND('',#1445,.T.);
#1047=FACE_OUTER_BOUND('',#1446,.T.);
#1048=FACE_OUTER_BOUND('',#1447,.T.);
#1049=FACE_OUTER_BOUND('',#1448,.T.);
#1050=FACE_OUTER_BOUND('',#1449,.T.);
#1051=FACE_OUTER_BOUND('',#1450,.T.);
#1052=FACE_OUTER_BOUND('',#1451,.T.);
#1053=FACE_OUTER_BOUND('',#1452,.T.);
#1054=FACE_OUTER_BOUND('',#1453,.T.);
#1055=FACE_OUTER_BOUND('',#1454,.T.);
#1056=FACE_OUTER_BOUND('',#1455,.T.);
#1057=FACE_OUTER_BOUND('',#1456,.T.);
#1058=FACE_OUTER_BOUND('',#1457,.T.);
#1059=FACE_OUTER_BOUND('',#1458,.T.);
#1060=FACE_OUTER_BOUND('',#1459,.T.);
#1061=FACE_OUTER_BOUND('',#1460,.T.);
#1062=FACE_OUTER_BOUND('',#1461,.T.);
#1063=FACE_OUTER_BOUND('',#1462,.T.);
#1064=FACE_OUTER_BOUND('',#1463,.T.);
#1065=FACE_OUTER_BOUND('',#1464,.T.);
#1066=FACE_OUTER_BOUND('',#1465,.T.);
#1067=FACE_OUTER_BOUND('',#1466,.T.);
#1068=FACE_OUTER_BOUND('',#1467,.T.);
#1069=FACE_OUTER_BOUND('',#1468,.T.);
#1070=FACE_OUTER_BOUND('',#1469,.T.);
#1071=FACE_OUTER_BOUND('',#1470,.T.);
#1072=FACE_OUTER_BOUND('',#1471,.T.);
#1073=FACE_OUTER_BOUND('',#1472,.T.);
#1074=FACE_OUTER_BOUND('',#1473,.T.);
#1075=FACE_OUTER_BOUND('',#1474,.T.);
#1076=FACE_OUTER_BOUND('',#1475,.T.);
#1077=FACE_OUTER_BOUND('',#1476,.T.);
#1078=FACE_OUTER_BOUND('',#1477,.T.);
#1079=FACE_OUTER_BOUND('',#1478,.T.);
#1080=FACE_OUTER_BOUND('',#1479,.T.);
#1081=FACE_OUTER_BOUND('',#1480,.T.);
#1082=FACE_OUTER_BOUND('',#1481,.T.);
#1083=FACE_OUTER_BOUND('',#1482,.T.);
#1084=FACE_OUTER_BOUND('',#1483,.T.);
#1085=FACE_OUTER_BOUND('',#1484,.T.);
#1086=FACE_OUTER_BOUND('',#1485,.T.);
#1087=FACE_OUTER_BOUND('',#1486,.T.);
#1088=FACE_OUTER_BOUND('',#1487,.T.);
#1089=FACE_OUTER_BOUND('',#1488,.T.);
#1090=FACE_OUTER_BOUND('',#1489,.T.);
#1091=FACE_OUTER_BOUND('',#1490,.T.);
#1092=FACE_OUTER_BOUND('',#1491,.T.);
#1093=FACE_OUTER_BOUND('',#1492,.T.);
#1094=FACE_OUTER_BOUND('',#1493,.T.);
#1095=FACE_OUTER_BOUND('',#1494,.T.);
#1096=FACE_OUTER_BOUND('',#1495,.T.);
#1097=FACE_OUTER_BOUND('',#1496,.T.);
#1098=FACE_OUTER_BOUND('',#1497,.T.);
#1099=FACE_OUTER_BOUND('',#1498,.T.);
#1100=FACE_OUTER_BOUND('',#1499,.T.);
#1101=FACE_OUTER_BOUND('',#1500,.T.);
#1102=FACE_OUTER_BOUND('',#1501,.T.);
#1103=FACE_OUTER_BOUND('',#1502,.T.);
#1104=FACE_OUTER_BOUND('',#1503,.T.);
#1105=FACE_OUTER_BOUND('',#1504,.T.);
#1106=FACE_OUTER_BOUND('',#1505,.T.);
#1107=FACE_OUTER_BOUND('',#1506,.T.);
#1108=FACE_OUTER_BOUND('',#1507,.T.);
#1109=FACE_OUTER_BOUND('',#1508,.T.);
#1110=FACE_OUTER_BOUND('',#1509,.T.);
#1111=FACE_OUTER_BOUND('',#1510,.T.);
#1112=FACE_OUTER_BOUND('',#1511,.T.);
#1113=FACE_OUTER_BOUND('',#1512,.T.);
#1114=FACE_OUTER_BOUND('',#1513,.T.);
#1115=FACE_OUTER_BOUND('',#1514,.T.);
#1116=FACE_OUTER_BOUND('',#1515,.T.);
#1117=FACE_OUTER_BOUND('',#1516,.T.);
#1118=FACE_OUTER_BOUND('',#1517,.T.);
#1119=FACE_OUTER_BOUND('',#1518,.T.);
#1120=FACE_OUTER_BOUND('',#1519,.T.);
#1121=FACE_OUTER_BOUND('',#1520,.T.);
#1122=FACE_OUTER_BOUND('',#1521,.T.);
#1123=FACE_OUTER_BOUND('',#1522,.T.);
#1124=FACE_OUTER_BOUND('',#1523,.T.);
#1125=FACE_OUTER_BOUND('',#1524,.T.);
#1126=FACE_OUTER_BOUND('',#1525,.T.);
#1127=FACE_OUTER_BOUND('',#1526,.T.);
#1128=FACE_OUTER_BOUND('',#1528,.T.);
#1129=FACE_OUTER_BOUND('',#1529,.T.);
#1130=FACE_OUTER_BOUND('',#1530,.T.);
#1131=FACE_OUTER_BOUND('',#1531,.T.);
#1132=FACE_OUTER_BOUND('',#1532,.T.);
#1133=FACE_OUTER_BOUND('',#1533,.T.);
#1134=FACE_OUTER_BOUND('',#1534,.T.);
#1135=FACE_OUTER_BOUND('',#1535,.T.);
#1136=FACE_OUTER_BOUND('',#1536,.T.);
#1137=FACE_OUTER_BOUND('',#1537,.T.);
#1138=FACE_OUTER_BOUND('',#1538,.T.);
#1139=FACE_OUTER_BOUND('',#1539,.T.);
#1140=FACE_OUTER_BOUND('',#1540,.T.);
#1141=FACE_OUTER_BOUND('',#1541,.T.);
#1142=FACE_OUTER_BOUND('',#1542,.T.);
#1143=FACE_OUTER_BOUND('',#1543,.T.);
#1144=FACE_OUTER_BOUND('',#1544,.T.);
#1145=FACE_OUTER_BOUND('',#1545,.T.);
#1146=FACE_OUTER_BOUND('',#1546,.T.);
#1147=FACE_OUTER_BOUND('',#1547,.T.);
#1148=FACE_OUTER_BOUND('',#1548,.T.);
#1149=FACE_OUTER_BOUND('',#1549,.T.);
#1150=FACE_OUTER_BOUND('',#1550,.T.);
#1151=FACE_OUTER_BOUND('',#1551,.T.);
#1152=FACE_OUTER_BOUND('',#1552,.T.);
#1153=FACE_OUTER_BOUND('',#1553,.T.);
#1154=FACE_OUTER_BOUND('',#1554,.T.);
#1155=FACE_OUTER_BOUND('',#1555,.T.);
#1156=FACE_OUTER_BOUND('',#1556,.T.);
#1157=FACE_OUTER_BOUND('',#1557,.T.);
#1158=FACE_OUTER_BOUND('',#1558,.T.);
#1159=FACE_OUTER_BOUND('',#1559,.T.);
#1160=FACE_OUTER_BOUND('',#1560,.T.);
#1161=FACE_OUTER_BOUND('',#1561,.T.);
#1162=FACE_OUTER_BOUND('',#1562,.T.);
#1163=FACE_OUTER_BOUND('',#1563,.T.);
#1164=FACE_OUTER_BOUND('',#1564,.T.);
#1165=FACE_OUTER_BOUND('',#1565,.T.);
#1166=FACE_OUTER_BOUND('',#1566,.T.);
#1167=FACE_OUTER_BOUND('',#1567,.T.);
#1168=FACE_OUTER_BOUND('',#1568,.T.);
#1169=FACE_OUTER_BOUND('',#1569,.T.);
#1170=FACE_OUTER_BOUND('',#1570,.T.);
#1171=FACE_OUTER_BOUND('',#1571,.T.);
#1172=FACE_OUTER_BOUND('',#1572,.T.);
#1173=FACE_OUTER_BOUND('',#1573,.T.);
#1174=FACE_OUTER_BOUND('',#1574,.T.);
#1175=FACE_OUTER_BOUND('',#1575,.T.);
#1176=FACE_OUTER_BOUND('',#1576,.T.);
#1177=FACE_OUTER_BOUND('',#1577,.T.);
#1178=FACE_OUTER_BOUND('',#1578,.T.);
#1179=FACE_OUTER_BOUND('',#1579,.T.);
#1180=FACE_OUTER_BOUND('',#1580,.T.);
#1181=FACE_OUTER_BOUND('',#1581,.T.);
#1182=FACE_OUTER_BOUND('',#1582,.T.);
#1183=FACE_OUTER_BOUND('',#1583,.T.);
#1184=FACE_OUTER_BOUND('',#1584,.T.);
#1185=FACE_OUTER_BOUND('',#1585,.T.);
#1186=FACE_OUTER_BOUND('',#1586,.T.);
#1187=FACE_OUTER_BOUND('',#1587,.T.);
#1188=FACE_OUTER_BOUND('',#1588,.T.);
#1189=FACE_OUTER_BOUND('',#1589,.T.);
#1190=FACE_OUTER_BOUND('',#1590,.T.);
#1191=FACE_OUTER_BOUND('',#1591,.T.);
#1192=FACE_OUTER_BOUND('',#1592,.T.);
#1193=FACE_OUTER_BOUND('',#1593,.T.);
#1194=FACE_OUTER_BOUND('',#1594,.T.);
#1195=EDGE_LOOP('',(#4226,#4227,#4228,#4229));
#1196=EDGE_LOOP('',(#4230,#4231,#4232,#4233,#4234));
#1197=EDGE_LOOP('',(#4235));
#1198=EDGE_LOOP('',(#4236));
#1199=EDGE_LOOP('',(#4237));
#1200=EDGE_LOOP('',(#4238));
#1201=EDGE_LOOP('',(#4239));
#1202=EDGE_LOOP('',(#4240));
#1203=EDGE_LOOP('',(#4241,#4242,#4243,#4244,#4245,#4246,#4247,#4248,#4249,
#4250,#4251,#4252,#4253,#4254,#4255,#4256,#4257,#4258,#4259,#4260,#4261,
#4262));
#1204=EDGE_LOOP('',(#4263,#4264,#4265,#4266,#4267,#4268,#4269,#4270,#4271));
#1205=EDGE_LOOP('',(#4272,#4273,#4274,#4275,#4276,#4277,#4278,#4279,#4280,
#4281,#4282,#4283));
#1206=EDGE_LOOP('',(#4284,#4285,#4286,#4287,#4288,#4289,#4290,#4291,#4292,
#4293,#4294,#4295,#4296,#4297,#4298,#4299));
#1207=EDGE_LOOP('',(#4300,#4301,#4302,#4303,#4304,#4305,#4306,#4307,#4308,
#4309,#4310,#4311,#4312,#4313,#4314,#4315,#4316,#4317,#4318));
#1208=EDGE_LOOP('',(#4319,#4320,#4321,#4322,#4323,#4324,#4325,#4326,#4327,
#4328,#4329));
#1209=EDGE_LOOP('',(#4330,#4331,#4332,#4333,#4334,#4335,#4336,#4337,#4338,
#4339,#4340,#4341,#4342,#4343,#4344,#4345,#4346,#4347,#4348,#4349,#4350,
#4351));
#1210=EDGE_LOOP('',(#4352,#4353,#4354,#4355,#4356,#4357,#4358,#4359,#4360));
#1211=EDGE_LOOP('',(#4361,#4362,#4363,#4364,#4365,#4366,#4367,#4368,#4369,
#4370,#4371,#4372,#4373,#4374,#4375,#4376,#4377,#4378,#4379,#4380,#4381,
#4382,#4383,#4384,#4385,#4386,#4387,#4388,#4389,#4390));
#1212=EDGE_LOOP('',(#4391,#4392,#4393,#4394,#4395,#4396,#4397,#4398,#4399,
#4400,#4401,#4402,#4403,#4404,#4405,#4406,#4407,#4408,#4409,#4410,#4411,
#4412));
#1213=EDGE_LOOP('',(#4413,#4414,#4415,#4416,#4417,#4418,#4419,#4420,#4421,
#4422,#4423));
#1214=EDGE_LOOP('',(#4424,#4425,#4426,#4427,#4428,#4429,#4430,#4431,#4432,
#4433,#4434,#4435,#4436,#4437,#4438,#4439,#4440,#4441,#4442,#4443,#4444,
#4445));
#1215=EDGE_LOOP('',(#4446,#4447,#4448,#4449,#4450,#4451,#4452,#4453,#4454));
#1216=EDGE_LOOP('',(#4455,#4456,#4457,#4458,#4459,#4460,#4461,#4462,#4463));
#1217=EDGE_LOOP('',(#4464,#4465,#4466,#4467,#4468,#4469,#4470,#4471,#4472));
#1218=EDGE_LOOP('',(#4473));
#1219=EDGE_LOOP('',(#4474));
#1220=EDGE_LOOP('',(#4475));
#1221=EDGE_LOOP('',(#4476));
#1222=EDGE_LOOP('',(#4477));
#1223=EDGE_LOOP('',(#4478));
#1224=EDGE_LOOP('',(#4479));
#1225=EDGE_LOOP('',(#4480,#4481,#4482,#4483));
#1226=EDGE_LOOP('',(#4484,#4485,#4486,#4487));
#1227=EDGE_LOOP('',(#4488,#4489,#4490,#4491,#4492,#4493));
#1228=EDGE_LOOP('',(#4494,#4495,#4496,#4497));
#1229=EDGE_LOOP('',(#4498,#4499,#4500,#4501,#4502,#4503));
#1230=EDGE_LOOP('',(#4504,#4505,#4506,#4507));
#1231=EDGE_LOOP('',(#4508,#4509,#4510,#4511));
#1232=EDGE_LOOP('',(#4512,#4513,#4514,#4515));
#1233=EDGE_LOOP('',(#4516,#4517,#4518,#4519));
#1234=EDGE_LOOP('',(#4520,#4521,#4522,#4523));
#1235=EDGE_LOOP('',(#4524,#4525,#4526,#4527));
#1236=EDGE_LOOP('',(#4528,#4529,#4530,#4531));
#1237=EDGE_LOOP('',(#4532,#4533,#4534,#4535));
#1238=EDGE_LOOP('',(#4536,#4537,#4538,#4539));
#1239=EDGE_LOOP('',(#4540,#4541,#4542,#4543));
#1240=EDGE_LOOP('',(#4544,#4545,#4546,#4547));
#1241=EDGE_LOOP('',(#4548,#4549,#4550,#4551));
#1242=EDGE_LOOP('',(#4552,#4553,#4554,#4555));
#1243=EDGE_LOOP('',(#4556,#4557,#4558,#4559));
#1244=EDGE_LOOP('',(#4560,#4561,#4562,#4563));
#1245=EDGE_LOOP('',(#4564,#4565,#4566,#4567));
#1246=EDGE_LOOP('',(#4568,#4569,#4570,#4571));
#1247=EDGE_LOOP('',(#4572,#4573,#4574,#4575,#4576,#4577));
#1248=EDGE_LOOP('',(#4578,#4579,#4580,#4581,#4582,#4583));
#1249=EDGE_LOOP('',(#4584,#4585,#4586,#4587,#4588,#4589,#4590));
#1250=EDGE_LOOP('',(#4591,#4592,#4593,#4594,#4595,#4596,#4597,#4598,#4599,
#4600,#4601,#4602,#4603,#4604));
#1251=EDGE_LOOP('',(#4605));
#1252=EDGE_LOOP('',(#4606));
#1253=EDGE_LOOP('',(#4607));
#1254=EDGE_LOOP('',(#4608));
#1255=EDGE_LOOP('',(#4609));
#1256=EDGE_LOOP('',(#4610));
#1257=EDGE_LOOP('',(#4611));
#1258=EDGE_LOOP('',(#4612));
#1259=EDGE_LOOP('',(#4613));
#1260=EDGE_LOOP('',(#4614,#4615,#4616,#4617));
#1261=EDGE_LOOP('',(#4618,#4619,#4620,#4621));
#1262=EDGE_LOOP('',(#4622,#4623,#4624,#4625));
#1263=EDGE_LOOP('',(#4626,#4627,#4628,#4629));
#1264=EDGE_LOOP('',(#4630,#4631,#4632,#4633));
#1265=EDGE_LOOP('',(#4634,#4635,#4636,#4637));
#1266=EDGE_LOOP('',(#4638,#4639,#4640,#4641));
#1267=EDGE_LOOP('',(#4642,#4643,#4644,#4645));
#1268=EDGE_LOOP('',(#4646,#4647,#4648,#4649));
#1269=EDGE_LOOP('',(#4650,#4651,#4652,#4653));
#1270=EDGE_LOOP('',(#4654,#4655,#4656,#4657));
#1271=EDGE_LOOP('',(#4658,#4659,#4660,#4661));
#1272=EDGE_LOOP('',(#4662,#4663,#4664,#4665));
#1273=EDGE_LOOP('',(#4666,#4667,#4668,#4669));
#1274=EDGE_LOOP('',(#4670,#4671,#4672,#4673));
#1275=EDGE_LOOP('',(#4674,#4675,#4676,#4677));
#1276=EDGE_LOOP('',(#4678,#4679,#4680,#4681));
#1277=EDGE_LOOP('',(#4682,#4683,#4684,#4685));
#1278=EDGE_LOOP('',(#4686,#4687,#4688,#4689));
#1279=EDGE_LOOP('',(#4690,#4691,#4692,#4693));
#1280=EDGE_LOOP('',(#4694,#4695,#4696,#4697));
#1281=EDGE_LOOP('',(#4698,#4699,#4700,#4701));
#1282=EDGE_LOOP('',(#4702,#4703,#4704,#4705,#4706,#4707,#4708,#4709,#4710,
#4711,#4712,#4713,#4714,#4715,#4716,#4717,#4718,#4719,#4720,#4721,#4722,
#4723));
#1283=EDGE_LOOP('',(#4724,#4725,#4726,#4727));
#1284=EDGE_LOOP('',(#4728,#4729,#4730,#4731));
#1285=EDGE_LOOP('',(#4732,#4733,#4734,#4735));
#1286=EDGE_LOOP('',(#4736,#4737,#4738,#4739));
#1287=EDGE_LOOP('',(#4740,#4741,#4742,#4743));
#1288=EDGE_LOOP('',(#4744,#4745,#4746,#4747));
#1289=EDGE_LOOP('',(#4748,#4749,#4750,#4751));
#1290=EDGE_LOOP('',(#4752,#4753,#4754,#4755));
#1291=EDGE_LOOP('',(#4756,#4757,#4758,#4759));
#1292=EDGE_LOOP('',(#4760,#4761,#4762,#4763,#4764,#4765,#4766,#4767,#4768));
#1293=EDGE_LOOP('',(#4769,#4770,#4771,#4772));
#1294=EDGE_LOOP('',(#4773,#4774,#4775,#4776));
#1295=EDGE_LOOP('',(#4777,#4778,#4779,#4780));
#1296=EDGE_LOOP('',(#4781,#4782,#4783,#4784));
#1297=EDGE_LOOP('',(#4785,#4786,#4787,#4788));
#1298=EDGE_LOOP('',(#4789,#4790,#4791,#4792));
#1299=EDGE_LOOP('',(#4793,#4794,#4795,#4796));
#1300=EDGE_LOOP('',(#4797,#4798,#4799,#4800));
#1301=EDGE_LOOP('',(#4801,#4802,#4803,#4804));
#1302=EDGE_LOOP('',(#4805,#4806,#4807,#4808));
#1303=EDGE_LOOP('',(#4809,#4810,#4811,#4812));
#1304=EDGE_LOOP('',(#4813,#4814,#4815,#4816));
#1305=EDGE_LOOP('',(#4817,#4818,#4819,#4820));
#1306=EDGE_LOOP('',(#4821,#4822,#4823,#4824));
#1307=EDGE_LOOP('',(#4825,#4826,#4827,#4828));
#1308=EDGE_LOOP('',(#4829,#4830,#4831,#4832));
#1309=EDGE_LOOP('',(#4833,#4834,#4835,#4836));
#1310=EDGE_LOOP('',(#4837,#4838,#4839,#4840));
#1311=EDGE_LOOP('',(#4841,#4842,#4843,#4844));
#1312=EDGE_LOOP('',(#4845,#4846,#4847,#4848));
#1313=EDGE_LOOP('',(#4849,#4850,#4851,#4852,#4853,#4854,#4855,#4856,#4857,
#4858,#4859,#4860));
#1314=EDGE_LOOP('',(#4861,#4862,#4863,#4864,#4865,#4866,#4867,#4868));
#1315=EDGE_LOOP('',(#4869,#4870,#4871,#4872));
#1316=EDGE_LOOP('',(#4873,#4874,#4875,#4876));
#1317=EDGE_LOOP('',(#4877,#4878,#4879,#4880));
#1318=EDGE_LOOP('',(#4881,#4882,#4883,#4884));
#1319=EDGE_LOOP('',(#4885,#4886,#4887,#4888));
#1320=EDGE_LOOP('',(#4889,#4890,#4891,#4892));
#1321=EDGE_LOOP('',(#4893,#4894,#4895,#4896));
#1322=EDGE_LOOP('',(#4897,#4898,#4899,#4900));
#1323=EDGE_LOOP('',(#4901,#4902,#4903,#4904));
#1324=EDGE_LOOP('',(#4905,#4906,#4907,#4908));
#1325=EDGE_LOOP('',(#4909,#4910,#4911,#4912));
#1326=EDGE_LOOP('',(#4913,#4914,#4915,#4916));
#1327=EDGE_LOOP('',(#4917,#4918,#4919,#4920));
#1328=EDGE_LOOP('',(#4921,#4922,#4923,#4924));
#1329=EDGE_LOOP('',(#4925,#4926,#4927,#4928));
#1330=EDGE_LOOP('',(#4929,#4930,#4931,#4932));
#1331=EDGE_LOOP('',(#4933,#4934,#4935,#4936));
#1332=EDGE_LOOP('',(#4937,#4938,#4939,#4940));
#1333=EDGE_LOOP('',(#4941,#4942,#4943,#4944));
#1334=EDGE_LOOP('',(#4945,#4946,#4947,#4948));
#1335=EDGE_LOOP('',(#4949,#4950,#4951,#4952));
#1336=EDGE_LOOP('',(#4953,#4954,#4955,#4956));
#1337=EDGE_LOOP('',(#4957,#4958,#4959,#4960));
#1338=EDGE_LOOP('',(#4961,#4962,#4963,#4964));
#1339=EDGE_LOOP('',(#4965,#4966,#4967,#4968));
#1340=EDGE_LOOP('',(#4969,#4970,#4971,#4972));
#1341=EDGE_LOOP('',(#4973,#4974,#4975,#4976));
#1342=EDGE_LOOP('',(#4977,#4978,#4979,#4980));
#1343=EDGE_LOOP('',(#4981,#4982,#4983,#4984));
#1344=EDGE_LOOP('',(#4985,#4986,#4987,#4988));
#1345=EDGE_LOOP('',(#4989,#4990,#4991,#4992));
#1346=EDGE_LOOP('',(#4993,#4994,#4995,#4996));
#1347=EDGE_LOOP('',(#4997,#4998,#4999,#5000));
#1348=EDGE_LOOP('',(#5001,#5002,#5003,#5004,#5005,#5006,#5007,#5008,#5009,
#5010,#5011,#5012,#5013,#5014,#5015,#5016));
#1349=EDGE_LOOP('',(#5017,#5018,#5019,#5020,#5021,#5022,#5023,#5024));
#1350=EDGE_LOOP('',(#5025,#5026,#5027,#5028,#5029,#5030,#5031,#5032,#5033));
#1351=EDGE_LOOP('',(#5034,#5035,#5036,#5037));
#1352=EDGE_LOOP('',(#5038,#5039,#5040,#5041));
#1353=EDGE_LOOP('',(#5042,#5043,#5044,#5045));
#1354=EDGE_LOOP('',(#5046,#5047,#5048,#5049));
#1355=EDGE_LOOP('',(#5050,#5051,#5052,#5053));
#1356=EDGE_LOOP('',(#5054,#5055,#5056,#5057));
#1357=EDGE_LOOP('',(#5058,#5059,#5060,#5061));
#1358=EDGE_LOOP('',(#5062,#5063,#5064,#5065));
#1359=EDGE_LOOP('',(#5066,#5067,#5068,#5069));
#1360=EDGE_LOOP('',(#5070,#5071,#5072,#5073));
#1361=EDGE_LOOP('',(#5074,#5075,#5076,#5077));
#1362=EDGE_LOOP('',(#5078,#5079,#5080,#5081));
#1363=EDGE_LOOP('',(#5082,#5083,#5084,#5085));
#1364=EDGE_LOOP('',(#5086,#5087,#5088,#5089));
#1365=EDGE_LOOP('',(#5090,#5091,#5092,#5093));
#1366=EDGE_LOOP('',(#5094,#5095,#5096,#5097));
#1367=EDGE_LOOP('',(#5098,#5099,#5100,#5101));
#1368=EDGE_LOOP('',(#5102,#5103,#5104,#5105));
#1369=EDGE_LOOP('',(#5106,#5107,#5108,#5109));
#1370=EDGE_LOOP('',(#5110,#5111,#5112,#5113));
#1371=EDGE_LOOP('',(#5114,#5115,#5116,#5117));
#1372=EDGE_LOOP('',(#5118,#5119,#5120,#5121));
#1373=EDGE_LOOP('',(#5122,#5123,#5124,#5125));
#1374=EDGE_LOOP('',(#5126,#5127,#5128,#5129));
#1375=EDGE_LOOP('',(#5130,#5131,#5132,#5133));
#1376=EDGE_LOOP('',(#5134,#5135,#5136,#5137));
#1377=EDGE_LOOP('',(#5138,#5139,#5140,#5141));
#1378=EDGE_LOOP('',(#5142,#5143,#5144,#5145));
#1379=EDGE_LOOP('',(#5146,#5147,#5148,#5149,#5150,#5151,#5152,#5153,#5154,
#5155,#5156,#5157,#5158,#5159,#5160,#5161,#5162,#5163,#5164));
#1380=EDGE_LOOP('',(#5165,#5166,#5167,#5168,#5169,#5170,#5171,#5172,#5173));
#1381=EDGE_LOOP('',(#5174,#5175,#5176,#5177));
#1382=EDGE_LOOP('',(#5178,#5179,#5180,#5181));
#1383=EDGE_LOOP('',(#5182,#5183,#5184,#5185));
#1384=EDGE_LOOP('',(#5186,#5187,#5188,#5189));
#1385=EDGE_LOOP('',(#5190,#5191,#5192,#5193));
#1386=EDGE_LOOP('',(#5194,#5195,#5196,#5197));
#1387=EDGE_LOOP('',(#5198,#5199,#5200,#5201));
#1388=EDGE_LOOP('',(#5202,#5203,#5204,#5205));
#1389=EDGE_LOOP('',(#5206,#5207,#5208,#5209));
#1390=EDGE_LOOP('',(#5210,#5211,#5212,#5213));
#1391=EDGE_LOOP('',(#5214,#5215,#5216,#5217));
#1392=EDGE_LOOP('',(#5218,#5219,#5220,#5221));
#1393=EDGE_LOOP('',(#5222,#5223,#5224,#5225));
#1394=EDGE_LOOP('',(#5226,#5227,#5228,#5229));
#1395=EDGE_LOOP('',(#5230,#5231,#5232,#5233,#5234,#5235,#5236,#5237,#5238,
#5239,#5240));
#1396=EDGE_LOOP('',(#5241,#5242,#5243));
#1397=EDGE_LOOP('',(#5244,#5245,#5246,#5247));
#1398=EDGE_LOOP('',(#5248,#5249,#5250,#5251));
#1399=EDGE_LOOP('',(#5252,#5253,#5254,#5255));
#1400=EDGE_LOOP('',(#5256,#5257,#5258,#5259));
#1401=EDGE_LOOP('',(#5260,#5261,#5262,#5263));
#1402=EDGE_LOOP('',(#5264,#5265,#5266,#5267));
#1403=EDGE_LOOP('',(#5268,#5269,#5270,#5271));
#1404=EDGE_LOOP('',(#5272,#5273,#5274,#5275));
#1405=EDGE_LOOP('',(#5276,#5277,#5278,#5279));
#1406=EDGE_LOOP('',(#5280,#5281,#5282,#5283));
#1407=EDGE_LOOP('',(#5284,#5285,#5286,#5287));
#1408=EDGE_LOOP('',(#5288,#5289,#5290,#5291));
#1409=EDGE_LOOP('',(#5292,#5293,#5294,#5295));
#1410=EDGE_LOOP('',(#5296,#5297,#5298,#5299));
#1411=EDGE_LOOP('',(#5300,#5301,#5302,#5303));
#1412=EDGE_LOOP('',(#5304,#5305,#5306,#5307));
#1413=EDGE_LOOP('',(#5308,#5309,#5310,#5311));
#1414=EDGE_LOOP('',(#5312,#5313,#5314,#5315));
#1415=EDGE_LOOP('',(#5316,#5317,#5318,#5319));
#1416=EDGE_LOOP('',(#5320,#5321,#5322,#5323));
#1417=EDGE_LOOP('',(#5324,#5325,#5326,#5327));
#1418=EDGE_LOOP('',(#5328,#5329,#5330,#5331));
#1419=EDGE_LOOP('',(#5332,#5333,#5334,#5335,#5336,#5337,#5338,#5339,#5340,
#5341,#5342,#5343,#5344,#5345,#5346,#5347,#5348,#5349,#5350,#5351,#5352,
#5353));
#1420=EDGE_LOOP('',(#5354,#5355,#5356,#5357));
#1421=EDGE_LOOP('',(#5358,#5359,#5360,#5361));
#1422=EDGE_LOOP('',(#5362,#5363,#5364,#5365));
#1423=EDGE_LOOP('',(#5366,#5367,#5368,#5369));
#1424=EDGE_LOOP('',(#5370,#5371,#5372,#5373));
#1425=EDGE_LOOP('',(#5374,#5375,#5376,#5377));
#1426=EDGE_LOOP('',(#5378,#5379,#5380,#5381));
#1427=EDGE_LOOP('',(#5382,#5383,#5384,#5385));
#1428=EDGE_LOOP('',(#5386,#5387,#5388,#5389));
#1429=EDGE_LOOP('',(#5390,#5391,#5392,#5393,#5394,#5395,#5396,#5397,#5398));
#1430=EDGE_LOOP('',(#5399,#5400,#5401,#5402));
#1431=EDGE_LOOP('',(#5403,#5404,#5405,#5406));
#1432=EDGE_LOOP('',(#5407,#5408,#5409,#5410));
#1433=EDGE_LOOP('',(#5411,#5412,#5413,#5414));
#1434=EDGE_LOOP('',(#5415,#5416,#5417,#5418));
#1435=EDGE_LOOP('',(#5419,#5420,#5421,#5422));
#1436=EDGE_LOOP('',(#5423,#5424,#5425,#5426));
#1437=EDGE_LOOP('',(#5427,#5428,#5429,#5430));
#1438=EDGE_LOOP('',(#5431,#5432,#5433,#5434));
#1439=EDGE_LOOP('',(#5435,#5436,#5437,#5438));
#1440=EDGE_LOOP('',(#5439,#5440,#5441,#5442));
#1441=EDGE_LOOP('',(#5443,#5444,#5445,#5446));
#1442=EDGE_LOOP('',(#5447,#5448,#5449,#5450));
#1443=EDGE_LOOP('',(#5451,#5452,#5453,#5454));
#1444=EDGE_LOOP('',(#5455,#5456,#5457,#5458));
#1445=EDGE_LOOP('',(#5459,#5460,#5461,#5462));
#1446=EDGE_LOOP('',(#5463,#5464,#5465,#5466));
#1447=EDGE_LOOP('',(#5467,#5468,#5469,#5470));
#1448=EDGE_LOOP('',(#5471,#5472,#5473,#5474));
#1449=EDGE_LOOP('',(#5475,#5476,#5477,#5478));
#1450=EDGE_LOOP('',(#5479,#5480,#5481,#5482));
#1451=EDGE_LOOP('',(#5483,#5484,#5485,#5486));
#1452=EDGE_LOOP('',(#5487,#5488,#5489,#5490));
#1453=EDGE_LOOP('',(#5491,#5492,#5493,#5494));
#1454=EDGE_LOOP('',(#5495,#5496,#5497,#5498));
#1455=EDGE_LOOP('',(#5499,#5500,#5501,#5502));
#1456=EDGE_LOOP('',(#5503,#5504,#5505,#5506));
#1457=EDGE_LOOP('',(#5507,#5508,#5509,#5510));
#1458=EDGE_LOOP('',(#5511,#5512,#5513,#5514));
#1459=EDGE_LOOP('',(#5515,#5516,#5517,#5518));
#1460=EDGE_LOOP('',(#5519,#5520,#5521,#5522,#5523,#5524,#5525,#5526,#5527,
#5528,#5529,#5530,#5531,#5532,#5533,#5534,#5535,#5536,#5537,#5538,#5539,
#5540,#5541,#5542,#5543,#5544,#5545,#5546,#5547,#5548));
#1461=EDGE_LOOP('',(#5549,#5550,#5551,#5552));
#1462=EDGE_LOOP('',(#5553,#5554,#5555,#5556));
#1463=EDGE_LOOP('',(#5557,#5558,#5559,#5560));
#1464=EDGE_LOOP('',(#5561,#5562,#5563,#5564));
#1465=EDGE_LOOP('',(#5565,#5566,#5567,#5568));
#1466=EDGE_LOOP('',(#5569,#5570,#5571,#5572));
#1467=EDGE_LOOP('',(#5573,#5574,#5575,#5576));
#1468=EDGE_LOOP('',(#5577,#5578,#5579,#5580));
#1469=EDGE_LOOP('',(#5581,#5582,#5583,#5584));
#1470=EDGE_LOOP('',(#5585,#5586,#5587,#5588));
#1471=EDGE_LOOP('',(#5589,#5590,#5591,#5592));
#1472=EDGE_LOOP('',(#5593,#5594,#5595,#5596));
#1473=EDGE_LOOP('',(#5597,#5598,#5599,#5600));
#1474=EDGE_LOOP('',(#5601,#5602,#5603,#5604));
#1475=EDGE_LOOP('',(#5605,#5606,#5607,#5608));
#1476=EDGE_LOOP('',(#5609,#5610,#5611,#5612));
#1477=EDGE_LOOP('',(#5613,#5614,#5615,#5616));
#1478=EDGE_LOOP('',(#5617,#5618,#5619,#5620));
#1479=EDGE_LOOP('',(#5621,#5622,#5623,#5624));
#1480=EDGE_LOOP('',(#5625,#5626,#5627,#5628));
#1481=EDGE_LOOP('',(#5629,#5630,#5631,#5632));
#1482=EDGE_LOOP('',(#5633,#5634,#5635,#5636));
#1483=EDGE_LOOP('',(#5637,#5638,#5639,#5640,#5641,#5642,#5643,#5644,#5645,
#5646,#5647,#5648,#5649,#5650,#5651,#5652,#5653,#5654,#5655,#5656,#5657,
#5658));
#1484=EDGE_LOOP('',(#5659,#5660,#5661,#5662));
#1485=EDGE_LOOP('',(#5663,#5664,#5665,#5666));
#1486=EDGE_LOOP('',(#5667,#5668,#5669,#5670));
#1487=EDGE_LOOP('',(#5671,#5672,#5673,#5674));
#1488=EDGE_LOOP('',(#5675,#5676,#5677,#5678));
#1489=EDGE_LOOP('',(#5679,#5680,#5681,#5682));
#1490=EDGE_LOOP('',(#5683,#5684,#5685,#5686));
#1491=EDGE_LOOP('',(#5687,#5688,#5689,#5690));
#1492=EDGE_LOOP('',(#5691,#5692,#5693,#5694));
#1493=EDGE_LOOP('',(#5695,#5696,#5697,#5698));
#1494=EDGE_LOOP('',(#5699,#5700,#5701,#5702));
#1495=EDGE_LOOP('',(#5703,#5704,#5705,#5706,#5707,#5708,#5709,#5710,#5711,
#5712,#5713));
#1496=EDGE_LOOP('',(#5714,#5715,#5716,#5717));
#1497=EDGE_LOOP('',(#5718,#5719,#5720,#5721));
#1498=EDGE_LOOP('',(#5722,#5723,#5724,#5725));
#1499=EDGE_LOOP('',(#5726,#5727,#5728,#5729));
#1500=EDGE_LOOP('',(#5730,#5731,#5732,#5733));
#1501=EDGE_LOOP('',(#5734,#5735,#5736,#5737));
#1502=EDGE_LOOP('',(#5738,#5739,#5740,#5741));
#1503=EDGE_LOOP('',(#5742,#5743,#5744,#5745));
#1504=EDGE_LOOP('',(#5746,#5747,#5748,#5749));
#1505=EDGE_LOOP('',(#5750,#5751,#5752,#5753));
#1506=EDGE_LOOP('',(#5754,#5755,#5756,#5757));
#1507=EDGE_LOOP('',(#5758,#5759,#5760,#5761));
#1508=EDGE_LOOP('',(#5762,#5763,#5764,#5765));
#1509=EDGE_LOOP('',(#5766,#5767,#5768,#5769));
#1510=EDGE_LOOP('',(#5770,#5771,#5772,#5773));
#1511=EDGE_LOOP('',(#5774,#5775,#5776,#5777));
#1512=EDGE_LOOP('',(#5778,#5779,#5780,#5781));
#1513=EDGE_LOOP('',(#5782,#5783,#5784,#5785));
#1514=EDGE_LOOP('',(#5786,#5787,#5788,#5789));
#1515=EDGE_LOOP('',(#5790,#5791,#5792,#5793));
#1516=EDGE_LOOP('',(#5794,#5795,#5796,#5797));
#1517=EDGE_LOOP('',(#5798,#5799,#5800,#5801));
#1518=EDGE_LOOP('',(#5802,#5803,#5804,#5805));
#1519=EDGE_LOOP('',(#5806,#5807,#5808,#5809));
#1520=EDGE_LOOP('',(#5810,#5811,#5812,#5813));
#1521=EDGE_LOOP('',(#5814,#5815,#5816,#5817));
#1522=EDGE_LOOP('',(#5818,#5819,#5820,#5821));
#1523=EDGE_LOOP('',(#5822,#5823,#5824,#5825));
#1524=EDGE_LOOP('',(#5826,#5827,#5828,#5829));
#1525=EDGE_LOOP('',(#5830,#5831,#5832,#5833));
#1526=EDGE_LOOP('',(#5834,#5835,#5836,#5837,#5838,#5839,#5840,#5841,#5842,
#5843,#5844,#5845,#5846,#5847,#5848,#5849,#5850,#5851,#5852,#5853,#5854,
#5855));
#1527=EDGE_LOOP('',(#5856,#5857,#5858,#5859,#5860,#5861,#5862,#5863));
#1528=EDGE_LOOP('',(#5864,#5865,#5866,#5867));
#1529=EDGE_LOOP('',(#5868,#5869,#5870,#5871));
#1530=EDGE_LOOP('',(#5872,#5873,#5874,#5875));
#1531=EDGE_LOOP('',(#5876,#5877,#5878,#5879));
#1532=EDGE_LOOP('',(#5880,#5881,#5882,#5883));
#1533=EDGE_LOOP('',(#5884,#5885,#5886,#5887));
#1534=EDGE_LOOP('',(#5888,#5889,#5890,#5891));
#1535=EDGE_LOOP('',(#5892,#5893,#5894,#5895));
#1536=EDGE_LOOP('',(#5896,#5897,#5898,#5899));
#1537=EDGE_LOOP('',(#5900,#5901,#5902,#5903,#5904,#5905,#5906,#5907,#5908));
#1538=EDGE_LOOP('',(#5909,#5910,#5911,#5912));
#1539=EDGE_LOOP('',(#5913,#5914,#5915,#5916));
#1540=EDGE_LOOP('',(#5917,#5918,#5919,#5920));
#1541=EDGE_LOOP('',(#5921,#5922,#5923,#5924));
#1542=EDGE_LOOP('',(#5925,#5926,#5927,#5928));
#1543=EDGE_LOOP('',(#5929,#5930,#5931,#5932));
#1544=EDGE_LOOP('',(#5933,#5934,#5935,#5936));
#1545=EDGE_LOOP('',(#5937,#5938,#5939,#5940));
#1546=EDGE_LOOP('',(#5941,#5942,#5943,#5944));
#1547=EDGE_LOOP('',(#5945,#5946,#5947,#5948,#5949,#5950,#5951,#5952,#5953));
#1548=EDGE_LOOP('',(#5954,#5955,#5956,#5957));
#1549=EDGE_LOOP('',(#5958,#5959,#5960,#5961));
#1550=EDGE_LOOP('',(#5962,#5963,#5964,#5965));
#1551=EDGE_LOOP('',(#5966,#5967,#5968,#5969));
#1552=EDGE_LOOP('',(#5970,#5971,#5972,#5973));
#1553=EDGE_LOOP('',(#5974,#5975,#5976,#5977));
#1554=EDGE_LOOP('',(#5978,#5979,#5980,#5981));
#1555=EDGE_LOOP('',(#5982,#5983,#5984,#5985));
#1556=EDGE_LOOP('',(#5986,#5987,#5988,#5989));
#1557=EDGE_LOOP('',(#5990,#5991,#5992,#5993,#5994,#5995,#5996,#5997,#5998));
#1558=EDGE_LOOP('',(#5999,#6000,#6001,#6002,#6003,#6004,#6005,#6006));
#1559=EDGE_LOOP('',(#6007,#6008,#6009));
#1560=EDGE_LOOP('',(#6010,#6011,#6012,#6013,#6014,#6015,#6016,#6017,#6018));
#1561=EDGE_LOOP('',(#6019,#6020,#6021,#6022,#6023,#6024,#6025,#6026));
#1562=EDGE_LOOP('',(#6027,#6028,#6029,#6030,#6031,#6032,#6033,#6034,#6035));
#1563=EDGE_LOOP('',(#6036,#6037,#6038,#6039));
#1564=EDGE_LOOP('',(#6040,#6041,#6042,#6043));
#1565=EDGE_LOOP('',(#6044,#6045,#6046,#6047));
#1566=EDGE_LOOP('',(#6048,#6049,#6050,#6051));
#1567=EDGE_LOOP('',(#6052,#6053,#6054,#6055));
#1568=EDGE_LOOP('',(#6056,#6057,#6058,#6059));
#1569=EDGE_LOOP('',(#6060,#6061,#6062,#6063));
#1570=EDGE_LOOP('',(#6064,#6065,#6066,#6067));
#1571=EDGE_LOOP('',(#6068,#6069,#6070,#6071));
#1572=EDGE_LOOP('',(#6072,#6073,#6074,#6075));
#1573=EDGE_LOOP('',(#6076,#6077,#6078,#6079));
#1574=EDGE_LOOP('',(#6080,#6081,#6082,#6083));
#1575=EDGE_LOOP('',(#6084,#6085,#6086,#6087,#6088,#6089,#6090,#6091));
#1576=EDGE_LOOP('',(#6092,#6093,#6094,#6095));
#1577=EDGE_LOOP('',(#6096,#6097,#6098,#6099,#6100,#6101));
#1578=EDGE_LOOP('',(#6102,#6103,#6104,#6105));
#1579=EDGE_LOOP('',(#6106,#6107,#6108,#6109));
#1580=EDGE_LOOP('',(#6110,#6111,#6112,#6113));
#1581=EDGE_LOOP('',(#6114,#6115,#6116,#6117,#6118,#6119));
#1582=EDGE_LOOP('',(#6120,#6121,#6122,#6123));
#1583=EDGE_LOOP('',(#6124,#6125,#6126,#6127));
#1584=EDGE_LOOP('',(#6128,#6129,#6130,#6131));
#1585=EDGE_LOOP('',(#6132,#6133,#6134,#6135));
#1586=EDGE_LOOP('',(#6136,#6137,#6138,#6139));
#1587=EDGE_LOOP('',(#6140,#6141,#6142,#6143));
#1588=EDGE_LOOP('',(#6144,#6145,#6146,#6147,#6148));
#1589=EDGE_LOOP('',(#6149,#6150,#6151,#6152));
#1590=EDGE_LOOP('',(#6153,#6154,#6155,#6156,#6157));
#1591=EDGE_LOOP('',(#6158,#6159,#6160,#6161,#6162,#6163,#6164,#6165));
#1592=EDGE_LOOP('',(#6166,#6167,#6168,#6169));
#1593=EDGE_LOOP('',(#6170,#6171,#6172,#6173,#6174,#6175,#6176,#6177));
#1594=EDGE_LOOP('',(#6178));
#1595=EDGE_LOOP('',(#6179));
#1596=LINE('',#7701,#2061);
#1597=LINE('',#7710,#2062);
#1598=LINE('',#7713,#2063);
#1599=LINE('',#7734,#2064);
#1600=LINE('',#7736,#2065);
#1601=LINE('',#7738,#2066);
#1602=LINE('',#7794,#2067);
#1603=LINE('',#7844,#2068);
#1604=LINE('',#7846,#2069);
#1605=LINE('',#7848,#2070);
#1606=LINE('',#7850,#2071);
#1607=LINE('',#7864,#2072);
#1608=LINE('',#8058,#2073);
#1609=LINE('',#8156,#2074);
#1610=LINE('',#8158,#2075);
#1611=LINE('',#8160,#2076);
#1612=LINE('',#8162,#2077);
#1613=LINE('',#8164,#2078);
#1614=LINE('',#8166,#2079);
#1615=LINE('',#8168,#2080);
#1616=LINE('',#8170,#2081);
#1617=LINE('',#8172,#2082);
#1618=LINE('',#8174,#2083);
#1619=LINE('',#8175,#2084);
#1620=LINE('',#8184,#2085);
#1621=LINE('',#8186,#2086);
#1622=LINE('',#8188,#2087);
#1623=LINE('',#8244,#2088);
#1624=LINE('',#8294,#2089);
#1625=LINE('',#8296,#2090);
#1626=LINE('',#8298,#2091);
#1627=LINE('',#8300,#2092);
#1628=LINE('',#8314,#2093);
#1629=LINE('',#8340,#2094);
#1630=LINE('',#8384,#2095);
#1631=LINE('',#8428,#2096);
#1632=LINE('',#8508,#2097);
#1633=LINE('',#8558,#2098);
#1634=LINE('',#8560,#2099);
#1635=LINE('',#8562,#2100);
#1636=LINE('',#8564,#2101);
#1637=LINE('',#8566,#2102);
#1638=LINE('',#8568,#2103);
#1639=LINE('',#8606,#2104);
#1640=LINE('',#8608,#2105);
#1641=LINE('',#8610,#2106);
#1642=LINE('',#8612,#2107);
#1643=LINE('',#8632,#2108);
#1644=LINE('',#8658,#2109);
#1645=LINE('',#8774,#2110);
#1646=LINE('',#8776,#2111);
#1647=LINE('',#8778,#2112);
#1648=LINE('',#8780,#2113);
#1649=LINE('',#8794,#2114);
#1650=LINE('',#8808,#2115);
#1651=LINE('',#8810,#2116);
#1652=LINE('',#8812,#2117);
#1653=LINE('',#8814,#2118);
#1654=LINE('',#8828,#2119);
#1655=LINE('',#8842,#2120);
#1656=LINE('',#8844,#2121);
#1657=LINE('',#8846,#2122);
#1658=LINE('',#8848,#2123);
#1659=LINE('',#8862,#2124);
#1660=LINE('',#8889,#2125);
#1661=LINE('',#8892,#2126);
#1662=LINE('',#8907,#2127);
#1663=LINE('',#8910,#2128);
#1664=LINE('',#8929,#2129);
#1665=LINE('',#8932,#2130);
#1666=LINE('',#8937,#2131);
#1667=LINE('',#8940,#2132);
#1668=LINE('',#8945,#2133);
#1669=LINE('',#8948,#2134);
#1670=LINE('',#8953,#2135);
#1671=LINE('',#8956,#2136);
#1672=LINE('',#8961,#2137);
#1673=LINE('',#8964,#2138);
#1674=LINE('',#8969,#2139);
#1675=LINE('',#8972,#2140);
#1676=LINE('',#8977,#2141);
#1677=LINE('',#8980,#2142);
#1678=LINE('',#8985,#2143);
#1679=LINE('',#8988,#2144);
#1680=LINE('',#8993,#2145);
#1681=LINE('',#8996,#2146);
#1682=LINE('',#9018,#2147);
#1683=LINE('',#9037,#2148);
#1684=LINE('',#9040,#2149);
#1685=LINE('',#9042,#2150);
#1686=LINE('',#9046,#2151);
#1687=LINE('',#9049,#2152);
#1688=LINE('',#9051,#2153);
#1689=LINE('',#9055,#2154);
#1690=LINE('',#9058,#2155);
#1691=LINE('',#9070,#2156);
#1692=LINE('',#9077,#2157);
#1693=LINE('',#9089,#2158);
#1694=LINE('',#9106,#2159);
#1695=LINE('',#9123,#2160);
#1696=LINE('',#9140,#2161);
#1697=LINE('',#9157,#2162);
#1698=LINE('',#9174,#2163);
#1699=LINE('',#9191,#2164);
#1700=LINE('',#9208,#2165);
#1701=LINE('',#9216,#2166);
#1702=LINE('',#9217,#2167);
#1703=LINE('',#9229,#2168);
#1704=LINE('',#9246,#2169);
#1705=LINE('',#9263,#2170);
#1706=LINE('',#9280,#2171);
#1707=LINE('',#9297,#2172);
#1708=LINE('',#9314,#2173);
#1709=LINE('',#9331,#2174);
#1710=LINE('',#9348,#2175);
#1711=LINE('',#9365,#2176);
#1712=LINE('',#9373,#2177);
#1713=LINE('',#9374,#2178);
#1714=LINE('',#9377,#2179);
#1715=LINE('',#9378,#2180);
#1716=LINE('',#9380,#2181);
#1717=LINE('',#9384,#2182);
#1718=LINE('',#9386,#2183);
#1719=LINE('',#9387,#2184);
#1720=LINE('',#9399,#2185);
#1721=LINE('',#9416,#2186);
#1722=LINE('',#9424,#2187);
#1723=LINE('',#9425,#2188);
#1724=LINE('',#9437,#2189);
#1725=LINE('',#9454,#2190);
#1726=LINE('',#9462,#2191);
#1727=LINE('',#9463,#2192);
#1728=LINE('',#9466,#2193);
#1729=LINE('',#9467,#2194);
#1730=LINE('',#9469,#2195);
#1731=LINE('',#9489,#2196);
#1732=LINE('',#9496,#2197);
#1733=LINE('',#9514,#2198);
#1734=LINE('',#9537,#2199);
#1735=LINE('',#9560,#2200);
#1736=LINE('',#9583,#2201);
#1737=LINE('',#9606,#2202);
#1738=LINE('',#9629,#2203);
#1739=LINE('',#9666,#2204);
#1740=LINE('',#9673,#2205);
#1741=LINE('',#9685,#2206);
#1742=LINE('',#9702,#2207);
#1743=LINE('',#9719,#2208);
#1744=LINE('',#9736,#2209);
#1745=LINE('',#9753,#2210);
#1746=LINE('',#9770,#2211);
#1747=LINE('',#9787,#2212);
#1748=LINE('',#9804,#2213);
#1749=LINE('',#9821,#2214);
#1750=LINE('',#9838,#2215);
#1751=LINE('',#9878,#2216);
#1752=LINE('',#9885,#2217);
#1753=LINE('',#9903,#2218);
#1754=LINE('',#9926,#2219);
#1755=LINE('',#9949,#2220);
#1756=LINE('',#9972,#2221);
#1757=LINE('',#9995,#2222);
#1758=LINE('',#10018,#2223);
#1759=LINE('',#10041,#2224);
#1760=LINE('',#10085,#2225);
#1761=LINE('',#10092,#2226);
#1762=LINE('',#10110,#2227);
#1763=LINE('',#10133,#2228);
#1764=LINE('',#10156,#2229);
#1765=LINE('',#10179,#2230);
#1766=LINE('',#10202,#2231);
#1767=LINE('',#10225,#2232);
#1768=LINE('',#10262,#2233);
#1769=LINE('',#10269,#2234);
#1770=LINE('',#10281,#2235);
#1771=LINE('',#10298,#2236);
#1772=LINE('',#10315,#2237);
#1773=LINE('',#10332,#2238);
#1774=LINE('',#10349,#2239);
#1775=LINE('',#10366,#2240);
#1776=LINE('',#10383,#2241);
#1777=LINE('',#10400,#2242);
#1778=LINE('',#10417,#2243);
#1779=LINE('',#10434,#2244);
#1780=LINE('',#10451,#2245);
#1781=LINE('',#10468,#2246);
#1782=LINE('',#10485,#2247);
#1783=LINE('',#10502,#2248);
#1784=LINE('',#10542,#2249);
#1785=LINE('',#10549,#2250);
#1786=LINE('',#10567,#2251);
#1787=LINE('',#10590,#2252);
#1788=LINE('',#10613,#2253);
#1789=LINE('',#10636,#2254);
#1790=LINE('',#10659,#2255);
#1791=LINE('',#10682,#2256);
#1792=LINE('',#10705,#2257);
#1793=LINE('',#10742,#2258);
#1794=LINE('',#10749,#2259);
#1795=LINE('',#10761,#2260);
#1796=LINE('',#10778,#2261);
#1797=LINE('',#10795,#2262);
#1798=LINE('',#10812,#2263);
#1799=LINE('',#10829,#2264);
#1800=LINE('',#10846,#2265);
#1801=LINE('',#10863,#2266);
#1802=LINE('',#10880,#2267);
#1803=LINE('',#10897,#2268);
#1804=LINE('',#10914,#2269);
#1805=LINE('',#10931,#2270);
#1806=LINE('',#10948,#2271);
#1807=LINE('',#10965,#2272);
#1808=LINE('',#10982,#2273);
#1809=LINE('',#10999,#2274);
#1810=LINE('',#11016,#2275);
#1811=LINE('',#11024,#2276);
#1812=LINE('',#11025,#2277);
#1813=LINE('',#11045,#2278);
#1814=LINE('',#11047,#2279);
#1815=LINE('',#11049,#2280);
#1816=LINE('',#11050,#2281);
#1817=LINE('',#11053,#2282);
#1818=LINE('',#11055,#2283);
#1819=LINE('',#11056,#2284);
#1820=LINE('',#11058,#2285);
#1821=LINE('',#11059,#2286);
#1822=LINE('',#11062,#2287);
#1823=LINE('',#11064,#2288);
#1824=LINE('',#11065,#2289);
#1825=LINE('',#11068,#2290);
#1826=LINE('',#11069,#2291);
#1827=LINE('',#11072,#2292);
#1828=LINE('',#11073,#2293);
#1829=LINE('',#11076,#2294);
#1830=LINE('',#11077,#2295);
#1831=LINE('',#11080,#2296);
#1832=LINE('',#11081,#2297);
#1833=LINE('',#11084,#2298);
#1834=LINE('',#11085,#2299);
#1835=LINE('',#11088,#2300);
#1836=LINE('',#11089,#2301);
#1837=LINE('',#11092,#2302);
#1838=LINE('',#11093,#2303);
#1839=LINE('',#11096,#2304);
#1840=LINE('',#11097,#2305);
#1841=LINE('',#11100,#2306);
#1842=LINE('',#11101,#2307);
#1843=LINE('',#11103,#2308);
#1844=LINE('',#11116,#2309);
#1845=LINE('',#11123,#2310);
#1846=LINE('',#11135,#2311);
#1847=LINE('',#11152,#2312);
#1848=LINE('',#11169,#2313);
#1849=LINE('',#11186,#2314);
#1850=LINE('',#11203,#2315);
#1851=LINE('',#11220,#2316);
#1852=LINE('',#11237,#2317);
#1853=LINE('',#11254,#2318);
#1854=LINE('',#11262,#2319);
#1855=LINE('',#11263,#2320);
#1856=LINE('',#11275,#2321);
#1857=LINE('',#11292,#2322);
#1858=LINE('',#11309,#2323);
#1859=LINE('',#11326,#2324);
#1860=LINE('',#11343,#2325);
#1861=LINE('',#11360,#2326);
#1862=LINE('',#11377,#2327);
#1863=LINE('',#11394,#2328);
#1864=LINE('',#11411,#2329);
#1865=LINE('',#11419,#2330);
#1866=LINE('',#11420,#2331);
#1867=LINE('',#11423,#2332);
#1868=LINE('',#11424,#2333);
#1869=LINE('',#11426,#2334);
#1870=LINE('',#11430,#2335);
#1871=LINE('',#11432,#2336);
#1872=LINE('',#11433,#2337);
#1873=LINE('',#11445,#2338);
#1874=LINE('',#11462,#2339);
#1875=LINE('',#11470,#2340);
#1876=LINE('',#11471,#2341);
#1877=LINE('',#11483,#2342);
#1878=LINE('',#11500,#2343);
#1879=LINE('',#11508,#2344);
#1880=LINE('',#11509,#2345);
#1881=LINE('',#11512,#2346);
#1882=LINE('',#11513,#2347);
#1883=LINE('',#11515,#2348);
#1884=LINE('',#11528,#2349);
#1885=LINE('',#11535,#2350);
#1886=LINE('',#11547,#2351);
#1887=LINE('',#11564,#2352);
#1888=LINE('',#11581,#2353);
#1889=LINE('',#11598,#2354);
#1890=LINE('',#11615,#2355);
#1891=LINE('',#11632,#2356);
#1892=LINE('',#11649,#2357);
#1893=LINE('',#11666,#2358);
#1894=LINE('',#11683,#2359);
#1895=LINE('',#11700,#2360);
#1896=LINE('',#11717,#2361);
#1897=LINE('',#11725,#2362);
#1898=LINE('',#11726,#2363);
#1899=LINE('',#11738,#2364);
#1900=LINE('',#11755,#2365);
#1901=LINE('',#11772,#2366);
#1902=LINE('',#11789,#2367);
#1903=LINE('',#11806,#2368);
#1904=LINE('',#11823,#2369);
#1905=LINE('',#11840,#2370);
#1906=LINE('',#11848,#2371);
#1907=LINE('',#11849,#2372);
#1908=LINE('',#11861,#2373);
#1909=LINE('',#11878,#2374);
#1910=LINE('',#11895,#2375);
#1911=LINE('',#11912,#2376);
#1912=LINE('',#11929,#2377);
#1913=LINE('',#11946,#2378);
#1914=LINE('',#11963,#2379);
#1915=LINE('',#11971,#2380);
#1916=LINE('',#11972,#2381);
#1917=LINE('',#12000,#2382);
#1918=LINE('',#12007,#2383);
#1919=LINE('',#12019,#2384);
#1920=LINE('',#12036,#2385);
#1921=LINE('',#12053,#2386);
#1922=LINE('',#12070,#2387);
#1923=LINE('',#12087,#2388);
#1924=LINE('',#12095,#2389);
#1925=LINE('',#12096,#2390);
#1926=LINE('',#12099,#2391);
#1927=LINE('',#12100,#2392);
#1928=LINE('',#12103,#2393);
#1929=LINE('',#12104,#2394);
#1930=LINE('',#12107,#2395);
#1931=LINE('',#12108,#2396);
#1932=LINE('',#12111,#2397);
#1933=LINE('',#12112,#2398);
#1934=LINE('',#12115,#2399);
#1935=LINE('',#12116,#2400);
#1936=LINE('',#12128,#2401);
#1937=LINE('',#12145,#2402);
#1938=LINE('',#12162,#2403);
#1939=LINE('',#12179,#2404);
#1940=LINE('',#12196,#2405);
#1941=LINE('',#12213,#2406);
#1942=LINE('',#12230,#2407);
#1943=LINE('',#12247,#2408);
#1944=LINE('',#12255,#2409);
#1945=LINE('',#12256,#2410);
#1946=LINE('',#12284,#2411);
#1947=LINE('',#12291,#2412);
#1948=LINE('',#12303,#2413);
#1949=LINE('',#12320,#2414);
#1950=LINE('',#12328,#2415);
#1951=LINE('',#12329,#2416);
#1952=LINE('',#12341,#2417);
#1953=LINE('',#12358,#2418);
#1954=LINE('',#12375,#2419);
#1955=LINE('',#12383,#2420);
#1956=LINE('',#12384,#2421);
#1957=LINE('',#12387,#2422);
#1958=LINE('',#12388,#2423);
#1959=LINE('',#12391,#2424);
#1960=LINE('',#12392,#2425);
#1961=LINE('',#12394,#2426);
#1962=LINE('',#12414,#2427);
#1963=LINE('',#12421,#2428);
#1964=LINE('',#12439,#2429);
#1965=LINE('',#12462,#2430);
#1966=LINE('',#12485,#2431);
#1967=LINE('',#12508,#2432);
#1968=LINE('',#12531,#2433);
#1969=LINE('',#12554,#2434);
#1970=LINE('',#12591,#2435);
#1971=LINE('',#12598,#2436);
#1972=LINE('',#12610,#2437);
#1973=LINE('',#12627,#2438);
#1974=LINE('',#12644,#2439);
#1975=LINE('',#12661,#2440);
#1976=LINE('',#12678,#2441);
#1977=LINE('',#12695,#2442);
#1978=LINE('',#12712,#2443);
#1979=LINE('',#12729,#2444);
#1980=LINE('',#12746,#2445);
#1981=LINE('',#12763,#2446);
#1982=LINE('',#12780,#2447);
#1983=LINE('',#12797,#2448);
#1984=LINE('',#12814,#2449);
#1985=LINE('',#12831,#2450);
#1986=LINE('',#12848,#2451);
#1987=LINE('',#12865,#2452);
#1988=LINE('',#12882,#2453);
#1989=LINE('',#12899,#2454);
#1990=LINE('',#12916,#2455);
#1991=LINE('',#12924,#2456);
#1992=LINE('',#12925,#2457);
#1993=LINE('',#12944,#2458);
#1994=LINE('',#12946,#2459);
#1995=LINE('',#12947,#2460);
#1996=LINE('',#12959,#2461);
#1997=LINE('',#12976,#2462);
#1998=LINE('',#12984,#2463);
#1999=LINE('',#12985,#2464);
#2000=LINE('',#12997,#2465);
#2001=LINE('',#13014,#2466);
#2002=LINE('',#13022,#2467);
#2003=LINE('',#13023,#2468);
#2004=LINE('',#13026,#2469);
#2005=LINE('',#13027,#2470);
#2006=LINE('',#13029,#2471);
#2007=LINE('',#13033,#2472);
#2008=LINE('',#13035,#2473);
#2009=LINE('',#13036,#2474);
#2010=LINE('',#13048,#2475);
#2011=LINE('',#13065,#2476);
#2012=LINE('',#13073,#2477);
#2013=LINE('',#13074,#2478);
#2014=LINE('',#13086,#2479);
#2015=LINE('',#13103,#2480);
#2016=LINE('',#13111,#2481);
#2017=LINE('',#13112,#2482);
#2018=LINE('',#13115,#2483);
#2019=LINE('',#13116,#2484);
#2020=LINE('',#13118,#2485);
#2021=LINE('',#13122,#2486);
#2022=LINE('',#13124,#2487);
#2023=LINE('',#13125,#2488);
#2024=LINE('',#13137,#2489);
#2025=LINE('',#13154,#2490);
#2026=LINE('',#13162,#2491);
#2027=LINE('',#13163,#2492);
#2028=LINE('',#13175,#2493);
#2029=LINE('',#13192,#2494);
#2030=LINE('',#13200,#2495);
#2031=LINE('',#13201,#2496);
#2032=LINE('',#13204,#2497);
#2033=LINE('',#13205,#2498);
#2034=LINE('',#13207,#2499);
#2035=LINE('',#13219,#2500);
#2036=LINE('',#13222,#2501);
#2037=LINE('',#13241,#2502);
#2038=LINE('',#13242,#2503);
#2039=LINE('',#13261,#2504);
#2040=LINE('',#13262,#2505);
#2041=LINE('',#13281,#2506);
#2042=LINE('',#13282,#2507);
#2043=LINE('',#13296,#2508);
#2044=LINE('',#13299,#2509);
#2045=LINE('',#13302,#2510);
#2046=LINE('',#13303,#2511);
#2047=LINE('',#13306,#2512);
#2048=LINE('',#13310,#2513);
#2049=LINE('',#13311,#2514);
#2050=LINE('',#13323,#2515);
#2051=LINE('',#13331,#2516);
#2052=LINE('',#13337,#2517);
#2053=LINE('',#13338,#2518);
#2054=LINE('',#13341,#2519);
#2055=LINE('',#13344,#2520);
#2056=LINE('',#13345,#2521);
#2057=LINE('',#13347,#2522);
#2058=LINE('',#13349,#2523);
#2059=LINE('',#13352,#2524);
#2060=LINE('',#13356,#2525);
#2061=VECTOR('',#6792,0.212007874015748);
#2062=VECTOR('',#6801,0.393700787401575);
#2063=VECTOR('',#6804,0.393700787401575);
#2064=VECTOR('',#6817,0.393700787401575);
#2065=VECTOR('',#6818,0.393700787401575);
#2066=VECTOR('',#6819,0.393700787401575);
#2067=VECTOR('',#6820,0.393700787401575);
#2068=VECTOR('',#6821,0.393700787401575);
#2069=VECTOR('',#6822,0.393700787401575);
#2070=VECTOR('',#6823,0.393700787401575);
#2071=VECTOR('',#6824,0.393700787401575);
#2072=VECTOR('',#6825,0.393700787401575);
#2073=VECTOR('',#6826,0.393700787401575);
#2074=VECTOR('',#6827,0.393700787401575);
#2075=VECTOR('',#6828,0.393700787401575);
#2076=VECTOR('',#6829,0.393700787401575);
#2077=VECTOR('',#6830,0.393700787401575);
#2078=VECTOR('',#6831,0.393700787401575);
#2079=VECTOR('',#6832,0.393700787401575);
#2080=VECTOR('',#6833,0.393700787401575);
#2081=VECTOR('',#6834,0.393700787401575);
#2082=VECTOR('',#6835,0.393700787401575);
#2083=VECTOR('',#6836,0.393700787401575);
#2084=VECTOR('',#6837,0.393700787401575);
#2085=VECTOR('',#6838,0.393700787401575);
#2086=VECTOR('',#6839,0.393700787401575);
#2087=VECTOR('',#6840,0.393700787401575);
#2088=VECTOR('',#6841,0.393700787401575);
#2089=VECTOR('',#6842,0.393700787401575);
#2090=VECTOR('',#6843,0.393700787401575);
#2091=VECTOR('',#6844,0.393700787401575);
#2092=VECTOR('',#6845,0.393700787401575);
#2093=VECTOR('',#6846,0.393700787401575);
#2094=VECTOR('',#6847,0.393700787401575);
#2095=VECTOR('',#6848,0.393700787401575);
#2096=VECTOR('',#6849,0.393700787401575);
#2097=VECTOR('',#6850,0.393700787401575);
#2098=VECTOR('',#6851,0.393700787401575);
#2099=VECTOR('',#6852,0.393700787401575);
#2100=VECTOR('',#6853,0.393700787401575);
#2101=VECTOR('',#6854,0.393700787401575);
#2102=VECTOR('',#6855,0.393700787401575);
#2103=VECTOR('',#6856,0.393700787401575);
#2104=VECTOR('',#6857,0.393700787401575);
#2105=VECTOR('',#6858,0.393700787401575);
#2106=VECTOR('',#6859,0.393700787401575);
#2107=VECTOR('',#6860,0.393700787401575);
#2108=VECTOR('',#6861,0.393700787401575);
#2109=VECTOR('',#6862,0.393700787401575);
#2110=VECTOR('',#6863,0.393700787401575);
#2111=VECTOR('',#6864,0.393700787401575);
#2112=VECTOR('',#6865,0.393700787401575);
#2113=VECTOR('',#6866,0.393700787401575);
#2114=VECTOR('',#6867,0.393700787401575);
#2115=VECTOR('',#6868,0.393700787401575);
#2116=VECTOR('',#6869,0.393700787401575);
#2117=VECTOR('',#6870,0.393700787401575);
#2118=VECTOR('',#6871,0.393700787401575);
#2119=VECTOR('',#6872,0.393700787401575);
#2120=VECTOR('',#6873,0.393700787401575);
#2121=VECTOR('',#6874,0.393700787401575);
#2122=VECTOR('',#6875,0.393700787401575);
#2123=VECTOR('',#6876,0.393700787401575);
#2124=VECTOR('',#6877,0.393700787401575);
#2125=VECTOR('',#6894,0.187007874015748);
#2126=VECTOR('',#6897,0.217007874015748);
#2127=VECTOR('',#6906,0.192007874015748);
#2128=VECTOR('',#6909,0.217007874015748);
#2129=VECTOR('',#6918,0.192007874015748);
#2130=VECTOR('',#6921,0.217007874015748);
#2131=VECTOR('',#6928,0.192007874015748);
#2132=VECTOR('',#6931,0.217007874015748);
#2133=VECTOR('',#6938,0.192007874015748);
#2134=VECTOR('',#6941,0.217007874015748);
#2135=VECTOR('',#6948,0.192007874015748);
#2136=VECTOR('',#6951,0.217007874015748);
#2137=VECTOR('',#6958,0.192007874015748);
#2138=VECTOR('',#6961,0.217007874015748);
#2139=VECTOR('',#6968,0.192007874015748);
#2140=VECTOR('',#6971,0.217007874015748);
#2141=VECTOR('',#6978,0.192007874015748);
#2142=VECTOR('',#6981,0.217007874015748);
#2143=VECTOR('',#6988,0.192007874015748);
#2144=VECTOR('',#6991,0.217007874015748);
#2145=VECTOR('',#6998,0.192007874015748);
#2146=VECTOR('',#7001,0.217007874015748);
#2147=VECTOR('',#7010,0.192007874015748);
#2148=VECTOR('',#7021,0.393700787401575);
#2149=VECTOR('',#7024,0.393700787401575);
#2150=VECTOR('',#7025,0.393700787401575);
#2151=VECTOR('',#7028,0.393700787401575);
#2152=VECTOR('',#7031,0.393700787401575);
#2153=VECTOR('',#7032,0.393700787401575);
#2154=VECTOR('',#7035,0.393700787401575);
#2155=VECTOR('',#7038,0.393700787401575);
#2156=VECTOR('',#7039,0.393700787401575);
#2157=VECTOR('',#7040,0.393700787401575);
#2158=VECTOR('',#7041,0.393700787401575);
#2159=VECTOR('',#7042,0.393700787401575);
#2160=VECTOR('',#7043,0.393700787401575);
#2161=VECTOR('',#7044,0.393700787401575);
#2162=VECTOR('',#7045,0.393700787401575);
#2163=VECTOR('',#7046,0.393700787401575);
#2164=VECTOR('',#7047,0.393700787401575);
#2165=VECTOR('',#7048,0.393700787401575);
#2166=VECTOR('',#7051,0.393700787401575);
#2167=VECTOR('',#7052,0.393700787401575);
#2168=VECTOR('',#7053,0.393700787401575);
#2169=VECTOR('',#7054,0.393700787401575);
#2170=VECTOR('',#7055,0.393700787401575);
#2171=VECTOR('',#7056,0.393700787401575);
#2172=VECTOR('',#7057,0.393700787401575);
#2173=VECTOR('',#7058,0.393700787401575);
#2174=VECTOR('',#7059,0.393700787401575);
#2175=VECTOR('',#7060,0.393700787401575);
#2176=VECTOR('',#7061,0.393700787401575);
#2177=VECTOR('',#7064,0.393700787401575);
#2178=VECTOR('',#7065,0.393700787401575);
#2179=VECTOR('',#7068,0.393700787401575);
#2180=VECTOR('',#7069,0.393700787401575);
#2181=VECTOR('',#7072,0.393700787401575);
#2182=VECTOR('',#7077,0.393700787401575);
#2183=VECTOR('',#7078,0.393700787401575);
#2184=VECTOR('',#7079,0.393700787401575);
#2185=VECTOR('',#7080,0.393700787401575);
#2186=VECTOR('',#7081,0.393700787401575);
#2187=VECTOR('',#7084,0.393700787401575);
#2188=VECTOR('',#7085,0.393700787401575);
#2189=VECTOR('',#7086,0.393700787401575);
#2190=VECTOR('',#7087,0.393700787401575);
#2191=VECTOR('',#7090,0.393700787401575);
#2192=VECTOR('',#7091,0.393700787401575);
#2193=VECTOR('',#7094,0.393700787401575);
#2194=VECTOR('',#7095,0.393700787401575);
#2195=VECTOR('',#7098,0.393700787401575);
#2196=VECTOR('',#7101,0.393700787401575);
#2197=VECTOR('',#7102,0.393700787401575);
#2198=VECTOR('',#7103,0.393700787401575);
#2199=VECTOR('',#7104,0.393700787401575);
#2200=VECTOR('',#7105,0.393700787401575);
#2201=VECTOR('',#7106,0.393700787401575);
#2202=VECTOR('',#7107,0.393700787401575);
#2203=VECTOR('',#7108,0.393700787401575);
#2204=VECTOR('',#7109,0.393700787401575);
#2205=VECTOR('',#7110,0.393700787401575);
#2206=VECTOR('',#7111,0.393700787401575);
#2207=VECTOR('',#7112,0.393700787401575);
#2208=VECTOR('',#7113,0.393700787401575);
#2209=VECTOR('',#7114,0.393700787401575);
#2210=VECTOR('',#7115,0.393700787401575);
#2211=VECTOR('',#7116,0.393700787401575);
#2212=VECTOR('',#7117,0.393700787401575);
#2213=VECTOR('',#7118,0.393700787401575);
#2214=VECTOR('',#7119,0.393700787401575);
#2215=VECTOR('',#7120,0.393700787401575);
#2216=VECTOR('',#7123,0.393700787401575);
#2217=VECTOR('',#7124,0.393700787401575);
#2218=VECTOR('',#7125,0.393700787401575);
#2219=VECTOR('',#7126,0.393700787401575);
#2220=VECTOR('',#7127,0.393700787401575);
#2221=VECTOR('',#7128,0.393700787401575);
#2222=VECTOR('',#7129,0.393700787401575);
#2223=VECTOR('',#7130,0.393700787401575);
#2224=VECTOR('',#7131,0.393700787401575);
#2225=VECTOR('',#7132,0.393700787401575);
#2226=VECTOR('',#7133,0.393700787401575);
#2227=VECTOR('',#7134,0.393700787401575);
#2228=VECTOR('',#7135,0.393700787401575);
#2229=VECTOR('',#7136,0.393700787401575);
#2230=VECTOR('',#7137,0.393700787401575);
#2231=VECTOR('',#7138,0.393700787401575);
#2232=VECTOR('',#7139,0.393700787401575);
#2233=VECTOR('',#7140,0.393700787401575);
#2234=VECTOR('',#7141,0.393700787401575);
#2235=VECTOR('',#7142,0.393700787401575);
#2236=VECTOR('',#7143,0.393700787401575);
#2237=VECTOR('',#7144,0.393700787401575);
#2238=VECTOR('',#7145,0.393700787401575);
#2239=VECTOR('',#7146,0.393700787401575);
#2240=VECTOR('',#7147,0.393700787401575);
#2241=VECTOR('',#7148,0.393700787401575);
#2242=VECTOR('',#7149,0.393700787401575);
#2243=VECTOR('',#7150,0.393700787401575);
#2244=VECTOR('',#7151,0.393700787401575);
#2245=VECTOR('',#7152,0.393700787401575);
#2246=VECTOR('',#7153,0.393700787401575);
#2247=VECTOR('',#7154,0.393700787401575);
#2248=VECTOR('',#7155,0.393700787401575);
#2249=VECTOR('',#7158,0.393700787401575);
#2250=VECTOR('',#7159,0.393700787401575);
#2251=VECTOR('',#7160,0.393700787401575);
#2252=VECTOR('',#7161,0.393700787401575);
#2253=VECTOR('',#7162,0.393700787401575);
#2254=VECTOR('',#7163,0.393700787401575);
#2255=VECTOR('',#7164,0.393700787401575);
#2256=VECTOR('',#7165,0.393700787401575);
#2257=VECTOR('',#7166,0.393700787401575);
#2258=VECTOR('',#7167,0.393700787401575);
#2259=VECTOR('',#7168,0.393700787401575);
#2260=VECTOR('',#7169,0.393700787401575);
#2261=VECTOR('',#7170,0.393700787401575);
#2262=VECTOR('',#7171,0.393700787401575);
#2263=VECTOR('',#7172,0.393700787401575);
#2264=VECTOR('',#7173,0.393700787401575);
#2265=VECTOR('',#7174,0.393700787401575);
#2266=VECTOR('',#7175,0.393700787401575);
#2267=VECTOR('',#7176,0.393700787401575);
#2268=VECTOR('',#7177,0.393700787401575);
#2269=VECTOR('',#7178,0.393700787401575);
#2270=VECTOR('',#7179,0.393700787401575);
#2271=VECTOR('',#7180,0.393700787401575);
#2272=VECTOR('',#7181,0.393700787401575);
#2273=VECTOR('',#7182,0.393700787401575);
#2274=VECTOR('',#7183,0.393700787401575);
#2275=VECTOR('',#7184,0.393700787401575);
#2276=VECTOR('',#7187,0.393700787401575);
#2277=VECTOR('',#7188,0.393700787401575);
#2278=VECTOR('',#7193,0.393700787401575);
#2279=VECTOR('',#7194,0.393700787401575);
#2280=VECTOR('',#7195,0.393700787401575);
#2281=VECTOR('',#7196,0.393700787401575);
#2282=VECTOR('',#7199,0.393700787401575);
#2283=VECTOR('',#7200,0.393700787401575);
#2284=VECTOR('',#7201,0.393700787401575);
#2285=VECTOR('',#7204,0.393700787401575);
#2286=VECTOR('',#7205,0.393700787401575);
#2287=VECTOR('',#7208,0.393700787401575);
#2288=VECTOR('',#7209,0.393700787401575);
#2289=VECTOR('',#7210,0.393700787401575);
#2290=VECTOR('',#7213,0.393700787401575);
#2291=VECTOR('',#7214,0.393700787401575);
#2292=VECTOR('',#7217,0.393700787401575);
#2293=VECTOR('',#7218,0.393700787401575);
#2294=VECTOR('',#7221,0.393700787401575);
#2295=VECTOR('',#7222,0.393700787401575);
#2296=VECTOR('',#7225,0.393700787401575);
#2297=VECTOR('',#7226,0.393700787401575);
#2298=VECTOR('',#7229,0.393700787401575);
#2299=VECTOR('',#7230,0.393700787401575);
#2300=VECTOR('',#7233,0.393700787401575);
#2301=VECTOR('',#7234,0.393700787401575);
#2302=VECTOR('',#7237,0.393700787401575);
#2303=VECTOR('',#7238,0.393700787401575);
#2304=VECTOR('',#7241,0.393700787401575);
#2305=VECTOR('',#7242,0.393700787401575);
#2306=VECTOR('',#7245,0.393700787401575);
#2307=VECTOR('',#7246,0.393700787401575);
#2308=VECTOR('',#7249,0.393700787401575);
#2309=VECTOR('',#7252,0.393700787401575);
#2310=VECTOR('',#7253,0.393700787401575);
#2311=VECTOR('',#7254,0.393700787401575);
#2312=VECTOR('',#7255,0.393700787401575);
#2313=VECTOR('',#7256,0.393700787401575);
#2314=VECTOR('',#7257,0.393700787401575);
#2315=VECTOR('',#7258,0.393700787401575);
#2316=VECTOR('',#7259,0.393700787401575);
#2317=VECTOR('',#7260,0.393700787401575);
#2318=VECTOR('',#7261,0.393700787401575);
#2319=VECTOR('',#7264,0.393700787401575);
#2320=VECTOR('',#7265,0.393700787401575);
#2321=VECTOR('',#7266,0.393700787401575);
#2322=VECTOR('',#7267,0.393700787401575);
#2323=VECTOR('',#7268,0.393700787401575);
#2324=VECTOR('',#7269,0.393700787401575);
#2325=VECTOR('',#7270,0.393700787401575);
#2326=VECTOR('',#7271,0.393700787401575);
#2327=VECTOR('',#7272,0.393700787401575);
#2328=VECTOR('',#7273,0.393700787401575);
#2329=VECTOR('',#7274,0.393700787401575);
#2330=VECTOR('',#7277,0.393700787401575);
#2331=VECTOR('',#7278,0.393700787401575);
#2332=VECTOR('',#7281,0.393700787401575);
#2333=VECTOR('',#7282,0.393700787401575);
#2334=VECTOR('',#7285,0.393700787401575);
#2335=VECTOR('',#7290,0.393700787401575);
#2336=VECTOR('',#7291,0.393700787401575);
#2337=VECTOR('',#7292,0.393700787401575);
#2338=VECTOR('',#7293,0.393700787401575);
#2339=VECTOR('',#7294,0.393700787401575);
#2340=VECTOR('',#7297,0.393700787401575);
#2341=VECTOR('',#7298,0.393700787401575);
#2342=VECTOR('',#7299,0.393700787401575);
#2343=VECTOR('',#7300,0.393700787401575);
#2344=VECTOR('',#7303,0.393700787401575);
#2345=VECTOR('',#7304,0.393700787401575);
#2346=VECTOR('',#7307,0.393700787401575);
#2347=VECTOR('',#7308,0.393700787401575);
#2348=VECTOR('',#7311,0.393700787401575);
#2349=VECTOR('',#7314,0.393700787401575);
#2350=VECTOR('',#7315,0.393700787401575);
#2351=VECTOR('',#7316,0.393700787401575);
#2352=VECTOR('',#7317,0.393700787401575);
#2353=VECTOR('',#7318,0.393700787401575);
#2354=VECTOR('',#7319,0.393700787401575);
#2355=VECTOR('',#7320,0.393700787401575);
#2356=VECTOR('',#7321,0.393700787401575);
#2357=VECTOR('',#7322,0.393700787401575);
#2358=VECTOR('',#7323,0.393700787401575);
#2359=VECTOR('',#7324,0.393700787401575);
#2360=VECTOR('',#7325,0.393700787401575);
#2361=VECTOR('',#7326,0.393700787401575);
#2362=VECTOR('',#7329,0.393700787401575);
#2363=VECTOR('',#7330,0.393700787401575);
#2364=VECTOR('',#7331,0.393700787401575);
#2365=VECTOR('',#7332,0.393700787401575);
#2366=VECTOR('',#7333,0.393700787401575);
#2367=VECTOR('',#7334,0.393700787401575);
#2368=VECTOR('',#7335,0.393700787401575);
#2369=VECTOR('',#7336,0.393700787401575);
#2370=VECTOR('',#7337,0.393700787401575);
#2371=VECTOR('',#7340,0.393700787401575);
#2372=VECTOR('',#7341,0.393700787401575);
#2373=VECTOR('',#7342,0.393700787401575);
#2374=VECTOR('',#7343,0.393700787401575);
#2375=VECTOR('',#7344,0.393700787401575);
#2376=VECTOR('',#7345,0.393700787401575);
#2377=VECTOR('',#7346,0.393700787401575);
#2378=VECTOR('',#7347,0.393700787401575);
#2379=VECTOR('',#7348,0.393700787401575);
#2380=VECTOR('',#7351,0.393700787401575);
#2381=VECTOR('',#7352,0.393700787401575);
#2382=VECTOR('',#7355,0.393700787401575);
#2383=VECTOR('',#7356,0.393700787401575);
#2384=VECTOR('',#7357,0.393700787401575);
#2385=VECTOR('',#7358,0.393700787401575);
#2386=VECTOR('',#7359,0.393700787401575);
#2387=VECTOR('',#7360,0.393700787401575);
#2388=VECTOR('',#7361,0.393700787401575);
#2389=VECTOR('',#7364,0.393700787401575);
#2390=VECTOR('',#7365,0.393700787401575);
#2391=VECTOR('',#7368,0.393700787401575);
#2392=VECTOR('',#7369,0.393700787401575);
#2393=VECTOR('',#7372,0.393700787401575);
#2394=VECTOR('',#7373,0.393700787401575);
#2395=VECTOR('',#7376,0.393700787401575);
#2396=VECTOR('',#7377,0.393700787401575);
#2397=VECTOR('',#7380,0.393700787401575);
#2398=VECTOR('',#7381,0.393700787401575);
#2399=VECTOR('',#7384,0.393700787401575);
#2400=VECTOR('',#7385,0.393700787401575);
#2401=VECTOR('',#7386,0.393700787401575);
#2402=VECTOR('',#7387,0.393700787401575);
#2403=VECTOR('',#7388,0.393700787401575);
#2404=VECTOR('',#7389,0.393700787401575);
#2405=VECTOR('',#7390,0.393700787401575);
#2406=VECTOR('',#7391,0.393700787401575);
#2407=VECTOR('',#7392,0.393700787401575);
#2408=VECTOR('',#7393,0.393700787401575);
#2409=VECTOR('',#7396,0.393700787401575);
#2410=VECTOR('',#7397,0.393700787401575);
#2411=VECTOR('',#7400,0.393700787401575);
#2412=VECTOR('',#7401,0.393700787401575);
#2413=VECTOR('',#7402,0.393700787401575);
#2414=VECTOR('',#7403,0.393700787401575);
#2415=VECTOR('',#7406,0.393700787401575);
#2416=VECTOR('',#7407,0.393700787401575);
#2417=VECTOR('',#7408,0.393700787401575);
#2418=VECTOR('',#7409,0.393700787401575);
#2419=VECTOR('',#7410,0.393700787401575);
#2420=VECTOR('',#7413,0.393700787401575);
#2421=VECTOR('',#7414,0.393700787401575);
#2422=VECTOR('',#7417,0.393700787401575);
#2423=VECTOR('',#7418,0.393700787401575);
#2424=VECTOR('',#7421,0.393700787401575);
#2425=VECTOR('',#7422,0.393700787401575);
#2426=VECTOR('',#7425,0.393700787401575);
#2427=VECTOR('',#7428,0.393700787401575);
#2428=VECTOR('',#7429,0.393700787401575);
#2429=VECTOR('',#7430,0.393700787401575);
#2430=VECTOR('',#7431,0.393700787401575);
#2431=VECTOR('',#7432,0.393700787401575);
#2432=VECTOR('',#7433,0.393700787401575);
#2433=VECTOR('',#7434,0.393700787401575);
#2434=VECTOR('',#7435,0.393700787401575);
#2435=VECTOR('',#7436,0.393700787401575);
#2436=VECTOR('',#7437,0.393700787401575);
#2437=VECTOR('',#7438,0.393700787401575);
#2438=VECTOR('',#7439,0.393700787401575);
#2439=VECTOR('',#7440,0.393700787401575);
#2440=VECTOR('',#7441,0.393700787401575);
#2441=VECTOR('',#7442,0.393700787401575);
#2442=VECTOR('',#7443,0.393700787401575);
#2443=VECTOR('',#7444,0.393700787401575);
#2444=VECTOR('',#7445,0.393700787401575);
#2445=VECTOR('',#7446,0.393700787401575);
#2446=VECTOR('',#7447,0.393700787401575);
#2447=VECTOR('',#7448,0.393700787401575);
#2448=VECTOR('',#7449,0.393700787401575);
#2449=VECTOR('',#7450,0.393700787401575);
#2450=VECTOR('',#7451,0.393700787401575);
#2451=VECTOR('',#7452,0.393700787401575);
#2452=VECTOR('',#7453,0.393700787401575);
#2453=VECTOR('',#7454,0.393700787401575);
#2454=VECTOR('',#7455,0.393700787401575);
#2455=VECTOR('',#7456,0.393700787401575);
#2456=VECTOR('',#7459,0.393700787401575);
#2457=VECTOR('',#7460,0.393700787401575);
#2458=VECTOR('',#7465,0.393700787401575);
#2459=VECTOR('',#7466,0.393700787401575);
#2460=VECTOR('',#7467,0.393700787401575);
#2461=VECTOR('',#7468,0.393700787401575);
#2462=VECTOR('',#7469,0.393700787401575);
#2463=VECTOR('',#7472,0.393700787401575);
#2464=VECTOR('',#7473,0.393700787401575);
#2465=VECTOR('',#7474,0.393700787401575);
#2466=VECTOR('',#7475,0.393700787401575);
#2467=VECTOR('',#7478,0.393700787401575);
#2468=VECTOR('',#7479,0.393700787401575);
#2469=VECTOR('',#7482,0.393700787401575);
#2470=VECTOR('',#7483,0.393700787401575);
#2471=VECTOR('',#7486,0.393700787401575);
#2472=VECTOR('',#7491,0.393700787401575);
#2473=VECTOR('',#7492,0.393700787401575);
#2474=VECTOR('',#7493,0.393700787401575);
#2475=VECTOR('',#7494,0.393700787401575);
#2476=VECTOR('',#7495,0.393700787401575);
#2477=VECTOR('',#7498,0.393700787401575);
#2478=VECTOR('',#7499,0.393700787401575);
#2479=VECTOR('',#7500,0.393700787401575);
#2480=VECTOR('',#7501,0.393700787401575);
#2481=VECTOR('',#7504,0.393700787401575);
#2482=VECTOR('',#7505,0.393700787401575);
#2483=VECTOR('',#7508,0.393700787401575);
#2484=VECTOR('',#7509,0.393700787401575);
#2485=VECTOR('',#7512,0.393700787401575);
#2486=VECTOR('',#7517,0.393700787401575);
#2487=VECTOR('',#7518,0.393700787401575);
#2488=VECTOR('',#7519,0.393700787401575);
#2489=VECTOR('',#7520,0.393700787401575);
#2490=VECTOR('',#7521,0.393700787401575);
#2491=VECTOR('',#7524,0.393700787401575);
#2492=VECTOR('',#7525,0.393700787401575);
#2493=VECTOR('',#7526,0.393700787401575);
#2494=VECTOR('',#7527,0.393700787401575);
#2495=VECTOR('',#7530,0.393700787401575);
#2496=VECTOR('',#7531,0.393700787401575);
#2497=VECTOR('',#7534,0.393700787401575);
#2498=VECTOR('',#7535,0.393700787401575);
#2499=VECTOR('',#7538,0.393700787401575);
#2500=VECTOR('',#7555,0.393700787401575);
#2501=VECTOR('',#7558,0.393700787401575);
#2502=VECTOR('',#7569,0.393700787401575);
#2503=VECTOR('',#7570,0.393700787401575);
#2504=VECTOR('',#7581,0.393700787401575);
#2505=VECTOR('',#7582,0.393700787401575);
#2506=VECTOR('',#7593,0.393700787401575);
#2507=VECTOR('',#7594,0.393700787401575);
#2508=VECTOR('',#7601,0.393700787401575);
#2509=VECTOR('',#7604,0.393700787401575);
#2510=VECTOR('',#7607,0.393700787401575);
#2511=VECTOR('',#7608,0.393700787401575);
#2512=VECTOR('',#7611,0.393700787401575);
#2513=VECTOR('',#7616,0.393700787401575);
#2514=VECTOR('',#7617,0.393700787401575);
#2515=VECTOR('',#7638,0.393700787401575);
#2516=VECTOR('',#7649,0.393700787401575);
#2517=VECTOR('',#7660,0.393700787401575);
#2518=VECTOR('',#7661,0.393700787401575);
#2519=VECTOR('',#7666,0.393700787401575);
#2520=VECTOR('',#7671,0.393700787401575);
#2521=VECTOR('',#7672,0.393700787401575);
#2522=VECTOR('',#7675,0.393700787401575);
#2523=VECTOR('',#7678,0.393700787401575);
#2524=VECTOR('',#7681,0.686023622047244);
#2525=VECTOR('',#7686,0.561023622047244);
#2526=CIRCLE('',#6564,0.237007874015748);
#2527=CIRCLE('',#6565,0.187007874015748);
#2528=CIRCLE('',#6567,0.686023622047244);
#2529=CIRCLE('',#6568,0.686023622047244);
#2530=CIRCLE('',#6569,0.649944078859064);
#2531=CIRCLE('',#6570,0.242007874015748);
#2532=CIRCLE('',#6571,0.242007874015748);
#2533=CIRCLE('',#6572,0.242007874015748);
#2534=CIRCLE('',#6573,0.242007874015748);
#2535=CIRCLE('',#6574,0.242007874015748);
#2536=CIRCLE('',#6575,0.242007874015748);
#2537=CIRCLE('',#6576,0.561023622047244);
#2538=CIRCLE('',#6577,0.242007874015748);
#2539=CIRCLE('',#6578,0.242007874015748);
#2540=CIRCLE('',#6579,0.242007874015748);
#2541=CIRCLE('',#6580,0.242007874015748);
#2542=CIRCLE('',#6581,0.242007874015748);
#2543=CIRCLE('',#6583,0.187007874015748);
#2544=CIRCLE('',#6585,0.192007874015748);
#2545=CIRCLE('',#6587,0.192007874015748);
#2546=CIRCLE('',#6588,0.192007874015748);
#2547=CIRCLE('',#6590,0.192007874015748);
#2548=CIRCLE('',#6592,0.192007874015748);
#2549=CIRCLE('',#6593,0.192007874015748);
#2550=CIRCLE('',#6595,0.192007874015748);
#2551=CIRCLE('',#6597,0.192007874015748);
#2552=CIRCLE('',#6599,0.192007874015748);
#2553=CIRCLE('',#6601,0.192007874015748);
#2554=CIRCLE('',#6603,0.192007874015748);
#2555=CIRCLE('',#6605,0.192007874015748);
#2556=CIRCLE('',#6607,0.192007874015748);
#2557=CIRCLE('',#6609,0.192007874015748);
#2558=CIRCLE('',#6611,0.192007874015748);
#2559=CIRCLE('',#6613,0.192007874015748);
#2560=CIRCLE('',#6615,0.192007874015748);
#2561=CIRCLE('',#6617,0.192007874015748);
#2562=CIRCLE('',#6619,0.192007874015748);
#2563=CIRCLE('',#6621,0.192007874015748);
#2564=CIRCLE('',#6623,0.192007874015748);
#2565=CIRCLE('',#6625,0.192007874015748);
#2566=CIRCLE('',#6627,0.192007874015748);
#2567=CIRCLE('',#6629,0.192007874015748);
#2568=CIRCLE('',#6630,0.192007874015748);
#2569=CIRCLE('',#6632,0.836023622047244);
#2570=CIRCLE('',#6633,0.686023622047244);
#2571=CIRCLE('',#6634,0.836023622047244);
#2572=CIRCLE('',#6636,0.649944078859064);
#2573=CIRCLE('',#6637,0.3);
#2574=CIRCLE('',#6638,0.3);
#2575=CIRCLE('',#6639,0.3);
#2576=CIRCLE('',#6640,0.3);
#2577=CIRCLE('',#6726,0.1);
#2578=CIRCLE('',#6727,0.1);
#2579=CIRCLE('',#6728,0.1);
#2580=CIRCLE('',#6729,0.125);
#2581=CIRCLE('',#6730,0.025);
#2582=CIRCLE('',#6732,0.1);
#2583=CIRCLE('',#6733,0.1);
#2584=CIRCLE('',#6734,0.125);
#2585=CIRCLE('',#6735,0.025);
#2586=CIRCLE('',#6737,0.1);
#2587=CIRCLE('',#6738,0.1);
#2588=CIRCLE('',#6739,0.125);
#2589=CIRCLE('',#6740,0.025);
#2590=CIRCLE('',#6742,0.1);
#2591=CIRCLE('',#6743,0.125);
#2592=CIRCLE('',#6744,0.025);
#2593=CIRCLE('',#6746,0.125);
#2594=CIRCLE('',#6749,0.125);
#2595=CIRCLE('',#6753,0.175);
#2596=CIRCLE('',#6754,0.175);
#2597=CIRCLE('',#6756,0.175);
#2598=CIRCLE('',#6758,0.175);
#2599=CIRCLE('',#6760,0.175);
#2600=CIRCLE('',#6762,0.175);
#2601=CIRCLE('',#6763,0.125);
#2602=CIRCLE('',#6765,0.175);
#2603=CIRCLE('',#6767,0.175);
#2604=CIRCLE('',#6768,0.125);
#2605=CIRCLE('',#6778,0.686023622047244);
#2606=CIRCLE('',#6780,0.561023622047244);
#2607=VERTEX_POINT('',#7698);
#2608=VERTEX_POINT('',#7700);
#2609=VERTEX_POINT('',#7704);
#2610=VERTEX_POINT('',#7705);
#2611=VERTEX_POINT('',#7707);
#2612=VERTEX_POINT('',#7709);
#2613=VERTEX_POINT('',#7711);
#2614=VERTEX_POINT('',#7714);
#2615=VERTEX_POINT('',#7716);
#2616=VERTEX_POINT('',#7718);
#2617=VERTEX_POINT('',#7720);
#2618=VERTEX_POINT('',#7722);
#2619=VERTEX_POINT('',#7724);
#2620=VERTEX_POINT('',#7726);
#2621=VERTEX_POINT('',#7727);
#2622=VERTEX_POINT('',#7733);
#2623=VERTEX_POINT('',#7735);
#2624=VERTEX_POINT('',#7737);
#2625=VERTEX_POINT('',#7739);
#2626=VERTEX_POINT('',#7745);
#2627=VERTEX_POINT('',#7751);
#2628=VERTEX_POINT('',#7757);
#2629=VERTEX_POINT('',#7763);
#2630=VERTEX_POINT('',#7769);
#2631=VERTEX_POINT('',#7775);
#2632=VERTEX_POINT('',#7781);
#2633=VERTEX_POINT('',#7787);
#2634=VERTEX_POINT('',#7793);
#2635=VERTEX_POINT('',#7795);
#2636=VERTEX_POINT('',#7801);
#2637=VERTEX_POINT('',#7807);
#2638=VERTEX_POINT('',#7813);
#2639=VERTEX_POINT('',#7819);
#2640=VERTEX_POINT('',#7825);
#2641=VERTEX_POINT('',#7831);
#2642=VERTEX_POINT('',#7842);
#2643=VERTEX_POINT('',#7843);
#2644=VERTEX_POINT('',#7845);
#2645=VERTEX_POINT('',#7847);
#2646=VERTEX_POINT('',#7849);
#2647=VERTEX_POINT('',#7851);
#2648=VERTEX_POINT('',#7857);
#2649=VERTEX_POINT('',#7863);
#2650=VERTEX_POINT('',#7865);
#2651=VERTEX_POINT('',#7876);
#2652=VERTEX_POINT('',#7877);
#2653=VERTEX_POINT('',#7883);
#2654=VERTEX_POINT('',#7889);
#2655=VERTEX_POINT('',#7895);
#2656=VERTEX_POINT('',#7901);
#2657=VERTEX_POINT('',#7907);
#2658=VERTEX_POINT('',#7913);
#2659=VERTEX_POINT('',#7919);
#2660=VERTEX_POINT('',#7925);
#2661=VERTEX_POINT('',#7931);
#2662=VERTEX_POINT('',#7937);
#2663=VERTEX_POINT('',#7948);
#2664=VERTEX_POINT('',#7949);
#2665=VERTEX_POINT('',#7955);
#2666=VERTEX_POINT('',#7961);
#2667=VERTEX_POINT('',#7967);
#2668=VERTEX_POINT('',#7973);
#2669=VERTEX_POINT('',#7979);
#2670=VERTEX_POINT('',#7985);
#2671=VERTEX_POINT('',#7991);
#2672=VERTEX_POINT('',#7997);
#2673=VERTEX_POINT('',#8003);
#2674=VERTEX_POINT('',#8009);
#2675=VERTEX_POINT('',#8015);
#2676=VERTEX_POINT('',#8021);
#2677=VERTEX_POINT('',#8027);
#2678=VERTEX_POINT('',#8033);
#2679=VERTEX_POINT('',#8044);
#2680=VERTEX_POINT('',#8045);
#2681=VERTEX_POINT('',#8051);
#2682=VERTEX_POINT('',#8057);
#2683=VERTEX_POINT('',#8059);
#2684=VERTEX_POINT('',#8065);
#2685=VERTEX_POINT('',#8071);
#2686=VERTEX_POINT('',#8077);
#2687=VERTEX_POINT('',#8083);
#2688=VERTEX_POINT('',#8089);
#2689=VERTEX_POINT('',#8095);
#2690=VERTEX_POINT('',#8101);
#2691=VERTEX_POINT('',#8107);
#2692=VERTEX_POINT('',#8113);
#2693=VERTEX_POINT('',#8119);
#2694=VERTEX_POINT('',#8125);
#2695=VERTEX_POINT('',#8131);
#2696=VERTEX_POINT('',#8137);
#2697=VERTEX_POINT('',#8143);
#2698=VERTEX_POINT('',#8154);
#2699=VERTEX_POINT('',#8155);
#2700=VERTEX_POINT('',#8157);
#2701=VERTEX_POINT('',#8159);
#2702=VERTEX_POINT('',#8161);
#2703=VERTEX_POINT('',#8163);
#2704=VERTEX_POINT('',#8165);
#2705=VERTEX_POINT('',#8167);
#2706=VERTEX_POINT('',#8169);
#2707=VERTEX_POINT('',#8171);
#2708=VERTEX_POINT('',#8173);
#2709=VERTEX_POINT('',#8176);
#2710=VERTEX_POINT('',#8177);
#2711=VERTEX_POINT('',#8183);
#2712=VERTEX_POINT('',#8185);
#2713=VERTEX_POINT('',#8187);
#2714=VERTEX_POINT('',#8189);
#2715=VERTEX_POINT('',#8195);
#2716=VERTEX_POINT('',#8201);
#2717=VERTEX_POINT('',#8207);
#2718=VERTEX_POINT('',#8213);
#2719=VERTEX_POINT('',#8219);
#2720=VERTEX_POINT('',#8225);
#2721=VERTEX_POINT('',#8231);
#2722=VERTEX_POINT('',#8237);
#2723=VERTEX_POINT('',#8243);
#2724=VERTEX_POINT('',#8245);
#2725=VERTEX_POINT('',#8251);
#2726=VERTEX_POINT('',#8257);
#2727=VERTEX_POINT('',#8263);
#2728=VERTEX_POINT('',#8269);
#2729=VERTEX_POINT('',#8275);
#2730=VERTEX_POINT('',#8281);
#2731=VERTEX_POINT('',#8292);
#2732=VERTEX_POINT('',#8293);
#2733=VERTEX_POINT('',#8295);
#2734=VERTEX_POINT('',#8297);
#2735=VERTEX_POINT('',#8299);
#2736=VERTEX_POINT('',#8301);
#2737=VERTEX_POINT('',#8307);
#2738=VERTEX_POINT('',#8313);
#2739=VERTEX_POINT('',#8315);
#2740=VERTEX_POINT('',#8326);
#2741=VERTEX_POINT('',#8327);
#2742=VERTEX_POINT('',#8333);
#2743=VERTEX_POINT('',#8339);
#2744=VERTEX_POINT('',#8341);
#2745=VERTEX_POINT('',#8347);
#2746=VERTEX_POINT('',#8353);
#2747=VERTEX_POINT('',#8359);
#2748=VERTEX_POINT('',#8365);
#2749=VERTEX_POINT('',#8371);
#2750=VERTEX_POINT('',#8377);
#2751=VERTEX_POINT('',#8383);
#2752=VERTEX_POINT('',#8385);
#2753=VERTEX_POINT('',#8391);
#2754=VERTEX_POINT('',#8397);
#2755=VERTEX_POINT('',#8403);
#2756=VERTEX_POINT('',#8409);
#2757=VERTEX_POINT('',#8415);
#2758=VERTEX_POINT('',#8421);
#2759=VERTEX_POINT('',#8427);
#2760=VERTEX_POINT('',#8429);
#2761=VERTEX_POINT('',#8435);
#2762=VERTEX_POINT('',#8441);
#2763=VERTEX_POINT('',#8447);
#2764=VERTEX_POINT('',#8453);
#2765=VERTEX_POINT('',#8459);
#2766=VERTEX_POINT('',#8465);
#2767=VERTEX_POINT('',#8471);
#2768=VERTEX_POINT('',#8477);
#2769=VERTEX_POINT('',#8483);
#2770=VERTEX_POINT('',#8494);
#2771=VERTEX_POINT('',#8495);
#2772=VERTEX_POINT('',#8501);
#2773=VERTEX_POINT('',#8507);
#2774=VERTEX_POINT('',#8509);
#2775=VERTEX_POINT('',#8515);
#2776=VERTEX_POINT('',#8521);
#2777=VERTEX_POINT('',#8527);
#2778=VERTEX_POINT('',#8533);
#2779=VERTEX_POINT('',#8539);
#2780=VERTEX_POINT('',#8545);
#2781=VERTEX_POINT('',#8551);
#2782=VERTEX_POINT('',#8557);
#2783=VERTEX_POINT('',#8559);
#2784=VERTEX_POINT('',#8561);
#2785=VERTEX_POINT('',#8563);
#2786=VERTEX_POINT('',#8565);
#2787=VERTEX_POINT('',#8567);
#2788=VERTEX_POINT('',#8569);
#2789=VERTEX_POINT('',#8575);
#2790=VERTEX_POINT('',#8581);
#2791=VERTEX_POINT('',#8587);
#2792=VERTEX_POINT('',#8598);
#2793=VERTEX_POINT('',#8599);
#2794=VERTEX_POINT('',#8605);
#2795=VERTEX_POINT('',#8607);
#2796=VERTEX_POINT('',#8609);
#2797=VERTEX_POINT('',#8611);
#2798=VERTEX_POINT('',#8613);
#2799=VERTEX_POINT('',#8619);
#2800=VERTEX_POINT('',#8625);
#2801=VERTEX_POINT('',#8631);
#2802=VERTEX_POINT('',#8633);
#2803=VERTEX_POINT('',#8644);
#2804=VERTEX_POINT('',#8645);
#2805=VERTEX_POINT('',#8651);
#2806=VERTEX_POINT('',#8657);
#2807=VERTEX_POINT('',#8659);
#2808=VERTEX_POINT('',#8665);
#2809=VERTEX_POINT('',#8671);
#2810=VERTEX_POINT('',#8677);
#2811=VERTEX_POINT('',#8683);
#2812=VERTEX_POINT('',#8689);
#2813=VERTEX_POINT('',#8695);
#2814=VERTEX_POINT('',#8701);
#2815=VERTEX_POINT('',#8707);
#2816=VERTEX_POINT('',#8713);
#2817=VERTEX_POINT('',#8719);
#2818=VERTEX_POINT('',#8725);
#2819=VERTEX_POINT('',#8731);
#2820=VERTEX_POINT('',#8737);
#2821=VERTEX_POINT('',#8743);
#2822=VERTEX_POINT('',#8749);
#2823=VERTEX_POINT('',#8755);
#2824=VERTEX_POINT('',#8761);
#2825=VERTEX_POINT('',#8772);
#2826=VERTEX_POINT('',#8773);
#2827=VERTEX_POINT('',#8775);
#2828=VERTEX_POINT('',#8777);
#2829=VERTEX_POINT('',#8779);
#2830=VERTEX_POINT('',#8781);
#2831=VERTEX_POINT('',#8787);
#2832=VERTEX_POINT('',#8793);
#2833=VERTEX_POINT('',#8795);
#2834=VERTEX_POINT('',#8806);
#2835=VERTEX_POINT('',#8807);
#2836=VERTEX_POINT('',#8809);
#2837=VERTEX_POINT('',#8811);
#2838=VERTEX_POINT('',#8813);
#2839=VERTEX_POINT('',#8815);
#2840=VERTEX_POINT('',#8821);
#2841=VERTEX_POINT('',#8827);
#2842=VERTEX_POINT('',#8829);
#2843=VERTEX_POINT('',#8840);
#2844=VERTEX_POINT('',#8841);
#2845=VERTEX_POINT('',#8843);
#2846=VERTEX_POINT('',#8845);
#2847=VERTEX_POINT('',#8847);
#2848=VERTEX_POINT('',#8849);
#2849=VERTEX_POINT('',#8855);
#2850=VERTEX_POINT('',#8861);
#2851=VERTEX_POINT('',#8863);
#2852=VERTEX_POINT('',#8874);
#2853=VERTEX_POINT('',#8876);
#2854=VERTEX_POINT('',#8878);
#2855=VERTEX_POINT('',#8880);
#2856=VERTEX_POINT('',#8882);
#2857=VERTEX_POINT('',#8884);
#2858=VERTEX_POINT('',#8887);
#2859=VERTEX_POINT('',#8891);
#2860=VERTEX_POINT('',#8895);
#2861=VERTEX_POINT('',#8896);
#2862=VERTEX_POINT('',#8898);
#2863=VERTEX_POINT('',#8909);
#2864=VERTEX_POINT('',#8913);
#2865=VERTEX_POINT('',#8914);
#2866=VERTEX_POINT('',#8916);
#2867=VERTEX_POINT('',#8931);
#2868=VERTEX_POINT('',#8935);
#2869=VERTEX_POINT('',#8939);
#2870=VERTEX_POINT('',#8943);
#2871=VERTEX_POINT('',#8947);
#2872=VERTEX_POINT('',#8951);
#2873=VERTEX_POINT('',#8955);
#2874=VERTEX_POINT('',#8959);
#2875=VERTEX_POINT('',#8963);
#2876=VERTEX_POINT('',#8967);
#2877=VERTEX_POINT('',#8971);
#2878=VERTEX_POINT('',#8975);
#2879=VERTEX_POINT('',#8979);
#2880=VERTEX_POINT('',#8983);
#2881=VERTEX_POINT('',#8987);
#2882=VERTEX_POINT('',#8991);
#2883=VERTEX_POINT('',#8995);
#2884=VERTEX_POINT('',#8999);
#2885=VERTEX_POINT('',#9000);
#2886=VERTEX_POINT('',#9002);
#2887=VERTEX_POINT('',#9020);
#2888=VERTEX_POINT('',#9022);
#2889=VERTEX_POINT('',#9027);
#2890=VERTEX_POINT('',#9029);
#2891=VERTEX_POINT('',#9036);
#2892=VERTEX_POINT('',#9038);
#2893=VERTEX_POINT('',#9041);
#2894=VERTEX_POINT('',#9043);
#2895=VERTEX_POINT('',#9045);
#2896=VERTEX_POINT('',#9047);
#2897=VERTEX_POINT('',#9050);
#2898=VERTEX_POINT('',#9052);
#2899=VERTEX_POINT('',#9054);
#2900=VERTEX_POINT('',#9056);
#2901=VERTEX_POINT('',#9069);
#2902=VERTEX_POINT('',#9071);
#2903=VERTEX_POINT('',#9088);
#2904=VERTEX_POINT('',#9105);
#2905=VERTEX_POINT('',#9122);
#2906=VERTEX_POINT('',#9139);
#2907=VERTEX_POINT('',#9156);
#2908=VERTEX_POINT('',#9173);
#2909=VERTEX_POINT('',#9190);
#2910=VERTEX_POINT('',#9207);
#2911=VERTEX_POINT('',#9215);
#2912=VERTEX_POINT('',#9228);
#2913=VERTEX_POINT('',#9245);
#2914=VERTEX_POINT('',#9262);
#2915=VERTEX_POINT('',#9279);
#2916=VERTEX_POINT('',#9296);
#2917=VERTEX_POINT('',#9313);
#2918=VERTEX_POINT('',#9330);
#2919=VERTEX_POINT('',#9347);
#2920=VERTEX_POINT('',#9364);
#2921=VERTEX_POINT('',#9372);
#2922=VERTEX_POINT('',#9376);
#2923=VERTEX_POINT('',#9383);
#2924=VERTEX_POINT('',#9385);
#2925=VERTEX_POINT('',#9398);
#2926=VERTEX_POINT('',#9415);
#2927=VERTEX_POINT('',#9423);
#2928=VERTEX_POINT('',#9436);
#2929=VERTEX_POINT('',#9453);
#2930=VERTEX_POINT('',#9461);
#2931=VERTEX_POINT('',#9465);
#2932=VERTEX_POINT('',#9481);
#2933=VERTEX_POINT('',#9482);
#2934=VERTEX_POINT('',#9488);
#2935=VERTEX_POINT('',#9490);
#2936=VERTEX_POINT('',#9507);
#2937=VERTEX_POINT('',#9513);
#2938=VERTEX_POINT('',#9530);
#2939=VERTEX_POINT('',#9536);
#2940=VERTEX_POINT('',#9553);
#2941=VERTEX_POINT('',#9559);
#2942=VERTEX_POINT('',#9576);
#2943=VERTEX_POINT('',#9582);
#2944=VERTEX_POINT('',#9599);
#2945=VERTEX_POINT('',#9605);
#2946=VERTEX_POINT('',#9622);
#2947=VERTEX_POINT('',#9628);
#2948=VERTEX_POINT('',#9665);
#2949=VERTEX_POINT('',#9667);
#2950=VERTEX_POINT('',#9684);
#2951=VERTEX_POINT('',#9701);
#2952=VERTEX_POINT('',#9718);
#2953=VERTEX_POINT('',#9735);
#2954=VERTEX_POINT('',#9752);
#2955=VERTEX_POINT('',#9769);
#2956=VERTEX_POINT('',#9786);
#2957=VERTEX_POINT('',#9803);
#2958=VERTEX_POINT('',#9820);
#2959=VERTEX_POINT('',#9837);
#2960=VERTEX_POINT('',#9870);
#2961=VERTEX_POINT('',#9871);
#2962=VERTEX_POINT('',#9877);
#2963=VERTEX_POINT('',#9879);
#2964=VERTEX_POINT('',#9896);
#2965=VERTEX_POINT('',#9902);
#2966=VERTEX_POINT('',#9919);
#2967=VERTEX_POINT('',#9925);
#2968=VERTEX_POINT('',#9942);
#2969=VERTEX_POINT('',#9948);
#2970=VERTEX_POINT('',#9965);
#2971=VERTEX_POINT('',#9971);
#2972=VERTEX_POINT('',#9988);
#2973=VERTEX_POINT('',#9994);
#2974=VERTEX_POINT('',#10011);
#2975=VERTEX_POINT('',#10017);
#2976=VERTEX_POINT('',#10034);
#2977=VERTEX_POINT('',#10040);
#2978=VERTEX_POINT('',#10077);
#2979=VERTEX_POINT('',#10078);
#2980=VERTEX_POINT('',#10084);
#2981=VERTEX_POINT('',#10086);
#2982=VERTEX_POINT('',#10103);
#2983=VERTEX_POINT('',#10109);
#2984=VERTEX_POINT('',#10126);
#2985=VERTEX_POINT('',#10132);
#2986=VERTEX_POINT('',#10149);
#2987=VERTEX_POINT('',#10155);
#2988=VERTEX_POINT('',#10172);
#2989=VERTEX_POINT('',#10178);
#2990=VERTEX_POINT('',#10195);
#2991=VERTEX_POINT('',#10201);
#2992=VERTEX_POINT('',#10218);
#2993=VERTEX_POINT('',#10224);
#2994=VERTEX_POINT('',#10261);
#2995=VERTEX_POINT('',#10263);
#2996=VERTEX_POINT('',#10280);
#2997=VERTEX_POINT('',#10297);
#2998=VERTEX_POINT('',#10314);
#2999=VERTEX_POINT('',#10331);
#3000=VERTEX_POINT('',#10348);
#3001=VERTEX_POINT('',#10365);
#3002=VERTEX_POINT('',#10382);
#3003=VERTEX_POINT('',#10399);
#3004=VERTEX_POINT('',#10416);
#3005=VERTEX_POINT('',#10433);
#3006=VERTEX_POINT('',#10450);
#3007=VERTEX_POINT('',#10467);
#3008=VERTEX_POINT('',#10484);
#3009=VERTEX_POINT('',#10501);
#3010=VERTEX_POINT('',#10534);
#3011=VERTEX_POINT('',#10535);
#3012=VERTEX_POINT('',#10541);
#3013=VERTEX_POINT('',#10543);
#3014=VERTEX_POINT('',#10560);
#3015=VERTEX_POINT('',#10566);
#3016=VERTEX_POINT('',#10583);
#3017=VERTEX_POINT('',#10589);
#3018=VERTEX_POINT('',#10606);
#3019=VERTEX_POINT('',#10612);
#3020=VERTEX_POINT('',#10629);
#3021=VERTEX_POINT('',#10635);
#3022=VERTEX_POINT('',#10652);
#3023=VERTEX_POINT('',#10658);
#3024=VERTEX_POINT('',#10675);
#3025=VERTEX_POINT('',#10681);
#3026=VERTEX_POINT('',#10698);
#3027=VERTEX_POINT('',#10704);
#3028=VERTEX_POINT('',#10741);
#3029=VERTEX_POINT('',#10743);
#3030=VERTEX_POINT('',#10760);
#3031=VERTEX_POINT('',#10777);
#3032=VERTEX_POINT('',#10794);
#3033=VERTEX_POINT('',#10811);
#3034=VERTEX_POINT('',#10828);
#3035=VERTEX_POINT('',#10845);
#3036=VERTEX_POINT('',#10862);
#3037=VERTEX_POINT('',#10879);
#3038=VERTEX_POINT('',#10896);
#3039=VERTEX_POINT('',#10913);
#3040=VERTEX_POINT('',#10930);
#3041=VERTEX_POINT('',#10947);
#3042=VERTEX_POINT('',#10964);
#3043=VERTEX_POINT('',#10981);
#3044=VERTEX_POINT('',#10998);
#3045=VERTEX_POINT('',#11015);
#3046=VERTEX_POINT('',#11023);
#3047=VERTEX_POINT('',#11043);
#3048=VERTEX_POINT('',#11044);
#3049=VERTEX_POINT('',#11046);
#3050=VERTEX_POINT('',#11048);
#3051=VERTEX_POINT('',#11052);
#3052=VERTEX_POINT('',#11054);
#3053=VERTEX_POINT('',#11061);
#3054=VERTEX_POINT('',#11063);
#3055=VERTEX_POINT('',#11067);
#3056=VERTEX_POINT('',#11071);
#3057=VERTEX_POINT('',#11075);
#3058=VERTEX_POINT('',#11079);
#3059=VERTEX_POINT('',#11083);
#3060=VERTEX_POINT('',#11087);
#3061=VERTEX_POINT('',#11091);
#3062=VERTEX_POINT('',#11095);
#3063=VERTEX_POINT('',#11099);
#3064=VERTEX_POINT('',#11115);
#3065=VERTEX_POINT('',#11117);
#3066=VERTEX_POINT('',#11134);
#3067=VERTEX_POINT('',#11151);
#3068=VERTEX_POINT('',#11168);
#3069=VERTEX_POINT('',#11185);
#3070=VERTEX_POINT('',#11202);
#3071=VERTEX_POINT('',#11219);
#3072=VERTEX_POINT('',#11236);
#3073=VERTEX_POINT('',#11253);
#3074=VERTEX_POINT('',#11261);
#3075=VERTEX_POINT('',#11274);
#3076=VERTEX_POINT('',#11291);
#3077=VERTEX_POINT('',#11308);
#3078=VERTEX_POINT('',#11325);
#3079=VERTEX_POINT('',#11342);
#3080=VERTEX_POINT('',#11359);
#3081=VERTEX_POINT('',#11376);
#3082=VERTEX_POINT('',#11393);
#3083=VERTEX_POINT('',#11410);
#3084=VERTEX_POINT('',#11418);
#3085=VERTEX_POINT('',#11422);
#3086=VERTEX_POINT('',#11429);
#3087=VERTEX_POINT('',#11431);
#3088=VERTEX_POINT('',#11444);
#3089=VERTEX_POINT('',#11461);
#3090=VERTEX_POINT('',#11469);
#3091=VERTEX_POINT('',#11482);
#3092=VERTEX_POINT('',#11499);
#3093=VERTEX_POINT('',#11507);
#3094=VERTEX_POINT('',#11511);
#3095=VERTEX_POINT('',#11527);
#3096=VERTEX_POINT('',#11529);
#3097=VERTEX_POINT('',#11546);
#3098=VERTEX_POINT('',#11563);
#3099=VERTEX_POINT('',#11580);
#3100=VERTEX_POINT('',#11597);
#3101=VERTEX_POINT('',#11614);
#3102=VERTEX_POINT('',#11631);
#3103=VERTEX_POINT('',#11648);
#3104=VERTEX_POINT('',#11665);
#3105=VERTEX_POINT('',#11682);
#3106=VERTEX_POINT('',#11699);
#3107=VERTEX_POINT('',#11716);
#3108=VERTEX_POINT('',#11724);
#3109=VERTEX_POINT('',#11737);
#3110=VERTEX_POINT('',#11754);
#3111=VERTEX_POINT('',#11771);
#3112=VERTEX_POINT('',#11788);
#3113=VERTEX_POINT('',#11805);
#3114=VERTEX_POINT('',#11822);
#3115=VERTEX_POINT('',#11839);
#3116=VERTEX_POINT('',#11847);
#3117=VERTEX_POINT('',#11860);
#3118=VERTEX_POINT('',#11877);
#3119=VERTEX_POINT('',#11894);
#3120=VERTEX_POINT('',#11911);
#3121=VERTEX_POINT('',#11928);
#3122=VERTEX_POINT('',#11945);
#3123=VERTEX_POINT('',#11962);
#3124=VERTEX_POINT('',#11970);
#3125=VERTEX_POINT('',#11999);
#3126=VERTEX_POINT('',#12001);
#3127=VERTEX_POINT('',#12018);
#3128=VERTEX_POINT('',#12035);
#3129=VERTEX_POINT('',#12052);
#3130=VERTEX_POINT('',#12069);
#3131=VERTEX_POINT('',#12086);
#3132=VERTEX_POINT('',#12094);
#3133=VERTEX_POINT('',#12098);
#3134=VERTEX_POINT('',#12102);
#3135=VERTEX_POINT('',#12106);
#3136=VERTEX_POINT('',#12110);
#3137=VERTEX_POINT('',#12114);
#3138=VERTEX_POINT('',#12127);
#3139=VERTEX_POINT('',#12144);
#3140=VERTEX_POINT('',#12161);
#3141=VERTEX_POINT('',#12178);
#3142=VERTEX_POINT('',#12195);
#3143=VERTEX_POINT('',#12212);
#3144=VERTEX_POINT('',#12229);
#3145=VERTEX_POINT('',#12246);
#3146=VERTEX_POINT('',#12254);
#3147=VERTEX_POINT('',#12283);
#3148=VERTEX_POINT('',#12285);
#3149=VERTEX_POINT('',#12302);
#3150=VERTEX_POINT('',#12319);
#3151=VERTEX_POINT('',#12327);
#3152=VERTEX_POINT('',#12340);
#3153=VERTEX_POINT('',#12357);
#3154=VERTEX_POINT('',#12374);
#3155=VERTEX_POINT('',#12382);
#3156=VERTEX_POINT('',#12386);
#3157=VERTEX_POINT('',#12390);
#3158=VERTEX_POINT('',#12406);
#3159=VERTEX_POINT('',#12407);
#3160=VERTEX_POINT('',#12413);
#3161=VERTEX_POINT('',#12415);
#3162=VERTEX_POINT('',#12432);
#3163=VERTEX_POINT('',#12438);
#3164=VERTEX_POINT('',#12455);
#3165=VERTEX_POINT('',#12461);
#3166=VERTEX_POINT('',#12478);
#3167=VERTEX_POINT('',#12484);
#3168=VERTEX_POINT('',#12501);
#3169=VERTEX_POINT('',#12507);
#3170=VERTEX_POINT('',#12524);
#3171=VERTEX_POINT('',#12530);
#3172=VERTEX_POINT('',#12547);
#3173=VERTEX_POINT('',#12553);
#3174=VERTEX_POINT('',#12590);
#3175=VERTEX_POINT('',#12592);
#3176=VERTEX_POINT('',#12609);
#3177=VERTEX_POINT('',#12626);
#3178=VERTEX_POINT('',#12643);
#3179=VERTEX_POINT('',#12660);
#3180=VERTEX_POINT('',#12677);
#3181=VERTEX_POINT('',#12694);
#3182=VERTEX_POINT('',#12711);
#3183=VERTEX_POINT('',#12728);
#3184=VERTEX_POINT('',#12745);
#3185=VERTEX_POINT('',#12762);
#3186=VERTEX_POINT('',#12779);
#3187=VERTEX_POINT('',#12796);
#3188=VERTEX_POINT('',#12813);
#3189=VERTEX_POINT('',#12830);
#3190=VERTEX_POINT('',#12847);
#3191=VERTEX_POINT('',#12864);
#3192=VERTEX_POINT('',#12881);
#3193=VERTEX_POINT('',#12898);
#3194=VERTEX_POINT('',#12915);
#3195=VERTEX_POINT('',#12923);
#3196=VERTEX_POINT('',#12943);
#3197=VERTEX_POINT('',#12945);
#3198=VERTEX_POINT('',#12958);
#3199=VERTEX_POINT('',#12975);
#3200=VERTEX_POINT('',#12983);
#3201=VERTEX_POINT('',#12996);
#3202=VERTEX_POINT('',#13013);
#3203=VERTEX_POINT('',#13021);
#3204=VERTEX_POINT('',#13025);
#3205=VERTEX_POINT('',#13032);
#3206=VERTEX_POINT('',#13034);
#3207=VERTEX_POINT('',#13047);
#3208=VERTEX_POINT('',#13064);
#3209=VERTEX_POINT('',#13072);
#3210=VERTEX_POINT('',#13085);
#3211=VERTEX_POINT('',#13102);
#3212=VERTEX_POINT('',#13110);
#3213=VERTEX_POINT('',#13114);
#3214=VERTEX_POINT('',#13121);
#3215=VERTEX_POINT('',#13123);
#3216=VERTEX_POINT('',#13136);
#3217=VERTEX_POINT('',#13153);
#3218=VERTEX_POINT('',#13161);
#3219=VERTEX_POINT('',#13174);
#3220=VERTEX_POINT('',#13191);
#3221=VERTEX_POINT('',#13199);
#3222=VERTEX_POINT('',#13203);
#3223=VERTEX_POINT('',#13215);
#3224=VERTEX_POINT('',#13216);
#3225=VERTEX_POINT('',#13218);
#3226=VERTEX_POINT('',#13220);
#3227=VERTEX_POINT('',#13232);
#3228=VERTEX_POINT('',#13233);
#3229=VERTEX_POINT('',#13238);
#3230=VERTEX_POINT('',#13239);
#3231=VERTEX_POINT('',#13252);
#3232=VERTEX_POINT('',#13253);
#3233=VERTEX_POINT('',#13258);
#3234=VERTEX_POINT('',#13259);
#3235=VERTEX_POINT('',#13272);
#3236=VERTEX_POINT('',#13273);
#3237=VERTEX_POINT('',#13278);
#3238=VERTEX_POINT('',#13279);
#3239=VERTEX_POINT('',#13295);
#3240=VERTEX_POINT('',#13297);
#3241=VERTEX_POINT('',#13301);
#3242=VERTEX_POINT('',#13305);
#3243=VERTEX_POINT('',#13309);
#3244=VERTEX_POINT('',#13321);
#3245=VERTEX_POINT('',#13325);
#3246=VERTEX_POINT('',#13329);
#3247=VERTEX_POINT('',#13351);
#3248=VERTEX_POINT('',#13355);
#3249=EDGE_CURVE('',#2607,#2607,#2526,.T.);
#3250=EDGE_CURVE('',#2607,#2608,#1596,.T.);
#3251=EDGE_CURVE('',#2608,#2608,#2527,.T.);
#3252=EDGE_CURVE('',#2609,#2610,#2528,.T.);
#3253=EDGE_CURVE('',#2610,#2611,#2529,.T.);
#3254=EDGE_CURVE('',#2612,#2611,#1597,.T.);
#3255=EDGE_CURVE('',#2613,#2612,#2530,.T.);
#3256=EDGE_CURVE('',#2609,#2613,#1598,.T.);
#3257=EDGE_CURVE('',#2614,#2614,#2531,.T.);
#3258=EDGE_CURVE('',#2615,#2615,#2532,.T.);
#3259=EDGE_CURVE('',#2616,#2616,#2533,.T.);
#3260=EDGE_CURVE('',#2617,#2617,#2534,.T.);
#3261=EDGE_CURVE('',#2618,#2618,#2535,.T.);
#3262=EDGE_CURVE('',#2619,#2619,#2536,.T.);
#3263=EDGE_CURVE('',#2620,#2621,#268,.T.);
#3264=EDGE_CURVE('',#2621,#2622,#1599,.T.);
#3265=EDGE_CURVE('',#2622,#2623,#1600,.T.);
#3266=EDGE_CURVE('',#2623,#2624,#1601,.T.);
#3267=EDGE_CURVE('',#2624,#2625,#269,.T.);
#3268=EDGE_CURVE('',#2625,#2626,#270,.T.);
#3269=EDGE_CURVE('',#2626,#2627,#271,.T.);
#3270=EDGE_CURVE('',#2627,#2628,#272,.T.);
#3271=EDGE_CURVE('',#2628,#2629,#273,.T.);
#3272=EDGE_CURVE('',#2629,#2630,#274,.T.);
#3273=EDGE_CURVE('',#2630,#2631,#275,.T.);
#3274=EDGE_CURVE('',#2631,#2632,#276,.T.);
#3275=EDGE_CURVE('',#2632,#2633,#277,.T.);
#3276=EDGE_CURVE('',#2633,#2634,#1602,.T.);
#3277=EDGE_CURVE('',#2634,#2635,#278,.T.);
#3278=EDGE_CURVE('',#2635,#2636,#279,.T.);
#3279=EDGE_CURVE('',#2636,#2637,#280,.T.);
#3280=EDGE_CURVE('',#2637,#2638,#281,.T.);
#3281=EDGE_CURVE('',#2638,#2639,#282,.T.);
#3282=EDGE_CURVE('',#2639,#2640,#283,.T.);
#3283=EDGE_CURVE('',#2640,#2641,#284,.T.);
#3284=EDGE_CURVE('',#2641,#2620,#285,.T.);
#3285=EDGE_CURVE('',#2642,#2643,#1603,.T.);
#3286=EDGE_CURVE('',#2643,#2644,#1604,.T.);
#3287=EDGE_CURVE('',#2644,#2645,#1605,.T.);
#3288=EDGE_CURVE('',#2645,#2646,#1606,.T.);
#3289=EDGE_CURVE('',#2646,#2647,#286,.T.);
#3290=EDGE_CURVE('',#2647,#2648,#287,.T.);
#3291=EDGE_CURVE('',#2648,#2649,#1607,.T.);
#3292=EDGE_CURVE('',#2649,#2650,#288,.T.);
#3293=EDGE_CURVE('',#2650,#2642,#289,.T.);
#3294=EDGE_CURVE('',#2651,#2652,#290,.T.);
#3295=EDGE_CURVE('',#2652,#2653,#291,.T.);
#3296=EDGE_CURVE('',#2653,#2654,#292,.T.);
#3297=EDGE_CURVE('',#2654,#2655,#293,.T.);
#3298=EDGE_CURVE('',#2655,#2656,#294,.T.);
#3299=EDGE_CURVE('',#2656,#2657,#295,.T.);
#3300=EDGE_CURVE('',#2657,#2658,#296,.T.);
#3301=EDGE_CURVE('',#2658,#2659,#297,.T.);
#3302=EDGE_CURVE('',#2659,#2660,#298,.T.);
#3303=EDGE_CURVE('',#2660,#2661,#299,.T.);
#3304=EDGE_CURVE('',#2661,#2662,#300,.T.);
#3305=EDGE_CURVE('',#2662,#2651,#301,.T.);
#3306=EDGE_CURVE('',#2663,#2664,#302,.T.);
#3307=EDGE_CURVE('',#2664,#2665,#303,.T.);
#3308=EDGE_CURVE('',#2665,#2666,#304,.T.);
#3309=EDGE_CURVE('',#2666,#2667,#305,.T.);
#3310=EDGE_CURVE('',#2667,#2668,#306,.T.);
#3311=EDGE_CURVE('',#2668,#2669,#307,.T.);
#3312=EDGE_CURVE('',#2669,#2670,#308,.T.);
#3313=EDGE_CURVE('',#2670,#2671,#309,.T.);
#3314=EDGE_CURVE('',#2671,#2672,#310,.T.);
#3315=EDGE_CURVE('',#2672,#2673,#311,.T.);
#3316=EDGE_CURVE('',#2673,#2674,#312,.T.);
#3317=EDGE_CURVE('',#2674,#2675,#313,.T.);
#3318=EDGE_CURVE('',#2675,#2676,#314,.T.);
#3319=EDGE_CURVE('',#2676,#2677,#315,.T.);
#3320=EDGE_CURVE('',#2677,#2678,#316,.T.);
#3321=EDGE_CURVE('',#2678,#2663,#317,.T.);
#3322=EDGE_CURVE('',#2679,#2680,#318,.T.);
#3323=EDGE_CURVE('',#2680,#2681,#319,.T.);
#3324=EDGE_CURVE('',#2681,#2682,#1608,.T.);
#3325=EDGE_CURVE('',#2682,#2683,#320,.T.);
#3326=EDGE_CURVE('',#2683,#2684,#321,.T.);
#3327=EDGE_CURVE('',#2684,#2685,#322,.T.);
#3328=EDGE_CURVE('',#2685,#2686,#323,.T.);
#3329=EDGE_CURVE('',#2686,#2687,#324,.T.);
#3330=EDGE_CURVE('',#2687,#2688,#325,.T.);
#3331=EDGE_CURVE('',#2688,#2689,#326,.T.);
#3332=EDGE_CURVE('',#2689,#2690,#327,.T.);
#3333=EDGE_CURVE('',#2690,#2691,#328,.T.);
#3334=EDGE_CURVE('',#2691,#2692,#329,.T.);
#3335=EDGE_CURVE('',#2692,#2693,#330,.T.);
#3336=EDGE_CURVE('',#2693,#2694,#331,.T.);
#3337=EDGE_CURVE('',#2694,#2695,#332,.T.);
#3338=EDGE_CURVE('',#2695,#2696,#333,.T.);
#3339=EDGE_CURVE('',#2696,#2697,#334,.T.);
#3340=EDGE_CURVE('',#2697,#2679,#335,.T.);
#3341=EDGE_CURVE('',#2698,#2699,#1609,.T.);
#3342=EDGE_CURVE('',#2699,#2700,#1610,.T.);
#3343=EDGE_CURVE('',#2700,#2701,#1611,.T.);
#3344=EDGE_CURVE('',#2701,#2702,#1612,.T.);
#3345=EDGE_CURVE('',#2702,#2703,#1613,.T.);
#3346=EDGE_CURVE('',#2703,#2704,#1614,.T.);
#3347=EDGE_CURVE('',#2704,#2705,#1615,.T.);
#3348=EDGE_CURVE('',#2705,#2706,#1616,.T.);
#3349=EDGE_CURVE('',#2706,#2707,#1617,.T.);
#3350=EDGE_CURVE('',#2707,#2708,#1618,.T.);
#3351=EDGE_CURVE('',#2708,#2698,#1619,.T.);
#3352=EDGE_CURVE('',#2709,#2710,#336,.T.);
#3353=EDGE_CURVE('',#2710,#2711,#1620,.T.);
#3354=EDGE_CURVE('',#2711,#2712,#1621,.T.);
#3355=EDGE_CURVE('',#2712,#2713,#1622,.T.);
#3356=EDGE_CURVE('',#2713,#2714,#337,.T.);
#3357=EDGE_CURVE('',#2714,#2715,#338,.T.);
#3358=EDGE_CURVE('',#2715,#2716,#339,.T.);
#3359=EDGE_CURVE('',#2716,#2717,#340,.T.);
#3360=EDGE_CURVE('',#2717,#2718,#341,.T.);
#3361=EDGE_CURVE('',#2718,#2719,#342,.T.);
#3362=EDGE_CURVE('',#2719,#2720,#343,.T.);
#3363=EDGE_CURVE('',#2720,#2721,#344,.T.);
#3364=EDGE_CURVE('',#2721,#2722,#345,.T.);
#3365=EDGE_CURVE('',#2722,#2723,#1623,.T.);
#3366=EDGE_CURVE('',#2723,#2724,#346,.T.);
#3367=EDGE_CURVE('',#2724,#2725,#347,.T.);
#3368=EDGE_CURVE('',#2725,#2726,#348,.T.);
#3369=EDGE_CURVE('',#2726,#2727,#349,.T.);
#3370=EDGE_CURVE('',#2727,#2728,#350,.T.);
#3371=EDGE_CURVE('',#2728,#2729,#351,.T.);
#3372=EDGE_CURVE('',#2729,#2730,#352,.T.);
#3373=EDGE_CURVE('',#2730,#2709,#353,.T.);
#3374=EDGE_CURVE('',#2731,#2732,#1624,.T.);
#3375=EDGE_CURVE('',#2732,#2733,#1625,.T.);
#3376=EDGE_CURVE('',#2733,#2734,#1626,.T.);
#3377=EDGE_CURVE('',#2734,#2735,#1627,.T.);
#3378=EDGE_CURVE('',#2735,#2736,#354,.T.);
#3379=EDGE_CURVE('',#2736,#2737,#355,.T.);
#3380=EDGE_CURVE('',#2737,#2738,#1628,.T.);
#3381=EDGE_CURVE('',#2738,#2739,#356,.T.);
#3382=EDGE_CURVE('',#2739,#2731,#357,.T.);
#3383=EDGE_CURVE('',#2740,#2741,#358,.T.);
#3384=EDGE_CURVE('',#2741,#2742,#359,.T.);
#3385=EDGE_CURVE('',#2742,#2743,#1629,.T.);
#3386=EDGE_CURVE('',#2743,#2744,#360,.T.);
#3387=EDGE_CURVE('',#2744,#2745,#361,.T.);
#3388=EDGE_CURVE('',#2745,#2746,#362,.T.);
#3389=EDGE_CURVE('',#2746,#2747,#363,.T.);
#3390=EDGE_CURVE('',#2747,#2748,#364,.T.);
#3391=EDGE_CURVE('',#2748,#2749,#365,.T.);
#3392=EDGE_CURVE('',#2749,#2750,#366,.T.);
#3393=EDGE_CURVE('',#2750,#2751,#1630,.T.);
#3394=EDGE_CURVE('',#2751,#2752,#367,.T.);
#3395=EDGE_CURVE('',#2752,#2753,#368,.T.);
#3396=EDGE_CURVE('',#2753,#2754,#369,.T.);
#3397=EDGE_CURVE('',#2754,#2755,#370,.T.);
#3398=EDGE_CURVE('',#2755,#2756,#371,.T.);
#3399=EDGE_CURVE('',#2756,#2757,#372,.T.);
#3400=EDGE_CURVE('',#2757,#2758,#373,.T.);
#3401=EDGE_CURVE('',#2758,#2759,#1631,.T.);
#3402=EDGE_CURVE('',#2759,#2760,#374,.T.);
#3403=EDGE_CURVE('',#2760,#2761,#375,.T.);
#3404=EDGE_CURVE('',#2761,#2762,#376,.T.);
#3405=EDGE_CURVE('',#2762,#2763,#377,.T.);
#3406=EDGE_CURVE('',#2763,#2764,#378,.T.);
#3407=EDGE_CURVE('',#2764,#2765,#379,.T.);
#3408=EDGE_CURVE('',#2765,#2766,#380,.T.);
#3409=EDGE_CURVE('',#2766,#2767,#381,.T.);
#3410=EDGE_CURVE('',#2767,#2768,#382,.T.);
#3411=EDGE_CURVE('',#2768,#2769,#383,.T.);
#3412=EDGE_CURVE('',#2769,#2740,#384,.T.);
#3413=EDGE_CURVE('',#2770,#2771,#385,.T.);
#3414=EDGE_CURVE('',#2771,#2772,#386,.T.);
#3415=EDGE_CURVE('',#2772,#2773,#1632,.T.);
#3416=EDGE_CURVE('',#2773,#2774,#387,.T.);
#3417=EDGE_CURVE('',#2774,#2775,#388,.T.);
#3418=EDGE_CURVE('',#2775,#2776,#389,.T.);
#3419=EDGE_CURVE('',#2776,#2777,#390,.T.);
#3420=EDGE_CURVE('',#2777,#2778,#391,.T.);
#3421=EDGE_CURVE('',#2778,#2779,#392,.T.);
#3422=EDGE_CURVE('',#2779,#2780,#393,.T.);
#3423=EDGE_CURVE('',#2780,#2781,#394,.T.);
#3424=EDGE_CURVE('',#2781,#2782,#1633,.T.);
#3425=EDGE_CURVE('',#2782,#2783,#1634,.T.);
#3426=EDGE_CURVE('',#2783,#2784,#1635,.T.);
#3427=EDGE_CURVE('',#2784,#2785,#1636,.T.);
#3428=EDGE_CURVE('',#2785,#2786,#1637,.T.);
#3429=EDGE_CURVE('',#2786,#2787,#1638,.T.);
#3430=EDGE_CURVE('',#2787,#2788,#395,.T.);
#3431=EDGE_CURVE('',#2788,#2789,#396,.T.);
#3432=EDGE_CURVE('',#2789,#2790,#397,.T.);
#3433=EDGE_CURVE('',#2790,#2791,#398,.T.);
#3434=EDGE_CURVE('',#2791,#2770,#399,.T.);
#3435=EDGE_CURVE('',#2792,#2793,#400,.T.);
#3436=EDGE_CURVE('',#2793,#2794,#1639,.T.);
#3437=EDGE_CURVE('',#2794,#2795,#1640,.T.);
#3438=EDGE_CURVE('',#2795,#2796,#1641,.T.);
#3439=EDGE_CURVE('',#2796,#2797,#1642,.T.);
#3440=EDGE_CURVE('',#2797,#2798,#401,.T.);
#3441=EDGE_CURVE('',#2798,#2799,#402,.T.);
#3442=EDGE_CURVE('',#2799,#2800,#403,.T.);
#3443=EDGE_CURVE('',#2800,#2801,#1643,.T.);
#3444=EDGE_CURVE('',#2801,#2802,#404,.T.);
#3445=EDGE_CURVE('',#2802,#2792,#405,.T.);
#3446=EDGE_CURVE('',#2803,#2804,#406,.T.);
#3447=EDGE_CURVE('',#2804,#2805,#407,.T.);
#3448=EDGE_CURVE('',#2805,#2806,#1644,.T.);
#3449=EDGE_CURVE('',#2806,#2807,#408,.T.);
#3450=EDGE_CURVE('',#2807,#2808,#409,.T.);
#3451=EDGE_CURVE('',#2808,#2809,#410,.T.);
#3452=EDGE_CURVE('',#2809,#2810,#411,.T.);
#3453=EDGE_CURVE('',#2810,#2811,#412,.T.);
#3454=EDGE_CURVE('',#2811,#2812,#413,.T.);
#3455=EDGE_CURVE('',#2812,#2813,#414,.T.);
#3456=EDGE_CURVE('',#2813,#2814,#415,.T.);
#3457=EDGE_CURVE('',#2814,#2815,#416,.T.);
#3458=EDGE_CURVE('',#2815,#2816,#417,.T.);
#3459=EDGE_CURVE('',#2816,#2817,#418,.T.);
#3460=EDGE_CURVE('',#2817,#2818,#419,.T.);
#3461=EDGE_CURVE('',#2818,#2819,#420,.T.);
#3462=EDGE_CURVE('',#2819,#2820,#421,.T.);
#3463=EDGE_CURVE('',#2820,#2821,#422,.T.);
#3464=EDGE_CURVE('',#2821,#2822,#423,.T.);
#3465=EDGE_CURVE('',#2822,#2823,#424,.T.);
#3466=EDGE_CURVE('',#2823,#2824,#425,.T.);
#3467=EDGE_CURVE('',#2824,#2803,#426,.T.);
#3468=EDGE_CURVE('',#2825,#2826,#1645,.T.);
#3469=EDGE_CURVE('',#2826,#2827,#1646,.T.);
#3470=EDGE_CURVE('',#2827,#2828,#1647,.T.);
#3471=EDGE_CURVE('',#2828,#2829,#1648,.T.);
#3472=EDGE_CURVE('',#2829,#2830,#427,.T.);
#3473=EDGE_CURVE('',#2830,#2831,#428,.T.);
#3474=EDGE_CURVE('',#2831,#2832,#1649,.T.);
#3475=EDGE_CURVE('',#2832,#2833,#429,.T.);
#3476=EDGE_CURVE('',#2833,#2825,#430,.T.);
#3477=EDGE_CURVE('',#2834,#2835,#1650,.T.);
#3478=EDGE_CURVE('',#2835,#2836,#1651,.T.);
#3479=EDGE_CURVE('',#2836,#2837,#1652,.T.);
#3480=EDGE_CURVE('',#2837,#2838,#1653,.T.);
#3481=EDGE_CURVE('',#2838,#2839,#431,.T.);
#3482=EDGE_CURVE('',#2839,#2840,#432,.T.);
#3483=EDGE_CURVE('',#2840,#2841,#1654,.T.);
#3484=EDGE_CURVE('',#2841,#2842,#433,.T.);
#3485=EDGE_CURVE('',#2842,#2834,#434,.T.);
#3486=EDGE_CURVE('',#2843,#2844,#1655,.T.);
#3487=EDGE_CURVE('',#2844,#2845,#1656,.T.);
#3488=EDGE_CURVE('',#2845,#2846,#1657,.T.);
#3489=EDGE_CURVE('',#2846,#2847,#1658,.T.);
#3490=EDGE_CURVE('',#2847,#2848,#435,.T.);
#3491=EDGE_CURVE('',#2848,#2849,#436,.T.);
#3492=EDGE_CURVE('',#2849,#2850,#1659,.T.);
#3493=EDGE_CURVE('',#2850,#2851,#437,.T.);
#3494=EDGE_CURVE('',#2851,#2843,#438,.T.);
#3495=EDGE_CURVE('',#2852,#2852,#2537,.T.);
#3496=EDGE_CURVE('',#2853,#2853,#2538,.T.);
#3497=EDGE_CURVE('',#2854,#2854,#2539,.T.);
#3498=EDGE_CURVE('',#2855,#2855,#2540,.T.);
#3499=EDGE_CURVE('',#2856,#2856,#2541,.T.);
#3500=EDGE_CURVE('',#2857,#2857,#2542,.T.);
#3501=EDGE_CURVE('',#2858,#2858,#2543,.T.);
#3502=EDGE_CURVE('',#2858,#2608,#1660,.T.);
#3503=EDGE_CURVE('',#2614,#2859,#1661,.T.);
#3504=EDGE_CURVE('',#2859,#2859,#2544,.T.);
#3505=EDGE_CURVE('',#2860,#2861,#2545,.T.);
#3506=EDGE_CURVE('',#2860,#2862,#439,.F.);
#3507=EDGE_CURVE('',#2861,#2862,#2546,.T.);
#3508=EDGE_CURVE('',#2861,#2859,#1662,.T.);
#3509=EDGE_CURVE('',#2857,#2863,#1663,.T.);
#3510=EDGE_CURVE('',#2863,#2863,#2547,.T.);
#3511=EDGE_CURVE('',#2864,#2865,#2548,.T.);
#3512=EDGE_CURVE('',#2864,#2866,#440,.F.);
#3513=EDGE_CURVE('',#2865,#2866,#2549,.T.);
#3514=EDGE_CURVE('',#2865,#2863,#1664,.T.);
#3515=EDGE_CURVE('',#2615,#2867,#1665,.T.);
#3516=EDGE_CURVE('',#2867,#2867,#2550,.T.);
#3517=EDGE_CURVE('',#2868,#2868,#2551,.T.);
#3518=EDGE_CURVE('',#2868,#2867,#1666,.T.);
#3519=EDGE_CURVE('',#2856,#2869,#1667,.T.);
#3520=EDGE_CURVE('',#2869,#2869,#2552,.T.);
#3521=EDGE_CURVE('',#2870,#2870,#2553,.T.);
#3522=EDGE_CURVE('',#2870,#2869,#1668,.T.);
#3523=EDGE_CURVE('',#2616,#2871,#1669,.T.);
#3524=EDGE_CURVE('',#2871,#2871,#2554,.T.);
#3525=EDGE_CURVE('',#2872,#2872,#2555,.T.);
#3526=EDGE_CURVE('',#2872,#2871,#1670,.T.);
#3527=EDGE_CURVE('',#2855,#2873,#1671,.T.);
#3528=EDGE_CURVE('',#2873,#2873,#2556,.T.);
#3529=EDGE_CURVE('',#2874,#2874,#2557,.T.);
#3530=EDGE_CURVE('',#2874,#2873,#1672,.T.);
#3531=EDGE_CURVE('',#2617,#2875,#1673,.T.);
#3532=EDGE_CURVE('',#2875,#2875,#2558,.T.);
#3533=EDGE_CURVE('',#2876,#2876,#2559,.T.);
#3534=EDGE_CURVE('',#2876,#2875,#1674,.T.);
#3535=EDGE_CURVE('',#2854,#2877,#1675,.T.);
#3536=EDGE_CURVE('',#2877,#2877,#2560,.T.);
#3537=EDGE_CURVE('',#2878,#2878,#2561,.T.);
#3538=EDGE_CURVE('',#2878,#2877,#1676,.T.);
#3539=EDGE_CURVE('',#2618,#2879,#1677,.T.);
#3540=EDGE_CURVE('',#2879,#2879,#2562,.T.);
#3541=EDGE_CURVE('',#2880,#2880,#2563,.T.);
#3542=EDGE_CURVE('',#2880,#2879,#1678,.T.);
#3543=EDGE_CURVE('',#2853,#2881,#1679,.T.);
#3544=EDGE_CURVE('',#2881,#2881,#2564,.T.);
#3545=EDGE_CURVE('',#2882,#2882,#2565,.T.);
#3546=EDGE_CURVE('',#2882,#2881,#1680,.T.);
#3547=EDGE_CURVE('',#2619,#2883,#1681,.T.);
#3548=EDGE_CURVE('',#2883,#2883,#2566,.T.);
#3549=EDGE_CURVE('',#2884,#2885,#2567,.T.);
#3550=EDGE_CURVE('',#2884,#2886,#441,.F.);
#3551=EDGE_CURVE('',#2885,#2886,#2568,.T.);
#3552=EDGE_CURVE('',#2885,#2883,#1682,.T.);
#3553=EDGE_CURVE('',#2884,#2887,#2569,.T.);
#3554=EDGE_CURVE('',#2887,#2888,#442,.T.);
#3555=EDGE_CURVE('',#2888,#2889,#2570,.T.);
#3556=EDGE_CURVE('',#2889,#2890,#443,.T.);
#3557=EDGE_CURVE('',#2890,#2886,#2571,.T.);
#3558=EDGE_CURVE('',#2891,#2890,#1683,.T.);
#3559=EDGE_CURVE('',#2892,#2891,#2572,.T.);
#3560=EDGE_CURVE('',#2892,#2887,#1684,.T.);
#3561=EDGE_CURVE('',#2893,#2862,#1685,.T.);
#3562=EDGE_CURVE('',#2894,#2893,#2573,.T.);
#3563=EDGE_CURVE('',#2895,#2894,#1686,.T.);
#3564=EDGE_CURVE('',#2896,#2895,#2574,.T.);
#3565=EDGE_CURVE('',#2864,#2896,#1687,.T.);
#3566=EDGE_CURVE('',#2897,#2866,#1688,.T.);
#3567=EDGE_CURVE('',#2898,#2897,#2575,.T.);
#3568=EDGE_CURVE('',#2899,#2898,#1689,.T.);
#3569=EDGE_CURVE('',#2900,#2899,#2576,.T.);
#3570=EDGE_CURVE('',#2860,#2900,#1690,.T.);
#3571=EDGE_CURVE('',#2620,#2901,#1691,.T.);
#3572=EDGE_CURVE('',#2901,#2902,#444,.T.);
#3573=EDGE_CURVE('',#2621,#2902,#1692,.T.);
#3574=EDGE_CURVE('',#2641,#2903,#1693,.T.);
#3575=EDGE_CURVE('',#2903,#2901,#445,.T.);
#3576=EDGE_CURVE('',#2640,#2904,#1694,.T.);
#3577=EDGE_CURVE('',#2904,#2903,#446,.T.);
#3578=EDGE_CURVE('',#2639,#2905,#1695,.T.);
#3579=EDGE_CURVE('',#2905,#2904,#447,.T.);
#3580=EDGE_CURVE('',#2638,#2906,#1696,.T.);
#3581=EDGE_CURVE('',#2906,#2905,#448,.T.);
#3582=EDGE_CURVE('',#2637,#2907,#1697,.T.);
#3583=EDGE_CURVE('',#2907,#2906,#449,.T.);
#3584=EDGE_CURVE('',#2636,#2908,#1698,.T.);
#3585=EDGE_CURVE('',#2908,#2907,#450,.T.);
#3586=EDGE_CURVE('',#2635,#2909,#1699,.T.);
#3587=EDGE_CURVE('',#2909,#2908,#451,.T.);
#3588=EDGE_CURVE('',#2634,#2910,#1700,.T.);
#3589=EDGE_CURVE('',#2910,#2909,#452,.T.);
#3590=EDGE_CURVE('',#2633,#2911,#1701,.T.);
#3591=EDGE_CURVE('',#2911,#2910,#1702,.T.);
#3592=EDGE_CURVE('',#2632,#2912,#1703,.T.);
#3593=EDGE_CURVE('',#2912,#2911,#453,.T.);
#3594=EDGE_CURVE('',#2631,#2913,#1704,.T.);
#3595=EDGE_CURVE('',#2913,#2912,#454,.T.);
#3596=EDGE_CURVE('',#2630,#2914,#1705,.T.);
#3597=EDGE_CURVE('',#2914,#2913,#455,.T.);
#3598=EDGE_CURVE('',#2629,#2915,#1706,.T.);
#3599=EDGE_CURVE('',#2915,#2914,#456,.T.);
#3600=EDGE_CURVE('',#2628,#2916,#1707,.T.);
#3601=EDGE_CURVE('',#2916,#2915,#457,.T.);
#3602=EDGE_CURVE('',#2627,#2917,#1708,.T.);
#3603=EDGE_CURVE('',#2917,#2916,#458,.T.);
#3604=EDGE_CURVE('',#2626,#2918,#1709,.T.);
#3605=EDGE_CURVE('',#2918,#2917,#459,.T.);
#3606=EDGE_CURVE('',#2625,#2919,#1710,.T.);
#3607=EDGE_CURVE('',#2919,#2918,#460,.T.);
#3608=EDGE_CURVE('',#2624,#2920,#1711,.T.);
#3609=EDGE_CURVE('',#2920,#2919,#461,.T.);
#3610=EDGE_CURVE('',#2623,#2921,#1712,.T.);
#3611=EDGE_CURVE('',#2921,#2920,#1713,.T.);
#3612=EDGE_CURVE('',#2622,#2922,#1714,.T.);
#3613=EDGE_CURVE('',#2922,#2921,#1715,.T.);
#3614=EDGE_CURVE('',#2902,#2922,#1716,.T.);
#3615=EDGE_CURVE('',#2642,#2923,#1717,.T.);
#3616=EDGE_CURVE('',#2923,#2924,#1718,.T.);
#3617=EDGE_CURVE('',#2643,#2924,#1719,.T.);
#3618=EDGE_CURVE('',#2650,#2925,#1720,.T.);
#3619=EDGE_CURVE('',#2925,#2923,#462,.T.);
#3620=EDGE_CURVE('',#2649,#2926,#1721,.T.);
#3621=EDGE_CURVE('',#2926,#2925,#463,.T.);
#3622=EDGE_CURVE('',#2648,#2927,#1722,.T.);
#3623=EDGE_CURVE('',#2927,#2926,#1723,.T.);
#3624=EDGE_CURVE('',#2647,#2928,#1724,.T.);
#3625=EDGE_CURVE('',#2928,#2927,#464,.T.);
#3626=EDGE_CURVE('',#2646,#2929,#1725,.T.);
#3627=EDGE_CURVE('',#2929,#2928,#465,.T.);
#3628=EDGE_CURVE('',#2645,#2930,#1726,.T.);
#3629=EDGE_CURVE('',#2930,#2929,#1727,.T.);
#3630=EDGE_CURVE('',#2644,#2931,#1728,.T.);
#3631=EDGE_CURVE('',#2931,#2930,#1729,.T.);
#3632=EDGE_CURVE('',#2924,#2931,#1730,.T.);
#3633=EDGE_CURVE('',#2932,#2933,#466,.T.);
#3634=EDGE_CURVE('',#2932,#2934,#1731,.T.);
#3635=EDGE_CURVE('',#2934,#2935,#467,.T.);
#3636=EDGE_CURVE('',#2933,#2935,#1732,.T.);
#3637=EDGE_CURVE('',#2936,#2932,#468,.T.);
#3638=EDGE_CURVE('',#2936,#2937,#1733,.T.);
#3639=EDGE_CURVE('',#2937,#2934,#469,.T.);
#3640=EDGE_CURVE('',#2938,#2936,#470,.T.);
#3641=EDGE_CURVE('',#2938,#2939,#1734,.T.);
#3642=EDGE_CURVE('',#2939,#2937,#471,.T.);
#3643=EDGE_CURVE('',#2940,#2938,#472,.T.);
#3644=EDGE_CURVE('',#2940,#2941,#1735,.T.);
#3645=EDGE_CURVE('',#2941,#2939,#473,.T.);
#3646=EDGE_CURVE('',#2942,#2940,#474,.T.);
#3647=EDGE_CURVE('',#2942,#2943,#1736,.T.);
#3648=EDGE_CURVE('',#2943,#2941,#475,.T.);
#3649=EDGE_CURVE('',#2944,#2942,#476,.T.);
#3650=EDGE_CURVE('',#2944,#2945,#1737,.T.);
#3651=EDGE_CURVE('',#2945,#2943,#477,.T.);
#3652=EDGE_CURVE('',#2946,#2944,#478,.T.);
#3653=EDGE_CURVE('',#2946,#2947,#1738,.T.);
#3654=EDGE_CURVE('',#2947,#2945,#479,.T.);
#3655=EDGE_CURVE('',#2933,#2946,#480,.T.);
#3656=EDGE_CURVE('',#2935,#2947,#481,.T.);
#3657=EDGE_CURVE('',#2651,#2948,#1739,.T.);
#3658=EDGE_CURVE('',#2948,#2949,#482,.T.);
#3659=EDGE_CURVE('',#2652,#2949,#1740,.T.);
#3660=EDGE_CURVE('',#2662,#2950,#1741,.T.);
#3661=EDGE_CURVE('',#2950,#2948,#483,.T.);
#3662=EDGE_CURVE('',#2661,#2951,#1742,.T.);
#3663=EDGE_CURVE('',#2951,#2950,#484,.T.);
#3664=EDGE_CURVE('',#2660,#2952,#1743,.T.);
#3665=EDGE_CURVE('',#2952,#2951,#485,.T.);
#3666=EDGE_CURVE('',#2659,#2953,#1744,.T.);
#3667=EDGE_CURVE('',#2953,#2952,#486,.T.);
#3668=EDGE_CURVE('',#2658,#2954,#1745,.T.);
#3669=EDGE_CURVE('',#2954,#2953,#487,.T.);
#3670=EDGE_CURVE('',#2657,#2955,#1746,.T.);
#3671=EDGE_CURVE('',#2955,#2954,#488,.T.);
#3672=EDGE_CURVE('',#2656,#2956,#1747,.T.);
#3673=EDGE_CURVE('',#2956,#2955,#489,.T.);
#3674=EDGE_CURVE('',#2655,#2957,#1748,.T.);
#3675=EDGE_CURVE('',#2957,#2956,#490,.T.);
#3676=EDGE_CURVE('',#2654,#2958,#1749,.T.);
#3677=EDGE_CURVE('',#2958,#2957,#491,.T.);
#3678=EDGE_CURVE('',#2653,#2959,#1750,.T.);
#3679=EDGE_CURVE('',#2959,#2958,#492,.T.);
#3680=EDGE_CURVE('',#2949,#2959,#493,.T.);
#3681=EDGE_CURVE('',#2960,#2961,#494,.T.);
#3682=EDGE_CURVE('',#2960,#2962,#1751,.T.);
#3683=EDGE_CURVE('',#2962,#2963,#495,.T.);
#3684=EDGE_CURVE('',#2961,#2963,#1752,.T.);
#3685=EDGE_CURVE('',#2964,#2960,#496,.T.);
#3686=EDGE_CURVE('',#2964,#2965,#1753,.T.);
#3687=EDGE_CURVE('',#2965,#2962,#497,.T.);
#3688=EDGE_CURVE('',#2966,#2964,#498,.T.);
#3689=EDGE_CURVE('',#2966,#2967,#1754,.T.);
#3690=EDGE_CURVE('',#2967,#2965,#499,.T.);
#3691=EDGE_CURVE('',#2968,#2966,#500,.T.);
#3692=EDGE_CURVE('',#2968,#2969,#1755,.T.);
#3693=EDGE_CURVE('',#2969,#2967,#501,.T.);
#3694=EDGE_CURVE('',#2970,#2968,#502,.T.);
#3695=EDGE_CURVE('',#2970,#2971,#1756,.T.);
#3696=EDGE_CURVE('',#2971,#2969,#503,.T.);
#3697=EDGE_CURVE('',#2972,#2970,#504,.T.);
#3698=EDGE_CURVE('',#2972,#2973,#1757,.T.);
#3699=EDGE_CURVE('',#2973,#2971,#505,.T.);
#3700=EDGE_CURVE('',#2974,#2972,#506,.T.);
#3701=EDGE_CURVE('',#2974,#2975,#1758,.T.);
#3702=EDGE_CURVE('',#2975,#2973,#507,.T.);
#3703=EDGE_CURVE('',#2976,#2974,#508,.T.);
#3704=EDGE_CURVE('',#2976,#2977,#1759,.T.);
#3705=EDGE_CURVE('',#2977,#2975,#509,.T.);
#3706=EDGE_CURVE('',#2961,#2976,#510,.T.);
#3707=EDGE_CURVE('',#2963,#2977,#511,.T.);
#3708=EDGE_CURVE('',#2978,#2979,#512,.T.);
#3709=EDGE_CURVE('',#2978,#2980,#1760,.T.);
#3710=EDGE_CURVE('',#2980,#2981,#513,.T.);
#3711=EDGE_CURVE('',#2979,#2981,#1761,.T.);
#3712=EDGE_CURVE('',#2982,#2978,#514,.T.);
#3713=EDGE_CURVE('',#2982,#2983,#1762,.T.);
#3714=EDGE_CURVE('',#2983,#2980,#515,.T.);
#3715=EDGE_CURVE('',#2984,#2982,#516,.T.);
#3716=EDGE_CURVE('',#2984,#2985,#1763,.T.);
#3717=EDGE_CURVE('',#2985,#2983,#517,.T.);
#3718=EDGE_CURVE('',#2986,#2984,#518,.T.);
#3719=EDGE_CURVE('',#2986,#2987,#1764,.T.);
#3720=EDGE_CURVE('',#2987,#2985,#519,.T.);
#3721=EDGE_CURVE('',#2988,#2986,#520,.T.);
#3722=EDGE_CURVE('',#2988,#2989,#1765,.T.);
#3723=EDGE_CURVE('',#2989,#2987,#521,.T.);
#3724=EDGE_CURVE('',#2990,#2988,#522,.T.);
#3725=EDGE_CURVE('',#2990,#2991,#1766,.T.);
#3726=EDGE_CURVE('',#2991,#2989,#523,.T.);
#3727=EDGE_CURVE('',#2992,#2990,#524,.T.);
#3728=EDGE_CURVE('',#2992,#2993,#1767,.T.);
#3729=EDGE_CURVE('',#2993,#2991,#525,.T.);
#3730=EDGE_CURVE('',#2979,#2992,#526,.T.);
#3731=EDGE_CURVE('',#2981,#2993,#527,.T.);
#3732=EDGE_CURVE('',#2663,#2994,#1768,.T.);
#3733=EDGE_CURVE('',#2994,#2995,#528,.T.);
#3734=EDGE_CURVE('',#2664,#2995,#1769,.T.);
#3735=EDGE_CURVE('',#2678,#2996,#1770,.T.);
#3736=EDGE_CURVE('',#2996,#2994,#529,.T.);
#3737=EDGE_CURVE('',#2677,#2997,#1771,.T.);
#3738=EDGE_CURVE('',#2997,#2996,#530,.T.);
#3739=EDGE_CURVE('',#2676,#2998,#1772,.T.);
#3740=EDGE_CURVE('',#2998,#2997,#531,.T.);
#3741=EDGE_CURVE('',#2675,#2999,#1773,.T.);
#3742=EDGE_CURVE('',#2999,#2998,#532,.T.);
#3743=EDGE_CURVE('',#2674,#3000,#1774,.T.);
#3744=EDGE_CURVE('',#3000,#2999,#533,.T.);
#3745=EDGE_CURVE('',#2673,#3001,#1775,.T.);
#3746=EDGE_CURVE('',#3001,#3000,#534,.T.);
#3747=EDGE_CURVE('',#2672,#3002,#1776,.T.);
#3748=EDGE_CURVE('',#3002,#3001,#535,.T.);
#3749=EDGE_CURVE('',#2671,#3003,#1777,.T.);
#3750=EDGE_CURVE('',#3003,#3002,#536,.T.);
#3751=EDGE_CURVE('',#2670,#3004,#1778,.T.);
#3752=EDGE_CURVE('',#3004,#3003,#537,.T.);
#3753=EDGE_CURVE('',#2669,#3005,#1779,.T.);
#3754=EDGE_CURVE('',#3005,#3004,#538,.T.);
#3755=EDGE_CURVE('',#2668,#3006,#1780,.T.);
#3756=EDGE_CURVE('',#3006,#3005,#539,.T.);
#3757=EDGE_CURVE('',#2667,#3007,#1781,.T.);
#3758=EDGE_CURVE('',#3007,#3006,#540,.T.);
#3759=EDGE_CURVE('',#2666,#3008,#1782,.T.);
#3760=EDGE_CURVE('',#3008,#3007,#541,.T.);
#3761=EDGE_CURVE('',#2665,#3009,#1783,.T.);
#3762=EDGE_CURVE('',#3009,#3008,#542,.T.);
#3763=EDGE_CURVE('',#2995,#3009,#543,.T.);
#3764=EDGE_CURVE('',#3010,#3011,#544,.T.);
#3765=EDGE_CURVE('',#3010,#3012,#1784,.T.);
#3766=EDGE_CURVE('',#3012,#3013,#545,.T.);
#3767=EDGE_CURVE('',#3011,#3013,#1785,.T.);
#3768=EDGE_CURVE('',#3014,#3010,#546,.T.);
#3769=EDGE_CURVE('',#3014,#3015,#1786,.T.);
#3770=EDGE_CURVE('',#3015,#3012,#547,.T.);
#3771=EDGE_CURVE('',#3016,#3014,#548,.T.);
#3772=EDGE_CURVE('',#3016,#3017,#1787,.T.);
#3773=EDGE_CURVE('',#3017,#3015,#549,.T.);
#3774=EDGE_CURVE('',#3018,#3016,#550,.T.);
#3775=EDGE_CURVE('',#3018,#3019,#1788,.T.);
#3776=EDGE_CURVE('',#3019,#3017,#551,.T.);
#3777=EDGE_CURVE('',#3020,#3018,#552,.T.);
#3778=EDGE_CURVE('',#3020,#3021,#1789,.T.);
#3779=EDGE_CURVE('',#3021,#3019,#553,.T.);
#3780=EDGE_CURVE('',#3022,#3020,#554,.T.);
#3781=EDGE_CURVE('',#3022,#3023,#1790,.T.);
#3782=EDGE_CURVE('',#3023,#3021,#555,.T.);
#3783=EDGE_CURVE('',#3024,#3022,#556,.T.);
#3784=EDGE_CURVE('',#3024,#3025,#1791,.T.);
#3785=EDGE_CURVE('',#3025,#3023,#557,.T.);
#3786=EDGE_CURVE('',#3026,#3024,#558,.T.);
#3787=EDGE_CURVE('',#3026,#3027,#1792,.T.);
#3788=EDGE_CURVE('',#3027,#3025,#559,.T.);
#3789=EDGE_CURVE('',#3011,#3026,#560,.T.);
#3790=EDGE_CURVE('',#3013,#3027,#561,.T.);
#3791=EDGE_CURVE('',#2679,#3028,#1793,.T.);
#3792=EDGE_CURVE('',#3028,#3029,#562,.T.);
#3793=EDGE_CURVE('',#2680,#3029,#1794,.T.);
#3794=EDGE_CURVE('',#2697,#3030,#1795,.T.);
#3795=EDGE_CURVE('',#3030,#3028,#563,.T.);
#3796=EDGE_CURVE('',#2696,#3031,#1796,.T.);
#3797=EDGE_CURVE('',#3031,#3030,#564,.T.);
#3798=EDGE_CURVE('',#2695,#3032,#1797,.T.);
#3799=EDGE_CURVE('',#3032,#3031,#565,.T.);
#3800=EDGE_CURVE('',#2694,#3033,#1798,.T.);
#3801=EDGE_CURVE('',#3033,#3032,#566,.T.);
#3802=EDGE_CURVE('',#2693,#3034,#1799,.T.);
#3803=EDGE_CURVE('',#3034,#3033,#567,.T.);
#3804=EDGE_CURVE('',#2692,#3035,#1800,.T.);
#3805=EDGE_CURVE('',#3035,#3034,#568,.T.);
#3806=EDGE_CURVE('',#2691,#3036,#1801,.T.);
#3807=EDGE_CURVE('',#3036,#3035,#569,.T.);
#3808=EDGE_CURVE('',#2690,#3037,#1802,.T.);
#3809=EDGE_CURVE('',#3037,#3036,#570,.T.);
#3810=EDGE_CURVE('',#2689,#3038,#1803,.T.);
#3811=EDGE_CURVE('',#3038,#3037,#571,.T.);
#3812=EDGE_CURVE('',#2688,#3039,#1804,.T.);
#3813=EDGE_CURVE('',#3039,#3038,#572,.T.);
#3814=EDGE_CURVE('',#2687,#3040,#1805,.T.);
#3815=EDGE_CURVE('',#3040,#3039,#573,.T.);
#3816=EDGE_CURVE('',#2686,#3041,#1806,.T.);
#3817=EDGE_CURVE('',#3041,#3040,#574,.T.);
#3818=EDGE_CURVE('',#2685,#3042,#1807,.T.);
#3819=EDGE_CURVE('',#3042,#3041,#575,.T.);
#3820=EDGE_CURVE('',#2684,#3043,#1808,.T.);
#3821=EDGE_CURVE('',#3043,#3042,#576,.T.);
#3822=EDGE_CURVE('',#2683,#3044,#1809,.T.);
#3823=EDGE_CURVE('',#3044,#3043,#577,.T.);
#3824=EDGE_CURVE('',#2682,#3045,#1810,.T.);
#3825=EDGE_CURVE('',#3045,#3044,#578,.T.);
#3826=EDGE_CURVE('',#2681,#3046,#1811,.T.);
#3827=EDGE_CURVE('',#3046,#3045,#1812,.T.);
#3828=EDGE_CURVE('',#3029,#3046,#579,.T.);
#3829=EDGE_CURVE('',#3047,#3048,#1813,.T.);
#3830=EDGE_CURVE('',#3047,#3049,#1814,.T.);
#3831=EDGE_CURVE('',#3049,#3050,#1815,.T.);
#3832=EDGE_CURVE('',#3048,#3050,#1816,.T.);
#3833=EDGE_CURVE('',#3051,#3047,#1817,.T.);
#3834=EDGE_CURVE('',#3051,#3052,#1818,.T.);
#3835=EDGE_CURVE('',#3052,#3049,#1819,.T.);
#3836=EDGE_CURVE('',#3048,#3051,#1820,.T.);
#3837=EDGE_CURVE('',#3050,#3052,#1821,.T.);
#3838=EDGE_CURVE('',#2698,#3053,#1822,.T.);
#3839=EDGE_CURVE('',#3053,#3054,#1823,.T.);
#3840=EDGE_CURVE('',#2699,#3054,#1824,.T.);
#3841=EDGE_CURVE('',#2708,#3055,#1825,.T.);
#3842=EDGE_CURVE('',#3055,#3053,#1826,.T.);
#3843=EDGE_CURVE('',#2707,#3056,#1827,.T.);
#3844=EDGE_CURVE('',#3056,#3055,#1828,.T.);
#3845=EDGE_CURVE('',#2706,#3057,#1829,.T.);
#3846=EDGE_CURVE('',#3057,#3056,#1830,.T.);
#3847=EDGE_CURVE('',#2705,#3058,#1831,.T.);
#3848=EDGE_CURVE('',#3058,#3057,#1832,.T.);
#3849=EDGE_CURVE('',#2704,#3059,#1833,.T.);
#3850=EDGE_CURVE('',#3059,#3058,#1834,.T.);
#3851=EDGE_CURVE('',#2703,#3060,#1835,.T.);
#3852=EDGE_CURVE('',#3060,#3059,#1836,.T.);
#3853=EDGE_CURVE('',#2702,#3061,#1837,.T.);
#3854=EDGE_CURVE('',#3061,#3060,#1838,.T.);
#3855=EDGE_CURVE('',#2701,#3062,#1839,.T.);
#3856=EDGE_CURVE('',#3062,#3061,#1840,.T.);
#3857=EDGE_CURVE('',#2700,#3063,#1841,.T.);
#3858=EDGE_CURVE('',#3063,#3062,#1842,.T.);
#3859=EDGE_CURVE('',#3054,#3063,#1843,.T.);
#3860=EDGE_CURVE('',#2709,#3064,#1844,.T.);
#3861=EDGE_CURVE('',#3064,#3065,#580,.T.);
#3862=EDGE_CURVE('',#2710,#3065,#1845,.T.);
#3863=EDGE_CURVE('',#2730,#3066,#1846,.T.);
#3864=EDGE_CURVE('',#3066,#3064,#581,.T.);
#3865=EDGE_CURVE('',#2729,#3067,#1847,.T.);
#3866=EDGE_CURVE('',#3067,#3066,#582,.T.);
#3867=EDGE_CURVE('',#2728,#3068,#1848,.T.);
#3868=EDGE_CURVE('',#3068,#3067,#583,.T.);
#3869=EDGE_CURVE('',#2727,#3069,#1849,.T.);
#3870=EDGE_CURVE('',#3069,#3068,#584,.T.);
#3871=EDGE_CURVE('',#2726,#3070,#1850,.T.);
#3872=EDGE_CURVE('',#3070,#3069,#585,.T.);
#3873=EDGE_CURVE('',#2725,#3071,#1851,.T.);
#3874=EDGE_CURVE('',#3071,#3070,#586,.T.);
#3875=EDGE_CURVE('',#2724,#3072,#1852,.T.);
#3876=EDGE_CURVE('',#3072,#3071,#587,.T.);
#3877=EDGE_CURVE('',#2723,#3073,#1853,.T.);
#3878=EDGE_CURVE('',#3073,#3072,#588,.T.);
#3879=EDGE_CURVE('',#2722,#3074,#1854,.T.);
#3880=EDGE_CURVE('',#3074,#3073,#1855,.T.);
#3881=EDGE_CURVE('',#2721,#3075,#1856,.T.);
#3882=EDGE_CURVE('',#3075,#3074,#589,.T.);
#3883=EDGE_CURVE('',#2720,#3076,#1857,.T.);
#3884=EDGE_CURVE('',#3076,#3075,#590,.T.);
#3885=EDGE_CURVE('',#2719,#3077,#1858,.T.);
#3886=EDGE_CURVE('',#3077,#3076,#591,.T.);
#3887=EDGE_CURVE('',#2718,#3078,#1859,.T.);
#3888=EDGE_CURVE('',#3078,#3077,#592,.T.);
#3889=EDGE_CURVE('',#2717,#3079,#1860,.T.);
#3890=EDGE_CURVE('',#3079,#3078,#593,.T.);
#3891=EDGE_CURVE('',#2716,#3080,#1861,.T.);
#3892=EDGE_CURVE('',#3080,#3079,#594,.T.);
#3893=EDGE_CURVE('',#2715,#3081,#1862,.T.);
#3894=EDGE_CURVE('',#3081,#3080,#595,.T.);
#3895=EDGE_CURVE('',#2714,#3082,#1863,.T.);
#3896=EDGE_CURVE('',#3082,#3081,#596,.T.);
#3897=EDGE_CURVE('',#2713,#3083,#1864,.T.);
#3898=EDGE_CURVE('',#3083,#3082,#597,.T.);
#3899=EDGE_CURVE('',#2712,#3084,#1865,.T.);
#3900=EDGE_CURVE('',#3084,#3083,#1866,.T.);
#3901=EDGE_CURVE('',#2711,#3085,#1867,.T.);
#3902=EDGE_CURVE('',#3085,#3084,#1868,.T.);
#3903=EDGE_CURVE('',#3065,#3085,#1869,.T.);
#3904=EDGE_CURVE('',#2731,#3086,#1870,.T.);
#3905=EDGE_CURVE('',#3086,#3087,#1871,.T.);
#3906=EDGE_CURVE('',#2732,#3087,#1872,.T.);
#3907=EDGE_CURVE('',#2739,#3088,#1873,.T.);
#3908=EDGE_CURVE('',#3088,#3086,#598,.T.);
#3909=EDGE_CURVE('',#2738,#3089,#1874,.T.);
#3910=EDGE_CURVE('',#3089,#3088,#599,.T.);
#3911=EDGE_CURVE('',#2737,#3090,#1875,.T.);
#3912=EDGE_CURVE('',#3090,#3089,#1876,.T.);
#3913=EDGE_CURVE('',#2736,#3091,#1877,.T.);
#3914=EDGE_CURVE('',#3091,#3090,#600,.T.);
#3915=EDGE_CURVE('',#2735,#3092,#1878,.T.);
#3916=EDGE_CURVE('',#3092,#3091,#601,.T.);
#3917=EDGE_CURVE('',#2734,#3093,#1879,.T.);
#3918=EDGE_CURVE('',#3093,#3092,#1880,.T.);
#3919=EDGE_CURVE('',#2733,#3094,#1881,.T.);
#3920=EDGE_CURVE('',#3094,#3093,#1882,.T.);
#3921=EDGE_CURVE('',#3087,#3094,#1883,.T.);
#3922=EDGE_CURVE('',#2740,#3095,#1884,.T.);
#3923=EDGE_CURVE('',#3095,#3096,#602,.T.);
#3924=EDGE_CURVE('',#2741,#3096,#1885,.T.);
#3925=EDGE_CURVE('',#2769,#3097,#1886,.T.);
#3926=EDGE_CURVE('',#3097,#3095,#603,.T.);
#3927=EDGE_CURVE('',#2768,#3098,#1887,.T.);
#3928=EDGE_CURVE('',#3098,#3097,#604,.T.);
#3929=EDGE_CURVE('',#2767,#3099,#1888,.T.);
#3930=EDGE_CURVE('',#3099,#3098,#605,.T.);
#3931=EDGE_CURVE('',#2766,#3100,#1889,.T.);
#3932=EDGE_CURVE('',#3100,#3099,#606,.T.);
#3933=EDGE_CURVE('',#2765,#3101,#1890,.T.);
#3934=EDGE_CURVE('',#3101,#3100,#607,.T.);
#3935=EDGE_CURVE('',#2764,#3102,#1891,.T.);
#3936=EDGE_CURVE('',#3102,#3101,#608,.T.);
#3937=EDGE_CURVE('',#2763,#3103,#1892,.T.);
#3938=EDGE_CURVE('',#3103,#3102,#609,.T.);
#3939=EDGE_CURVE('',#2762,#3104,#1893,.T.);
#3940=EDGE_CURVE('',#3104,#3103,#610,.T.);
#3941=EDGE_CURVE('',#2761,#3105,#1894,.T.);
#3942=EDGE_CURVE('',#3105,#3104,#611,.T.);
#3943=EDGE_CURVE('',#2760,#3106,#1895,.T.);
#3944=EDGE_CURVE('',#3106,#3105,#612,.T.);
#3945=EDGE_CURVE('',#2759,#3107,#1896,.T.);
#3946=EDGE_CURVE('',#3107,#3106,#613,.T.);
#3947=EDGE_CURVE('',#2758,#3108,#1897,.T.);
#3948=EDGE_CURVE('',#3108,#3107,#1898,.T.);
#3949=EDGE_CURVE('',#2757,#3109,#1899,.T.);
#3950=EDGE_CURVE('',#3109,#3108,#614,.T.);
#3951=EDGE_CURVE('',#2756,#3110,#1900,.T.);
#3952=EDGE_CURVE('',#3110,#3109,#615,.T.);
#3953=EDGE_CURVE('',#2755,#3111,#1901,.T.);
#3954=EDGE_CURVE('',#3111,#3110,#616,.T.);
#3955=EDGE_CURVE('',#2754,#3112,#1902,.T.);
#3956=EDGE_CURVE('',#3112,#3111,#617,.T.);
#3957=EDGE_CURVE('',#2753,#3113,#1903,.T.);
#3958=EDGE_CURVE('',#3113,#3112,#618,.T.);
#3959=EDGE_CURVE('',#2752,#3114,#1904,.T.);
#3960=EDGE_CURVE('',#3114,#3113,#619,.T.);
#3961=EDGE_CURVE('',#2751,#3115,#1905,.T.);
#3962=EDGE_CURVE('',#3115,#3114,#620,.T.);
#3963=EDGE_CURVE('',#2750,#3116,#1906,.T.);
#3964=EDGE_CURVE('',#3116,#3115,#1907,.T.);
#3965=EDGE_CURVE('',#2749,#3117,#1908,.T.);
#3966=EDGE_CURVE('',#3117,#3116,#621,.T.);
#3967=EDGE_CURVE('',#2748,#3118,#1909,.T.);
#3968=EDGE_CURVE('',#3118,#3117,#622,.T.);
#3969=EDGE_CURVE('',#2747,#3119,#1910,.T.);
#3970=EDGE_CURVE('',#3119,#3118,#623,.T.);
#3971=EDGE_CURVE('',#2746,#3120,#1911,.T.);
#3972=EDGE_CURVE('',#3120,#3119,#624,.T.);
#3973=EDGE_CURVE('',#2745,#3121,#1912,.T.);
#3974=EDGE_CURVE('',#3121,#3120,#625,.T.);
#3975=EDGE_CURVE('',#2744,#3122,#1913,.T.);
#3976=EDGE_CURVE('',#3122,#3121,#626,.T.);
#3977=EDGE_CURVE('',#2743,#3123,#1914,.T.);
#3978=EDGE_CURVE('',#3123,#3122,#627,.T.);
#3979=EDGE_CURVE('',#2742,#3124,#1915,.T.);
#3980=EDGE_CURVE('',#3124,#3123,#1916,.T.);
#3981=EDGE_CURVE('',#3096,#3124,#628,.T.);
#3982=EDGE_CURVE('',#2770,#3125,#1917,.T.);
#3983=EDGE_CURVE('',#3125,#3126,#629,.T.);
#3984=EDGE_CURVE('',#2771,#3126,#1918,.T.);
#3985=EDGE_CURVE('',#2791,#3127,#1919,.T.);
#3986=EDGE_CURVE('',#3127,#3125,#630,.T.);
#3987=EDGE_CURVE('',#2790,#3128,#1920,.T.);
#3988=EDGE_CURVE('',#3128,#3127,#631,.T.);
#3989=EDGE_CURVE('',#2789,#3129,#1921,.T.);
#3990=EDGE_CURVE('',#3129,#3128,#632,.T.);
#3991=EDGE_CURVE('',#2788,#3130,#1922,.T.);
#3992=EDGE_CURVE('',#3130,#3129,#633,.T.);
#3993=EDGE_CURVE('',#2787,#3131,#1923,.T.);
#3994=EDGE_CURVE('',#3131,#3130,#634,.T.);
#3995=EDGE_CURVE('',#2786,#3132,#1924,.T.);
#3996=EDGE_CURVE('',#3132,#3131,#1925,.T.);
#3997=EDGE_CURVE('',#2785,#3133,#1926,.T.);
#3998=EDGE_CURVE('',#3133,#3132,#1927,.T.);
#3999=EDGE_CURVE('',#2784,#3134,#1928,.T.);
#4000=EDGE_CURVE('',#3134,#3133,#1929,.T.);
#4001=EDGE_CURVE('',#2783,#3135,#1930,.T.);
#4002=EDGE_CURVE('',#3135,#3134,#1931,.T.);
#4003=EDGE_CURVE('',#2782,#3136,#1932,.T.);
#4004=EDGE_CURVE('',#3136,#3135,#1933,.T.);
#4005=EDGE_CURVE('',#2781,#3137,#1934,.T.);
#4006=EDGE_CURVE('',#3137,#3136,#1935,.T.);
#4007=EDGE_CURVE('',#2780,#3138,#1936,.T.);
#4008=EDGE_CURVE('',#3138,#3137,#635,.T.);
#4009=EDGE_CURVE('',#2779,#3139,#1937,.T.);
#4010=EDGE_CURVE('',#3139,#3138,#636,.T.);
#4011=EDGE_CURVE('',#2778,#3140,#1938,.T.);
#4012=EDGE_CURVE('',#3140,#3139,#637,.T.);
#4013=EDGE_CURVE('',#2777,#3141,#1939,.T.);
#4014=EDGE_CURVE('',#3141,#3140,#638,.T.);
#4015=EDGE_CURVE('',#2776,#3142,#1940,.T.);
#4016=EDGE_CURVE('',#3142,#3141,#639,.T.);
#4017=EDGE_CURVE('',#2775,#3143,#1941,.T.);
#4018=EDGE_CURVE('',#3143,#3142,#640,.T.);
#4019=EDGE_CURVE('',#2774,#3144,#1942,.T.);
#4020=EDGE_CURVE('',#3144,#3143,#641,.T.);
#4021=EDGE_CURVE('',#2773,#3145,#1943,.T.);
#4022=EDGE_CURVE('',#3145,#3144,#642,.T.);
#4023=EDGE_CURVE('',#2772,#3146,#1944,.T.);
#4024=EDGE_CURVE('',#3146,#3145,#1945,.T.);
#4025=EDGE_CURVE('',#3126,#3146,#643,.T.);
#4026=EDGE_CURVE('',#2792,#3147,#1946,.T.);
#4027=EDGE_CURVE('',#3147,#3148,#644,.T.);
#4028=EDGE_CURVE('',#2793,#3148,#1947,.T.);
#4029=EDGE_CURVE('',#2802,#3149,#1948,.T.);
#4030=EDGE_CURVE('',#3149,#3147,#645,.T.);
#4031=EDGE_CURVE('',#2801,#3150,#1949,.T.);
#4032=EDGE_CURVE('',#3150,#3149,#646,.T.);
#4033=EDGE_CURVE('',#2800,#3151,#1950,.T.);
#4034=EDGE_CURVE('',#3151,#3150,#1951,.T.);
#4035=EDGE_CURVE('',#2799,#3152,#1952,.T.);
#4036=EDGE_CURVE('',#3152,#3151,#647,.T.);
#4037=EDGE_CURVE('',#2798,#3153,#1953,.T.);
#4038=EDGE_CURVE('',#3153,#3152,#648,.T.);
#4039=EDGE_CURVE('',#2797,#3154,#1954,.T.);
#4040=EDGE_CURVE('',#3154,#3153,#649,.T.);
#4041=EDGE_CURVE('',#2796,#3155,#1955,.T.);
#4042=EDGE_CURVE('',#3155,#3154,#1956,.T.);
#4043=EDGE_CURVE('',#2795,#3156,#1957,.T.);
#4044=EDGE_CURVE('',#3156,#3155,#1958,.T.);
#4045=EDGE_CURVE('',#2794,#3157,#1959,.T.);
#4046=EDGE_CURVE('',#3157,#3156,#1960,.T.);
#4047=EDGE_CURVE('',#3148,#3157,#1961,.T.);
#4048=EDGE_CURVE('',#3158,#3159,#650,.T.);
#4049=EDGE_CURVE('',#3158,#3160,#1962,.T.);
#4050=EDGE_CURVE('',#3160,#3161,#651,.T.);
#4051=EDGE_CURVE('',#3159,#3161,#1963,.T.);
#4052=EDGE_CURVE('',#3162,#3158,#652,.T.);
#4053=EDGE_CURVE('',#3162,#3163,#1964,.T.);
#4054=EDGE_CURVE('',#3163,#3160,#653,.T.);
#4055=EDGE_CURVE('',#3164,#3162,#654,.T.);
#4056=EDGE_CURVE('',#3164,#3165,#1965,.T.);
#4057=EDGE_CURVE('',#3165,#3163,#655,.T.);
#4058=EDGE_CURVE('',#3166,#3164,#656,.T.);
#4059=EDGE_CURVE('',#3166,#3167,#1966,.T.);
#4060=EDGE_CURVE('',#3167,#3165,#657,.T.);
#4061=EDGE_CURVE('',#3168,#3166,#658,.T.);
#4062=EDGE_CURVE('',#3168,#3169,#1967,.T.);
#4063=EDGE_CURVE('',#3169,#3167,#659,.T.);
#4064=EDGE_CURVE('',#3170,#3168,#660,.T.);
#4065=EDGE_CURVE('',#3170,#3171,#1968,.T.);
#4066=EDGE_CURVE('',#3171,#3169,#661,.T.);
#4067=EDGE_CURVE('',#3172,#3170,#662,.T.);
#4068=EDGE_CURVE('',#3172,#3173,#1969,.T.);
#4069=EDGE_CURVE('',#3173,#3171,#663,.T.);
#4070=EDGE_CURVE('',#3159,#3172,#664,.T.);
#4071=EDGE_CURVE('',#3161,#3173,#665,.T.);
#4072=EDGE_CURVE('',#2803,#3174,#1970,.T.);
#4073=EDGE_CURVE('',#3174,#3175,#666,.T.);
#4074=EDGE_CURVE('',#2804,#3175,#1971,.T.);
#4075=EDGE_CURVE('',#2824,#3176,#1972,.T.);
#4076=EDGE_CURVE('',#3176,#3174,#667,.T.);
#4077=EDGE_CURVE('',#2823,#3177,#1973,.T.);
#4078=EDGE_CURVE('',#3177,#3176,#668,.T.);
#4079=EDGE_CURVE('',#2822,#3178,#1974,.T.);
#4080=EDGE_CURVE('',#3178,#3177,#669,.T.);
#4081=EDGE_CURVE('',#2821,#3179,#1975,.T.);
#4082=EDGE_CURVE('',#3179,#3178,#670,.T.);
#4083=EDGE_CURVE('',#2820,#3180,#1976,.T.);
#4084=EDGE_CURVE('',#3180,#3179,#671,.T.);
#4085=EDGE_CURVE('',#2819,#3181,#1977,.T.);
#4086=EDGE_CURVE('',#3181,#3180,#672,.T.);
#4087=EDGE_CURVE('',#2818,#3182,#1978,.T.);
#4088=EDGE_CURVE('',#3182,#3181,#673,.T.);
#4089=EDGE_CURVE('',#2817,#3183,#1979,.T.);
#4090=EDGE_CURVE('',#3183,#3182,#674,.T.);
#4091=EDGE_CURVE('',#2816,#3184,#1980,.T.);
#4092=EDGE_CURVE('',#3184,#3183,#675,.T.);
#4093=EDGE_CURVE('',#2815,#3185,#1981,.T.);
#4094=EDGE_CURVE('',#3185,#3184,#676,.T.);
#4095=EDGE_CURVE('',#2814,#3186,#1982,.T.);
#4096=EDGE_CURVE('',#3186,#3185,#677,.T.);
#4097=EDGE_CURVE('',#2813,#3187,#1983,.T.);
#4098=EDGE_CURVE('',#3187,#3186,#678,.T.);
#4099=EDGE_CURVE('',#2812,#3188,#1984,.T.);
#4100=EDGE_CURVE('',#3188,#3187,#679,.T.);
#4101=EDGE_CURVE('',#2811,#3189,#1985,.T.);
#4102=EDGE_CURVE('',#3189,#3188,#680,.T.);
#4103=EDGE_CURVE('',#2810,#3190,#1986,.T.);
#4104=EDGE_CURVE('',#3190,#3189,#681,.T.);
#4105=EDGE_CURVE('',#2809,#3191,#1987,.T.);
#4106=EDGE_CURVE('',#3191,#3190,#682,.T.);
#4107=EDGE_CURVE('',#2808,#3192,#1988,.T.);
#4108=EDGE_CURVE('',#3192,#3191,#683,.T.);
#4109=EDGE_CURVE('',#2807,#3193,#1989,.T.);
#4110=EDGE_CURVE('',#3193,#3192,#684,.T.);
#4111=EDGE_CURVE('',#2806,#3194,#1990,.T.);
#4112=EDGE_CURVE('',#3194,#3193,#685,.T.);
#4113=EDGE_CURVE('',#2805,#3195,#1991,.T.);
#4114=EDGE_CURVE('',#3195,#3194,#1992,.T.);
#4115=EDGE_CURVE('',#3175,#3195,#686,.T.);
#4116=EDGE_CURVE('',#2825,#3196,#1993,.T.);
#4117=EDGE_CURVE('',#3196,#3197,#1994,.T.);
#4118=EDGE_CURVE('',#2826,#3197,#1995,.T.);
#4119=EDGE_CURVE('',#2833,#3198,#1996,.T.);
#4120=EDGE_CURVE('',#3198,#3196,#687,.T.);
#4121=EDGE_CURVE('',#2832,#3199,#1997,.T.);
#4122=EDGE_CURVE('',#3199,#3198,#688,.T.);
#4123=EDGE_CURVE('',#2831,#3200,#1998,.T.);
#4124=EDGE_CURVE('',#3200,#3199,#1999,.T.);
#4125=EDGE_CURVE('',#2830,#3201,#2000,.T.);
#4126=EDGE_CURVE('',#3201,#3200,#689,.T.);
#4127=EDGE_CURVE('',#2829,#3202,#2001,.T.);
#4128=EDGE_CURVE('',#3202,#3201,#690,.T.);
#4129=EDGE_CURVE('',#2828,#3203,#2002,.T.);
#4130=EDGE_CURVE('',#3203,#3202,#2003,.T.);
#4131=EDGE_CURVE('',#2827,#3204,#2004,.T.);
#4132=EDGE_CURVE('',#3204,#3203,#2005,.T.);
#4133=EDGE_CURVE('',#3197,#3204,#2006,.T.);
#4134=EDGE_CURVE('',#2834,#3205,#2007,.T.);
#4135=EDGE_CURVE('',#3205,#3206,#2008,.T.);
#4136=EDGE_CURVE('',#2835,#3206,#2009,.T.);
#4137=EDGE_CURVE('',#2842,#3207,#2010,.T.);
#4138=EDGE_CURVE('',#3207,#3205,#691,.T.);
#4139=EDGE_CURVE('',#2841,#3208,#2011,.T.);
#4140=EDGE_CURVE('',#3208,#3207,#692,.T.);
#4141=EDGE_CURVE('',#2840,#3209,#2012,.T.);
#4142=EDGE_CURVE('',#3209,#3208,#2013,.T.);
#4143=EDGE_CURVE('',#2839,#3210,#2014,.T.);
#4144=EDGE_CURVE('',#3210,#3209,#693,.T.);
#4145=EDGE_CURVE('',#2838,#3211,#2015,.T.);
#4146=EDGE_CURVE('',#3211,#3210,#694,.T.);
#4147=EDGE_CURVE('',#2837,#3212,#2016,.T.);
#4148=EDGE_CURVE('',#3212,#3211,#2017,.T.);
#4149=EDGE_CURVE('',#2836,#3213,#2018,.T.);
#4150=EDGE_CURVE('',#3213,#3212,#2019,.T.);
#4151=EDGE_CURVE('',#3206,#3213,#2020,.T.);
#4152=EDGE_CURVE('',#2843,#3214,#2021,.T.);
#4153=EDGE_CURVE('',#3214,#3215,#2022,.T.);
#4154=EDGE_CURVE('',#2844,#3215,#2023,.T.);
#4155=EDGE_CURVE('',#2851,#3216,#2024,.T.);
#4156=EDGE_CURVE('',#3216,#3214,#695,.T.);
#4157=EDGE_CURVE('',#2850,#3217,#2025,.T.);
#4158=EDGE_CURVE('',#3217,#3216,#696,.T.);
#4159=EDGE_CURVE('',#2849,#3218,#2026,.T.);
#4160=EDGE_CURVE('',#3218,#3217,#2027,.T.);
#4161=EDGE_CURVE('',#2848,#3219,#2028,.T.);
#4162=EDGE_CURVE('',#3219,#3218,#697,.T.);
#4163=EDGE_CURVE('',#2847,#3220,#2029,.T.);
#4164=EDGE_CURVE('',#3220,#3219,#698,.T.);
#4165=EDGE_CURVE('',#2846,#3221,#2030,.T.);
#4166=EDGE_CURVE('',#3221,#3220,#2031,.T.);
#4167=EDGE_CURVE('',#2845,#3222,#2032,.T.);
#4168=EDGE_CURVE('',#3222,#3221,#2033,.T.);
#4169=EDGE_CURVE('',#3215,#3222,#2034,.T.);
#4170=EDGE_CURVE('',#3223,#3224,#2577,.T.);
#4171=EDGE_CURVE('',#3224,#3225,#2035,.T.);
#4172=EDGE_CURVE('',#3225,#3226,#2578,.T.);
#4173=EDGE_CURVE('',#3226,#3223,#2036,.T.);
#4174=EDGE_CURVE('',#3227,#3228,#2579,.T.);
#4175=EDGE_CURVE('',#3228,#3226,#2580,.T.);
#4176=EDGE_CURVE('',#3225,#3227,#2581,.T.);
#4177=EDGE_CURVE('',#3229,#3230,#2582,.T.);
#4178=EDGE_CURVE('',#3230,#3228,#2037,.T.);
#4179=EDGE_CURVE('',#3227,#3229,#2038,.T.);
#4180=EDGE_CURVE('',#3231,#3232,#2583,.T.);
#4181=EDGE_CURVE('',#3232,#3230,#2584,.T.);
#4182=EDGE_CURVE('',#3229,#3231,#2585,.T.);
#4183=EDGE_CURVE('',#3233,#3234,#2586,.T.);
#4184=EDGE_CURVE('',#3234,#3232,#2039,.T.);
#4185=EDGE_CURVE('',#3231,#3233,#2040,.T.);
#4186=EDGE_CURVE('',#3235,#3236,#2587,.T.);
#4187=EDGE_CURVE('',#3236,#3234,#2588,.T.);
#4188=EDGE_CURVE('',#3233,#3235,#2589,.T.);
#4189=EDGE_CURVE('',#3237,#3238,#2590,.T.);
#4190=EDGE_CURVE('',#3238,#3236,#2041,.T.);
#4191=EDGE_CURVE('',#3235,#3237,#2042,.T.);
#4192=EDGE_CURVE('',#3223,#3238,#2591,.T.);
#4193=EDGE_CURVE('',#3237,#3224,#2592,.T.);
#4194=EDGE_CURVE('',#3236,#3239,#2043,.T.);
#4195=EDGE_CURVE('',#3240,#3239,#2593,.T.);
#4196=EDGE_CURVE('',#3240,#3234,#2044,.T.);
#4197=EDGE_CURVE('',#3241,#3238,#2045,.T.);
#4198=EDGE_CURVE('',#3239,#3241,#2046,.T.);
#4199=EDGE_CURVE('',#3223,#3242,#2047,.T.);
#4200=EDGE_CURVE('',#3241,#3242,#2594,.T.);
#4201=EDGE_CURVE('',#3243,#3226,#2048,.T.);
#4202=EDGE_CURVE('',#3242,#3243,#2049,.T.);
#4203=EDGE_CURVE('',#3242,#2898,#2595,.T.);
#4204=EDGE_CURVE('',#2897,#3241,#2596,.T.);
#4205=EDGE_CURVE('',#2896,#3239,#2597,.T.);
#4206=EDGE_CURVE('',#2895,#3240,#2598,.T.);
#4207=EDGE_CURVE('',#2894,#3244,#2599,.T.);
#4208=EDGE_CURVE('',#3244,#3240,#2050,.T.);
#4209=EDGE_CURVE('',#2893,#3245,#2600,.T.);
#4210=EDGE_CURVE('',#3245,#3244,#2601,.T.);
#4211=EDGE_CURVE('',#2900,#3246,#2602,.T.);
#4212=EDGE_CURVE('',#3246,#3245,#2051,.T.);
#4213=EDGE_CURVE('',#2899,#3243,#2603,.T.);
#4214=EDGE_CURVE('',#3243,#3246,#2604,.T.);
#4215=EDGE_CURVE('',#3245,#3230,#2052,.T.);
#4216=EDGE_CURVE('',#3228,#3246,#2053,.T.);
#4217=EDGE_CURVE('',#3232,#3244,#2054,.T.);
#4218=EDGE_CURVE('',#2891,#2613,#2055,.T.);
#4219=EDGE_CURVE('',#2889,#2609,#2056,.T.);
#4220=EDGE_CURVE('',#2892,#2612,#2057,.T.);
#4221=EDGE_CURVE('',#2888,#2611,#2058,.T.);
#4222=EDGE_CURVE('',#2610,#3247,#2059,.T.);
#4223=EDGE_CURVE('',#3247,#3247,#2605,.T.);
#4224=EDGE_CURVE('',#2852,#3248,#2060,.T.);
#4225=EDGE_CURVE('',#3248,#3248,#2606,.T.);
#4226=ORIENTED_EDGE('',*,*,#3249,.T.);
#4227=ORIENTED_EDGE('',*,*,#3250,.T.);
#4228=ORIENTED_EDGE('',*,*,#3251,.T.);
#4229=ORIENTED_EDGE('',*,*,#3250,.F.);
#4230=ORIENTED_EDGE('',*,*,#3252,.T.);
#4231=ORIENTED_EDGE('',*,*,#3253,.T.);
#4232=ORIENTED_EDGE('',*,*,#3254,.F.);
#4233=ORIENTED_EDGE('',*,*,#3255,.F.);
#4234=ORIENTED_EDGE('',*,*,#3256,.F.);
#4235=ORIENTED_EDGE('',*,*,#3257,.F.);
#4236=ORIENTED_EDGE('',*,*,#3258,.F.);
#4237=ORIENTED_EDGE('',*,*,#3259,.F.);
#4238=ORIENTED_EDGE('',*,*,#3260,.F.);
#4239=ORIENTED_EDGE('',*,*,#3261,.F.);
#4240=ORIENTED_EDGE('',*,*,#3262,.F.);
#4241=ORIENTED_EDGE('',*,*,#3263,.T.);
#4242=ORIENTED_EDGE('',*,*,#3264,.T.);
#4243=ORIENTED_EDGE('',*,*,#3265,.T.);
#4244=ORIENTED_EDGE('',*,*,#3266,.T.);
#4245=ORIENTED_EDGE('',*,*,#3267,.T.);
#4246=ORIENTED_EDGE('',*,*,#3268,.T.);
#4247=ORIENTED_EDGE('',*,*,#3269,.T.);
#4248=ORIENTED_EDGE('',*,*,#3270,.T.);
#4249=ORIENTED_EDGE('',*,*,#3271,.T.);
#4250=ORIENTED_EDGE('',*,*,#3272,.T.);
#4251=ORIENTED_EDGE('',*,*,#3273,.T.);
#4252=ORIENTED_EDGE('',*,*,#3274,.T.);
#4253=ORIENTED_EDGE('',*,*,#3275,.T.);
#4254=ORIENTED_EDGE('',*,*,#3276,.T.);
#4255=ORIENTED_EDGE('',*,*,#3277,.T.);
#4256=ORIENTED_EDGE('',*,*,#3278,.T.);
#4257=ORIENTED_EDGE('',*,*,#3279,.T.);
#4258=ORIENTED_EDGE('',*,*,#3280,.T.);
#4259=ORIENTED_EDGE('',*,*,#3281,.T.);
#4260=ORIENTED_EDGE('',*,*,#3282,.T.);
#4261=ORIENTED_EDGE('',*,*,#3283,.T.);
#4262=ORIENTED_EDGE('',*,*,#3284,.T.);
#4263=ORIENTED_EDGE('',*,*,#3285,.T.);
#4264=ORIENTED_EDGE('',*,*,#3286,.T.);
#4265=ORIENTED_EDGE('',*,*,#3287,.T.);
#4266=ORIENTED_EDGE('',*,*,#3288,.T.);
#4267=ORIENTED_EDGE('',*,*,#3289,.T.);
#4268=ORIENTED_EDGE('',*,*,#3290,.T.);
#4269=ORIENTED_EDGE('',*,*,#3291,.T.);
#4270=ORIENTED_EDGE('',*,*,#3292,.T.);
#4271=ORIENTED_EDGE('',*,*,#3293,.T.);
#4272=ORIENTED_EDGE('',*,*,#3294,.T.);
#4273=ORIENTED_EDGE('',*,*,#3295,.T.);
#4274=ORIENTED_EDGE('',*,*,#3296,.T.);
#4275=ORIENTED_EDGE('',*,*,#3297,.T.);
#4276=ORIENTED_EDGE('',*,*,#3298,.T.);
#4277=ORIENTED_EDGE('',*,*,#3299,.T.);
#4278=ORIENTED_EDGE('',*,*,#3300,.T.);
#4279=ORIENTED_EDGE('',*,*,#3301,.T.);
#4280=ORIENTED_EDGE('',*,*,#3302,.T.);
#4281=ORIENTED_EDGE('',*,*,#3303,.T.);
#4282=ORIENTED_EDGE('',*,*,#3304,.T.);
#4283=ORIENTED_EDGE('',*,*,#3305,.T.);
#4284=ORIENTED_EDGE('',*,*,#3306,.T.);
#4285=ORIENTED_EDGE('',*,*,#3307,.T.);
#4286=ORIENTED_EDGE('',*,*,#3308,.T.);
#4287=ORIENTED_EDGE('',*,*,#3309,.T.);
#4288=ORIENTED_EDGE('',*,*,#3310,.T.);
#4289=ORIENTED_EDGE('',*,*,#3311,.T.);
#4290=ORIENTED_EDGE('',*,*,#3312,.T.);
#4291=ORIENTED_EDGE('',*,*,#3313,.T.);
#4292=ORIENTED_EDGE('',*,*,#3314,.T.);
#4293=ORIENTED_EDGE('',*,*,#3315,.T.);
#4294=ORIENTED_EDGE('',*,*,#3316,.T.);
#4295=ORIENTED_EDGE('',*,*,#3317,.T.);
#4296=ORIENTED_EDGE('',*,*,#3318,.T.);
#4297=ORIENTED_EDGE('',*,*,#3319,.T.);
#4298=ORIENTED_EDGE('',*,*,#3320,.T.);
#4299=ORIENTED_EDGE('',*,*,#3321,.T.);
#4300=ORIENTED_EDGE('',*,*,#3322,.T.);
#4301=ORIENTED_EDGE('',*,*,#3323,.T.);
#4302=ORIENTED_EDGE('',*,*,#3324,.T.);
#4303=ORIENTED_EDGE('',*,*,#3325,.T.);
#4304=ORIENTED_EDGE('',*,*,#3326,.T.);
#4305=ORIENTED_EDGE('',*,*,#3327,.T.);
#4306=ORIENTED_EDGE('',*,*,#3328,.T.);
#4307=ORIENTED_EDGE('',*,*,#3329,.T.);
#4308=ORIENTED_EDGE('',*,*,#3330,.T.);
#4309=ORIENTED_EDGE('',*,*,#3331,.T.);
#4310=ORIENTED_EDGE('',*,*,#3332,.T.);
#4311=ORIENTED_EDGE('',*,*,#3333,.T.);
#4312=ORIENTED_EDGE('',*,*,#3334,.T.);
#4313=ORIENTED_EDGE('',*,*,#3335,.T.);
#4314=ORIENTED_EDGE('',*,*,#3336,.T.);
#4315=ORIENTED_EDGE('',*,*,#3337,.T.);
#4316=ORIENTED_EDGE('',*,*,#3338,.T.);
#4317=ORIENTED_EDGE('',*,*,#3339,.T.);
#4318=ORIENTED_EDGE('',*,*,#3340,.T.);
#4319=ORIENTED_EDGE('',*,*,#3341,.T.);
#4320=ORIENTED_EDGE('',*,*,#3342,.T.);
#4321=ORIENTED_EDGE('',*,*,#3343,.T.);
#4322=ORIENTED_EDGE('',*,*,#3344,.T.);
#4323=ORIENTED_EDGE('',*,*,#3345,.T.);
#4324=ORIENTED_EDGE('',*,*,#3346,.T.);
#4325=ORIENTED_EDGE('',*,*,#3347,.T.);
#4326=ORIENTED_EDGE('',*,*,#3348,.T.);
#4327=ORIENTED_EDGE('',*,*,#3349,.T.);
#4328=ORIENTED_EDGE('',*,*,#3350,.T.);
#4329=ORIENTED_EDGE('',*,*,#3351,.T.);
#4330=ORIENTED_EDGE('',*,*,#3352,.T.);
#4331=ORIENTED_EDGE('',*,*,#3353,.T.);
#4332=ORIENTED_EDGE('',*,*,#3354,.T.);
#4333=ORIENTED_EDGE('',*,*,#3355,.T.);
#4334=ORIENTED_EDGE('',*,*,#3356,.T.);
#4335=ORIENTED_EDGE('',*,*,#3357,.T.);
#4336=ORIENTED_EDGE('',*,*,#3358,.T.);
#4337=ORIENTED_EDGE('',*,*,#3359,.T.);
#4338=ORIENTED_EDGE('',*,*,#3360,.T.);
#4339=ORIENTED_EDGE('',*,*,#3361,.T.);
#4340=ORIENTED_EDGE('',*,*,#3362,.T.);
#4341=ORIENTED_EDGE('',*,*,#3363,.T.);
#4342=ORIENTED_EDGE('',*,*,#3364,.T.);
#4343=ORIENTED_EDGE('',*,*,#3365,.T.);
#4344=ORIENTED_EDGE('',*,*,#3366,.T.);
#4345=ORIENTED_EDGE('',*,*,#3367,.T.);
#4346=ORIENTED_EDGE('',*,*,#3368,.T.);
#4347=ORIENTED_EDGE('',*,*,#3369,.T.);
#4348=ORIENTED_EDGE('',*,*,#3370,.T.);
#4349=ORIENTED_EDGE('',*,*,#3371,.T.);
#4350=ORIENTED_EDGE('',*,*,#3372,.T.);
#4351=ORIENTED_EDGE('',*,*,#3373,.T.);
#4352=ORIENTED_EDGE('',*,*,#3374,.T.);
#4353=ORIENTED_EDGE('',*,*,#3375,.T.);
#4354=ORIENTED_EDGE('',*,*,#3376,.T.);
#4355=ORIENTED_EDGE('',*,*,#3377,.T.);
#4356=ORIENTED_EDGE('',*,*,#3378,.T.);
#4357=ORIENTED_EDGE('',*,*,#3379,.T.);
#4358=ORIENTED_EDGE('',*,*,#3380,.T.);
#4359=ORIENTED_EDGE('',*,*,#3381,.T.);
#4360=ORIENTED_EDGE('',*,*,#3382,.T.);
#4361=ORIENTED_EDGE('',*,*,#3383,.T.);
#4362=ORIENTED_EDGE('',*,*,#3384,.T.);
#4363=ORIENTED_EDGE('',*,*,#3385,.T.);
#4364=ORIENTED_EDGE('',*,*,#3386,.T.);
#4365=ORIENTED_EDGE('',*,*,#3387,.T.);
#4366=ORIENTED_EDGE('',*,*,#3388,.T.);
#4367=ORIENTED_EDGE('',*,*,#3389,.T.);
#4368=ORIENTED_EDGE('',*,*,#3390,.T.);
#4369=ORIENTED_EDGE('',*,*,#3391,.T.);
#4370=ORIENTED_EDGE('',*,*,#3392,.T.);
#4371=ORIENTED_EDGE('',*,*,#3393,.T.);
#4372=ORIENTED_EDGE('',*,*,#3394,.T.);
#4373=ORIENTED_EDGE('',*,*,#3395,.T.);
#4374=ORIENTED_EDGE('',*,*,#3396,.T.);
#4375=ORIENTED_EDGE('',*,*,#3397,.T.);
#4376=ORIENTED_EDGE('',*,*,#3398,.T.);
#4377=ORIENTED_EDGE('',*,*,#3399,.T.);
#4378=ORIENTED_EDGE('',*,*,#3400,.T.);
#4379=ORIENTED_EDGE('',*,*,#3401,.T.);
#4380=ORIENTED_EDGE('',*,*,#3402,.T.);
#4381=ORIENTED_EDGE('',*,*,#3403,.T.);
#4382=ORIENTED_EDGE('',*,*,#3404,.T.);
#4383=ORIENTED_EDGE('',*,*,#3405,.T.);
#4384=ORIENTED_EDGE('',*,*,#3406,.T.);
#4385=ORIENTED_EDGE('',*,*,#3407,.T.);
#4386=ORIENTED_EDGE('',*,*,#3408,.T.);
#4387=ORIENTED_EDGE('',*,*,#3409,.T.);
#4388=ORIENTED_EDGE('',*,*,#3410,.T.);
#4389=ORIENTED_EDGE('',*,*,#3411,.T.);
#4390=ORIENTED_EDGE('',*,*,#3412,.T.);
#4391=ORIENTED_EDGE('',*,*,#3413,.T.);
#4392=ORIENTED_EDGE('',*,*,#3414,.T.);
#4393=ORIENTED_EDGE('',*,*,#3415,.T.);
#4394=ORIENTED_EDGE('',*,*,#3416,.T.);
#4395=ORIENTED_EDGE('',*,*,#3417,.T.);
#4396=ORIENTED_EDGE('',*,*,#3418,.T.);
#4397=ORIENTED_EDGE('',*,*,#3419,.T.);
#4398=ORIENTED_EDGE('',*,*,#3420,.T.);
#4399=ORIENTED_EDGE('',*,*,#3421,.T.);
#4400=ORIENTED_EDGE('',*,*,#3422,.T.);
#4401=ORIENTED_EDGE('',*,*,#3423,.T.);
#4402=ORIENTED_EDGE('',*,*,#3424,.T.);
#4403=ORIENTED_EDGE('',*,*,#3425,.T.);
#4404=ORIENTED_EDGE('',*,*,#3426,.T.);
#4405=ORIENTED_EDGE('',*,*,#3427,.T.);
#4406=ORIENTED_EDGE('',*,*,#3428,.T.);
#4407=ORIENTED_EDGE('',*,*,#3429,.T.);
#4408=ORIENTED_EDGE('',*,*,#3430,.T.);
#4409=ORIENTED_EDGE('',*,*,#3431,.T.);
#4410=ORIENTED_EDGE('',*,*,#3432,.T.);
#4411=ORIENTED_EDGE('',*,*,#3433,.T.);
#4412=ORIENTED_EDGE('',*,*,#3434,.T.);
#4413=ORIENTED_EDGE('',*,*,#3435,.T.);
#4414=ORIENTED_EDGE('',*,*,#3436,.T.);
#4415=ORIENTED_EDGE('',*,*,#3437,.T.);
#4416=ORIENTED_EDGE('',*,*,#3438,.T.);
#4417=ORIENTED_EDGE('',*,*,#3439,.T.);
#4418=ORIENTED_EDGE('',*,*,#3440,.T.);
#4419=ORIENTED_EDGE('',*,*,#3441,.T.);
#4420=ORIENTED_EDGE('',*,*,#3442,.T.);
#4421=ORIENTED_EDGE('',*,*,#3443,.T.);
#4422=ORIENTED_EDGE('',*,*,#3444,.T.);
#4423=ORIENTED_EDGE('',*,*,#3445,.T.);
#4424=ORIENTED_EDGE('',*,*,#3446,.T.);
#4425=ORIENTED_EDGE('',*,*,#3447,.T.);
#4426=ORIENTED_EDGE('',*,*,#3448,.T.);
#4427=ORIENTED_EDGE('',*,*,#3449,.T.);
#4428=ORIENTED_EDGE('',*,*,#3450,.T.);
#4429=ORIENTED_EDGE('',*,*,#3451,.T.);
#4430=ORIENTED_EDGE('',*,*,#3452,.T.);
#4431=ORIENTED_EDGE('',*,*,#3453,.T.);
#4432=ORIENTED_EDGE('',*,*,#3454,.T.);
#4433=ORIENTED_EDGE('',*,*,#3455,.T.);
#4434=ORIENTED_EDGE('',*,*,#3456,.T.);
#4435=ORIENTED_EDGE('',*,*,#3457,.T.);
#4436=ORIENTED_EDGE('',*,*,#3458,.T.);
#4437=ORIENTED_EDGE('',*,*,#3459,.T.);
#4438=ORIENTED_EDGE('',*,*,#3460,.T.);
#4439=ORIENTED_EDGE('',*,*,#3461,.T.);
#4440=ORIENTED_EDGE('',*,*,#3462,.T.);
#4441=ORIENTED_EDGE('',*,*,#3463,.T.);
#4442=ORIENTED_EDGE('',*,*,#3464,.T.);
#4443=ORIENTED_EDGE('',*,*,#3465,.T.);
#4444=ORIENTED_EDGE('',*,*,#3466,.T.);
#4445=ORIENTED_EDGE('',*,*,#3467,.T.);
#4446=ORIENTED_EDGE('',*,*,#3468,.T.);
#4447=ORIENTED_EDGE('',*,*,#3469,.T.);
#4448=ORIENTED_EDGE('',*,*,#3470,.T.);
#4449=ORIENTED_EDGE('',*,*,#3471,.T.);
#4450=ORIENTED_EDGE('',*,*,#3472,.T.);
#4451=ORIENTED_EDGE('',*,*,#3473,.T.);
#4452=ORIENTED_EDGE('',*,*,#3474,.T.);
#4453=ORIENTED_EDGE('',*,*,#3475,.T.);
#4454=ORIENTED_EDGE('',*,*,#3476,.T.);
#4455=ORIENTED_EDGE('',*,*,#3477,.T.);
#4456=ORIENTED_EDGE('',*,*,#3478,.T.);
#4457=ORIENTED_EDGE('',*,*,#3479,.T.);
#4458=ORIENTED_EDGE('',*,*,#3480,.T.);
#4459=ORIENTED_EDGE('',*,*,#3481,.T.);
#4460=ORIENTED_EDGE('',*,*,#3482,.T.);
#4461=ORIENTED_EDGE('',*,*,#3483,.T.);
#4462=ORIENTED_EDGE('',*,*,#3484,.T.);
#4463=ORIENTED_EDGE('',*,*,#3485,.T.);
#4464=ORIENTED_EDGE('',*,*,#3486,.T.);
#4465=ORIENTED_EDGE('',*,*,#3487,.T.);
#4466=ORIENTED_EDGE('',*,*,#3488,.T.);
#4467=ORIENTED_EDGE('',*,*,#3489,.T.);
#4468=ORIENTED_EDGE('',*,*,#3490,.T.);
#4469=ORIENTED_EDGE('',*,*,#3491,.T.);
#4470=ORIENTED_EDGE('',*,*,#3492,.T.);
#4471=ORIENTED_EDGE('',*,*,#3493,.T.);
#4472=ORIENTED_EDGE('',*,*,#3494,.T.);
#4473=ORIENTED_EDGE('',*,*,#3495,.T.);
#4474=ORIENTED_EDGE('',*,*,#3496,.F.);
#4475=ORIENTED_EDGE('',*,*,#3497,.F.);
#4476=ORIENTED_EDGE('',*,*,#3498,.F.);
#4477=ORIENTED_EDGE('',*,*,#3499,.F.);
#4478=ORIENTED_EDGE('',*,*,#3500,.F.);
#4479=ORIENTED_EDGE('',*,*,#3249,.F.);
#4480=ORIENTED_EDGE('',*,*,#3501,.F.);
#4481=ORIENTED_EDGE('',*,*,#3502,.T.);
#4482=ORIENTED_EDGE('',*,*,#3251,.F.);
#4483=ORIENTED_EDGE('',*,*,#3502,.F.);
#4484=ORIENTED_EDGE('',*,*,#3257,.T.);
#4485=ORIENTED_EDGE('',*,*,#3503,.T.);
#4486=ORIENTED_EDGE('',*,*,#3504,.T.);
#4487=ORIENTED_EDGE('',*,*,#3503,.F.);
#4488=ORIENTED_EDGE('',*,*,#3505,.F.);
#4489=ORIENTED_EDGE('',*,*,#3506,.T.);
#4490=ORIENTED_EDGE('',*,*,#3507,.F.);
#4491=ORIENTED_EDGE('',*,*,#3508,.T.);
#4492=ORIENTED_EDGE('',*,*,#3504,.F.);
#4493=ORIENTED_EDGE('',*,*,#3508,.F.);
#4494=ORIENTED_EDGE('',*,*,#3500,.T.);
#4495=ORIENTED_EDGE('',*,*,#3509,.T.);
#4496=ORIENTED_EDGE('',*,*,#3510,.T.);
#4497=ORIENTED_EDGE('',*,*,#3509,.F.);
#4498=ORIENTED_EDGE('',*,*,#3511,.F.);
#4499=ORIENTED_EDGE('',*,*,#3512,.T.);
#4500=ORIENTED_EDGE('',*,*,#3513,.F.);
#4501=ORIENTED_EDGE('',*,*,#3514,.T.);
#4502=ORIENTED_EDGE('',*,*,#3510,.F.);
#4503=ORIENTED_EDGE('',*,*,#3514,.F.);
#4504=ORIENTED_EDGE('',*,*,#3258,.T.);
#4505=ORIENTED_EDGE('',*,*,#3515,.T.);
#4506=ORIENTED_EDGE('',*,*,#3516,.T.);
#4507=ORIENTED_EDGE('',*,*,#3515,.F.);
#4508=ORIENTED_EDGE('',*,*,#3517,.F.);
#4509=ORIENTED_EDGE('',*,*,#3518,.T.);
#4510=ORIENTED_EDGE('',*,*,#3516,.F.);
#4511=ORIENTED_EDGE('',*,*,#3518,.F.);
#4512=ORIENTED_EDGE('',*,*,#3499,.T.);
#4513=ORIENTED_EDGE('',*,*,#3519,.T.);
#4514=ORIENTED_EDGE('',*,*,#3520,.T.);
#4515=ORIENTED_EDGE('',*,*,#3519,.F.);
#4516=ORIENTED_EDGE('',*,*,#3521,.F.);
#4517=ORIENTED_EDGE('',*,*,#3522,.T.);
#4518=ORIENTED_EDGE('',*,*,#3520,.F.);
#4519=ORIENTED_EDGE('',*,*,#3522,.F.);
#4520=ORIENTED_EDGE('',*,*,#3259,.T.);
#4521=ORIENTED_EDGE('',*,*,#3523,.T.);
#4522=ORIENTED_EDGE('',*,*,#3524,.T.);
#4523=ORIENTED_EDGE('',*,*,#3523,.F.);
#4524=ORIENTED_EDGE('',*,*,#3525,.F.);
#4525=ORIENTED_EDGE('',*,*,#3526,.T.);
#4526=ORIENTED_EDGE('',*,*,#3524,.F.);
#4527=ORIENTED_EDGE('',*,*,#3526,.F.);
#4528=ORIENTED_EDGE('',*,*,#3498,.T.);
#4529=ORIENTED_EDGE('',*,*,#3527,.T.);
#4530=ORIENTED_EDGE('',*,*,#3528,.T.);
#4531=ORIENTED_EDGE('',*,*,#3527,.F.);
#4532=ORIENTED_EDGE('',*,*,#3529,.F.);
#4533=ORIENTED_EDGE('',*,*,#3530,.T.);
#4534=ORIENTED_EDGE('',*,*,#3528,.F.);
#4535=ORIENTED_EDGE('',*,*,#3530,.F.);
#4536=ORIENTED_EDGE('',*,*,#3260,.T.);
#4537=ORIENTED_EDGE('',*,*,#3531,.T.);
#4538=ORIENTED_EDGE('',*,*,#3532,.T.);
#4539=ORIENTED_EDGE('',*,*,#3531,.F.);
#4540=ORIENTED_EDGE('',*,*,#3533,.F.);
#4541=ORIENTED_EDGE('',*,*,#3534,.T.);
#4542=ORIENTED_EDGE('',*,*,#3532,.F.);
#4543=ORIENTED_EDGE('',*,*,#3534,.F.);
#4544=ORIENTED_EDGE('',*,*,#3497,.T.);
#4545=ORIENTED_EDGE('',*,*,#3535,.T.);
#4546=ORIENTED_EDGE('',*,*,#3536,.T.);
#4547=ORIENTED_EDGE('',*,*,#3535,.F.);
#4548=ORIENTED_EDGE('',*,*,#3537,.F.);
#4549=ORIENTED_EDGE('',*,*,#3538,.T.);
#4550=ORIENTED_EDGE('',*,*,#3536,.F.);
#4551=ORIENTED_EDGE('',*,*,#3538,.F.);
#4552=ORIENTED_EDGE('',*,*,#3261,.T.);
#4553=ORIENTED_EDGE('',*,*,#3539,.T.);
#4554=ORIENTED_EDGE('',*,*,#3540,.T.);
#4555=ORIENTED_EDGE('',*,*,#3539,.F.);
#4556=ORIENTED_EDGE('',*,*,#3541,.F.);
#4557=ORIENTED_EDGE('',*,*,#3542,.T.);
#4558=ORIENTED_EDGE('',*,*,#3540,.F.);
#4559=ORIENTED_EDGE('',*,*,#3542,.F.);
#4560=ORIENTED_EDGE('',*,*,#3496,.T.);
#4561=ORIENTED_EDGE('',*,*,#3543,.T.);
#4562=ORIENTED_EDGE('',*,*,#3544,.T.);
#4563=ORIENTED_EDGE('',*,*,#3543,.F.);
#4564=ORIENTED_EDGE('',*,*,#3545,.F.);
#4565=ORIENTED_EDGE('',*,*,#3546,.T.);
#4566=ORIENTED_EDGE('',*,*,#3544,.F.);
#4567=ORIENTED_EDGE('',*,*,#3546,.F.);
#4568=ORIENTED_EDGE('',*,*,#3262,.T.);
#4569=ORIENTED_EDGE('',*,*,#3547,.T.);
#4570=ORIENTED_EDGE('',*,*,#3548,.T.);
#4571=ORIENTED_EDGE('',*,*,#3547,.F.);
#4572=ORIENTED_EDGE('',*,*,#3549,.F.);
#4573=ORIENTED_EDGE('',*,*,#3550,.T.);
#4574=ORIENTED_EDGE('',*,*,#3551,.F.);
#4575=ORIENTED_EDGE('',*,*,#3552,.T.);
#4576=ORIENTED_EDGE('',*,*,#3548,.F.);
#4577=ORIENTED_EDGE('',*,*,#3552,.F.);
#4578=ORIENTED_EDGE('',*,*,#3550,.F.);
#4579=ORIENTED_EDGE('',*,*,#3553,.T.);
#4580=ORIENTED_EDGE('',*,*,#3554,.T.);
#4581=ORIENTED_EDGE('',*,*,#3555,.T.);
#4582=ORIENTED_EDGE('',*,*,#3556,.T.);
#4583=ORIENTED_EDGE('',*,*,#3557,.T.);
#4584=ORIENTED_EDGE('',*,*,#3553,.F.);
#4585=ORIENTED_EDGE('',*,*,#3549,.T.);
#4586=ORIENTED_EDGE('',*,*,#3551,.T.);
#4587=ORIENTED_EDGE('',*,*,#3557,.F.);
#4588=ORIENTED_EDGE('',*,*,#3558,.F.);
#4589=ORIENTED_EDGE('',*,*,#3559,.F.);
#4590=ORIENTED_EDGE('',*,*,#3560,.T.);
#4591=ORIENTED_EDGE('',*,*,#3561,.F.);
#4592=ORIENTED_EDGE('',*,*,#3562,.F.);
#4593=ORIENTED_EDGE('',*,*,#3563,.F.);
#4594=ORIENTED_EDGE('',*,*,#3564,.F.);
#4595=ORIENTED_EDGE('',*,*,#3565,.F.);
#4596=ORIENTED_EDGE('',*,*,#3511,.T.);
#4597=ORIENTED_EDGE('',*,*,#3513,.T.);
#4598=ORIENTED_EDGE('',*,*,#3566,.F.);
#4599=ORIENTED_EDGE('',*,*,#3567,.F.);
#4600=ORIENTED_EDGE('',*,*,#3568,.F.);
#4601=ORIENTED_EDGE('',*,*,#3569,.F.);
#4602=ORIENTED_EDGE('',*,*,#3570,.F.);
#4603=ORIENTED_EDGE('',*,*,#3505,.T.);
#4604=ORIENTED_EDGE('',*,*,#3507,.T.);
#4605=ORIENTED_EDGE('',*,*,#3529,.T.);
#4606=ORIENTED_EDGE('',*,*,#3545,.T.);
#4607=ORIENTED_EDGE('',*,*,#3541,.T.);
#4608=ORIENTED_EDGE('',*,*,#3525,.T.);
#4609=ORIENTED_EDGE('',*,*,#3517,.T.);
#4610=ORIENTED_EDGE('',*,*,#3533,.T.);
#4611=ORIENTED_EDGE('',*,*,#3537,.T.);
#4612=ORIENTED_EDGE('',*,*,#3521,.T.);
#4613=ORIENTED_EDGE('',*,*,#3501,.T.);
#4614=ORIENTED_EDGE('',*,*,#3263,.F.);
#4615=ORIENTED_EDGE('',*,*,#3571,.T.);
#4616=ORIENTED_EDGE('',*,*,#3572,.T.);
#4617=ORIENTED_EDGE('',*,*,#3573,.F.);
#4618=ORIENTED_EDGE('',*,*,#3284,.F.);
#4619=ORIENTED_EDGE('',*,*,#3574,.T.);
#4620=ORIENTED_EDGE('',*,*,#3575,.T.);
#4621=ORIENTED_EDGE('',*,*,#3571,.F.);
#4622=ORIENTED_EDGE('',*,*,#3283,.F.);
#4623=ORIENTED_EDGE('',*,*,#3576,.T.);
#4624=ORIENTED_EDGE('',*,*,#3577,.T.);
#4625=ORIENTED_EDGE('',*,*,#3574,.F.);
#4626=ORIENTED_EDGE('',*,*,#3282,.F.);
#4627=ORIENTED_EDGE('',*,*,#3578,.T.);
#4628=ORIENTED_EDGE('',*,*,#3579,.T.);
#4629=ORIENTED_EDGE('',*,*,#3576,.F.);
#4630=ORIENTED_EDGE('',*,*,#3281,.F.);
#4631=ORIENTED_EDGE('',*,*,#3580,.T.);
#4632=ORIENTED_EDGE('',*,*,#3581,.T.);
#4633=ORIENTED_EDGE('',*,*,#3578,.F.);
#4634=ORIENTED_EDGE('',*,*,#3280,.F.);
#4635=ORIENTED_EDGE('',*,*,#3582,.T.);
#4636=ORIENTED_EDGE('',*,*,#3583,.T.);
#4637=ORIENTED_EDGE('',*,*,#3580,.F.);
#4638=ORIENTED_EDGE('',*,*,#3279,.F.);
#4639=ORIENTED_EDGE('',*,*,#3584,.T.);
#4640=ORIENTED_EDGE('',*,*,#3585,.T.);
#4641=ORIENTED_EDGE('',*,*,#3582,.F.);
#4642=ORIENTED_EDGE('',*,*,#3278,.F.);
#4643=ORIENTED_EDGE('',*,*,#3586,.T.);
#4644=ORIENTED_EDGE('',*,*,#3587,.T.);
#4645=ORIENTED_EDGE('',*,*,#3584,.F.);
#4646=ORIENTED_EDGE('',*,*,#3277,.F.);
#4647=ORIENTED_EDGE('',*,*,#3588,.T.);
#4648=ORIENTED_EDGE('',*,*,#3589,.T.);
#4649=ORIENTED_EDGE('',*,*,#3586,.F.);
#4650=ORIENTED_EDGE('',*,*,#3276,.F.);
#4651=ORIENTED_EDGE('',*,*,#3590,.T.);
#4652=ORIENTED_EDGE('',*,*,#3591,.T.);
#4653=ORIENTED_EDGE('',*,*,#3588,.F.);
#4654=ORIENTED_EDGE('',*,*,#3275,.F.);
#4655=ORIENTED_EDGE('',*,*,#3592,.T.);
#4656=ORIENTED_EDGE('',*,*,#3593,.T.);
#4657=ORIENTED_EDGE('',*,*,#3590,.F.);
#4658=ORIENTED_EDGE('',*,*,#3274,.F.);
#4659=ORIENTED_EDGE('',*,*,#3594,.T.);
#4660=ORIENTED_EDGE('',*,*,#3595,.T.);
#4661=ORIENTED_EDGE('',*,*,#3592,.F.);
#4662=ORIENTED_EDGE('',*,*,#3273,.F.);
#4663=ORIENTED_EDGE('',*,*,#3596,.T.);
#4664=ORIENTED_EDGE('',*,*,#3597,.T.);
#4665=ORIENTED_EDGE('',*,*,#3594,.F.);
#4666=ORIENTED_EDGE('',*,*,#3272,.F.);
#4667=ORIENTED_EDGE('',*,*,#3598,.T.);
#4668=ORIENTED_EDGE('',*,*,#3599,.T.);
#4669=ORIENTED_EDGE('',*,*,#3596,.F.);
#4670=ORIENTED_EDGE('',*,*,#3271,.F.);
#4671=ORIENTED_EDGE('',*,*,#3600,.T.);
#4672=ORIENTED_EDGE('',*,*,#3601,.T.);
#4673=ORIENTED_EDGE('',*,*,#3598,.F.);
#4674=ORIENTED_EDGE('',*,*,#3270,.F.);
#4675=ORIENTED_EDGE('',*,*,#3602,.T.);
#4676=ORIENTED_EDGE('',*,*,#3603,.T.);
#4677=ORIENTED_EDGE('',*,*,#3600,.F.);
#4678=ORIENTED_EDGE('',*,*,#3269,.F.);
#4679=ORIENTED_EDGE('',*,*,#3604,.T.);
#4680=ORIENTED_EDGE('',*,*,#3605,.T.);
#4681=ORIENTED_EDGE('',*,*,#3602,.F.);
#4682=ORIENTED_EDGE('',*,*,#3268,.F.);
#4683=ORIENTED_EDGE('',*,*,#3606,.T.);
#4684=ORIENTED_EDGE('',*,*,#3607,.T.);
#4685=ORIENTED_EDGE('',*,*,#3604,.F.);
#4686=ORIENTED_EDGE('',*,*,#3267,.F.);
#4687=ORIENTED_EDGE('',*,*,#3608,.T.);
#4688=ORIENTED_EDGE('',*,*,#3609,.T.);
#4689=ORIENTED_EDGE('',*,*,#3606,.F.);
#4690=ORIENTED_EDGE('',*,*,#3266,.F.);
#4691=ORIENTED_EDGE('',*,*,#3610,.T.);
#4692=ORIENTED_EDGE('',*,*,#3611,.T.);
#4693=ORIENTED_EDGE('',*,*,#3608,.F.);
#4694=ORIENTED_EDGE('',*,*,#3265,.F.);
#4695=ORIENTED_EDGE('',*,*,#3612,.T.);
#4696=ORIENTED_EDGE('',*,*,#3613,.T.);
#4697=ORIENTED_EDGE('',*,*,#3610,.F.);
#4698=ORIENTED_EDGE('',*,*,#3264,.F.);
#4699=ORIENTED_EDGE('',*,*,#3573,.T.);
#4700=ORIENTED_EDGE('',*,*,#3614,.T.);
#4701=ORIENTED_EDGE('',*,*,#3612,.F.);
#4702=ORIENTED_EDGE('',*,*,#3614,.F.);
#4703=ORIENTED_EDGE('',*,*,#3572,.F.);
#4704=ORIENTED_EDGE('',*,*,#3575,.F.);
#4705=ORIENTED_EDGE('',*,*,#3577,.F.);
#4706=ORIENTED_EDGE('',*,*,#3579,.F.);
#4707=ORIENTED_EDGE('',*,*,#3581,.F.);
#4708=ORIENTED_EDGE('',*,*,#3583,.F.);
#4709=ORIENTED_EDGE('',*,*,#3585,.F.);
#4710=ORIENTED_EDGE('',*,*,#3587,.F.);
#4711=ORIENTED_EDGE('',*,*,#3589,.F.);
#4712=ORIENTED_EDGE('',*,*,#3591,.F.);
#4713=ORIENTED_EDGE('',*,*,#3593,.F.);
#4714=ORIENTED_EDGE('',*,*,#3595,.F.);
#4715=ORIENTED_EDGE('',*,*,#3597,.F.);
#4716=ORIENTED_EDGE('',*,*,#3599,.F.);
#4717=ORIENTED_EDGE('',*,*,#3601,.F.);
#4718=ORIENTED_EDGE('',*,*,#3603,.F.);
#4719=ORIENTED_EDGE('',*,*,#3605,.F.);
#4720=ORIENTED_EDGE('',*,*,#3607,.F.);
#4721=ORIENTED_EDGE('',*,*,#3609,.F.);
#4722=ORIENTED_EDGE('',*,*,#3611,.F.);
#4723=ORIENTED_EDGE('',*,*,#3613,.F.);
#4724=ORIENTED_EDGE('',*,*,#3285,.F.);
#4725=ORIENTED_EDGE('',*,*,#3615,.T.);
#4726=ORIENTED_EDGE('',*,*,#3616,.T.);
#4727=ORIENTED_EDGE('',*,*,#3617,.F.);
#4728=ORIENTED_EDGE('',*,*,#3293,.F.);
#4729=ORIENTED_EDGE('',*,*,#3618,.T.);
#4730=ORIENTED_EDGE('',*,*,#3619,.T.);
#4731=ORIENTED_EDGE('',*,*,#3615,.F.);
#4732=ORIENTED_EDGE('',*,*,#3292,.F.);
#4733=ORIENTED_EDGE('',*,*,#3620,.T.);
#4734=ORIENTED_EDGE('',*,*,#3621,.T.);
#4735=ORIENTED_EDGE('',*,*,#3618,.F.);
#4736=ORIENTED_EDGE('',*,*,#3291,.F.);
#4737=ORIENTED_EDGE('',*,*,#3622,.T.);
#4738=ORIENTED_EDGE('',*,*,#3623,.T.);
#4739=ORIENTED_EDGE('',*,*,#3620,.F.);
#4740=ORIENTED_EDGE('',*,*,#3290,.F.);
#4741=ORIENTED_EDGE('',*,*,#3624,.T.);
#4742=ORIENTED_EDGE('',*,*,#3625,.T.);
#4743=ORIENTED_EDGE('',*,*,#3622,.F.);
#4744=ORIENTED_EDGE('',*,*,#3289,.F.);
#4745=ORIENTED_EDGE('',*,*,#3626,.T.);
#4746=ORIENTED_EDGE('',*,*,#3627,.T.);
#4747=ORIENTED_EDGE('',*,*,#3624,.F.);
#4748=ORIENTED_EDGE('',*,*,#3288,.F.);
#4749=ORIENTED_EDGE('',*,*,#3628,.T.);
#4750=ORIENTED_EDGE('',*,*,#3629,.T.);
#4751=ORIENTED_EDGE('',*,*,#3626,.F.);
#4752=ORIENTED_EDGE('',*,*,#3287,.F.);
#4753=ORIENTED_EDGE('',*,*,#3630,.T.);
#4754=ORIENTED_EDGE('',*,*,#3631,.T.);
#4755=ORIENTED_EDGE('',*,*,#3628,.F.);
#4756=ORIENTED_EDGE('',*,*,#3286,.F.);
#4757=ORIENTED_EDGE('',*,*,#3617,.T.);
#4758=ORIENTED_EDGE('',*,*,#3632,.T.);
#4759=ORIENTED_EDGE('',*,*,#3630,.F.);
#4760=ORIENTED_EDGE('',*,*,#3632,.F.);
#4761=ORIENTED_EDGE('',*,*,#3616,.F.);
#4762=ORIENTED_EDGE('',*,*,#3619,.F.);
#4763=ORIENTED_EDGE('',*,*,#3621,.F.);
#4764=ORIENTED_EDGE('',*,*,#3623,.F.);
#4765=ORIENTED_EDGE('',*,*,#3625,.F.);
#4766=ORIENTED_EDGE('',*,*,#3627,.F.);
#4767=ORIENTED_EDGE('',*,*,#3629,.F.);
#4768=ORIENTED_EDGE('',*,*,#3631,.F.);
#4769=ORIENTED_EDGE('',*,*,#3633,.F.);
#4770=ORIENTED_EDGE('',*,*,#3634,.T.);
#4771=ORIENTED_EDGE('',*,*,#3635,.T.);
#4772=ORIENTED_EDGE('',*,*,#3636,.F.);
#4773=ORIENTED_EDGE('',*,*,#3637,.F.);
#4774=ORIENTED_EDGE('',*,*,#3638,.T.);
#4775=ORIENTED_EDGE('',*,*,#3639,.T.);
#4776=ORIENTED_EDGE('',*,*,#3634,.F.);
#4777=ORIENTED_EDGE('',*,*,#3640,.F.);
#4778=ORIENTED_EDGE('',*,*,#3641,.T.);
#4779=ORIENTED_EDGE('',*,*,#3642,.T.);
#4780=ORIENTED_EDGE('',*,*,#3638,.F.);
#4781=ORIENTED_EDGE('',*,*,#3643,.F.);
#4782=ORIENTED_EDGE('',*,*,#3644,.T.);
#4783=ORIENTED_EDGE('',*,*,#3645,.T.);
#4784=ORIENTED_EDGE('',*,*,#3641,.F.);
#4785=ORIENTED_EDGE('',*,*,#3646,.F.);
#4786=ORIENTED_EDGE('',*,*,#3647,.T.);
#4787=ORIENTED_EDGE('',*,*,#3648,.T.);
#4788=ORIENTED_EDGE('',*,*,#3644,.F.);
#4789=ORIENTED_EDGE('',*,*,#3649,.F.);
#4790=ORIENTED_EDGE('',*,*,#3650,.T.);
#4791=ORIENTED_EDGE('',*,*,#3651,.T.);
#4792=ORIENTED_EDGE('',*,*,#3647,.F.);
#4793=ORIENTED_EDGE('',*,*,#3652,.F.);
#4794=ORIENTED_EDGE('',*,*,#3653,.T.);
#4795=ORIENTED_EDGE('',*,*,#3654,.T.);
#4796=ORIENTED_EDGE('',*,*,#3650,.F.);
#4797=ORIENTED_EDGE('',*,*,#3655,.F.);
#4798=ORIENTED_EDGE('',*,*,#3636,.T.);
#4799=ORIENTED_EDGE('',*,*,#3656,.T.);
#4800=ORIENTED_EDGE('',*,*,#3653,.F.);
#4801=ORIENTED_EDGE('',*,*,#3294,.F.);
#4802=ORIENTED_EDGE('',*,*,#3657,.T.);
#4803=ORIENTED_EDGE('',*,*,#3658,.T.);
#4804=ORIENTED_EDGE('',*,*,#3659,.F.);
#4805=ORIENTED_EDGE('',*,*,#3305,.F.);
#4806=ORIENTED_EDGE('',*,*,#3660,.T.);
#4807=ORIENTED_EDGE('',*,*,#3661,.T.);
#4808=ORIENTED_EDGE('',*,*,#3657,.F.);
#4809=ORIENTED_EDGE('',*,*,#3304,.F.);
#4810=ORIENTED_EDGE('',*,*,#3662,.T.);
#4811=ORIENTED_EDGE('',*,*,#3663,.T.);
#4812=ORIENTED_EDGE('',*,*,#3660,.F.);
#4813=ORIENTED_EDGE('',*,*,#3303,.F.);
#4814=ORIENTED_EDGE('',*,*,#3664,.T.);
#4815=ORIENTED_EDGE('',*,*,#3665,.T.);
#4816=ORIENTED_EDGE('',*,*,#3662,.F.);
#4817=ORIENTED_EDGE('',*,*,#3302,.F.);
#4818=ORIENTED_EDGE('',*,*,#3666,.T.);
#4819=ORIENTED_EDGE('',*,*,#3667,.T.);
#4820=ORIENTED_EDGE('',*,*,#3664,.F.);
#4821=ORIENTED_EDGE('',*,*,#3301,.F.);
#4822=ORIENTED_EDGE('',*,*,#3668,.T.);
#4823=ORIENTED_EDGE('',*,*,#3669,.T.);
#4824=ORIENTED_EDGE('',*,*,#3666,.F.);
#4825=ORIENTED_EDGE('',*,*,#3300,.F.);
#4826=ORIENTED_EDGE('',*,*,#3670,.T.);
#4827=ORIENTED_EDGE('',*,*,#3671,.T.);
#4828=ORIENTED_EDGE('',*,*,#3668,.F.);
#4829=ORIENTED_EDGE('',*,*,#3299,.F.);
#4830=ORIENTED_EDGE('',*,*,#3672,.T.);
#4831=ORIENTED_EDGE('',*,*,#3673,.T.);
#4832=ORIENTED_EDGE('',*,*,#3670,.F.);
#4833=ORIENTED_EDGE('',*,*,#3298,.F.);
#4834=ORIENTED_EDGE('',*,*,#3674,.T.);
#4835=ORIENTED_EDGE('',*,*,#3675,.T.);
#4836=ORIENTED_EDGE('',*,*,#3672,.F.);
#4837=ORIENTED_EDGE('',*,*,#3297,.F.);
#4838=ORIENTED_EDGE('',*,*,#3676,.T.);
#4839=ORIENTED_EDGE('',*,*,#3677,.T.);
#4840=ORIENTED_EDGE('',*,*,#3674,.F.);
#4841=ORIENTED_EDGE('',*,*,#3296,.F.);
#4842=ORIENTED_EDGE('',*,*,#3678,.T.);
#4843=ORIENTED_EDGE('',*,*,#3679,.T.);
#4844=ORIENTED_EDGE('',*,*,#3676,.F.);
#4845=ORIENTED_EDGE('',*,*,#3295,.F.);
#4846=ORIENTED_EDGE('',*,*,#3659,.T.);
#4847=ORIENTED_EDGE('',*,*,#3680,.T.);
#4848=ORIENTED_EDGE('',*,*,#3678,.F.);
#4849=ORIENTED_EDGE('',*,*,#3680,.F.);
#4850=ORIENTED_EDGE('',*,*,#3658,.F.);
#4851=ORIENTED_EDGE('',*,*,#3661,.F.);
#4852=ORIENTED_EDGE('',*,*,#3663,.F.);
#4853=ORIENTED_EDGE('',*,*,#3665,.F.);
#4854=ORIENTED_EDGE('',*,*,#3667,.F.);
#4855=ORIENTED_EDGE('',*,*,#3669,.F.);
#4856=ORIENTED_EDGE('',*,*,#3671,.F.);
#4857=ORIENTED_EDGE('',*,*,#3673,.F.);
#4858=ORIENTED_EDGE('',*,*,#3675,.F.);
#4859=ORIENTED_EDGE('',*,*,#3677,.F.);
#4860=ORIENTED_EDGE('',*,*,#3679,.F.);
#4861=ORIENTED_EDGE('',*,*,#3656,.F.);
#4862=ORIENTED_EDGE('',*,*,#3635,.F.);
#4863=ORIENTED_EDGE('',*,*,#3639,.F.);
#4864=ORIENTED_EDGE('',*,*,#3642,.F.);
#4865=ORIENTED_EDGE('',*,*,#3645,.F.);
#4866=ORIENTED_EDGE('',*,*,#3648,.F.);
#4867=ORIENTED_EDGE('',*,*,#3651,.F.);
#4868=ORIENTED_EDGE('',*,*,#3654,.F.);
#4869=ORIENTED_EDGE('',*,*,#3681,.F.);
#4870=ORIENTED_EDGE('',*,*,#3682,.T.);
#4871=ORIENTED_EDGE('',*,*,#3683,.T.);
#4872=ORIENTED_EDGE('',*,*,#3684,.F.);
#4873=ORIENTED_EDGE('',*,*,#3685,.F.);
#4874=ORIENTED_EDGE('',*,*,#3686,.T.);
#4875=ORIENTED_EDGE('',*,*,#3687,.T.);
#4876=ORIENTED_EDGE('',*,*,#3682,.F.);
#4877=ORIENTED_EDGE('',*,*,#3688,.F.);
#4878=ORIENTED_EDGE('',*,*,#3689,.T.);
#4879=ORIENTED_EDGE('',*,*,#3690,.T.);
#4880=ORIENTED_EDGE('',*,*,#3686,.F.);
#4881=ORIENTED_EDGE('',*,*,#3691,.F.);
#4882=ORIENTED_EDGE('',*,*,#3692,.T.);
#4883=ORIENTED_EDGE('',*,*,#3693,.T.);
#4884=ORIENTED_EDGE('',*,*,#3689,.F.);
#4885=ORIENTED_EDGE('',*,*,#3694,.F.);
#4886=ORIENTED_EDGE('',*,*,#3695,.T.);
#4887=ORIENTED_EDGE('',*,*,#3696,.T.);
#4888=ORIENTED_EDGE('',*,*,#3692,.F.);
#4889=ORIENTED_EDGE('',*,*,#3697,.F.);
#4890=ORIENTED_EDGE('',*,*,#3698,.T.);
#4891=ORIENTED_EDGE('',*,*,#3699,.T.);
#4892=ORIENTED_EDGE('',*,*,#3695,.F.);
#4893=ORIENTED_EDGE('',*,*,#3700,.F.);
#4894=ORIENTED_EDGE('',*,*,#3701,.T.);
#4895=ORIENTED_EDGE('',*,*,#3702,.T.);
#4896=ORIENTED_EDGE('',*,*,#3698,.F.);
#4897=ORIENTED_EDGE('',*,*,#3703,.F.);
#4898=ORIENTED_EDGE('',*,*,#3704,.T.);
#4899=ORIENTED_EDGE('',*,*,#3705,.T.);
#4900=ORIENTED_EDGE('',*,*,#3701,.F.);
#4901=ORIENTED_EDGE('',*,*,#3706,.F.);
#4902=ORIENTED_EDGE('',*,*,#3684,.T.);
#4903=ORIENTED_EDGE('',*,*,#3707,.T.);
#4904=ORIENTED_EDGE('',*,*,#3704,.F.);
#4905=ORIENTED_EDGE('',*,*,#3708,.F.);
#4906=ORIENTED_EDGE('',*,*,#3709,.T.);
#4907=ORIENTED_EDGE('',*,*,#3710,.T.);
#4908=ORIENTED_EDGE('',*,*,#3711,.F.);
#4909=ORIENTED_EDGE('',*,*,#3712,.F.);
#4910=ORIENTED_EDGE('',*,*,#3713,.T.);
#4911=ORIENTED_EDGE('',*,*,#3714,.T.);
#4912=ORIENTED_EDGE('',*,*,#3709,.F.);
#4913=ORIENTED_EDGE('',*,*,#3715,.F.);
#4914=ORIENTED_EDGE('',*,*,#3716,.T.);
#4915=ORIENTED_EDGE('',*,*,#3717,.T.);
#4916=ORIENTED_EDGE('',*,*,#3713,.F.);
#4917=ORIENTED_EDGE('',*,*,#3718,.F.);
#4918=ORIENTED_EDGE('',*,*,#3719,.T.);
#4919=ORIENTED_EDGE('',*,*,#3720,.T.);
#4920=ORIENTED_EDGE('',*,*,#3716,.F.);
#4921=ORIENTED_EDGE('',*,*,#3721,.F.);
#4922=ORIENTED_EDGE('',*,*,#3722,.T.);
#4923=ORIENTED_EDGE('',*,*,#3723,.T.);
#4924=ORIENTED_EDGE('',*,*,#3719,.F.);
#4925=ORIENTED_EDGE('',*,*,#3724,.F.);
#4926=ORIENTED_EDGE('',*,*,#3725,.T.);
#4927=ORIENTED_EDGE('',*,*,#3726,.T.);
#4928=ORIENTED_EDGE('',*,*,#3722,.F.);
#4929=ORIENTED_EDGE('',*,*,#3727,.F.);
#4930=ORIENTED_EDGE('',*,*,#3728,.T.);
#4931=ORIENTED_EDGE('',*,*,#3729,.T.);
#4932=ORIENTED_EDGE('',*,*,#3725,.F.);
#4933=ORIENTED_EDGE('',*,*,#3730,.F.);
#4934=ORIENTED_EDGE('',*,*,#3711,.T.);
#4935=ORIENTED_EDGE('',*,*,#3731,.T.);
#4936=ORIENTED_EDGE('',*,*,#3728,.F.);
#4937=ORIENTED_EDGE('',*,*,#3306,.F.);
#4938=ORIENTED_EDGE('',*,*,#3732,.T.);
#4939=ORIENTED_EDGE('',*,*,#3733,.T.);
#4940=ORIENTED_EDGE('',*,*,#3734,.F.);
#4941=ORIENTED_EDGE('',*,*,#3321,.F.);
#4942=ORIENTED_EDGE('',*,*,#3735,.T.);
#4943=ORIENTED_EDGE('',*,*,#3736,.T.);
#4944=ORIENTED_EDGE('',*,*,#3732,.F.);
#4945=ORIENTED_EDGE('',*,*,#3320,.F.);
#4946=ORIENTED_EDGE('',*,*,#3737,.T.);
#4947=ORIENTED_EDGE('',*,*,#3738,.T.);
#4948=ORIENTED_EDGE('',*,*,#3735,.F.);
#4949=ORIENTED_EDGE('',*,*,#3319,.F.);
#4950=ORIENTED_EDGE('',*,*,#3739,.T.);
#4951=ORIENTED_EDGE('',*,*,#3740,.T.);
#4952=ORIENTED_EDGE('',*,*,#3737,.F.);
#4953=ORIENTED_EDGE('',*,*,#3318,.F.);
#4954=ORIENTED_EDGE('',*,*,#3741,.T.);
#4955=ORIENTED_EDGE('',*,*,#3742,.T.);
#4956=ORIENTED_EDGE('',*,*,#3739,.F.);
#4957=ORIENTED_EDGE('',*,*,#3317,.F.);
#4958=ORIENTED_EDGE('',*,*,#3743,.T.);
#4959=ORIENTED_EDGE('',*,*,#3744,.T.);
#4960=ORIENTED_EDGE('',*,*,#3741,.F.);
#4961=ORIENTED_EDGE('',*,*,#3316,.F.);
#4962=ORIENTED_EDGE('',*,*,#3745,.T.);
#4963=ORIENTED_EDGE('',*,*,#3746,.T.);
#4964=ORIENTED_EDGE('',*,*,#3743,.F.);
#4965=ORIENTED_EDGE('',*,*,#3315,.F.);
#4966=ORIENTED_EDGE('',*,*,#3747,.T.);
#4967=ORIENTED_EDGE('',*,*,#3748,.T.);
#4968=ORIENTED_EDGE('',*,*,#3745,.F.);
#4969=ORIENTED_EDGE('',*,*,#3314,.F.);
#4970=ORIENTED_EDGE('',*,*,#3749,.T.);
#4971=ORIENTED_EDGE('',*,*,#3750,.T.);
#4972=ORIENTED_EDGE('',*,*,#3747,.F.);
#4973=ORIENTED_EDGE('',*,*,#3313,.F.);
#4974=ORIENTED_EDGE('',*,*,#3751,.T.);
#4975=ORIENTED_EDGE('',*,*,#3752,.T.);
#4976=ORIENTED_EDGE('',*,*,#3749,.F.);
#4977=ORIENTED_EDGE('',*,*,#3312,.F.);
#4978=ORIENTED_EDGE('',*,*,#3753,.T.);
#4979=ORIENTED_EDGE('',*,*,#3754,.T.);
#4980=ORIENTED_EDGE('',*,*,#3751,.F.);
#4981=ORIENTED_EDGE('',*,*,#3311,.F.);
#4982=ORIENTED_EDGE('',*,*,#3755,.T.);
#4983=ORIENTED_EDGE('',*,*,#3756,.T.);
#4984=ORIENTED_EDGE('',*,*,#3753,.F.);
#4985=ORIENTED_EDGE('',*,*,#3310,.F.);
#4986=ORIENTED_EDGE('',*,*,#3757,.T.);
#4987=ORIENTED_EDGE('',*,*,#3758,.T.);
#4988=ORIENTED_EDGE('',*,*,#3755,.F.);
#4989=ORIENTED_EDGE('',*,*,#3309,.F.);
#4990=ORIENTED_EDGE('',*,*,#3759,.T.);
#4991=ORIENTED_EDGE('',*,*,#3760,.T.);
#4992=ORIENTED_EDGE('',*,*,#3757,.F.);
#4993=ORIENTED_EDGE('',*,*,#3308,.F.);
#4994=ORIENTED_EDGE('',*,*,#3761,.T.);
#4995=ORIENTED_EDGE('',*,*,#3762,.T.);
#4996=ORIENTED_EDGE('',*,*,#3759,.F.);
#4997=ORIENTED_EDGE('',*,*,#3307,.F.);
#4998=ORIENTED_EDGE('',*,*,#3734,.T.);
#4999=ORIENTED_EDGE('',*,*,#3763,.T.);
#5000=ORIENTED_EDGE('',*,*,#3761,.F.);
#5001=ORIENTED_EDGE('',*,*,#3763,.F.);
#5002=ORIENTED_EDGE('',*,*,#3733,.F.);
#5003=ORIENTED_EDGE('',*,*,#3736,.F.);
#5004=ORIENTED_EDGE('',*,*,#3738,.F.);
#5005=ORIENTED_EDGE('',*,*,#3740,.F.);
#5006=ORIENTED_EDGE('',*,*,#3742,.F.);
#5007=ORIENTED_EDGE('',*,*,#3744,.F.);
#5008=ORIENTED_EDGE('',*,*,#3746,.F.);
#5009=ORIENTED_EDGE('',*,*,#3748,.F.);
#5010=ORIENTED_EDGE('',*,*,#3750,.F.);
#5011=ORIENTED_EDGE('',*,*,#3752,.F.);
#5012=ORIENTED_EDGE('',*,*,#3754,.F.);
#5013=ORIENTED_EDGE('',*,*,#3756,.F.);
#5014=ORIENTED_EDGE('',*,*,#3758,.F.);
#5015=ORIENTED_EDGE('',*,*,#3760,.F.);
#5016=ORIENTED_EDGE('',*,*,#3762,.F.);
#5017=ORIENTED_EDGE('',*,*,#3731,.F.);
#5018=ORIENTED_EDGE('',*,*,#3710,.F.);
#5019=ORIENTED_EDGE('',*,*,#3714,.F.);
#5020=ORIENTED_EDGE('',*,*,#3717,.F.);
#5021=ORIENTED_EDGE('',*,*,#3720,.F.);
#5022=ORIENTED_EDGE('',*,*,#3723,.F.);
#5023=ORIENTED_EDGE('',*,*,#3726,.F.);
#5024=ORIENTED_EDGE('',*,*,#3729,.F.);
#5025=ORIENTED_EDGE('',*,*,#3707,.F.);
#5026=ORIENTED_EDGE('',*,*,#3683,.F.);
#5027=ORIENTED_EDGE('',*,*,#3687,.F.);
#5028=ORIENTED_EDGE('',*,*,#3690,.F.);
#5029=ORIENTED_EDGE('',*,*,#3693,.F.);
#5030=ORIENTED_EDGE('',*,*,#3696,.F.);
#5031=ORIENTED_EDGE('',*,*,#3699,.F.);
#5032=ORIENTED_EDGE('',*,*,#3702,.F.);
#5033=ORIENTED_EDGE('',*,*,#3705,.F.);
#5034=ORIENTED_EDGE('',*,*,#3764,.F.);
#5035=ORIENTED_EDGE('',*,*,#3765,.T.);
#5036=ORIENTED_EDGE('',*,*,#3766,.T.);
#5037=ORIENTED_EDGE('',*,*,#3767,.F.);
#5038=ORIENTED_EDGE('',*,*,#3768,.F.);
#5039=ORIENTED_EDGE('',*,*,#3769,.T.);
#5040=ORIENTED_EDGE('',*,*,#3770,.T.);
#5041=ORIENTED_EDGE('',*,*,#3765,.F.);
#5042=ORIENTED_EDGE('',*,*,#3771,.F.);
#5043=ORIENTED_EDGE('',*,*,#3772,.T.);
#5044=ORIENTED_EDGE('',*,*,#3773,.T.);
#5045=ORIENTED_EDGE('',*,*,#3769,.F.);
#5046=ORIENTED_EDGE('',*,*,#3774,.F.);
#5047=ORIENTED_EDGE('',*,*,#3775,.T.);
#5048=ORIENTED_EDGE('',*,*,#3776,.T.);
#5049=ORIENTED_EDGE('',*,*,#3772,.F.);
#5050=ORIENTED_EDGE('',*,*,#3777,.F.);
#5051=ORIENTED_EDGE('',*,*,#3778,.T.);
#5052=ORIENTED_EDGE('',*,*,#3779,.T.);
#5053=ORIENTED_EDGE('',*,*,#3775,.F.);
#5054=ORIENTED_EDGE('',*,*,#3780,.F.);
#5055=ORIENTED_EDGE('',*,*,#3781,.T.);
#5056=ORIENTED_EDGE('',*,*,#3782,.T.);
#5057=ORIENTED_EDGE('',*,*,#3778,.F.);
#5058=ORIENTED_EDGE('',*,*,#3783,.F.);
#5059=ORIENTED_EDGE('',*,*,#3784,.T.);
#5060=ORIENTED_EDGE('',*,*,#3785,.T.);
#5061=ORIENTED_EDGE('',*,*,#3781,.F.);
#5062=ORIENTED_EDGE('',*,*,#3786,.F.);
#5063=ORIENTED_EDGE('',*,*,#3787,.T.);
#5064=ORIENTED_EDGE('',*,*,#3788,.T.);
#5065=ORIENTED_EDGE('',*,*,#3784,.F.);
#5066=ORIENTED_EDGE('',*,*,#3789,.F.);
#5067=ORIENTED_EDGE('',*,*,#3767,.T.);
#5068=ORIENTED_EDGE('',*,*,#3790,.T.);
#5069=ORIENTED_EDGE('',*,*,#3787,.F.);
#5070=ORIENTED_EDGE('',*,*,#3322,.F.);
#5071=ORIENTED_EDGE('',*,*,#3791,.T.);
#5072=ORIENTED_EDGE('',*,*,#3792,.T.);
#5073=ORIENTED_EDGE('',*,*,#3793,.F.);
#5074=ORIENTED_EDGE('',*,*,#3340,.F.);
#5075=ORIENTED_EDGE('',*,*,#3794,.T.);
#5076=ORIENTED_EDGE('',*,*,#3795,.T.);
#5077=ORIENTED_EDGE('',*,*,#3791,.F.);
#5078=ORIENTED_EDGE('',*,*,#3339,.F.);
#5079=ORIENTED_EDGE('',*,*,#3796,.T.);
#5080=ORIENTED_EDGE('',*,*,#3797,.T.);
#5081=ORIENTED_EDGE('',*,*,#3794,.F.);
#5082=ORIENTED_EDGE('',*,*,#3338,.F.);
#5083=ORIENTED_EDGE('',*,*,#3798,.T.);
#5084=ORIENTED_EDGE('',*,*,#3799,.T.);
#5085=ORIENTED_EDGE('',*,*,#3796,.F.);
#5086=ORIENTED_EDGE('',*,*,#3337,.F.);
#5087=ORIENTED_EDGE('',*,*,#3800,.T.);
#5088=ORIENTED_EDGE('',*,*,#3801,.T.);
#5089=ORIENTED_EDGE('',*,*,#3798,.F.);
#5090=ORIENTED_EDGE('',*,*,#3336,.F.);
#5091=ORIENTED_EDGE('',*,*,#3802,.T.);
#5092=ORIENTED_EDGE('',*,*,#3803,.T.);
#5093=ORIENTED_EDGE('',*,*,#3800,.F.);
#5094=ORIENTED_EDGE('',*,*,#3335,.F.);
#5095=ORIENTED_EDGE('',*,*,#3804,.T.);
#5096=ORIENTED_EDGE('',*,*,#3805,.T.);
#5097=ORIENTED_EDGE('',*,*,#3802,.F.);
#5098=ORIENTED_EDGE('',*,*,#3334,.F.);
#5099=ORIENTED_EDGE('',*,*,#3806,.T.);
#5100=ORIENTED_EDGE('',*,*,#3807,.T.);
#5101=ORIENTED_EDGE('',*,*,#3804,.F.);
#5102=ORIENTED_EDGE('',*,*,#3333,.F.);
#5103=ORIENTED_EDGE('',*,*,#3808,.T.);
#5104=ORIENTED_EDGE('',*,*,#3809,.T.);
#5105=ORIENTED_EDGE('',*,*,#3806,.F.);
#5106=ORIENTED_EDGE('',*,*,#3332,.F.);
#5107=ORIENTED_EDGE('',*,*,#3810,.T.);
#5108=ORIENTED_EDGE('',*,*,#3811,.T.);
#5109=ORIENTED_EDGE('',*,*,#3808,.F.);
#5110=ORIENTED_EDGE('',*,*,#3331,.F.);
#5111=ORIENTED_EDGE('',*,*,#3812,.T.);
#5112=ORIENTED_EDGE('',*,*,#3813,.T.);
#5113=ORIENTED_EDGE('',*,*,#3810,.F.);
#5114=ORIENTED_EDGE('',*,*,#3330,.F.);
#5115=ORIENTED_EDGE('',*,*,#3814,.T.);
#5116=ORIENTED_EDGE('',*,*,#3815,.T.);
#5117=ORIENTED_EDGE('',*,*,#3812,.F.);
#5118=ORIENTED_EDGE('',*,*,#3329,.F.);
#5119=ORIENTED_EDGE('',*,*,#3816,.T.);
#5120=ORIENTED_EDGE('',*,*,#3817,.T.);
#5121=ORIENTED_EDGE('',*,*,#3814,.F.);
#5122=ORIENTED_EDGE('',*,*,#3328,.F.);
#5123=ORIENTED_EDGE('',*,*,#3818,.T.);
#5124=ORIENTED_EDGE('',*,*,#3819,.T.);
#5125=ORIENTED_EDGE('',*,*,#3816,.F.);
#5126=ORIENTED_EDGE('',*,*,#3327,.F.);
#5127=ORIENTED_EDGE('',*,*,#3820,.T.);
#5128=ORIENTED_EDGE('',*,*,#3821,.T.);
#5129=ORIENTED_EDGE('',*,*,#3818,.F.);
#5130=ORIENTED_EDGE('',*,*,#3326,.F.);
#5131=ORIENTED_EDGE('',*,*,#3822,.T.);
#5132=ORIENTED_EDGE('',*,*,#3823,.T.);
#5133=ORIENTED_EDGE('',*,*,#3820,.F.);
#5134=ORIENTED_EDGE('',*,*,#3325,.F.);
#5135=ORIENTED_EDGE('',*,*,#3824,.T.);
#5136=ORIENTED_EDGE('',*,*,#3825,.T.);
#5137=ORIENTED_EDGE('',*,*,#3822,.F.);
#5138=ORIENTED_EDGE('',*,*,#3324,.F.);
#5139=ORIENTED_EDGE('',*,*,#3826,.T.);
#5140=ORIENTED_EDGE('',*,*,#3827,.T.);
#5141=ORIENTED_EDGE('',*,*,#3824,.F.);
#5142=ORIENTED_EDGE('',*,*,#3323,.F.);
#5143=ORIENTED_EDGE('',*,*,#3793,.T.);
#5144=ORIENTED_EDGE('',*,*,#3828,.T.);
#5145=ORIENTED_EDGE('',*,*,#3826,.F.);
#5146=ORIENTED_EDGE('',*,*,#3828,.F.);
#5147=ORIENTED_EDGE('',*,*,#3792,.F.);
#5148=ORIENTED_EDGE('',*,*,#3795,.F.);
#5149=ORIENTED_EDGE('',*,*,#3797,.F.);
#5150=ORIENTED_EDGE('',*,*,#3799,.F.);
#5151=ORIENTED_EDGE('',*,*,#3801,.F.);
#5152=ORIENTED_EDGE('',*,*,#3803,.F.);
#5153=ORIENTED_EDGE('',*,*,#3805,.F.);
#5154=ORIENTED_EDGE('',*,*,#3807,.F.);
#5155=ORIENTED_EDGE('',*,*,#3809,.F.);
#5156=ORIENTED_EDGE('',*,*,#3811,.F.);
#5157=ORIENTED_EDGE('',*,*,#3813,.F.);
#5158=ORIENTED_EDGE('',*,*,#3815,.F.);
#5159=ORIENTED_EDGE('',*,*,#3817,.F.);
#5160=ORIENTED_EDGE('',*,*,#3819,.F.);
#5161=ORIENTED_EDGE('',*,*,#3821,.F.);
#5162=ORIENTED_EDGE('',*,*,#3823,.F.);
#5163=ORIENTED_EDGE('',*,*,#3825,.F.);
#5164=ORIENTED_EDGE('',*,*,#3827,.F.);
#5165=ORIENTED_EDGE('',*,*,#3790,.F.);
#5166=ORIENTED_EDGE('',*,*,#3766,.F.);
#5167=ORIENTED_EDGE('',*,*,#3770,.F.);
#5168=ORIENTED_EDGE('',*,*,#3773,.F.);
#5169=ORIENTED_EDGE('',*,*,#3776,.F.);
#5170=ORIENTED_EDGE('',*,*,#3779,.F.);
#5171=ORIENTED_EDGE('',*,*,#3782,.F.);
#5172=ORIENTED_EDGE('',*,*,#3785,.F.);
#5173=ORIENTED_EDGE('',*,*,#3788,.F.);
#5174=ORIENTED_EDGE('',*,*,#3829,.F.);
#5175=ORIENTED_EDGE('',*,*,#3830,.T.);
#5176=ORIENTED_EDGE('',*,*,#3831,.T.);
#5177=ORIENTED_EDGE('',*,*,#3832,.F.);
#5178=ORIENTED_EDGE('',*,*,#3833,.F.);
#5179=ORIENTED_EDGE('',*,*,#3834,.T.);
#5180=ORIENTED_EDGE('',*,*,#3835,.T.);
#5181=ORIENTED_EDGE('',*,*,#3830,.F.);
#5182=ORIENTED_EDGE('',*,*,#3836,.F.);
#5183=ORIENTED_EDGE('',*,*,#3832,.T.);
#5184=ORIENTED_EDGE('',*,*,#3837,.T.);
#5185=ORIENTED_EDGE('',*,*,#3834,.F.);
#5186=ORIENTED_EDGE('',*,*,#3341,.F.);
#5187=ORIENTED_EDGE('',*,*,#3838,.T.);
#5188=ORIENTED_EDGE('',*,*,#3839,.T.);
#5189=ORIENTED_EDGE('',*,*,#3840,.F.);
#5190=ORIENTED_EDGE('',*,*,#3351,.F.);
#5191=ORIENTED_EDGE('',*,*,#3841,.T.);
#5192=ORIENTED_EDGE('',*,*,#3842,.T.);
#5193=ORIENTED_EDGE('',*,*,#3838,.F.);
#5194=ORIENTED_EDGE('',*,*,#3350,.F.);
#5195=ORIENTED_EDGE('',*,*,#3843,.T.);
#5196=ORIENTED_EDGE('',*,*,#3844,.T.);
#5197=ORIENTED_EDGE('',*,*,#3841,.F.);
#5198=ORIENTED_EDGE('',*,*,#3349,.F.);
#5199=ORIENTED_EDGE('',*,*,#3845,.T.);
#5200=ORIENTED_EDGE('',*,*,#3846,.T.);
#5201=ORIENTED_EDGE('',*,*,#3843,.F.);
#5202=ORIENTED_EDGE('',*,*,#3348,.F.);
#5203=ORIENTED_EDGE('',*,*,#3847,.T.);
#5204=ORIENTED_EDGE('',*,*,#3848,.T.);
#5205=ORIENTED_EDGE('',*,*,#3845,.F.);
#5206=ORIENTED_EDGE('',*,*,#3347,.F.);
#5207=ORIENTED_EDGE('',*,*,#3849,.T.);
#5208=ORIENTED_EDGE('',*,*,#3850,.T.);
#5209=ORIENTED_EDGE('',*,*,#3847,.F.);
#5210=ORIENTED_EDGE('',*,*,#3346,.F.);
#5211=ORIENTED_EDGE('',*,*,#3851,.T.);
#5212=ORIENTED_EDGE('',*,*,#3852,.T.);
#5213=ORIENTED_EDGE('',*,*,#3849,.F.);
#5214=ORIENTED_EDGE('',*,*,#3345,.F.);
#5215=ORIENTED_EDGE('',*,*,#3853,.T.);
#5216=ORIENTED_EDGE('',*,*,#3854,.T.);
#5217=ORIENTED_EDGE('',*,*,#3851,.F.);
#5218=ORIENTED_EDGE('',*,*,#3344,.F.);
#5219=ORIENTED_EDGE('',*,*,#3855,.T.);
#5220=ORIENTED_EDGE('',*,*,#3856,.T.);
#5221=ORIENTED_EDGE('',*,*,#3853,.F.);
#5222=ORIENTED_EDGE('',*,*,#3343,.F.);
#5223=ORIENTED_EDGE('',*,*,#3857,.T.);
#5224=ORIENTED_EDGE('',*,*,#3858,.T.);
#5225=ORIENTED_EDGE('',*,*,#3855,.F.);
#5226=ORIENTED_EDGE('',*,*,#3342,.F.);
#5227=ORIENTED_EDGE('',*,*,#3840,.T.);
#5228=ORIENTED_EDGE('',*,*,#3859,.T.);
#5229=ORIENTED_EDGE('',*,*,#3857,.F.);
#5230=ORIENTED_EDGE('',*,*,#3859,.F.);
#5231=ORIENTED_EDGE('',*,*,#3839,.F.);
#5232=ORIENTED_EDGE('',*,*,#3842,.F.);
#5233=ORIENTED_EDGE('',*,*,#3844,.F.);
#5234=ORIENTED_EDGE('',*,*,#3846,.F.);
#5235=ORIENTED_EDGE('',*,*,#3848,.F.);
#5236=ORIENTED_EDGE('',*,*,#3850,.F.);
#5237=ORIENTED_EDGE('',*,*,#3852,.F.);
#5238=ORIENTED_EDGE('',*,*,#3854,.F.);
#5239=ORIENTED_EDGE('',*,*,#3856,.F.);
#5240=ORIENTED_EDGE('',*,*,#3858,.F.);
#5241=ORIENTED_EDGE('',*,*,#3837,.F.);
#5242=ORIENTED_EDGE('',*,*,#3831,.F.);
#5243=ORIENTED_EDGE('',*,*,#3835,.F.);
#5244=ORIENTED_EDGE('',*,*,#3352,.F.);
#5245=ORIENTED_EDGE('',*,*,#3860,.T.);
#5246=ORIENTED_EDGE('',*,*,#3861,.T.);
#5247=ORIENTED_EDGE('',*,*,#3862,.F.);
#5248=ORIENTED_EDGE('',*,*,#3373,.F.);
#5249=ORIENTED_EDGE('',*,*,#3863,.T.);
#5250=ORIENTED_EDGE('',*,*,#3864,.T.);
#5251=ORIENTED_EDGE('',*,*,#3860,.F.);
#5252=ORIENTED_EDGE('',*,*,#3372,.F.);
#5253=ORIENTED_EDGE('',*,*,#3865,.T.);
#5254=ORIENTED_EDGE('',*,*,#3866,.T.);
#5255=ORIENTED_EDGE('',*,*,#3863,.F.);
#5256=ORIENTED_EDGE('',*,*,#3371,.F.);
#5257=ORIENTED_EDGE('',*,*,#3867,.T.);
#5258=ORIENTED_EDGE('',*,*,#3868,.T.);
#5259=ORIENTED_EDGE('',*,*,#3865,.F.);
#5260=ORIENTED_EDGE('',*,*,#3370,.F.);
#5261=ORIENTED_EDGE('',*,*,#3869,.T.);
#5262=ORIENTED_EDGE('',*,*,#3870,.T.);
#5263=ORIENTED_EDGE('',*,*,#3867,.F.);
#5264=ORIENTED_EDGE('',*,*,#3369,.F.);
#5265=ORIENTED_EDGE('',*,*,#3871,.T.);
#5266=ORIENTED_EDGE('',*,*,#3872,.T.);
#5267=ORIENTED_EDGE('',*,*,#3869,.F.);
#5268=ORIENTED_EDGE('',*,*,#3368,.F.);
#5269=ORIENTED_EDGE('',*,*,#3873,.T.);
#5270=ORIENTED_EDGE('',*,*,#3874,.T.);
#5271=ORIENTED_EDGE('',*,*,#3871,.F.);
#5272=ORIENTED_EDGE('',*,*,#3367,.F.);
#5273=ORIENTED_EDGE('',*,*,#3875,.T.);
#5274=ORIENTED_EDGE('',*,*,#3876,.T.);
#5275=ORIENTED_EDGE('',*,*,#3873,.F.);
#5276=ORIENTED_EDGE('',*,*,#3366,.F.);
#5277=ORIENTED_EDGE('',*,*,#3877,.T.);
#5278=ORIENTED_EDGE('',*,*,#3878,.T.);
#5279=ORIENTED_EDGE('',*,*,#3875,.F.);
#5280=ORIENTED_EDGE('',*,*,#3365,.F.);
#5281=ORIENTED_EDGE('',*,*,#3879,.T.);
#5282=ORIENTED_EDGE('',*,*,#3880,.T.);
#5283=ORIENTED_EDGE('',*,*,#3877,.F.);
#5284=ORIENTED_EDGE('',*,*,#3364,.F.);
#5285=ORIENTED_EDGE('',*,*,#3881,.T.);
#5286=ORIENTED_EDGE('',*,*,#3882,.T.);
#5287=ORIENTED_EDGE('',*,*,#3879,.F.);
#5288=ORIENTED_EDGE('',*,*,#3363,.F.);
#5289=ORIENTED_EDGE('',*,*,#3883,.T.);
#5290=ORIENTED_EDGE('',*,*,#3884,.T.);
#5291=ORIENTED_EDGE('',*,*,#3881,.F.);
#5292=ORIENTED_EDGE('',*,*,#3362,.F.);
#5293=ORIENTED_EDGE('',*,*,#3885,.T.);
#5294=ORIENTED_EDGE('',*,*,#3886,.T.);
#5295=ORIENTED_EDGE('',*,*,#3883,.F.);
#5296=ORIENTED_EDGE('',*,*,#3361,.F.);
#5297=ORIENTED_EDGE('',*,*,#3887,.T.);
#5298=ORIENTED_EDGE('',*,*,#3888,.T.);
#5299=ORIENTED_EDGE('',*,*,#3885,.F.);
#5300=ORIENTED_EDGE('',*,*,#3360,.F.);
#5301=ORIENTED_EDGE('',*,*,#3889,.T.);
#5302=ORIENTED_EDGE('',*,*,#3890,.T.);
#5303=ORIENTED_EDGE('',*,*,#3887,.F.);
#5304=ORIENTED_EDGE('',*,*,#3359,.F.);
#5305=ORIENTED_EDGE('',*,*,#3891,.T.);
#5306=ORIENTED_EDGE('',*,*,#3892,.T.);
#5307=ORIENTED_EDGE('',*,*,#3889,.F.);
#5308=ORIENTED_EDGE('',*,*,#3358,.F.);
#5309=ORIENTED_EDGE('',*,*,#3893,.T.);
#5310=ORIENTED_EDGE('',*,*,#3894,.T.);
#5311=ORIENTED_EDGE('',*,*,#3891,.F.);
#5312=ORIENTED_EDGE('',*,*,#3357,.F.);
#5313=ORIENTED_EDGE('',*,*,#3895,.T.);
#5314=ORIENTED_EDGE('',*,*,#3896,.T.);
#5315=ORIENTED_EDGE('',*,*,#3893,.F.);
#5316=ORIENTED_EDGE('',*,*,#3356,.F.);
#5317=ORIENTED_EDGE('',*,*,#3897,.T.);
#5318=ORIENTED_EDGE('',*,*,#3898,.T.);
#5319=ORIENTED_EDGE('',*,*,#3895,.F.);
#5320=ORIENTED_EDGE('',*,*,#3355,.F.);
#5321=ORIENTED_EDGE('',*,*,#3899,.T.);
#5322=ORIENTED_EDGE('',*,*,#3900,.T.);
#5323=ORIENTED_EDGE('',*,*,#3897,.F.);
#5324=ORIENTED_EDGE('',*,*,#3354,.F.);
#5325=ORIENTED_EDGE('',*,*,#3901,.T.);
#5326=ORIENTED_EDGE('',*,*,#3902,.T.);
#5327=ORIENTED_EDGE('',*,*,#3899,.F.);
#5328=ORIENTED_EDGE('',*,*,#3353,.F.);
#5329=ORIENTED_EDGE('',*,*,#3862,.T.);
#5330=ORIENTED_EDGE('',*,*,#3903,.T.);
#5331=ORIENTED_EDGE('',*,*,#3901,.F.);
#5332=ORIENTED_EDGE('',*,*,#3903,.F.);
#5333=ORIENTED_EDGE('',*,*,#3861,.F.);
#5334=ORIENTED_EDGE('',*,*,#3864,.F.);
#5335=ORIENTED_EDGE('',*,*,#3866,.F.);
#5336=ORIENTED_EDGE('',*,*,#3868,.F.);
#5337=ORIENTED_EDGE('',*,*,#3870,.F.);
#5338=ORIENTED_EDGE('',*,*,#3872,.F.);
#5339=ORIENTED_EDGE('',*,*,#3874,.F.);
#5340=ORIENTED_EDGE('',*,*,#3876,.F.);
#5341=ORIENTED_EDGE('',*,*,#3878,.F.);
#5342=ORIENTED_EDGE('',*,*,#3880,.F.);
#5343=ORIENTED_EDGE('',*,*,#3882,.F.);
#5344=ORIENTED_EDGE('',*,*,#3884,.F.);
#5345=ORIENTED_EDGE('',*,*,#3886,.F.);
#5346=ORIENTED_EDGE('',*,*,#3888,.F.);
#5347=ORIENTED_EDGE('',*,*,#3890,.F.);
#5348=ORIENTED_EDGE('',*,*,#3892,.F.);
#5349=ORIENTED_EDGE('',*,*,#3894,.F.);
#5350=ORIENTED_EDGE('',*,*,#3896,.F.);
#5351=ORIENTED_EDGE('',*,*,#3898,.F.);
#5352=ORIENTED_EDGE('',*,*,#3900,.F.);
#5353=ORIENTED_EDGE('',*,*,#3902,.F.);
#5354=ORIENTED_EDGE('',*,*,#3374,.F.);
#5355=ORIENTED_EDGE('',*,*,#3904,.T.);
#5356=ORIENTED_EDGE('',*,*,#3905,.T.);
#5357=ORIENTED_EDGE('',*,*,#3906,.F.);
#5358=ORIENTED_EDGE('',*,*,#3382,.F.);
#5359=ORIENTED_EDGE('',*,*,#3907,.T.);
#5360=ORIENTED_EDGE('',*,*,#3908,.T.);
#5361=ORIENTED_EDGE('',*,*,#3904,.F.);
#5362=ORIENTED_EDGE('',*,*,#3381,.F.);
#5363=ORIENTED_EDGE('',*,*,#3909,.T.);
#5364=ORIENTED_EDGE('',*,*,#3910,.T.);
#5365=ORIENTED_EDGE('',*,*,#3907,.F.);
#5366=ORIENTED_EDGE('',*,*,#3380,.F.);
#5367=ORIENTED_EDGE('',*,*,#3911,.T.);
#5368=ORIENTED_EDGE('',*,*,#3912,.T.);
#5369=ORIENTED_EDGE('',*,*,#3909,.F.);
#5370=ORIENTED_EDGE('',*,*,#3379,.F.);
#5371=ORIENTED_EDGE('',*,*,#3913,.T.);
#5372=ORIENTED_EDGE('',*,*,#3914,.T.);
#5373=ORIENTED_EDGE('',*,*,#3911,.F.);
#5374=ORIENTED_EDGE('',*,*,#3378,.F.);
#5375=ORIENTED_EDGE('',*,*,#3915,.T.);
#5376=ORIENTED_EDGE('',*,*,#3916,.T.);
#5377=ORIENTED_EDGE('',*,*,#3913,.F.);
#5378=ORIENTED_EDGE('',*,*,#3377,.F.);
#5379=ORIENTED_EDGE('',*,*,#3917,.T.);
#5380=ORIENTED_EDGE('',*,*,#3918,.T.);
#5381=ORIENTED_EDGE('',*,*,#3915,.F.);
#5382=ORIENTED_EDGE('',*,*,#3376,.F.);
#5383=ORIENTED_EDGE('',*,*,#3919,.T.);
#5384=ORIENTED_EDGE('',*,*,#3920,.T.);
#5385=ORIENTED_EDGE('',*,*,#3917,.F.);
#5386=ORIENTED_EDGE('',*,*,#3375,.F.);
#5387=ORIENTED_EDGE('',*,*,#3906,.T.);
#5388=ORIENTED_EDGE('',*,*,#3921,.T.);
#5389=ORIENTED_EDGE('',*,*,#3919,.F.);
#5390=ORIENTED_EDGE('',*,*,#3921,.F.);
#5391=ORIENTED_EDGE('',*,*,#3905,.F.);
#5392=ORIENTED_EDGE('',*,*,#3908,.F.);
#5393=ORIENTED_EDGE('',*,*,#3910,.F.);
#5394=ORIENTED_EDGE('',*,*,#3912,.F.);
#5395=ORIENTED_EDGE('',*,*,#3914,.F.);
#5396=ORIENTED_EDGE('',*,*,#3916,.F.);
#5397=ORIENTED_EDGE('',*,*,#3918,.F.);
#5398=ORIENTED_EDGE('',*,*,#3920,.F.);
#5399=ORIENTED_EDGE('',*,*,#3383,.F.);
#5400=ORIENTED_EDGE('',*,*,#3922,.T.);
#5401=ORIENTED_EDGE('',*,*,#3923,.T.);
#5402=ORIENTED_EDGE('',*,*,#3924,.F.);
#5403=ORIENTED_EDGE('',*,*,#3412,.F.);
#5404=ORIENTED_EDGE('',*,*,#3925,.T.);
#5405=ORIENTED_EDGE('',*,*,#3926,.T.);
#5406=ORIENTED_EDGE('',*,*,#3922,.F.);
#5407=ORIENTED_EDGE('',*,*,#3411,.F.);
#5408=ORIENTED_EDGE('',*,*,#3927,.T.);
#5409=ORIENTED_EDGE('',*,*,#3928,.T.);
#5410=ORIENTED_EDGE('',*,*,#3925,.F.);
#5411=ORIENTED_EDGE('',*,*,#3410,.F.);
#5412=ORIENTED_EDGE('',*,*,#3929,.T.);
#5413=ORIENTED_EDGE('',*,*,#3930,.T.);
#5414=ORIENTED_EDGE('',*,*,#3927,.F.);
#5415=ORIENTED_EDGE('',*,*,#3409,.F.);
#5416=ORIENTED_EDGE('',*,*,#3931,.T.);
#5417=ORIENTED_EDGE('',*,*,#3932,.T.);
#5418=ORIENTED_EDGE('',*,*,#3929,.F.);
#5419=ORIENTED_EDGE('',*,*,#3408,.F.);
#5420=ORIENTED_EDGE('',*,*,#3933,.T.);
#5421=ORIENTED_EDGE('',*,*,#3934,.T.);
#5422=ORIENTED_EDGE('',*,*,#3931,.F.);
#5423=ORIENTED_EDGE('',*,*,#3407,.F.);
#5424=ORIENTED_EDGE('',*,*,#3935,.T.);
#5425=ORIENTED_EDGE('',*,*,#3936,.T.);
#5426=ORIENTED_EDGE('',*,*,#3933,.F.);
#5427=ORIENTED_EDGE('',*,*,#3406,.F.);
#5428=ORIENTED_EDGE('',*,*,#3937,.T.);
#5429=ORIENTED_EDGE('',*,*,#3938,.T.);
#5430=ORIENTED_EDGE('',*,*,#3935,.F.);
#5431=ORIENTED_EDGE('',*,*,#3405,.F.);
#5432=ORIENTED_EDGE('',*,*,#3939,.T.);
#5433=ORIENTED_EDGE('',*,*,#3940,.T.);
#5434=ORIENTED_EDGE('',*,*,#3937,.F.);
#5435=ORIENTED_EDGE('',*,*,#3404,.F.);
#5436=ORIENTED_EDGE('',*,*,#3941,.T.);
#5437=ORIENTED_EDGE('',*,*,#3942,.T.);
#5438=ORIENTED_EDGE('',*,*,#3939,.F.);
#5439=ORIENTED_EDGE('',*,*,#3403,.F.);
#5440=ORIENTED_EDGE('',*,*,#3943,.T.);
#5441=ORIENTED_EDGE('',*,*,#3944,.T.);
#5442=ORIENTED_EDGE('',*,*,#3941,.F.);
#5443=ORIENTED_EDGE('',*,*,#3402,.F.);
#5444=ORIENTED_EDGE('',*,*,#3945,.T.);
#5445=ORIENTED_EDGE('',*,*,#3946,.T.);
#5446=ORIENTED_EDGE('',*,*,#3943,.F.);
#5447=ORIENTED_EDGE('',*,*,#3401,.F.);
#5448=ORIENTED_EDGE('',*,*,#3947,.T.);
#5449=ORIENTED_EDGE('',*,*,#3948,.T.);
#5450=ORIENTED_EDGE('',*,*,#3945,.F.);
#5451=ORIENTED_EDGE('',*,*,#3400,.F.);
#5452=ORIENTED_EDGE('',*,*,#3949,.T.);
#5453=ORIENTED_EDGE('',*,*,#3950,.T.);
#5454=ORIENTED_EDGE('',*,*,#3947,.F.);
#5455=ORIENTED_EDGE('',*,*,#3399,.F.);
#5456=ORIENTED_EDGE('',*,*,#3951,.T.);
#5457=ORIENTED_EDGE('',*,*,#3952,.T.);
#5458=ORIENTED_EDGE('',*,*,#3949,.F.);
#5459=ORIENTED_EDGE('',*,*,#3398,.F.);
#5460=ORIENTED_EDGE('',*,*,#3953,.T.);
#5461=ORIENTED_EDGE('',*,*,#3954,.T.);
#5462=ORIENTED_EDGE('',*,*,#3951,.F.);
#5463=ORIENTED_EDGE('',*,*,#3397,.F.);
#5464=ORIENTED_EDGE('',*,*,#3955,.T.);
#5465=ORIENTED_EDGE('',*,*,#3956,.T.);
#5466=ORIENTED_EDGE('',*,*,#3953,.F.);
#5467=ORIENTED_EDGE('',*,*,#3396,.F.);
#5468=ORIENTED_EDGE('',*,*,#3957,.T.);
#5469=ORIENTED_EDGE('',*,*,#3958,.T.);
#5470=ORIENTED_EDGE('',*,*,#3955,.F.);
#5471=ORIENTED_EDGE('',*,*,#3395,.F.);
#5472=ORIENTED_EDGE('',*,*,#3959,.T.);
#5473=ORIENTED_EDGE('',*,*,#3960,.T.);
#5474=ORIENTED_EDGE('',*,*,#3957,.F.);
#5475=ORIENTED_EDGE('',*,*,#3394,.F.);
#5476=ORIENTED_EDGE('',*,*,#3961,.T.);
#5477=ORIENTED_EDGE('',*,*,#3962,.T.);
#5478=ORIENTED_EDGE('',*,*,#3959,.F.);
#5479=ORIENTED_EDGE('',*,*,#3393,.F.);
#5480=ORIENTED_EDGE('',*,*,#3963,.T.);
#5481=ORIENTED_EDGE('',*,*,#3964,.T.);
#5482=ORIENTED_EDGE('',*,*,#3961,.F.);
#5483=ORIENTED_EDGE('',*,*,#3392,.F.);
#5484=ORIENTED_EDGE('',*,*,#3965,.T.);
#5485=ORIENTED_EDGE('',*,*,#3966,.T.);
#5486=ORIENTED_EDGE('',*,*,#3963,.F.);
#5487=ORIENTED_EDGE('',*,*,#3391,.F.);
#5488=ORIENTED_EDGE('',*,*,#3967,.T.);
#5489=ORIENTED_EDGE('',*,*,#3968,.T.);
#5490=ORIENTED_EDGE('',*,*,#3965,.F.);
#5491=ORIENTED_EDGE('',*,*,#3390,.F.);
#5492=ORIENTED_EDGE('',*,*,#3969,.T.);
#5493=ORIENTED_EDGE('',*,*,#3970,.T.);
#5494=ORIENTED_EDGE('',*,*,#3967,.F.);
#5495=ORIENTED_EDGE('',*,*,#3389,.F.);
#5496=ORIENTED_EDGE('',*,*,#3971,.T.);
#5497=ORIENTED_EDGE('',*,*,#3972,.T.);
#5498=ORIENTED_EDGE('',*,*,#3969,.F.);
#5499=ORIENTED_EDGE('',*,*,#3388,.F.);
#5500=ORIENTED_EDGE('',*,*,#3973,.T.);
#5501=ORIENTED_EDGE('',*,*,#3974,.T.);
#5502=ORIENTED_EDGE('',*,*,#3971,.F.);
#5503=ORIENTED_EDGE('',*,*,#3387,.F.);
#5504=ORIENTED_EDGE('',*,*,#3975,.T.);
#5505=ORIENTED_EDGE('',*,*,#3976,.T.);
#5506=ORIENTED_EDGE('',*,*,#3973,.F.);
#5507=ORIENTED_EDGE('',*,*,#3386,.F.);
#5508=ORIENTED_EDGE('',*,*,#3977,.T.);
#5509=ORIENTED_EDGE('',*,*,#3978,.T.);
#5510=ORIENTED_EDGE('',*,*,#3975,.F.);
#5511=ORIENTED_EDGE('',*,*,#3385,.F.);
#5512=ORIENTED_EDGE('',*,*,#3979,.T.);
#5513=ORIENTED_EDGE('',*,*,#3980,.T.);
#5514=ORIENTED_EDGE('',*,*,#3977,.F.);
#5515=ORIENTED_EDGE('',*,*,#3384,.F.);
#5516=ORIENTED_EDGE('',*,*,#3924,.T.);
#5517=ORIENTED_EDGE('',*,*,#3981,.T.);
#5518=ORIENTED_EDGE('',*,*,#3979,.F.);
#5519=ORIENTED_EDGE('',*,*,#3981,.F.);
#5520=ORIENTED_EDGE('',*,*,#3923,.F.);
#5521=ORIENTED_EDGE('',*,*,#3926,.F.);
#5522=ORIENTED_EDGE('',*,*,#3928,.F.);
#5523=ORIENTED_EDGE('',*,*,#3930,.F.);
#5524=ORIENTED_EDGE('',*,*,#3932,.F.);
#5525=ORIENTED_EDGE('',*,*,#3934,.F.);
#5526=ORIENTED_EDGE('',*,*,#3936,.F.);
#5527=ORIENTED_EDGE('',*,*,#3938,.F.);
#5528=ORIENTED_EDGE('',*,*,#3940,.F.);
#5529=ORIENTED_EDGE('',*,*,#3942,.F.);
#5530=ORIENTED_EDGE('',*,*,#3944,.F.);
#5531=ORIENTED_EDGE('',*,*,#3946,.F.);
#5532=ORIENTED_EDGE('',*,*,#3948,.F.);
#5533=ORIENTED_EDGE('',*,*,#3950,.F.);
#5534=ORIENTED_EDGE('',*,*,#3952,.F.);
#5535=ORIENTED_EDGE('',*,*,#3954,.F.);
#5536=ORIENTED_EDGE('',*,*,#3956,.F.);
#5537=ORIENTED_EDGE('',*,*,#3958,.F.);
#5538=ORIENTED_EDGE('',*,*,#3960,.F.);
#5539=ORIENTED_EDGE('',*,*,#3962,.F.);
#5540=ORIENTED_EDGE('',*,*,#3964,.F.);
#5541=ORIENTED_EDGE('',*,*,#3966,.F.);
#5542=ORIENTED_EDGE('',*,*,#3968,.F.);
#5543=ORIENTED_EDGE('',*,*,#3970,.F.);
#5544=ORIENTED_EDGE('',*,*,#3972,.F.);
#5545=ORIENTED_EDGE('',*,*,#3974,.F.);
#5546=ORIENTED_EDGE('',*,*,#3976,.F.);
#5547=ORIENTED_EDGE('',*,*,#3978,.F.);
#5548=ORIENTED_EDGE('',*,*,#3980,.F.);
#5549=ORIENTED_EDGE('',*,*,#3413,.F.);
#5550=ORIENTED_EDGE('',*,*,#3982,.T.);
#5551=ORIENTED_EDGE('',*,*,#3983,.T.);
#5552=ORIENTED_EDGE('',*,*,#3984,.F.);
#5553=ORIENTED_EDGE('',*,*,#3434,.F.);
#5554=ORIENTED_EDGE('',*,*,#3985,.T.);
#5555=ORIENTED_EDGE('',*,*,#3986,.T.);
#5556=ORIENTED_EDGE('',*,*,#3982,.F.);
#5557=ORIENTED_EDGE('',*,*,#3433,.F.);
#5558=ORIENTED_EDGE('',*,*,#3987,.T.);
#5559=ORIENTED_EDGE('',*,*,#3988,.T.);
#5560=ORIENTED_EDGE('',*,*,#3985,.F.);
#5561=ORIENTED_EDGE('',*,*,#3432,.F.);
#5562=ORIENTED_EDGE('',*,*,#3989,.T.);
#5563=ORIENTED_EDGE('',*,*,#3990,.T.);
#5564=ORIENTED_EDGE('',*,*,#3987,.F.);
#5565=ORIENTED_EDGE('',*,*,#3431,.F.);
#5566=ORIENTED_EDGE('',*,*,#3991,.T.);
#5567=ORIENTED_EDGE('',*,*,#3992,.T.);
#5568=ORIENTED_EDGE('',*,*,#3989,.F.);
#5569=ORIENTED_EDGE('',*,*,#3430,.F.);
#5570=ORIENTED_EDGE('',*,*,#3993,.T.);
#5571=ORIENTED_EDGE('',*,*,#3994,.T.);
#5572=ORIENTED_EDGE('',*,*,#3991,.F.);
#5573=ORIENTED_EDGE('',*,*,#3429,.F.);
#5574=ORIENTED_EDGE('',*,*,#3995,.T.);
#5575=ORIENTED_EDGE('',*,*,#3996,.T.);
#5576=ORIENTED_EDGE('',*,*,#3993,.F.);
#5577=ORIENTED_EDGE('',*,*,#3428,.F.);
#5578=ORIENTED_EDGE('',*,*,#3997,.T.);
#5579=ORIENTED_EDGE('',*,*,#3998,.T.);
#5580=ORIENTED_EDGE('',*,*,#3995,.F.);
#5581=ORIENTED_EDGE('',*,*,#3427,.F.);
#5582=ORIENTED_EDGE('',*,*,#3999,.T.);
#5583=ORIENTED_EDGE('',*,*,#4000,.T.);
#5584=ORIENTED_EDGE('',*,*,#3997,.F.);
#5585=ORIENTED_EDGE('',*,*,#3426,.F.);
#5586=ORIENTED_EDGE('',*,*,#4001,.T.);
#5587=ORIENTED_EDGE('',*,*,#4002,.T.);
#5588=ORIENTED_EDGE('',*,*,#3999,.F.);
#5589=ORIENTED_EDGE('',*,*,#3425,.F.);
#5590=ORIENTED_EDGE('',*,*,#4003,.T.);
#5591=ORIENTED_EDGE('',*,*,#4004,.T.);
#5592=ORIENTED_EDGE('',*,*,#4001,.F.);
#5593=ORIENTED_EDGE('',*,*,#3424,.F.);
#5594=ORIENTED_EDGE('',*,*,#4005,.T.);
#5595=ORIENTED_EDGE('',*,*,#4006,.T.);
#5596=ORIENTED_EDGE('',*,*,#4003,.F.);
#5597=ORIENTED_EDGE('',*,*,#3423,.F.);
#5598=ORIENTED_EDGE('',*,*,#4007,.T.);
#5599=ORIENTED_EDGE('',*,*,#4008,.T.);
#5600=ORIENTED_EDGE('',*,*,#4005,.F.);
#5601=ORIENTED_EDGE('',*,*,#3422,.F.);
#5602=ORIENTED_EDGE('',*,*,#4009,.T.);
#5603=ORIENTED_EDGE('',*,*,#4010,.T.);
#5604=ORIENTED_EDGE('',*,*,#4007,.F.);
#5605=ORIENTED_EDGE('',*,*,#3421,.F.);
#5606=ORIENTED_EDGE('',*,*,#4011,.T.);
#5607=ORIENTED_EDGE('',*,*,#4012,.T.);
#5608=ORIENTED_EDGE('',*,*,#4009,.F.);
#5609=ORIENTED_EDGE('',*,*,#3420,.F.);
#5610=ORIENTED_EDGE('',*,*,#4013,.T.);
#5611=ORIENTED_EDGE('',*,*,#4014,.T.);
#5612=ORIENTED_EDGE('',*,*,#4011,.F.);
#5613=ORIENTED_EDGE('',*,*,#3419,.F.);
#5614=ORIENTED_EDGE('',*,*,#4015,.T.);
#5615=ORIENTED_EDGE('',*,*,#4016,.T.);
#5616=ORIENTED_EDGE('',*,*,#4013,.F.);
#5617=ORIENTED_EDGE('',*,*,#3418,.F.);
#5618=ORIENTED_EDGE('',*,*,#4017,.T.);
#5619=ORIENTED_EDGE('',*,*,#4018,.T.);
#5620=ORIENTED_EDGE('',*,*,#4015,.F.);
#5621=ORIENTED_EDGE('',*,*,#3417,.F.);
#5622=ORIENTED_EDGE('',*,*,#4019,.T.);
#5623=ORIENTED_EDGE('',*,*,#4020,.T.);
#5624=ORIENTED_EDGE('',*,*,#4017,.F.);
#5625=ORIENTED_EDGE('',*,*,#3416,.F.);
#5626=ORIENTED_EDGE('',*,*,#4021,.T.);
#5627=ORIENTED_EDGE('',*,*,#4022,.T.);
#5628=ORIENTED_EDGE('',*,*,#4019,.F.);
#5629=ORIENTED_EDGE('',*,*,#3415,.F.);
#5630=ORIENTED_EDGE('',*,*,#4023,.T.);
#5631=ORIENTED_EDGE('',*,*,#4024,.T.);
#5632=ORIENTED_EDGE('',*,*,#4021,.F.);
#5633=ORIENTED_EDGE('',*,*,#3414,.F.);
#5634=ORIENTED_EDGE('',*,*,#3984,.T.);
#5635=ORIENTED_EDGE('',*,*,#4025,.T.);
#5636=ORIENTED_EDGE('',*,*,#4023,.F.);
#5637=ORIENTED_EDGE('',*,*,#4025,.F.);
#5638=ORIENTED_EDGE('',*,*,#3983,.F.);
#5639=ORIENTED_EDGE('',*,*,#3986,.F.);
#5640=ORIENTED_EDGE('',*,*,#3988,.F.);
#5641=ORIENTED_EDGE('',*,*,#3990,.F.);
#5642=ORIENTED_EDGE('',*,*,#3992,.F.);
#5643=ORIENTED_EDGE('',*,*,#3994,.F.);
#5644=ORIENTED_EDGE('',*,*,#3996,.F.);
#5645=ORIENTED_EDGE('',*,*,#3998,.F.);
#5646=ORIENTED_EDGE('',*,*,#4000,.F.);
#5647=ORIENTED_EDGE('',*,*,#4002,.F.);
#5648=ORIENTED_EDGE('',*,*,#4004,.F.);
#5649=ORIENTED_EDGE('',*,*,#4006,.F.);
#5650=ORIENTED_EDGE('',*,*,#4008,.F.);
#5651=ORIENTED_EDGE('',*,*,#4010,.F.);
#5652=ORIENTED_EDGE('',*,*,#4012,.F.);
#5653=ORIENTED_EDGE('',*,*,#4014,.F.);
#5654=ORIENTED_EDGE('',*,*,#4016,.F.);
#5655=ORIENTED_EDGE('',*,*,#4018,.F.);
#5656=ORIENTED_EDGE('',*,*,#4020,.F.);
#5657=ORIENTED_EDGE('',*,*,#4022,.F.);
#5658=ORIENTED_EDGE('',*,*,#4024,.F.);
#5659=ORIENTED_EDGE('',*,*,#3435,.F.);
#5660=ORIENTED_EDGE('',*,*,#4026,.T.);
#5661=ORIENTED_EDGE('',*,*,#4027,.T.);
#5662=ORIENTED_EDGE('',*,*,#4028,.F.);
#5663=ORIENTED_EDGE('',*,*,#3445,.F.);
#5664=ORIENTED_EDGE('',*,*,#4029,.T.);
#5665=ORIENTED_EDGE('',*,*,#4030,.T.);
#5666=ORIENTED_EDGE('',*,*,#4026,.F.);
#5667=ORIENTED_EDGE('',*,*,#3444,.F.);
#5668=ORIENTED_EDGE('',*,*,#4031,.T.);
#5669=ORIENTED_EDGE('',*,*,#4032,.T.);
#5670=ORIENTED_EDGE('',*,*,#4029,.F.);
#5671=ORIENTED_EDGE('',*,*,#3443,.F.);
#5672=ORIENTED_EDGE('',*,*,#4033,.T.);
#5673=ORIENTED_EDGE('',*,*,#4034,.T.);
#5674=ORIENTED_EDGE('',*,*,#4031,.F.);
#5675=ORIENTED_EDGE('',*,*,#3442,.F.);
#5676=ORIENTED_EDGE('',*,*,#4035,.T.);
#5677=ORIENTED_EDGE('',*,*,#4036,.T.);
#5678=ORIENTED_EDGE('',*,*,#4033,.F.);
#5679=ORIENTED_EDGE('',*,*,#3441,.F.);
#5680=ORIENTED_EDGE('',*,*,#4037,.T.);
#5681=ORIENTED_EDGE('',*,*,#4038,.T.);
#5682=ORIENTED_EDGE('',*,*,#4035,.F.);
#5683=ORIENTED_EDGE('',*,*,#3440,.F.);
#5684=ORIENTED_EDGE('',*,*,#4039,.T.);
#5685=ORIENTED_EDGE('',*,*,#4040,.T.);
#5686=ORIENTED_EDGE('',*,*,#4037,.F.);
#5687=ORIENTED_EDGE('',*,*,#3439,.F.);
#5688=ORIENTED_EDGE('',*,*,#4041,.T.);
#5689=ORIENTED_EDGE('',*,*,#4042,.T.);
#5690=ORIENTED_EDGE('',*,*,#4039,.F.);
#5691=ORIENTED_EDGE('',*,*,#3438,.F.);
#5692=ORIENTED_EDGE('',*,*,#4043,.T.);
#5693=ORIENTED_EDGE('',*,*,#4044,.T.);
#5694=ORIENTED_EDGE('',*,*,#4041,.F.);
#5695=ORIENTED_EDGE('',*,*,#3437,.F.);
#5696=ORIENTED_EDGE('',*,*,#4045,.T.);
#5697=ORIENTED_EDGE('',*,*,#4046,.T.);
#5698=ORIENTED_EDGE('',*,*,#4043,.F.);
#5699=ORIENTED_EDGE('',*,*,#3436,.F.);
#5700=ORIENTED_EDGE('',*,*,#4028,.T.);
#5701=ORIENTED_EDGE('',*,*,#4047,.T.);
#5702=ORIENTED_EDGE('',*,*,#4045,.F.);
#5703=ORIENTED_EDGE('',*,*,#4047,.F.);
#5704=ORIENTED_EDGE('',*,*,#4027,.F.);
#5705=ORIENTED_EDGE('',*,*,#4030,.F.);
#5706=ORIENTED_EDGE('',*,*,#4032,.F.);
#5707=ORIENTED_EDGE('',*,*,#4034,.F.);
#5708=ORIENTED_EDGE('',*,*,#4036,.F.);
#5709=ORIENTED_EDGE('',*,*,#4038,.F.);
#5710=ORIENTED_EDGE('',*,*,#4040,.F.);
#5711=ORIENTED_EDGE('',*,*,#4042,.F.);
#5712=ORIENTED_EDGE('',*,*,#4044,.F.);
#5713=ORIENTED_EDGE('',*,*,#4046,.F.);
#5714=ORIENTED_EDGE('',*,*,#4048,.F.);
#5715=ORIENTED_EDGE('',*,*,#4049,.T.);
#5716=ORIENTED_EDGE('',*,*,#4050,.T.);
#5717=ORIENTED_EDGE('',*,*,#4051,.F.);
#5718=ORIENTED_EDGE('',*,*,#4052,.F.);
#5719=ORIENTED_EDGE('',*,*,#4053,.T.);
#5720=ORIENTED_EDGE('',*,*,#4054,.T.);
#5721=ORIENTED_EDGE('',*,*,#4049,.F.);
#5722=ORIENTED_EDGE('',*,*,#4055,.F.);
#5723=ORIENTED_EDGE('',*,*,#4056,.T.);
#5724=ORIENTED_EDGE('',*,*,#4057,.T.);
#5725=ORIENTED_EDGE('',*,*,#4053,.F.);
#5726=ORIENTED_EDGE('',*,*,#4058,.F.);
#5727=ORIENTED_EDGE('',*,*,#4059,.T.);
#5728=ORIENTED_EDGE('',*,*,#4060,.T.);
#5729=ORIENTED_EDGE('',*,*,#4056,.F.);
#5730=ORIENTED_EDGE('',*,*,#4061,.F.);
#5731=ORIENTED_EDGE('',*,*,#4062,.T.);
#5732=ORIENTED_EDGE('',*,*,#4063,.T.);
#5733=ORIENTED_EDGE('',*,*,#4059,.F.);
#5734=ORIENTED_EDGE('',*,*,#4064,.F.);
#5735=ORIENTED_EDGE('',*,*,#4065,.T.);
#5736=ORIENTED_EDGE('',*,*,#4066,.T.);
#5737=ORIENTED_EDGE('',*,*,#4062,.F.);
#5738=ORIENTED_EDGE('',*,*,#4067,.F.);
#5739=ORIENTED_EDGE('',*,*,#4068,.T.);
#5740=ORIENTED_EDGE('',*,*,#4069,.T.);
#5741=ORIENTED_EDGE('',*,*,#4065,.F.);
#5742=ORIENTED_EDGE('',*,*,#4070,.F.);
#5743=ORIENTED_EDGE('',*,*,#4051,.T.);
#5744=ORIENTED_EDGE('',*,*,#4071,.T.);
#5745=ORIENTED_EDGE('',*,*,#4068,.F.);
#5746=ORIENTED_EDGE('',*,*,#3446,.F.);
#5747=ORIENTED_EDGE('',*,*,#4072,.T.);
#5748=ORIENTED_EDGE('',*,*,#4073,.T.);
#5749=ORIENTED_EDGE('',*,*,#4074,.F.);
#5750=ORIENTED_EDGE('',*,*,#3467,.F.);
#5751=ORIENTED_EDGE('',*,*,#4075,.T.);
#5752=ORIENTED_EDGE('',*,*,#4076,.T.);
#5753=ORIENTED_EDGE('',*,*,#4072,.F.);
#5754=ORIENTED_EDGE('',*,*,#3466,.F.);
#5755=ORIENTED_EDGE('',*,*,#4077,.T.);
#5756=ORIENTED_EDGE('',*,*,#4078,.T.);
#5757=ORIENTED_EDGE('',*,*,#4075,.F.);
#5758=ORIENTED_EDGE('',*,*,#3465,.F.);
#5759=ORIENTED_EDGE('',*,*,#4079,.T.);
#5760=ORIENTED_EDGE('',*,*,#4080,.T.);
#5761=ORIENTED_EDGE('',*,*,#4077,.F.);
#5762=ORIENTED_EDGE('',*,*,#3464,.F.);
#5763=ORIENTED_EDGE('',*,*,#4081,.T.);
#5764=ORIENTED_EDGE('',*,*,#4082,.T.);
#5765=ORIENTED_EDGE('',*,*,#4079,.F.);
#5766=ORIENTED_EDGE('',*,*,#3463,.F.);
#5767=ORIENTED_EDGE('',*,*,#4083,.T.);
#5768=ORIENTED_EDGE('',*,*,#4084,.T.);
#5769=ORIENTED_EDGE('',*,*,#4081,.F.);
#5770=ORIENTED_EDGE('',*,*,#3462,.F.);
#5771=ORIENTED_EDGE('',*,*,#4085,.T.);
#5772=ORIENTED_EDGE('',*,*,#4086,.T.);
#5773=ORIENTED_EDGE('',*,*,#4083,.F.);
#5774=ORIENTED_EDGE('',*,*,#3461,.F.);
#5775=ORIENTED_EDGE('',*,*,#4087,.T.);
#5776=ORIENTED_EDGE('',*,*,#4088,.T.);
#5777=ORIENTED_EDGE('',*,*,#4085,.F.);
#5778=ORIENTED_EDGE('',*,*,#3460,.F.);
#5779=ORIENTED_EDGE('',*,*,#4089,.T.);
#5780=ORIENTED_EDGE('',*,*,#4090,.T.);
#5781=ORIENTED_EDGE('',*,*,#4087,.F.);
#5782=ORIENTED_EDGE('',*,*,#3459,.F.);
#5783=ORIENTED_EDGE('',*,*,#4091,.T.);
#5784=ORIENTED_EDGE('',*,*,#4092,.T.);
#5785=ORIENTED_EDGE('',*,*,#4089,.F.);
#5786=ORIENTED_EDGE('',*,*,#3458,.F.);
#5787=ORIENTED_EDGE('',*,*,#4093,.T.);
#5788=ORIENTED_EDGE('',*,*,#4094,.T.);
#5789=ORIENTED_EDGE('',*,*,#4091,.F.);
#5790=ORIENTED_EDGE('',*,*,#3457,.F.);
#5791=ORIENTED_EDGE('',*,*,#4095,.T.);
#5792=ORIENTED_EDGE('',*,*,#4096,.T.);
#5793=ORIENTED_EDGE('',*,*,#4093,.F.);
#5794=ORIENTED_EDGE('',*,*,#3456,.F.);
#5795=ORIENTED_EDGE('',*,*,#4097,.T.);
#5796=ORIENTED_EDGE('',*,*,#4098,.T.);
#5797=ORIENTED_EDGE('',*,*,#4095,.F.);
#5798=ORIENTED_EDGE('',*,*,#3455,.F.);
#5799=ORIENTED_EDGE('',*,*,#4099,.T.);
#5800=ORIENTED_EDGE('',*,*,#4100,.T.);
#5801=ORIENTED_EDGE('',*,*,#4097,.F.);
#5802=ORIENTED_EDGE('',*,*,#3454,.F.);
#5803=ORIENTED_EDGE('',*,*,#4101,.T.);
#5804=ORIENTED_EDGE('',*,*,#4102,.T.);
#5805=ORIENTED_EDGE('',*,*,#4099,.F.);
#5806=ORIENTED_EDGE('',*,*,#3453,.F.);
#5807=ORIENTED_EDGE('',*,*,#4103,.T.);
#5808=ORIENTED_EDGE('',*,*,#4104,.T.);
#5809=ORIENTED_EDGE('',*,*,#4101,.F.);
#5810=ORIENTED_EDGE('',*,*,#3452,.F.);
#5811=ORIENTED_EDGE('',*,*,#4105,.T.);
#5812=ORIENTED_EDGE('',*,*,#4106,.T.);
#5813=ORIENTED_EDGE('',*,*,#4103,.F.);
#5814=ORIENTED_EDGE('',*,*,#3451,.F.);
#5815=ORIENTED_EDGE('',*,*,#4107,.T.);
#5816=ORIENTED_EDGE('',*,*,#4108,.T.);
#5817=ORIENTED_EDGE('',*,*,#4105,.F.);
#5818=ORIENTED_EDGE('',*,*,#3450,.F.);
#5819=ORIENTED_EDGE('',*,*,#4109,.T.);
#5820=ORIENTED_EDGE('',*,*,#4110,.T.);
#5821=ORIENTED_EDGE('',*,*,#4107,.F.);
#5822=ORIENTED_EDGE('',*,*,#3449,.F.);
#5823=ORIENTED_EDGE('',*,*,#4111,.T.);
#5824=ORIENTED_EDGE('',*,*,#4112,.T.);
#5825=ORIENTED_EDGE('',*,*,#4109,.F.);
#5826=ORIENTED_EDGE('',*,*,#3448,.F.);
#5827=ORIENTED_EDGE('',*,*,#4113,.T.);
#5828=ORIENTED_EDGE('',*,*,#4114,.T.);
#5829=ORIENTED_EDGE('',*,*,#4111,.F.);
#5830=ORIENTED_EDGE('',*,*,#3447,.F.);
#5831=ORIENTED_EDGE('',*,*,#4074,.T.);
#5832=ORIENTED_EDGE('',*,*,#4115,.T.);
#5833=ORIENTED_EDGE('',*,*,#4113,.F.);
#5834=ORIENTED_EDGE('',*,*,#4115,.F.);
#5835=ORIENTED_EDGE('',*,*,#4073,.F.);
#5836=ORIENTED_EDGE('',*,*,#4076,.F.);
#5837=ORIENTED_EDGE('',*,*,#4078,.F.);
#5838=ORIENTED_EDGE('',*,*,#4080,.F.);
#5839=ORIENTED_EDGE('',*,*,#4082,.F.);
#5840=ORIENTED_EDGE('',*,*,#4084,.F.);
#5841=ORIENTED_EDGE('',*,*,#4086,.F.);
#5842=ORIENTED_EDGE('',*,*,#4088,.F.);
#5843=ORIENTED_EDGE('',*,*,#4090,.F.);
#5844=ORIENTED_EDGE('',*,*,#4092,.F.);
#5845=ORIENTED_EDGE('',*,*,#4094,.F.);
#5846=ORIENTED_EDGE('',*,*,#4096,.F.);
#5847=ORIENTED_EDGE('',*,*,#4098,.F.);
#5848=ORIENTED_EDGE('',*,*,#4100,.F.);
#5849=ORIENTED_EDGE('',*,*,#4102,.F.);
#5850=ORIENTED_EDGE('',*,*,#4104,.F.);
#5851=ORIENTED_EDGE('',*,*,#4106,.F.);
#5852=ORIENTED_EDGE('',*,*,#4108,.F.);
#5853=ORIENTED_EDGE('',*,*,#4110,.F.);
#5854=ORIENTED_EDGE('',*,*,#4112,.F.);
#5855=ORIENTED_EDGE('',*,*,#4114,.F.);
#5856=ORIENTED_EDGE('',*,*,#4071,.F.);
#5857=ORIENTED_EDGE('',*,*,#4050,.F.);
#5858=ORIENTED_EDGE('',*,*,#4054,.F.);
#5859=ORIENTED_EDGE('',*,*,#4057,.F.);
#5860=ORIENTED_EDGE('',*,*,#4060,.F.);
#5861=ORIENTED_EDGE('',*,*,#4063,.F.);
#5862=ORIENTED_EDGE('',*,*,#4066,.F.);
#5863=ORIENTED_EDGE('',*,*,#4069,.F.);
#5864=ORIENTED_EDGE('',*,*,#3468,.F.);
#5865=ORIENTED_EDGE('',*,*,#4116,.T.);
#5866=ORIENTED_EDGE('',*,*,#4117,.T.);
#5867=ORIENTED_EDGE('',*,*,#4118,.F.);
#5868=ORIENTED_EDGE('',*,*,#3476,.F.);
#5869=ORIENTED_EDGE('',*,*,#4119,.T.);
#5870=ORIENTED_EDGE('',*,*,#4120,.T.);
#5871=ORIENTED_EDGE('',*,*,#4116,.F.);
#5872=ORIENTED_EDGE('',*,*,#3475,.F.);
#5873=ORIENTED_EDGE('',*,*,#4121,.T.);
#5874=ORIENTED_EDGE('',*,*,#4122,.T.);
#5875=ORIENTED_EDGE('',*,*,#4119,.F.);
#5876=ORIENTED_EDGE('',*,*,#3474,.F.);
#5877=ORIENTED_EDGE('',*,*,#4123,.T.);
#5878=ORIENTED_EDGE('',*,*,#4124,.T.);
#5879=ORIENTED_EDGE('',*,*,#4121,.F.);
#5880=ORIENTED_EDGE('',*,*,#3473,.F.);
#5881=ORIENTED_EDGE('',*,*,#4125,.T.);
#5882=ORIENTED_EDGE('',*,*,#4126,.T.);
#5883=ORIENTED_EDGE('',*,*,#4123,.F.);
#5884=ORIENTED_EDGE('',*,*,#3472,.F.);
#5885=ORIENTED_EDGE('',*,*,#4127,.T.);
#5886=ORIENTED_EDGE('',*,*,#4128,.T.);
#5887=ORIENTED_EDGE('',*,*,#4125,.F.);
#5888=ORIENTED_EDGE('',*,*,#3471,.F.);
#5889=ORIENTED_EDGE('',*,*,#4129,.T.);
#5890=ORIENTED_EDGE('',*,*,#4130,.T.);
#5891=ORIENTED_EDGE('',*,*,#4127,.F.);
#5892=ORIENTED_EDGE('',*,*,#3470,.F.);
#5893=ORIENTED_EDGE('',*,*,#4131,.T.);
#5894=ORIENTED_EDGE('',*,*,#4132,.T.);
#5895=ORIENTED_EDGE('',*,*,#4129,.F.);
#5896=ORIENTED_EDGE('',*,*,#3469,.F.);
#5897=ORIENTED_EDGE('',*,*,#4118,.T.);
#5898=ORIENTED_EDGE('',*,*,#4133,.T.);
#5899=ORIENTED_EDGE('',*,*,#4131,.F.);
#5900=ORIENTED_EDGE('',*,*,#4133,.F.);
#5901=ORIENTED_EDGE('',*,*,#4117,.F.);
#5902=ORIENTED_EDGE('',*,*,#4120,.F.);
#5903=ORIENTED_EDGE('',*,*,#4122,.F.);
#5904=ORIENTED_EDGE('',*,*,#4124,.F.);
#5905=ORIENTED_EDGE('',*,*,#4126,.F.);
#5906=ORIENTED_EDGE('',*,*,#4128,.F.);
#5907=ORIENTED_EDGE('',*,*,#4130,.F.);
#5908=ORIENTED_EDGE('',*,*,#4132,.F.);
#5909=ORIENTED_EDGE('',*,*,#3477,.F.);
#5910=ORIENTED_EDGE('',*,*,#4134,.T.);
#5911=ORIENTED_EDGE('',*,*,#4135,.T.);
#5912=ORIENTED_EDGE('',*,*,#4136,.F.);
#5913=ORIENTED_EDGE('',*,*,#3485,.F.);
#5914=ORIENTED_EDGE('',*,*,#4137,.T.);
#5915=ORIENTED_EDGE('',*,*,#4138,.T.);
#5916=ORIENTED_EDGE('',*,*,#4134,.F.);
#5917=ORIENTED_EDGE('',*,*,#3484,.F.);
#5918=ORIENTED_EDGE('',*,*,#4139,.T.);
#5919=ORIENTED_EDGE('',*,*,#4140,.T.);
#5920=ORIENTED_EDGE('',*,*,#4137,.F.);
#5921=ORIENTED_EDGE('',*,*,#3483,.F.);
#5922=ORIENTED_EDGE('',*,*,#4141,.T.);
#5923=ORIENTED_EDGE('',*,*,#4142,.T.);
#5924=ORIENTED_EDGE('',*,*,#4139,.F.);
#5925=ORIENTED_EDGE('',*,*,#3482,.F.);
#5926=ORIENTED_EDGE('',*,*,#4143,.T.);
#5927=ORIENTED_EDGE('',*,*,#4144,.T.);
#5928=ORIENTED_EDGE('',*,*,#4141,.F.);
#5929=ORIENTED_EDGE('',*,*,#3481,.F.);
#5930=ORIENTED_EDGE('',*,*,#4145,.T.);
#5931=ORIENTED_EDGE('',*,*,#4146,.T.);
#5932=ORIENTED_EDGE('',*,*,#4143,.F.);
#5933=ORIENTED_EDGE('',*,*,#3480,.F.);
#5934=ORIENTED_EDGE('',*,*,#4147,.T.);
#5935=ORIENTED_EDGE('',*,*,#4148,.T.);
#5936=ORIENTED_EDGE('',*,*,#4145,.F.);
#5937=ORIENTED_EDGE('',*,*,#3479,.F.);
#5938=ORIENTED_EDGE('',*,*,#4149,.T.);
#5939=ORIENTED_EDGE('',*,*,#4150,.T.);
#5940=ORIENTED_EDGE('',*,*,#4147,.F.);
#5941=ORIENTED_EDGE('',*,*,#3478,.F.);
#5942=ORIENTED_EDGE('',*,*,#4136,.T.);
#5943=ORIENTED_EDGE('',*,*,#4151,.T.);
#5944=ORIENTED_EDGE('',*,*,#4149,.F.);
#5945=ORIENTED_EDGE('',*,*,#4151,.F.);
#5946=ORIENTED_EDGE('',*,*,#4135,.F.);
#5947=ORIENTED_EDGE('',*,*,#4138,.F.);
#5948=ORIENTED_EDGE('',*,*,#4140,.F.);
#5949=ORIENTED_EDGE('',*,*,#4142,.F.);
#5950=ORIENTED_EDGE('',*,*,#4144,.F.);
#5951=ORIENTED_EDGE('',*,*,#4146,.F.);
#5952=ORIENTED_EDGE('',*,*,#4148,.F.);
#5953=ORIENTED_EDGE('',*,*,#4150,.F.);
#5954=ORIENTED_EDGE('',*,*,#3486,.F.);
#5955=ORIENTED_EDGE('',*,*,#4152,.T.);
#5956=ORIENTED_EDGE('',*,*,#4153,.T.);
#5957=ORIENTED_EDGE('',*,*,#4154,.F.);
#5958=ORIENTED_EDGE('',*,*,#3494,.F.);
#5959=ORIENTED_EDGE('',*,*,#4155,.T.);
#5960=ORIENTED_EDGE('',*,*,#4156,.T.);
#5961=ORIENTED_EDGE('',*,*,#4152,.F.);
#5962=ORIENTED_EDGE('',*,*,#3493,.F.);
#5963=ORIENTED_EDGE('',*,*,#4157,.T.);
#5964=ORIENTED_EDGE('',*,*,#4158,.T.);
#5965=ORIENTED_EDGE('',*,*,#4155,.F.);
#5966=ORIENTED_EDGE('',*,*,#3492,.F.);
#5967=ORIENTED_EDGE('',*,*,#4159,.T.);
#5968=ORIENTED_EDGE('',*,*,#4160,.T.);
#5969=ORIENTED_EDGE('',*,*,#4157,.F.);
#5970=ORIENTED_EDGE('',*,*,#3491,.F.);
#5971=ORIENTED_EDGE('',*,*,#4161,.T.);
#5972=ORIENTED_EDGE('',*,*,#4162,.T.);
#5973=ORIENTED_EDGE('',*,*,#4159,.F.);
#5974=ORIENTED_EDGE('',*,*,#3490,.F.);
#5975=ORIENTED_EDGE('',*,*,#4163,.T.);
#5976=ORIENTED_EDGE('',*,*,#4164,.T.);
#5977=ORIENTED_EDGE('',*,*,#4161,.F.);
#5978=ORIENTED_EDGE('',*,*,#3489,.F.);
#5979=ORIENTED_EDGE('',*,*,#4165,.T.);
#5980=ORIENTED_EDGE('',*,*,#4166,.T.);
#5981=ORIENTED_EDGE('',*,*,#4163,.F.);
#5982=ORIENTED_EDGE('',*,*,#3488,.F.);
#5983=ORIENTED_EDGE('',*,*,#4167,.T.);
#5984=ORIENTED_EDGE('',*,*,#4168,.T.);
#5985=ORIENTED_EDGE('',*,*,#4165,.F.);
#5986=ORIENTED_EDGE('',*,*,#3487,.F.);
#5987=ORIENTED_EDGE('',*,*,#4154,.T.);
#5988=ORIENTED_EDGE('',*,*,#4169,.T.);
#5989=ORIENTED_EDGE('',*,*,#4167,.F.);
#5990=ORIENTED_EDGE('',*,*,#4169,.F.);
#5991=ORIENTED_EDGE('',*,*,#4153,.F.);
#5992=ORIENTED_EDGE('',*,*,#4156,.F.);
#5993=ORIENTED_EDGE('',*,*,#4158,.F.);
#5994=ORIENTED_EDGE('',*,*,#4160,.F.);
#5995=ORIENTED_EDGE('',*,*,#4162,.F.);
#5996=ORIENTED_EDGE('',*,*,#4164,.F.);
#5997=ORIENTED_EDGE('',*,*,#4166,.F.);
#5998=ORIENTED_EDGE('',*,*,#4168,.F.);
#5999=ORIENTED_EDGE('',*,*,#4048,.T.);
#6000=ORIENTED_EDGE('',*,*,#4070,.T.);
#6001=ORIENTED_EDGE('',*,*,#4067,.T.);
#6002=ORIENTED_EDGE('',*,*,#4064,.T.);
#6003=ORIENTED_EDGE('',*,*,#4061,.T.);
#6004=ORIENTED_EDGE('',*,*,#4058,.T.);
#6005=ORIENTED_EDGE('',*,*,#4055,.T.);
#6006=ORIENTED_EDGE('',*,*,#4052,.T.);
#6007=ORIENTED_EDGE('',*,*,#3829,.T.);
#6008=ORIENTED_EDGE('',*,*,#3836,.T.);
#6009=ORIENTED_EDGE('',*,*,#3833,.T.);
#6010=ORIENTED_EDGE('',*,*,#3764,.T.);
#6011=ORIENTED_EDGE('',*,*,#3789,.T.);
#6012=ORIENTED_EDGE('',*,*,#3786,.T.);
#6013=ORIENTED_EDGE('',*,*,#3783,.T.);
#6014=ORIENTED_EDGE('',*,*,#3780,.T.);
#6015=ORIENTED_EDGE('',*,*,#3777,.T.);
#6016=ORIENTED_EDGE('',*,*,#3774,.T.);
#6017=ORIENTED_EDGE('',*,*,#3771,.T.);
#6018=ORIENTED_EDGE('',*,*,#3768,.T.);
#6019=ORIENTED_EDGE('',*,*,#3708,.T.);
#6020=ORIENTED_EDGE('',*,*,#3730,.T.);
#6021=ORIENTED_EDGE('',*,*,#3727,.T.);
#6022=ORIENTED_EDGE('',*,*,#3724,.T.);
#6023=ORIENTED_EDGE('',*,*,#3721,.T.);
#6024=ORIENTED_EDGE('',*,*,#3718,.T.);
#6025=ORIENTED_EDGE('',*,*,#3715,.T.);
#6026=ORIENTED_EDGE('',*,*,#3712,.T.);
#6027=ORIENTED_EDGE('',*,*,#3681,.T.);
#6028=ORIENTED_EDGE('',*,*,#3706,.T.);
#6029=ORIENTED_EDGE('',*,*,#3703,.T.);
#6030=ORIENTED_EDGE('',*,*,#3700,.T.);
#6031=ORIENTED_EDGE('',*,*,#3697,.T.);
#6032=ORIENTED_EDGE('',*,*,#3694,.T.);
#6033=ORIENTED_EDGE('',*,*,#3691,.T.);
#6034=ORIENTED_EDGE('',*,*,#3688,.T.);
#6035=ORIENTED_EDGE('',*,*,#3685,.T.);
#6036=ORIENTED_EDGE('',*,*,#4170,.T.);
#6037=ORIENTED_EDGE('',*,*,#4171,.T.);
#6038=ORIENTED_EDGE('',*,*,#4172,.T.);
#6039=ORIENTED_EDGE('',*,*,#4173,.T.);
#6040=ORIENTED_EDGE('',*,*,#4174,.T.);
#6041=ORIENTED_EDGE('',*,*,#4175,.T.);
#6042=ORIENTED_EDGE('',*,*,#4172,.F.);
#6043=ORIENTED_EDGE('',*,*,#4176,.T.);
#6044=ORIENTED_EDGE('',*,*,#4177,.T.);
#6045=ORIENTED_EDGE('',*,*,#4178,.T.);
#6046=ORIENTED_EDGE('',*,*,#4174,.F.);
#6047=ORIENTED_EDGE('',*,*,#4179,.T.);
#6048=ORIENTED_EDGE('',*,*,#4180,.T.);
#6049=ORIENTED_EDGE('',*,*,#4181,.T.);
#6050=ORIENTED_EDGE('',*,*,#4177,.F.);
#6051=ORIENTED_EDGE('',*,*,#4182,.T.);
#6052=ORIENTED_EDGE('',*,*,#4183,.T.);
#6053=ORIENTED_EDGE('',*,*,#4184,.T.);
#6054=ORIENTED_EDGE('',*,*,#4180,.F.);
#6055=ORIENTED_EDGE('',*,*,#4185,.T.);
#6056=ORIENTED_EDGE('',*,*,#4186,.T.);
#6057=ORIENTED_EDGE('',*,*,#4187,.T.);
#6058=ORIENTED_EDGE('',*,*,#4183,.F.);
#6059=ORIENTED_EDGE('',*,*,#4188,.T.);
#6060=ORIENTED_EDGE('',*,*,#4189,.T.);
#6061=ORIENTED_EDGE('',*,*,#4190,.T.);
#6062=ORIENTED_EDGE('',*,*,#4186,.F.);
#6063=ORIENTED_EDGE('',*,*,#4191,.T.);
#6064=ORIENTED_EDGE('',*,*,#4170,.F.);
#6065=ORIENTED_EDGE('',*,*,#4192,.T.);
#6066=ORIENTED_EDGE('',*,*,#4189,.F.);
#6067=ORIENTED_EDGE('',*,*,#4193,.T.);
#6068=ORIENTED_EDGE('',*,*,#4187,.F.);
#6069=ORIENTED_EDGE('',*,*,#4194,.T.);
#6070=ORIENTED_EDGE('',*,*,#4195,.F.);
#6071=ORIENTED_EDGE('',*,*,#4196,.T.);
#6072=ORIENTED_EDGE('',*,*,#4190,.F.);
#6073=ORIENTED_EDGE('',*,*,#4197,.F.);
#6074=ORIENTED_EDGE('',*,*,#4198,.F.);
#6075=ORIENTED_EDGE('',*,*,#4194,.F.);
#6076=ORIENTED_EDGE('',*,*,#4192,.F.);
#6077=ORIENTED_EDGE('',*,*,#4199,.T.);
#6078=ORIENTED_EDGE('',*,*,#4200,.F.);
#6079=ORIENTED_EDGE('',*,*,#4197,.T.);
#6080=ORIENTED_EDGE('',*,*,#4173,.F.);
#6081=ORIENTED_EDGE('',*,*,#4201,.F.);
#6082=ORIENTED_EDGE('',*,*,#4202,.F.);
#6083=ORIENTED_EDGE('',*,*,#4199,.F.);
#6084=ORIENTED_EDGE('',*,*,#4171,.F.);
#6085=ORIENTED_EDGE('',*,*,#4193,.F.);
#6086=ORIENTED_EDGE('',*,*,#4191,.F.);
#6087=ORIENTED_EDGE('',*,*,#4188,.F.);
#6088=ORIENTED_EDGE('',*,*,#4185,.F.);
#6089=ORIENTED_EDGE('',*,*,#4182,.F.);
#6090=ORIENTED_EDGE('',*,*,#4179,.F.);
#6091=ORIENTED_EDGE('',*,*,#4176,.F.);
#6092=ORIENTED_EDGE('',*,*,#4203,.T.);
#6093=ORIENTED_EDGE('',*,*,#3567,.T.);
#6094=ORIENTED_EDGE('',*,*,#4204,.T.);
#6095=ORIENTED_EDGE('',*,*,#4200,.T.);
#6096=ORIENTED_EDGE('',*,*,#3512,.F.);
#6097=ORIENTED_EDGE('',*,*,#3565,.T.);
#6098=ORIENTED_EDGE('',*,*,#4205,.T.);
#6099=ORIENTED_EDGE('',*,*,#4198,.T.);
#6100=ORIENTED_EDGE('',*,*,#4204,.F.);
#6101=ORIENTED_EDGE('',*,*,#3566,.T.);
#6102=ORIENTED_EDGE('',*,*,#4206,.T.);
#6103=ORIENTED_EDGE('',*,*,#4195,.T.);
#6104=ORIENTED_EDGE('',*,*,#4205,.F.);
#6105=ORIENTED_EDGE('',*,*,#3564,.T.);
#6106=ORIENTED_EDGE('',*,*,#4207,.T.);
#6107=ORIENTED_EDGE('',*,*,#4208,.T.);
#6108=ORIENTED_EDGE('',*,*,#4206,.F.);
#6109=ORIENTED_EDGE('',*,*,#3563,.T.);
#6110=ORIENTED_EDGE('',*,*,#4209,.T.);
#6111=ORIENTED_EDGE('',*,*,#4210,.T.);
#6112=ORIENTED_EDGE('',*,*,#4207,.F.);
#6113=ORIENTED_EDGE('',*,*,#3562,.T.);
#6114=ORIENTED_EDGE('',*,*,#3506,.F.);
#6115=ORIENTED_EDGE('',*,*,#3570,.T.);
#6116=ORIENTED_EDGE('',*,*,#4211,.T.);
#6117=ORIENTED_EDGE('',*,*,#4212,.T.);
#6118=ORIENTED_EDGE('',*,*,#4209,.F.);
#6119=ORIENTED_EDGE('',*,*,#3561,.T.);
#6120=ORIENTED_EDGE('',*,*,#4213,.T.);
#6121=ORIENTED_EDGE('',*,*,#4214,.T.);
#6122=ORIENTED_EDGE('',*,*,#4211,.F.);
#6123=ORIENTED_EDGE('',*,*,#3569,.T.);
#6124=ORIENTED_EDGE('',*,*,#4213,.F.);
#6125=ORIENTED_EDGE('',*,*,#3568,.T.);
#6126=ORIENTED_EDGE('',*,*,#4203,.F.);
#6127=ORIENTED_EDGE('',*,*,#4202,.T.);
#6128=ORIENTED_EDGE('',*,*,#4178,.F.);
#6129=ORIENTED_EDGE('',*,*,#4215,.F.);
#6130=ORIENTED_EDGE('',*,*,#4212,.F.);
#6131=ORIENTED_EDGE('',*,*,#4216,.F.);
#6132=ORIENTED_EDGE('',*,*,#4175,.F.);
#6133=ORIENTED_EDGE('',*,*,#4216,.T.);
#6134=ORIENTED_EDGE('',*,*,#4214,.F.);
#6135=ORIENTED_EDGE('',*,*,#4201,.T.);
#6136=ORIENTED_EDGE('',*,*,#4184,.F.);
#6137=ORIENTED_EDGE('',*,*,#4196,.F.);
#6138=ORIENTED_EDGE('',*,*,#4208,.F.);
#6139=ORIENTED_EDGE('',*,*,#4217,.F.);
#6140=ORIENTED_EDGE('',*,*,#4181,.F.);
#6141=ORIENTED_EDGE('',*,*,#4217,.T.);
#6142=ORIENTED_EDGE('',*,*,#4210,.F.);
#6143=ORIENTED_EDGE('',*,*,#4215,.T.);
#6144=ORIENTED_EDGE('',*,*,#3256,.T.);
#6145=ORIENTED_EDGE('',*,*,#4218,.F.);
#6146=ORIENTED_EDGE('',*,*,#3558,.T.);
#6147=ORIENTED_EDGE('',*,*,#3556,.F.);
#6148=ORIENTED_EDGE('',*,*,#4219,.T.);
#6149=ORIENTED_EDGE('',*,*,#3255,.T.);
#6150=ORIENTED_EDGE('',*,*,#4220,.F.);
#6151=ORIENTED_EDGE('',*,*,#3559,.T.);
#6152=ORIENTED_EDGE('',*,*,#4218,.T.);
#6153=ORIENTED_EDGE('',*,*,#3254,.T.);
#6154=ORIENTED_EDGE('',*,*,#4221,.F.);
#6155=ORIENTED_EDGE('',*,*,#3554,.F.);
#6156=ORIENTED_EDGE('',*,*,#3560,.F.);
#6157=ORIENTED_EDGE('',*,*,#4220,.T.);
#6158=ORIENTED_EDGE('',*,*,#4221,.T.);
#6159=ORIENTED_EDGE('',*,*,#3253,.F.);
#6160=ORIENTED_EDGE('',*,*,#4222,.T.);
#6161=ORIENTED_EDGE('',*,*,#4223,.T.);
#6162=ORIENTED_EDGE('',*,*,#4222,.F.);
#6163=ORIENTED_EDGE('',*,*,#3252,.F.);
#6164=ORIENTED_EDGE('',*,*,#4219,.F.);
#6165=ORIENTED_EDGE('',*,*,#3555,.F.);
#6166=ORIENTED_EDGE('',*,*,#3495,.F.);
#6167=ORIENTED_EDGE('',*,*,#4224,.T.);
#6168=ORIENTED_EDGE('',*,*,#4225,.T.);
#6169=ORIENTED_EDGE('',*,*,#4224,.F.);
#6170=ORIENTED_EDGE('',*,*,#3633,.T.);
#6171=ORIENTED_EDGE('',*,*,#3655,.T.);
#6172=ORIENTED_EDGE('',*,*,#3652,.T.);
#6173=ORIENTED_EDGE('',*,*,#3649,.T.);
#6174=ORIENTED_EDGE('',*,*,#3646,.T.);
#6175=ORIENTED_EDGE('',*,*,#3643,.T.);
#6176=ORIENTED_EDGE('',*,*,#3640,.T.);
#6177=ORIENTED_EDGE('',*,*,#3637,.T.);
#6178=ORIENTED_EDGE('',*,*,#4223,.F.);
#6179=ORIENTED_EDGE('',*,*,#4225,.F.);
#6180=CONICAL_SURFACE('',#6563,0.212007874015748,0.785398163397448);
#6181=CONICAL_SURFACE('',#6584,0.217007874015748,0.785398163397448);
#6182=CONICAL_SURFACE('',#6589,0.217007874015748,0.785398163397448);
#6183=CONICAL_SURFACE('',#6594,0.217007874015748,0.785398163397448);
#6184=CONICAL_SURFACE('',#6598,0.217007874015748,0.785398163397448);
#6185=CONICAL_SURFACE('',#6602,0.217007874015748,0.785398163397448);
#6186=CONICAL_SURFACE('',#6606,0.217007874015748,0.785398163397448);
#6187=CONICAL_SURFACE('',#6610,0.217007874015748,0.785398163397448);
#6188=CONICAL_SURFACE('',#6614,0.217007874015748,0.785398163397448);
#6189=CONICAL_SURFACE('',#6618,0.217007874015748,0.785398163397448);
#6190=CONICAL_SURFACE('',#6622,0.217007874015748,0.785398163397448);
#6191=CONICAL_SURFACE('',#6626,0.217007874015748,0.785398163397448);
#6192=ADVANCED_FACE('',(#839),#6180,.F.);
#6193=ADVANCED_FACE('',(#840,#699,#700,#701,#702,#703,#704,#705,#706,#707,
#708,#709,#710,#711,#712,#713,#714,#715,#716,#717,#718,#719,#720,#721,#722,
#723,#724,#725,#726),#744,.T.);
#6194=ADVANCED_FACE('',(#841),#241,.F.);
#6195=ADVANCED_FACE('',(#842),#6181,.F.);
#6196=ADVANCED_FACE('',(#843),#242,.F.);
#6197=ADVANCED_FACE('',(#844),#6182,.F.);
#6198=ADVANCED_FACE('',(#845),#243,.F.);
#6199=ADVANCED_FACE('',(#846),#6183,.F.);
#6200=ADVANCED_FACE('',(#847),#244,.F.);
#6201=ADVANCED_FACE('',(#848),#6184,.F.);
#6202=ADVANCED_FACE('',(#849),#245,.F.);
#6203=ADVANCED_FACE('',(#850),#6185,.F.);
#6204=ADVANCED_FACE('',(#851),#246,.F.);
#6205=ADVANCED_FACE('',(#852),#6186,.F.);
#6206=ADVANCED_FACE('',(#853),#247,.F.);
#6207=ADVANCED_FACE('',(#854),#6187,.F.);
#6208=ADVANCED_FACE('',(#855),#248,.F.);
#6209=ADVANCED_FACE('',(#856),#6188,.F.);
#6210=ADVANCED_FACE('',(#857),#249,.F.);
#6211=ADVANCED_FACE('',(#858),#6189,.F.);
#6212=ADVANCED_FACE('',(#859),#250,.F.);
#6213=ADVANCED_FACE('',(#860),#6190,.F.);
#6214=ADVANCED_FACE('',(#861),#251,.F.);
#6215=ADVANCED_FACE('',(#862),#6191,.F.);
#6216=ADVANCED_FACE('',(#863),#252,.F.);
#6217=ADVANCED_FACE('',(#864),#236,.F.);
#6218=ADVANCED_FACE('',(#865,#727,#728,#729,#730,#731,#732,#733,#734,#735,
#736),#745,.F.);
#6219=ADVANCED_FACE('',(#866),#23,.F.);
#6220=ADVANCED_FACE('',(#867),#24,.F.);
#6221=ADVANCED_FACE('',(#868),#25,.F.);
#6222=ADVANCED_FACE('',(#869),#26,.F.);
#6223=ADVANCED_FACE('',(#870),#27,.F.);
#6224=ADVANCED_FACE('',(#871),#28,.F.);
#6225=ADVANCED_FACE('',(#872),#29,.F.);
#6226=ADVANCED_FACE('',(#873),#30,.F.);
#6227=ADVANCED_FACE('',(#874),#31,.F.);
#6228=ADVANCED_FACE('',(#875),#746,.F.);
#6229=ADVANCED_FACE('',(#876),#32,.F.);
#6230=ADVANCED_FACE('',(#877),#33,.F.);
#6231=ADVANCED_FACE('',(#878),#34,.F.);
#6232=ADVANCED_FACE('',(#879),#35,.F.);
#6233=ADVANCED_FACE('',(#880),#36,.F.);
#6234=ADVANCED_FACE('',(#881),#37,.F.);
#6235=ADVANCED_FACE('',(#882),#38,.F.);
#6236=ADVANCED_FACE('',(#883),#39,.F.);
#6237=ADVANCED_FACE('',(#884),#40,.F.);
#6238=ADVANCED_FACE('',(#885),#747,.F.);
#6239=ADVANCED_FACE('',(#886),#748,.F.);
#6240=ADVANCED_FACE('',(#887),#749,.F.);
#6241=ADVANCED_FACE('',(#888),#750,.T.);
#6242=ADVANCED_FACE('',(#889),#751,.F.);
#6243=ADVANCED_FACE('',(#890),#41,.F.);
#6244=ADVANCED_FACE('',(#891),#42,.F.);
#6245=ADVANCED_FACE('',(#892),#752,.F.);
#6246=ADVANCED_FACE('',(#893),#43,.F.);
#6247=ADVANCED_FACE('',(#894),#44,.F.);
#6248=ADVANCED_FACE('',(#895),#753,.F.);
#6249=ADVANCED_FACE('',(#896),#754,.F.);
#6250=ADVANCED_FACE('',(#897),#755,.F.);
#6251=ADVANCED_FACE('',(#898),#756,.T.);
#6252=ADVANCED_FACE('',(#899),#45,.F.);
#6253=ADVANCED_FACE('',(#900),#46,.F.);
#6254=ADVANCED_FACE('',(#901),#47,.F.);
#6255=ADVANCED_FACE('',(#902),#48,.F.);
#6256=ADVANCED_FACE('',(#903),#49,.F.);
#6257=ADVANCED_FACE('',(#904),#50,.F.);
#6258=ADVANCED_FACE('',(#905),#51,.F.);
#6259=ADVANCED_FACE('',(#906),#52,.F.);
#6260=ADVANCED_FACE('',(#907),#53,.F.);
#6261=ADVANCED_FACE('',(#908),#54,.F.);
#6262=ADVANCED_FACE('',(#909),#55,.F.);
#6263=ADVANCED_FACE('',(#910),#56,.F.);
#6264=ADVANCED_FACE('',(#911),#57,.F.);
#6265=ADVANCED_FACE('',(#912),#58,.F.);
#6266=ADVANCED_FACE('',(#913),#59,.F.);
#6267=ADVANCED_FACE('',(#914),#60,.F.);
#6268=ADVANCED_FACE('',(#915),#61,.F.);
#6269=ADVANCED_FACE('',(#916),#62,.F.);
#6270=ADVANCED_FACE('',(#917),#63,.F.);
#6271=ADVANCED_FACE('',(#918),#64,.F.);
#6272=ADVANCED_FACE('',(#919,#737),#757,.T.);
#6273=ADVANCED_FACE('',(#920),#65,.F.);
#6274=ADVANCED_FACE('',(#921),#66,.F.);
#6275=ADVANCED_FACE('',(#922),#67,.F.);
#6276=ADVANCED_FACE('',(#923),#68,.F.);
#6277=ADVANCED_FACE('',(#924),#69,.F.);
#6278=ADVANCED_FACE('',(#925),#70,.F.);
#6279=ADVANCED_FACE('',(#926),#71,.F.);
#6280=ADVANCED_FACE('',(#927),#72,.F.);
#6281=ADVANCED_FACE('',(#928),#73,.F.);
#6282=ADVANCED_FACE('',(#929),#74,.F.);
#6283=ADVANCED_FACE('',(#930),#75,.F.);
#6284=ADVANCED_FACE('',(#931),#76,.F.);
#6285=ADVANCED_FACE('',(#932),#77,.F.);
#6286=ADVANCED_FACE('',(#933),#78,.F.);
#6287=ADVANCED_FACE('',(#934),#79,.F.);
#6288=ADVANCED_FACE('',(#935),#80,.F.);
#6289=ADVANCED_FACE('',(#936),#81,.F.);
#6290=ADVANCED_FACE('',(#937),#82,.F.);
#6291=ADVANCED_FACE('',(#938),#83,.F.);
#6292=ADVANCED_FACE('',(#939),#84,.F.);
#6293=ADVANCED_FACE('',(#940),#85,.F.);
#6294=ADVANCED_FACE('',(#941),#86,.F.);
#6295=ADVANCED_FACE('',(#942),#87,.F.);
#6296=ADVANCED_FACE('',(#943),#88,.F.);
#6297=ADVANCED_FACE('',(#944),#89,.F.);
#6298=ADVANCED_FACE('',(#945),#90,.F.);
#6299=ADVANCED_FACE('',(#946),#91,.F.);
#6300=ADVANCED_FACE('',(#947),#92,.F.);
#6301=ADVANCED_FACE('',(#948),#93,.F.);
#6302=ADVANCED_FACE('',(#949),#94,.F.);
#6303=ADVANCED_FACE('',(#950),#95,.F.);
#6304=ADVANCED_FACE('',(#951),#96,.F.);
#6305=ADVANCED_FACE('',(#952),#97,.F.);
#6306=ADVANCED_FACE('',(#953,#738,#739),#758,.T.);
#6307=ADVANCED_FACE('',(#954),#98,.F.);
#6308=ADVANCED_FACE('',(#955),#99,.F.);
#6309=ADVANCED_FACE('',(#956),#100,.F.);
#6310=ADVANCED_FACE('',(#957),#101,.F.);
#6311=ADVANCED_FACE('',(#958),#102,.F.);
#6312=ADVANCED_FACE('',(#959),#103,.F.);
#6313=ADVANCED_FACE('',(#960),#104,.F.);
#6314=ADVANCED_FACE('',(#961),#105,.F.);
#6315=ADVANCED_FACE('',(#962),#106,.F.);
#6316=ADVANCED_FACE('',(#963),#107,.F.);
#6317=ADVANCED_FACE('',(#964),#108,.F.);
#6318=ADVANCED_FACE('',(#965),#109,.F.);
#6319=ADVANCED_FACE('',(#966),#110,.F.);
#6320=ADVANCED_FACE('',(#967),#111,.F.);
#6321=ADVANCED_FACE('',(#968),#112,.F.);
#6322=ADVANCED_FACE('',(#969),#113,.F.);
#6323=ADVANCED_FACE('',(#970),#114,.F.);
#6324=ADVANCED_FACE('',(#971),#115,.F.);
#6325=ADVANCED_FACE('',(#972),#116,.F.);
#6326=ADVANCED_FACE('',(#973),#117,.F.);
#6327=ADVANCED_FACE('',(#974),#118,.F.);
#6328=ADVANCED_FACE('',(#975),#119,.F.);
#6329=ADVANCED_FACE('',(#976),#120,.F.);
#6330=ADVANCED_FACE('',(#977),#121,.F.);
#6331=ADVANCED_FACE('',(#978),#122,.F.);
#6332=ADVANCED_FACE('',(#979),#123,.F.);
#6333=ADVANCED_FACE('',(#980),#759,.F.);
#6334=ADVANCED_FACE('',(#981),#124,.F.);
#6335=ADVANCED_FACE('',(#982,#740),#760,.T.);
#6336=ADVANCED_FACE('',(#983),#761,.F.);
#6337=ADVANCED_FACE('',(#984),#762,.F.);
#6338=ADVANCED_FACE('',(#985),#763,.F.);
#6339=ADVANCED_FACE('',(#986),#764,.F.);
#6340=ADVANCED_FACE('',(#987),#765,.F.);
#6341=ADVANCED_FACE('',(#988),#766,.F.);
#6342=ADVANCED_FACE('',(#989),#767,.F.);
#6343=ADVANCED_FACE('',(#990),#768,.F.);
#6344=ADVANCED_FACE('',(#991),#769,.F.);
#6345=ADVANCED_FACE('',(#992),#770,.F.);
#6346=ADVANCED_FACE('',(#993),#771,.F.);
#6347=ADVANCED_FACE('',(#994),#772,.F.);
#6348=ADVANCED_FACE('',(#995),#773,.F.);
#6349=ADVANCED_FACE('',(#996),#774,.F.);
#6350=ADVANCED_FACE('',(#997,#741),#775,.F.);
#6351=ADVANCED_FACE('',(#998),#125,.F.);
#6352=ADVANCED_FACE('',(#999),#126,.F.);
#6353=ADVANCED_FACE('',(#1000),#127,.F.);
#6354=ADVANCED_FACE('',(#1001),#128,.F.);
#6355=ADVANCED_FACE('',(#1002),#129,.F.);
#6356=ADVANCED_FACE('',(#1003),#130,.F.);
#6357=ADVANCED_FACE('',(#1004),#131,.F.);
#6358=ADVANCED_FACE('',(#1005),#132,.F.);
#6359=ADVANCED_FACE('',(#1006),#133,.F.);
#6360=ADVANCED_FACE('',(#1007),#776,.F.);
#6361=ADVANCED_FACE('',(#1008),#134,.F.);
#6362=ADVANCED_FACE('',(#1009),#135,.F.);
#6363=ADVANCED_FACE('',(#1010),#136,.F.);
#6364=ADVANCED_FACE('',(#1011),#137,.F.);
#6365=ADVANCED_FACE('',(#1012),#138,.F.);
#6366=ADVANCED_FACE('',(#1013),#139,.F.);
#6367=ADVANCED_FACE('',(#1014),#140,.F.);
#6368=ADVANCED_FACE('',(#1015),#141,.F.);
#6369=ADVANCED_FACE('',(#1016),#142,.F.);
#6370=ADVANCED_FACE('',(#1017),#777,.F.);
#6371=ADVANCED_FACE('',(#1018),#778,.F.);
#6372=ADVANCED_FACE('',(#1019),#779,.F.);
#6373=ADVANCED_FACE('',(#1020),#780,.T.);
#6374=ADVANCED_FACE('',(#1021),#781,.F.);
#6375=ADVANCED_FACE('',(#1022),#143,.F.);
#6376=ADVANCED_FACE('',(#1023),#144,.F.);
#6377=ADVANCED_FACE('',(#1024),#782,.F.);
#6378=ADVANCED_FACE('',(#1025),#145,.F.);
#6379=ADVANCED_FACE('',(#1026),#146,.F.);
#6380=ADVANCED_FACE('',(#1027),#783,.F.);
#6381=ADVANCED_FACE('',(#1028),#784,.F.);
#6382=ADVANCED_FACE('',(#1029),#785,.F.);
#6383=ADVANCED_FACE('',(#1030),#786,.T.);
#6384=ADVANCED_FACE('',(#1031),#147,.F.);
#6385=ADVANCED_FACE('',(#1032),#148,.F.);
#6386=ADVANCED_FACE('',(#1033),#149,.F.);
#6387=ADVANCED_FACE('',(#1034),#150,.F.);
#6388=ADVANCED_FACE('',(#1035),#151,.F.);
#6389=ADVANCED_FACE('',(#1036),#152,.F.);
#6390=ADVANCED_FACE('',(#1037),#153,.F.);
#6391=ADVANCED_FACE('',(#1038),#154,.F.);
#6392=ADVANCED_FACE('',(#1039),#155,.F.);
#6393=ADVANCED_FACE('',(#1040),#156,.F.);
#6394=ADVANCED_FACE('',(#1041),#157,.F.);
#6395=ADVANCED_FACE('',(#1042),#158,.F.);
#6396=ADVANCED_FACE('',(#1043),#787,.F.);
#6397=ADVANCED_FACE('',(#1044),#159,.F.);
#6398=ADVANCED_FACE('',(#1045),#160,.F.);
#6399=ADVANCED_FACE('',(#1046),#161,.F.);
#6400=ADVANCED_FACE('',(#1047),#162,.F.);
#6401=ADVANCED_FACE('',(#1048),#163,.F.);
#6402=ADVANCED_FACE('',(#1049),#164,.F.);
#6403=ADVANCED_FACE('',(#1050),#165,.F.);
#6404=ADVANCED_FACE('',(#1051),#788,.F.);
#6405=ADVANCED_FACE('',(#1052),#166,.F.);
#6406=ADVANCED_FACE('',(#1053),#167,.F.);
#6407=ADVANCED_FACE('',(#1054),#168,.F.);
#6408=ADVANCED_FACE('',(#1055),#169,.F.);
#6409=ADVANCED_FACE('',(#1056),#170,.F.);
#6410=ADVANCED_FACE('',(#1057),#171,.F.);
#6411=ADVANCED_FACE('',(#1058),#172,.F.);
#6412=ADVANCED_FACE('',(#1059),#789,.F.);
#6413=ADVANCED_FACE('',(#1060),#173,.F.);
#6414=ADVANCED_FACE('',(#1061),#790,.T.);
#6415=ADVANCED_FACE('',(#1062),#174,.F.);
#6416=ADVANCED_FACE('',(#1063),#175,.F.);
#6417=ADVANCED_FACE('',(#1064),#176,.F.);
#6418=ADVANCED_FACE('',(#1065),#177,.F.);
#6419=ADVANCED_FACE('',(#1066),#178,.F.);
#6420=ADVANCED_FACE('',(#1067),#179,.F.);
#6421=ADVANCED_FACE('',(#1068),#791,.F.);
#6422=ADVANCED_FACE('',(#1069),#792,.F.);
#6423=ADVANCED_FACE('',(#1070),#793,.F.);
#6424=ADVANCED_FACE('',(#1071),#794,.F.);
#6425=ADVANCED_FACE('',(#1072),#795,.F.);
#6426=ADVANCED_FACE('',(#1073),#796,.F.);
#6427=ADVANCED_FACE('',(#1074),#180,.F.);
#6428=ADVANCED_FACE('',(#1075),#181,.F.);
#6429=ADVANCED_FACE('',(#1076),#182,.F.);
#6430=ADVANCED_FACE('',(#1077),#183,.F.);
#6431=ADVANCED_FACE('',(#1078),#184,.F.);
#6432=ADVANCED_FACE('',(#1079),#185,.F.);
#6433=ADVANCED_FACE('',(#1080),#186,.F.);
#6434=ADVANCED_FACE('',(#1081),#187,.F.);
#6435=ADVANCED_FACE('',(#1082),#797,.F.);
#6436=ADVANCED_FACE('',(#1083),#188,.F.);
#6437=ADVANCED_FACE('',(#1084),#798,.T.);
#6438=ADVANCED_FACE('',(#1085),#189,.F.);
#6439=ADVANCED_FACE('',(#1086),#190,.F.);
#6440=ADVANCED_FACE('',(#1087),#191,.F.);
#6441=ADVANCED_FACE('',(#1088),#799,.F.);
#6442=ADVANCED_FACE('',(#1089),#192,.F.);
#6443=ADVANCED_FACE('',(#1090),#193,.F.);
#6444=ADVANCED_FACE('',(#1091),#194,.F.);
#6445=ADVANCED_FACE('',(#1092),#800,.F.);
#6446=ADVANCED_FACE('',(#1093),#801,.F.);
#6447=ADVANCED_FACE('',(#1094),#802,.F.);
#6448=ADVANCED_FACE('',(#1095),#803,.F.);
#6449=ADVANCED_FACE('',(#1096),#804,.T.);
#6450=ADVANCED_FACE('',(#1097),#195,.F.);
#6451=ADVANCED_FACE('',(#1098),#196,.F.);
#6452=ADVANCED_FACE('',(#1099),#197,.F.);
#6453=ADVANCED_FACE('',(#1100),#198,.F.);
#6454=ADVANCED_FACE('',(#1101),#199,.F.);
#6455=ADVANCED_FACE('',(#1102),#200,.F.);
#6456=ADVANCED_FACE('',(#1103),#201,.F.);
#6457=ADVANCED_FACE('',(#1104),#202,.F.);
#6458=ADVANCED_FACE('',(#1105),#203,.F.);
#6459=ADVANCED_FACE('',(#1106),#204,.F.);
#6460=ADVANCED_FACE('',(#1107),#205,.F.);
#6461=ADVANCED_FACE('',(#1108),#206,.F.);
#6462=ADVANCED_FACE('',(#1109),#207,.F.);
#6463=ADVANCED_FACE('',(#1110),#208,.F.);
#6464=ADVANCED_FACE('',(#1111),#209,.F.);
#6465=ADVANCED_FACE('',(#1112),#210,.F.);
#6466=ADVANCED_FACE('',(#1113),#211,.F.);
#6467=ADVANCED_FACE('',(#1114),#212,.F.);
#6468=ADVANCED_FACE('',(#1115),#213,.F.);
#6469=ADVANCED_FACE('',(#1116),#214,.F.);
#6470=ADVANCED_FACE('',(#1117),#215,.F.);
#6471=ADVANCED_FACE('',(#1118),#216,.F.);
#6472=ADVANCED_FACE('',(#1119),#217,.F.);
#6473=ADVANCED_FACE('',(#1120),#218,.F.);
#6474=ADVANCED_FACE('',(#1121),#219,.F.);
#6475=ADVANCED_FACE('',(#1122),#220,.F.);
#6476=ADVANCED_FACE('',(#1123),#221,.F.);
#6477=ADVANCED_FACE('',(#1124),#222,.F.);
#6478=ADVANCED_FACE('',(#1125),#805,.F.);
#6479=ADVANCED_FACE('',(#1126),#223,.F.);
#6480=ADVANCED_FACE('',(#1127,#742),#806,.T.);
#6481=ADVANCED_FACE('',(#1128),#807,.F.);
#6482=ADVANCED_FACE('',(#1129),#224,.F.);
#6483=ADVANCED_FACE('',(#1130),#225,.F.);
#6484=ADVANCED_FACE('',(#1131),#808,.F.);
#6485=ADVANCED_FACE('',(#1132),#226,.F.);
#6486=ADVANCED_FACE('',(#1133),#227,.F.);
#6487=ADVANCED_FACE('',(#1134),#809,.F.);
#6488=ADVANCED_FACE('',(#1135),#810,.F.);
#6489=ADVANCED_FACE('',(#1136),#811,.F.);
#6490=ADVANCED_FACE('',(#1137),#812,.T.);
#6491=ADVANCED_FACE('',(#1138),#813,.F.);
#6492=ADVANCED_FACE('',(#1139),#228,.F.);
#6493=ADVANCED_FACE('',(#1140),#229,.F.);
#6494=ADVANCED_FACE('',(#1141),#814,.F.);
#6495=ADVANCED_FACE('',(#1142),#230,.F.);
#6496=ADVANCED_FACE('',(#1143),#231,.F.);
#6497=ADVANCED_FACE('',(#1144),#815,.F.);
#6498=ADVANCED_FACE('',(#1145),#816,.F.);
#6499=ADVANCED_FACE('',(#1146),#817,.F.);
#6500=ADVANCED_FACE('',(#1147),#818,.T.);
#6501=ADVANCED_FACE('',(#1148),#819,.F.);
#6502=ADVANCED_FACE('',(#1149),#232,.F.);
#6503=ADVANCED_FACE('',(#1150),#233,.F.);
#6504=ADVANCED_FACE('',(#1151),#820,.F.);
#6505=ADVANCED_FACE('',(#1152),#234,.F.);
#6506=ADVANCED_FACE('',(#1153),#235,.F.);
#6507=ADVANCED_FACE('',(#1154),#821,.F.);
#6508=ADVANCED_FACE('',(#1155),#822,.F.);
#6509=ADVANCED_FACE('',(#1156),#823,.F.);
#6510=ADVANCED_FACE('',(#1157),#824,.T.);
#6511=ADVANCED_FACE('',(#1158),#825,.T.);
#6512=ADVANCED_FACE('',(#1159),#826,.T.);
#6513=ADVANCED_FACE('',(#1160),#827,.T.);
#6514=ADVANCED_FACE('',(#1161),#828,.T.);
#6515=ADVANCED_FACE('',(#1162),#829,.T.);
#6516=ADVANCED_FACE('',(#1163),#253,.T.);
#6517=ADVANCED_FACE('',(#1164),#19,.F.);
#6518=ADVANCED_FACE('',(#1165),#254,.T.);
#6519=ADVANCED_FACE('',(#1166),#20,.F.);
#6520=ADVANCED_FACE('',(#1167),#255,.T.);
#6521=ADVANCED_FACE('',(#1168),#21,.F.);
#6522=ADVANCED_FACE('',(#1169),#256,.T.);
#6523=ADVANCED_FACE('',(#1170),#22,.F.);
#6524=ADVANCED_FACE('',(#1171),#257,.T.);
#6525=ADVANCED_FACE('',(#1172),#830,.T.);
#6526=ADVANCED_FACE('',(#1173),#258,.T.);
#6527=ADVANCED_FACE('',(#1174),#831,.T.);
#6528=ADVANCED_FACE('',(#1175),#832,.T.);
#6529=ADVANCED_FACE('',(#1176),#237,.F.);
#6530=ADVANCED_FACE('',(#1177),#259,.F.);
#6531=ADVANCED_FACE('',(#1178),#238,.F.);
#6532=ADVANCED_FACE('',(#1179),#260,.F.);
#6533=ADVANCED_FACE('',(#1180),#239,.F.);
#6534=ADVANCED_FACE('',(#1181),#261,.F.);
#6535=ADVANCED_FACE('',(#1182),#240,.F.);
#6536=ADVANCED_FACE('',(#1183),#262,.F.);
#6537=ADVANCED_FACE('',(#1184),#833,.T.);
#6538=ADVANCED_FACE('',(#1185),#263,.T.);
#6539=ADVANCED_FACE('',(#1186),#834,.T.);
#6540=ADVANCED_FACE('',(#1187),#264,.T.);
#6541=ADVANCED_FACE('',(#1188),#835,.T.);
#6542=ADVANCED_FACE('',(#1189),#265,.T.);
#6543=ADVANCED_FACE('',(#1190),#836,.T.);
#6544=ADVANCED_FACE('',(#1191),#266,.T.);
#6545=ADVANCED_FACE('',(#1192),#267,.F.);
#6546=ADVANCED_FACE('',(#1193),#837,.T.);
#6547=ADVANCED_FACE('',(#1194,#743),#838,.F.);
#6548=CLOSED_SHELL('',(#6192,#6193,#6194,#6195,#6196,#6197,#6198,#6199,
#6200,#6201,#6202,#6203,#6204,#6205,#6206,#6207,#6208,#6209,#6210,#6211,
#6212,#6213,#6214,#6215,#6216,#6217,#6218,#6219,#6220,#6221,#6222,#6223,
#6224,#6225,#6226,#6227,#6228,#6229,#6230,#6231,#6232,#6233,#6234,#6235,
#6236,#6237,#6238,#6239,#6240,#6241,#6242,#6243,#6244,#6245,#6246,#6247,
#6248,#6249,#6250,#6251,#6252,#6253,#6254,#6255,#6256,#6257,#6258,#6259,
#6260,#6261,#6262,#6263,#6264,#6265,#6266,#6267,#6268,#6269,#6270,#6271,
#6272,#6273,#6274,#6275,#6276,#6277,#6278,#6279,#6280,#6281,#6282,#6283,
#6284,#6285,#6286,#6287,#6288,#6289,#6290,#6291,#6292,#6293,#6294,#6295,
#6296,#6297,#6298,#6299,#6300,#6301,#6302,#6303,#6304,#6305,#6306,#6307,
#6308,#6309,#6310,#6311,#6312,#6313,#6314,#6315,#6316,#6317,#6318,#6319,
#6320,#6321,#6322,#6323,#6324,#6325,#6326,#6327,#6328,#6329,#6330,#6331,
#6332,#6333,#6334,#6335,#6336,#6337,#6338,#6339,#6340,#6341,#6342,#6343,
#6344,#6345,#6346,#6347,#6348,#6349,#6350,#6351,#6352,#6353,#6354,#6355,
#6356,#6357,#6358,#6359,#6360,#6361,#6362,#6363,#6364,#6365,#6366,#6367,
#6368,#6369,#6370,#6371,#6372,#6373,#6374,#6375,#6376,#6377,#6378,#6379,
#6380,#6381,#6382,#6383,#6384,#6385,#6386,#6387,#6388,#6389,#6390,#6391,
#6392,#6393,#6394,#6395,#6396,#6397,#6398,#6399,#6400,#6401,#6402,#6403,
#6404,#6405,#6406,#6407,#6408,#6409,#6410,#6411,#6412,#6413,#6414,#6415,
#6416,#6417,#6418,#6419,#6420,#6421,#6422,#6423,#6424,#6425,#6426,#6427,
#6428,#6429,#6430,#6431,#6432,#6433,#6434,#6435,#6436,#6437,#6438,#6439,
#6440,#6441,#6442,#6443,#6444,#6445,#6446,#6447,#6448,#6449,#6450,#6451,
#6452,#6453,#6454,#6455,#6456,#6457,#6458,#6459,#6460,#6461,#6462,#6463,
#6464,#6465,#6466,#6467,#6468,#6469,#6470,#6471,#6472,#6473,#6474,#6475,
#6476,#6477,#6478,#6479,#6480,#6481,#6482,#6483,#6484,#6485,#6486,#6487,
#6488,#6489,#6490,#6491,#6492,#6493,#6494,#6495,#6496,#6497,#6498,#6499,
#6500,#6501,#6502,#6503,#6504,#6505,#6506,#6507,#6508,#6509,#6510,#6511,
#6512,#6513,#6514,#6515,#6516,#6517,#6518,#6519,#6520,#6521,#6522,#6523,
#6524,#6525,#6526,#6527,#6528,#6529,#6530,#6531,#6532,#6533,#6534,#6535,
#6536,#6537,#6538,#6539,#6540,#6541,#6542,#6543,#6544,#6545,#6546,#6547));
#6549=DERIVED_UNIT_ELEMENT(#6551,1.);
#6550=DERIVED_UNIT_ELEMENT(#13370,-3.);
#6551=(
MASS_UNIT()
NAMED_UNIT(*)
SI_UNIT(.KILO.,.GRAM.)
);
#6552=DERIVED_UNIT((#6549,#6550));
#6553=MEASURE_REPRESENTATION_ITEM('density measure',
POSITIVE_RATIO_MEASURE(7850.),#6552);
#6554=PROPERTY_DEFINITION_REPRESENTATION(#6559,#6556);
#6555=PROPERTY_DEFINITION_REPRESENTATION(#6560,#6557);
#6556=REPRESENTATION('material name',(#6558),#13365);
#6557=REPRESENTATION('density',(#6553),#13365);
#6558=DESCRIPTIVE_REPRESENTATION_ITEM('Steel','Steel');
#6559=PROPERTY_DEFINITION('material property','material name',#13383);
#6560=PROPERTY_DEFINITION('material property','density of part',#13383);
#6561=AXIS2_PLACEMENT_3D('',#7695,#6784,#6785);
#6562=AXIS2_PLACEMENT_3D('',#7696,#6786,#6787);
#6563=AXIS2_PLACEMENT_3D('',#7697,#6788,#6789);
#6564=AXIS2_PLACEMENT_3D('',#7699,#6790,#6791);
#6565=AXIS2_PLACEMENT_3D('',#7702,#6793,#6794);
#6566=AXIS2_PLACEMENT_3D('',#7703,#6795,#6796);
#6567=AXIS2_PLACEMENT_3D('',#7706,#6797,#6798);
#6568=AXIS2_PLACEMENT_3D('',#7708,#6799,#6800);
#6569=AXIS2_PLACEMENT_3D('',#7712,#6802,#6803);
#6570=AXIS2_PLACEMENT_3D('',#7715,#6805,#6806);
#6571=AXIS2_PLACEMENT_3D('',#7717,#6807,#6808);
#6572=AXIS2_PLACEMENT_3D('',#7719,#6809,#6810);
#6573=AXIS2_PLACEMENT_3D('',#7721,#6811,#6812);
#6574=AXIS2_PLACEMENT_3D('',#7723,#6813,#6814);
#6575=AXIS2_PLACEMENT_3D('',#7725,#6815,#6816);
#6576=AXIS2_PLACEMENT_3D('',#8875,#6878,#6879);
#6577=AXIS2_PLACEMENT_3D('',#8877,#6880,#6881);
#6578=AXIS2_PLACEMENT_3D('',#8879,#6882,#6883);
#6579=AXIS2_PLACEMENT_3D('',#8881,#6884,#6885);
#6580=AXIS2_PLACEMENT_3D('',#8883,#6886,#6887);
#6581=AXIS2_PLACEMENT_3D('',#8885,#6888,#6889);
#6582=AXIS2_PLACEMENT_3D('',#8886,#6890,#6891);
#6583=AXIS2_PLACEMENT_3D('',#8888,#6892,#6893);
#6584=AXIS2_PLACEMENT_3D('',#8890,#6895,#6896);
#6585=AXIS2_PLACEMENT_3D('',#8893,#6898,#6899);
#6586=AXIS2_PLACEMENT_3D('',#8894,#6900,#6901);
#6587=AXIS2_PLACEMENT_3D('',#8897,#6902,#6903);
#6588=AXIS2_PLACEMENT_3D('',#8906,#6904,#6905);
#6589=AXIS2_PLACEMENT_3D('',#8908,#6907,#6908);
#6590=AXIS2_PLACEMENT_3D('',#8911,#6910,#6911);
#6591=AXIS2_PLACEMENT_3D('',#8912,#6912,#6913);
#6592=AXIS2_PLACEMENT_3D('',#8915,#6914,#6915);
#6593=AXIS2_PLACEMENT_3D('',#8928,#6916,#6917);
#6594=AXIS2_PLACEMENT_3D('',#8930,#6919,#6920);
#6595=AXIS2_PLACEMENT_3D('',#8933,#6922,#6923);
#6596=AXIS2_PLACEMENT_3D('',#8934,#6924,#6925);
#6597=AXIS2_PLACEMENT_3D('',#8936,#6926,#6927);
#6598=AXIS2_PLACEMENT_3D('',#8938,#6929,#6930);
#6599=AXIS2_PLACEMENT_3D('',#8941,#6932,#6933);
#6600=AXIS2_PLACEMENT_3D('',#8942,#6934,#6935);
#6601=AXIS2_PLACEMENT_3D('',#8944,#6936,#6937);
#6602=AXIS2_PLACEMENT_3D('',#8946,#6939,#6940);
#6603=AXIS2_PLACEMENT_3D('',#8949,#6942,#6943);
#6604=AXIS2_PLACEMENT_3D('',#8950,#6944,#6945);
#6605=AXIS2_PLACEMENT_3D('',#8952,#6946,#6947);
#6606=AXIS2_PLACEMENT_3D('',#8954,#6949,#6950);
#6607=AXIS2_PLACEMENT_3D('',#8957,#6952,#6953);
#6608=AXIS2_PLACEMENT_3D('',#8958,#6954,#6955);
#6609=AXIS2_PLACEMENT_3D('',#8960,#6956,#6957);
#6610=AXIS2_PLACEMENT_3D('',#8962,#6959,#6960);
#6611=AXIS2_PLACEMENT_3D('',#8965,#6962,#6963);
#6612=AXIS2_PLACEMENT_3D('',#8966,#6964,#6965);
#6613=AXIS2_PLACEMENT_3D('',#8968,#6966,#6967);
#6614=AXIS2_PLACEMENT_3D('',#8970,#6969,#6970);
#6615=AXIS2_PLACEMENT_3D('',#8973,#6972,#6973);
#6616=AXIS2_PLACEMENT_3D('',#8974,#6974,#6975);
#6617=AXIS2_PLACEMENT_3D('',#8976,#6976,#6977);
#6618=AXIS2_PLACEMENT_3D('',#8978,#6979,#6980);
#6619=AXIS2_PLACEMENT_3D('',#8981,#6982,#6983);
#6620=AXIS2_PLACEMENT_3D('',#8982,#6984,#6985);
#6621=AXIS2_PLACEMENT_3D('',#8984,#6986,#6987);
#6622=AXIS2_PLACEMENT_3D('',#8986,#6989,#6990);
#6623=AXIS2_PLACEMENT_3D('',#8989,#6992,#6993);
#6624=AXIS2_PLACEMENT_3D('',#8990,#6994,#6995);
#6625=AXIS2_PLACEMENT_3D('',#8992,#6996,#6997);
#6626=AXIS2_PLACEMENT_3D('',#8994,#6999,#7000);
#6627=AXIS2_PLACEMENT_3D('',#8997,#7002,#7003);
#6628=AXIS2_PLACEMENT_3D('',#8998,#7004,#7005);
#6629=AXIS2_PLACEMENT_3D('',#9001,#7006,#7007);
#6630=AXIS2_PLACEMENT_3D('',#9017,#7008,#7009);
#6631=AXIS2_PLACEMENT_3D('',#9019,#7011,#7012);
#6632=AXIS2_PLACEMENT_3D('',#9021,#7013,#7014);
#6633=AXIS2_PLACEMENT_3D('',#9028,#7015,#7016);
#6634=AXIS2_PLACEMENT_3D('',#9034,#7017,#7018);
#6635=AXIS2_PLACEMENT_3D('',#9035,#7019,#7020);
#6636=AXIS2_PLACEMENT_3D('',#9039,#7022,#7023);
#6637=AXIS2_PLACEMENT_3D('',#9044,#7026,#7027);
#6638=AXIS2_PLACEMENT_3D('',#9048,#7029,#7030);
#6639=AXIS2_PLACEMENT_3D('',#9053,#7033,#7034);
#6640=AXIS2_PLACEMENT_3D('',#9057,#7036,#7037);
#6641=AXIS2_PLACEMENT_3D('',#9214,#7049,#7050);
#6642=AXIS2_PLACEMENT_3D('',#9371,#7062,#7063);
#6643=AXIS2_PLACEMENT_3D('',#9375,#7066,#7067);
#6644=AXIS2_PLACEMENT_3D('',#9379,#7070,#7071);
#6645=AXIS2_PLACEMENT_3D('',#9381,#7073,#7074);
#6646=AXIS2_PLACEMENT_3D('',#9382,#7075,#7076);
#6647=AXIS2_PLACEMENT_3D('',#9422,#7082,#7083);
#6648=AXIS2_PLACEMENT_3D('',#9460,#7088,#7089);
#6649=AXIS2_PLACEMENT_3D('',#9464,#7092,#7093);
#6650=AXIS2_PLACEMENT_3D('',#9468,#7096,#7097);
#6651=AXIS2_PLACEMENT_3D('',#9470,#7099,#7100);
#6652=AXIS2_PLACEMENT_3D('',#9859,#7121,#7122);
#6653=AXIS2_PLACEMENT_3D('',#10523,#7156,#7157);
#6654=AXIS2_PLACEMENT_3D('',#11022,#7185,#7186);
#6655=AXIS2_PLACEMENT_3D('',#11041,#7189,#7190);
#6656=AXIS2_PLACEMENT_3D('',#11042,#7191,#7192);
#6657=AXIS2_PLACEMENT_3D('',#11051,#7197,#7198);
#6658=AXIS2_PLACEMENT_3D('',#11057,#7202,#7203);
#6659=AXIS2_PLACEMENT_3D('',#11060,#7206,#7207);
#6660=AXIS2_PLACEMENT_3D('',#11066,#7211,#7212);
#6661=AXIS2_PLACEMENT_3D('',#11070,#7215,#7216);
#6662=AXIS2_PLACEMENT_3D('',#11074,#7219,#7220);
#6663=AXIS2_PLACEMENT_3D('',#11078,#7223,#7224);
#6664=AXIS2_PLACEMENT_3D('',#11082,#7227,#7228);
#6665=AXIS2_PLACEMENT_3D('',#11086,#7231,#7232);
#6666=AXIS2_PLACEMENT_3D('',#11090,#7235,#7236);
#6667=AXIS2_PLACEMENT_3D('',#11094,#7239,#7240);
#6668=AXIS2_PLACEMENT_3D('',#11098,#7243,#7244);
#6669=AXIS2_PLACEMENT_3D('',#11102,#7247,#7248);
#6670=AXIS2_PLACEMENT_3D('',#11104,#7250,#7251);
#6671=AXIS2_PLACEMENT_3D('',#11260,#7262,#7263);
#6672=AXIS2_PLACEMENT_3D('',#11417,#7275,#7276);
#6673=AXIS2_PLACEMENT_3D('',#11421,#7279,#7280);
#6674=AXIS2_PLACEMENT_3D('',#11425,#7283,#7284);
#6675=AXIS2_PLACEMENT_3D('',#11427,#7286,#7287);
#6676=AXIS2_PLACEMENT_3D('',#11428,#7288,#7289);
#6677=AXIS2_PLACEMENT_3D('',#11468,#7295,#7296);
#6678=AXIS2_PLACEMENT_3D('',#11506,#7301,#7302);
#6679=AXIS2_PLACEMENT_3D('',#11510,#7305,#7306);
#6680=AXIS2_PLACEMENT_3D('',#11514,#7309,#7310);
#6681=AXIS2_PLACEMENT_3D('',#11516,#7312,#7313);
#6682=AXIS2_PLACEMENT_3D('',#11723,#7327,#7328);
#6683=AXIS2_PLACEMENT_3D('',#11846,#7338,#7339);
#6684=AXIS2_PLACEMENT_3D('',#11969,#7349,#7350);
#6685=AXIS2_PLACEMENT_3D('',#11988,#7353,#7354);
#6686=AXIS2_PLACEMENT_3D('',#12093,#7362,#7363);
#6687=AXIS2_PLACEMENT_3D('',#12097,#7366,#7367);
#6688=AXIS2_PLACEMENT_3D('',#12101,#7370,#7371);
#6689=AXIS2_PLACEMENT_3D('',#12105,#7374,#7375);
#6690=AXIS2_PLACEMENT_3D('',#12109,#7378,#7379);
#6691=AXIS2_PLACEMENT_3D('',#12113,#7382,#7383);
#6692=AXIS2_PLACEMENT_3D('',#12253,#7394,#7395);
#6693=AXIS2_PLACEMENT_3D('',#12272,#7398,#7399);
#6694=AXIS2_PLACEMENT_3D('',#12326,#7404,#7405);
#6695=AXIS2_PLACEMENT_3D('',#12381,#7411,#7412);
#6696=AXIS2_PLACEMENT_3D('',#12385,#7415,#7416);
#6697=AXIS2_PLACEMENT_3D('',#12389,#7419,#7420);
#6698=AXIS2_PLACEMENT_3D('',#12393,#7423,#7424);
#6699=AXIS2_PLACEMENT_3D('',#12395,#7426,#7427);
#6700=AXIS2_PLACEMENT_3D('',#12922,#7457,#7458);
#6701=AXIS2_PLACEMENT_3D('',#12941,#7461,#7462);
#6702=AXIS2_PLACEMENT_3D('',#12942,#7463,#7464);
#6703=AXIS2_PLACEMENT_3D('',#12982,#7470,#7471);
#6704=AXIS2_PLACEMENT_3D('',#13020,#7476,#7477);
#6705=AXIS2_PLACEMENT_3D('',#13024,#7480,#7481);
#6706=AXIS2_PLACEMENT_3D('',#13028,#7484,#7485);
#6707=AXIS2_PLACEMENT_3D('',#13030,#7487,#7488);
#6708=AXIS2_PLACEMENT_3D('',#13031,#7489,#7490);
#6709=AXIS2_PLACEMENT_3D('',#13071,#7496,#7497);
#6710=AXIS2_PLACEMENT_3D('',#13109,#7502,#7503);
#6711=AXIS2_PLACEMENT_3D('',#13113,#7506,#7507);
#6712=AXIS2_PLACEMENT_3D('',#13117,#7510,#7511);
#6713=AXIS2_PLACEMENT_3D('',#13119,#7513,#7514);
#6714=AXIS2_PLACEMENT_3D('',#13120,#7515,#7516);
#6715=AXIS2_PLACEMENT_3D('',#13160,#7522,#7523);
#6716=AXIS2_PLACEMENT_3D('',#13198,#7528,#7529);
#6717=AXIS2_PLACEMENT_3D('',#13202,#7532,#7533);
#6718=AXIS2_PLACEMENT_3D('',#13206,#7536,#7537);
#6719=AXIS2_PLACEMENT_3D('',#13208,#7539,#7540);
#6720=AXIS2_PLACEMENT_3D('',#13209,#7541,#7542);
#6721=AXIS2_PLACEMENT_3D('',#13210,#7543,#7544);
#6722=AXIS2_PLACEMENT_3D('',#13211,#7545,#7546);
#6723=AXIS2_PLACEMENT_3D('',#13212,#7547,#7548);
#6724=AXIS2_PLACEMENT_3D('',#13213,#7549,#7550);
#6725=AXIS2_PLACEMENT_3D('',#13214,#7551,#7552);
#6726=AXIS2_PLACEMENT_3D('',#13217,#7553,#7554);
#6727=AXIS2_PLACEMENT_3D('',#13221,#7556,#7557);
#6728=AXIS2_PLACEMENT_3D('',#13234,#7559,#7560);
#6729=AXIS2_PLACEMENT_3D('',#13235,#7561,#7562);
#6730=AXIS2_PLACEMENT_3D('',#13236,#7563,#7564);
#6731=AXIS2_PLACEMENT_3D('',#13237,#7565,#7566);
#6732=AXIS2_PLACEMENT_3D('',#13240,#7567,#7568);
#6733=AXIS2_PLACEMENT_3D('',#13254,#7571,#7572);
#6734=AXIS2_PLACEMENT_3D('',#13255,#7573,#7574);
#6735=AXIS2_PLACEMENT_3D('',#13256,#7575,#7576);
#6736=AXIS2_PLACEMENT_3D('',#13257,#7577,#7578);
#6737=AXIS2_PLACEMENT_3D('',#13260,#7579,#7580);
#6738=AXIS2_PLACEMENT_3D('',#13274,#7583,#7584);
#6739=AXIS2_PLACEMENT_3D('',#13275,#7585,#7586);
#6740=AXIS2_PLACEMENT_3D('',#13276,#7587,#7588);
#6741=AXIS2_PLACEMENT_3D('',#13277,#7589,#7590);
#6742=AXIS2_PLACEMENT_3D('',#13280,#7591,#7592);
#6743=AXIS2_PLACEMENT_3D('',#13292,#7595,#7596);
#6744=AXIS2_PLACEMENT_3D('',#13293,#7597,#7598);
#6745=AXIS2_PLACEMENT_3D('',#13294,#7599,#7600);
#6746=AXIS2_PLACEMENT_3D('',#13298,#7602,#7603);
#6747=AXIS2_PLACEMENT_3D('',#13300,#7605,#7606);
#6748=AXIS2_PLACEMENT_3D('',#13304,#7609,#7610);
#6749=AXIS2_PLACEMENT_3D('',#13307,#7612,#7613);
#6750=AXIS2_PLACEMENT_3D('',#13308,#7614,#7615);
#6751=AXIS2_PLACEMENT_3D('',#13312,#7618,#7619);
#6752=AXIS2_PLACEMENT_3D('',#13313,#7620,#7621);
#6753=AXIS2_PLACEMENT_3D('',#13314,#7622,#7623);
#6754=AXIS2_PLACEMENT_3D('',#13315,#7624,#7625);
#6755=AXIS2_PLACEMENT_3D('',#13316,#7626,#7627);
#6756=AXIS2_PLACEMENT_3D('',#13317,#7628,#7629);
#6757=AXIS2_PLACEMENT_3D('',#13318,#7630,#7631);
#6758=AXIS2_PLACEMENT_3D('',#13319,#7632,#7633);
#6759=AXIS2_PLACEMENT_3D('',#13320,#7634,#7635);
#6760=AXIS2_PLACEMENT_3D('',#13322,#7636,#7637);
#6761=AXIS2_PLACEMENT_3D('',#13324,#7639,#7640);
#6762=AXIS2_PLACEMENT_3D('',#13326,#7641,#7642);
#6763=AXIS2_PLACEMENT_3D('',#13327,#7643,#7644);
#6764=AXIS2_PLACEMENT_3D('',#13328,#7645,#7646);
#6765=AXIS2_PLACEMENT_3D('',#13330,#7647,#7648);
#6766=AXIS2_PLACEMENT_3D('',#13332,#7650,#7651);
#6767=AXIS2_PLACEMENT_3D('',#13333,#7652,#7653);
#6768=AXIS2_PLACEMENT_3D('',#13334,#7654,#7655);
#6769=AXIS2_PLACEMENT_3D('',#13335,#7656,#7657);
#6770=AXIS2_PLACEMENT_3D('',#13336,#7658,#7659);
#6771=AXIS2_PLACEMENT_3D('',#13339,#7662,#7663);
#6772=AXIS2_PLACEMENT_3D('',#13340,#7664,#7665);
#6773=AXIS2_PLACEMENT_3D('',#13342,#7667,#7668);
#6774=AXIS2_PLACEMENT_3D('',#13343,#7669,#7670);
#6775=AXIS2_PLACEMENT_3D('',#13346,#7673,#7674);
#6776=AXIS2_PLACEMENT_3D('',#13348,#7676,#7677);
#6777=AXIS2_PLACEMENT_3D('',#13350,#7679,#7680);
#6778=AXIS2_PLACEMENT_3D('',#13353,#7682,#7683);
#6779=AXIS2_PLACEMENT_3D('',#13354,#7684,#7685);
#6780=AXIS2_PLACEMENT_3D('',#13357,#7687,#7688);
#6781=AXIS2_PLACEMENT_3D('',#13358,#7689,#7690);
#6782=AXIS2_PLACEMENT_3D('',#13359,#7691,#7692);
#6783=AXIS2_PLACEMENT_3D('',#13360,#7693,#7694);
#6784=DIRECTION('axis',(0.,0.,1.));
#6785=DIRECTION('refdir',(1.,0.,0.));
#6786=DIRECTION('axis',(0.,0.,1.));
#6787=DIRECTION('refdir',(1.,0.,0.));
#6788=DIRECTION('center_axis',(0.,1.,0.));
#6789=DIRECTION('ref_axis',(1.,0.,0.));
#6790=DIRECTION('center_axis',(0.,1.,0.));
#6791=DIRECTION('ref_axis',(1.,0.,0.));
#6792=DIRECTION('',(0.707106781186548,-0.707106781186547,-8.65956056235493E-17));
#6793=DIRECTION('center_axis',(0.,-1.,0.));
#6794=DIRECTION('ref_axis',(1.,0.,0.));
#6795=DIRECTION('center_axis',(0.,1.,0.));
#6796=DIRECTION('ref_axis',(1.,0.,0.));
#6797=DIRECTION('center_axis',(0.,1.,0.));
#6798=DIRECTION('ref_axis',(1.,0.,0.));
#6799=DIRECTION('center_axis',(0.,1.,0.));
#6800=DIRECTION('ref_axis',(1.,0.,0.));
#6801=DIRECTION('',(0.00300662859901502,0.,0.999995480082019));
#6802=DIRECTION('center_axis',(0.,-1.,0.));
#6803=DIRECTION('ref_axis',(1.,0.,0.));
#6804=DIRECTION('',(0.00300662859901501,0.,-0.999995480082019));
#6805=DIRECTION('center_axis',(0.,1.,0.));
#6806=DIRECTION('ref_axis',(1.,0.,0.));
#6807=DIRECTION('center_axis',(0.,1.,0.));
#6808=DIRECTION('ref_axis',(1.,0.,0.));
#6809=DIRECTION('center_axis',(0.,1.,0.));
#6810=DIRECTION('ref_axis',(1.,0.,0.));
#6811=DIRECTION('center_axis',(0.,1.,0.));
#6812=DIRECTION('ref_axis',(1.,0.,0.));
#6813=DIRECTION('center_axis',(0.,1.,0.));
#6814=DIRECTION('ref_axis',(1.,0.,0.));
#6815=DIRECTION('center_axis',(0.,1.,0.));
#6816=DIRECTION('ref_axis',(1.,0.,0.));
#6817=DIRECTION('',(0.999998931585956,0.,-0.001461788954465));
#6818=DIRECTION('',(0.00146178895446098,0.,0.999998931585956));
#6819=DIRECTION('',(-0.999998931585956,0.,0.00146178895445996));
#6820=DIRECTION('',(-0.994915721823452,0.,-0.100711004704149));
#6821=DIRECTION('',(0.999998177391701,0.,0.00190924416358644));
#6822=DIRECTION('',(-0.00190924416052812,0.,0.999998177391707));
#6823=DIRECTION('',(-0.999998177391701,0.,-0.00190924416357084));
#6824=DIRECTION('',(0.00190924416052835,0.,-0.999998177391707));
#6825=DIRECTION('',(0.00190924416052651,0.,-0.999998177391707));
#6826=DIRECTION('',(-0.997102396752512,0.,0.0760710877429487));
#6827=DIRECTION('',(-0.00190924416052868,0.,0.999998177391707));
#6828=DIRECTION('',(-0.999998177391701,0.,-0.00190924416357084));
#6829=DIRECTION('',(0.00190924416052868,0.,-0.999998177391707));
#6830=DIRECTION('',(-0.999998177391701,0.,-0.00190924416358295));
#6831=DIRECTION('',(0.00190924416052746,0.,-0.999998177391707));
#6832=DIRECTION('',(0.577330423636082,0.,-0.816510613491449));
#6833=DIRECTION('',(0.999998177391701,0.,0.00190924416358353));
#6834=DIRECTION('',(-0.00190924416052846,0.,0.999998177391707));
#6835=DIRECTION('',(0.999998177391701,0.,0.00190924416357188));
#6836=DIRECTION('',(-0.00190924416052943,0.,0.999998177391707));
#6837=DIRECTION('',(-0.999998177391701,0.,-0.00190924416357188));
#6838=DIRECTION('',(0.999998177391701,0.,0.00190924416357798));
#6839=DIRECTION('',(-0.00190924416052664,0.,0.999998177391707));
#6840=DIRECTION('',(-0.999998177391701,0.,-0.00190924416357953));
#6841=DIRECTION('',(-0.994570559130322,0.,-0.104064417123237));
#6842=DIRECTION('',(0.999998177391701,0.,0.0019092441635818));
#6843=DIRECTION('',(-0.00190924416052812,0.,0.999998177391707));
#6844=DIRECTION('',(-0.999998177391701,0.,-0.00190924416358231));
#6845=DIRECTION('',(0.00190924416052836,0.,-0.999998177391707));
#6846=DIRECTION('',(0.00190924416052835,0.,-0.999998177391707));
#6847=DIRECTION('',(0.991478368880882,0.,-0.130271424500182));
#6848=DIRECTION('',(0.127475139531399,0.,-0.991841766009806));
#6849=DIRECTION('',(-0.984226428340464,0.,-0.176913362288366));
#6850=DIRECTION('',(0.996595036618838,0.,-0.0824520041399725));
#6851=DIRECTION('',(-0.991384875909539,0.,-0.130981020830605));
#6852=DIRECTION('',(0.187188529072964,0.,-0.982324006926177));
#6853=DIRECTION('',(0.999998177391701,0.,0.0019092441635817));
#6854=DIRECTION('',(-0.00190924416052807,0.,0.999998177391707));
#6855=DIRECTION('',(-0.999998177391701,0.,-0.00190924416357617));
#6856=DIRECTION('',(-0.198466127777912,0.,0.980107747201726));
#6857=DIRECTION('',(-0.999998177391701,0.,-0.00190924416358515));
#6858=DIRECTION('',(0.0019092441605285,0.,-0.999998177391707));
#6859=DIRECTION('',(0.999998177391701,0.,0.00190924416358209));
#6860=DIRECTION('',(-0.00190924416052929,0.,0.999998177391707));
#6861=DIRECTION('',(-0.999998177391701,0.,-0.00190924416360092));
#6862=DIRECTION('',(0.995924444192063,0.,-0.0901914711085864));
#6863=DIRECTION('',(0.999998177391701,0.,0.00190924416360424));
#6864=DIRECTION('',(-0.00190924416052834,0.,0.999998177391707));
#6865=DIRECTION('',(-0.999998177391701,0.,-0.00190924416358231));
#6866=DIRECTION('',(0.00190924416052835,0.,-0.999998177391707));
#6867=DIRECTION('',(0.00190924416052838,0.,-0.999998177391707));
#6868=DIRECTION('',(0.999998177391701,0.,0.00190924416358644));
#6869=DIRECTION('',(-0.00190924416052834,0.,0.999998177391707));
#6870=DIRECTION('',(-0.999998177391701,0.,-0.00190924416357084));
#6871=DIRECTION('',(0.00190924416052835,0.,-0.999998177391707));
#6872=DIRECTION('',(0.00190924416052838,0.,-0.999998177391707));
#6873=DIRECTION('',(0.999998931585956,0.,-0.00146178895448458));
#6874=DIRECTION('',(0.00146178895446098,0.,0.999998931585956));
#6875=DIRECTION('',(-0.999998931585956,0.,0.00146178895447611));
#6876=DIRECTION('',(-0.00146178895446099,0.,-0.999998931585956));
#6877=DIRECTION('',(-0.00146178895446031,0.,-0.999998931585956));
#6878=DIRECTION('center_axis',(0.,-1.,0.));
#6879=DIRECTION('ref_axis',(1.,0.,0.));
#6880=DIRECTION('center_axis',(0.,1.,0.));
#6881=DIRECTION('ref_axis',(1.,0.,0.));
#6882=DIRECTION('center_axis',(0.,1.,0.));
#6883=DIRECTION('ref_axis',(1.,0.,0.));
#6884=DIRECTION('center_axis',(0.,1.,0.));
#6885=DIRECTION('ref_axis',(1.,0.,0.));
#6886=DIRECTION('center_axis',(0.,1.,0.));
#6887=DIRECTION('ref_axis',(1.,0.,0.));
#6888=DIRECTION('center_axis',(0.,1.,0.));
#6889=DIRECTION('ref_axis',(1.,0.,0.));
#6890=DIRECTION('center_axis',(0.,1.,0.));
#6891=DIRECTION('ref_axis',(1.,0.,0.));
#6892=DIRECTION('center_axis',(0.,1.,0.));
#6893=DIRECTION('ref_axis',(1.,0.,0.));
#6894=DIRECTION('',(0.,1.,0.));
#6895=DIRECTION('center_axis',(0.,1.,0.));
#6896=DIRECTION('ref_axis',(1.,0.,0.));
#6897=DIRECTION('',(0.707106781186548,-0.707106781186548,-8.65956056235493E-17));
#6898=DIRECTION('center_axis',(0.,-1.,0.));
#6899=DIRECTION('ref_axis',(1.,0.,0.));
#6900=DIRECTION('center_axis',(0.,1.,0.));
#6901=DIRECTION('ref_axis',(1.,0.,0.));
#6902=DIRECTION('center_axis',(0.,1.,0.));
#6903=DIRECTION('ref_axis',(1.,0.,0.));
#6904=DIRECTION('center_axis',(0.,1.,0.));
#6905=DIRECTION('ref_axis',(1.,0.,0.));
#6906=DIRECTION('',(0.,1.,0.));
#6907=DIRECTION('center_axis',(0.,1.,0.));
#6908=DIRECTION('ref_axis',(1.,0.,0.));
#6909=DIRECTION('',(0.707106781186548,-0.707106781186548,-8.65956056235493E-17));
#6910=DIRECTION('center_axis',(0.,-1.,0.));
#6911=DIRECTION('ref_axis',(1.,0.,0.));
#6912=DIRECTION('center_axis',(0.,1.,0.));
#6913=DIRECTION('ref_axis',(1.,0.,0.));
#6914=DIRECTION('center_axis',(0.,1.,0.));
#6915=DIRECTION('ref_axis',(1.,0.,0.));
#6916=DIRECTION('center_axis',(0.,1.,0.));
#6917=DIRECTION('ref_axis',(1.,0.,0.));
#6918=DIRECTION('',(0.,1.,0.));
#6919=DIRECTION('center_axis',(0.,1.,0.));
#6920=DIRECTION('ref_axis',(1.,0.,0.));
#6921=DIRECTION('',(0.707106781186548,-0.707106781186548,-8.65956056235493E-17));
#6922=DIRECTION('center_axis',(0.,-1.,0.));
#6923=DIRECTION('ref_axis',(1.,0.,0.));
#6924=DIRECTION('center_axis',(0.,1.,0.));
#6925=DIRECTION('ref_axis',(1.,0.,0.));
#6926=DIRECTION('center_axis',(0.,1.,0.));
#6927=DIRECTION('ref_axis',(1.,0.,0.));
#6928=DIRECTION('',(0.,1.,0.));
#6929=DIRECTION('center_axis',(0.,1.,0.));
#6930=DIRECTION('ref_axis',(1.,0.,0.));
#6931=DIRECTION('',(0.707106781186548,-0.707106781186548,-8.65956056235493E-17));
#6932=DIRECTION('center_axis',(0.,-1.,0.));
#6933=DIRECTION('ref_axis',(1.,0.,0.));
#6934=DIRECTION('center_axis',(0.,1.,0.));
#6935=DIRECTION('ref_axis',(1.,0.,0.));
#6936=DIRECTION('center_axis',(0.,1.,0.));
#6937=DIRECTION('ref_axis',(1.,0.,0.));
#6938=DIRECTION('',(0.,1.,0.));
#6939=DIRECTION('center_axis',(0.,1.,0.));
#6940=DIRECTION('ref_axis',(1.,0.,0.));
#6941=DIRECTION('',(0.707106781186548,-0.707106781186548,-8.65956056235493E-17));
#6942=DIRECTION('center_axis',(0.,-1.,0.));
#6943=DIRECTION('ref_axis',(1.,0.,0.));
#6944=DIRECTION('center_axis',(0.,1.,0.));
#6945=DIRECTION('ref_axis',(1.,0.,0.));
#6946=DIRECTION('center_axis',(0.,1.,0.));
#6947=DIRECTION('ref_axis',(1.,0.,0.));
#6948=DIRECTION('',(0.,1.,0.));
#6949=DIRECTION('center_axis',(0.,1.,0.));
#6950=DIRECTION('ref_axis',(1.,0.,0.));
#6951=DIRECTION('',(0.707106781186547,-0.707106781186547,-8.65956056235493E-17));
#6952=DIRECTION('center_axis',(0.,-1.,0.));
#6953=DIRECTION('ref_axis',(1.,0.,0.));
#6954=DIRECTION('center_axis',(0.,1.,0.));
#6955=DIRECTION('ref_axis',(1.,0.,0.));
#6956=DIRECTION('center_axis',(0.,1.,0.));
#6957=DIRECTION('ref_axis',(1.,0.,0.));
#6958=DIRECTION('',(0.,1.,0.));
#6959=DIRECTION('center_axis',(0.,1.,0.));
#6960=DIRECTION('ref_axis',(1.,0.,0.));
#6961=DIRECTION('',(0.707106781186548,-0.707106781186548,-8.65956056235493E-17));
#6962=DIRECTION('center_axis',(0.,-1.,0.));
#6963=DIRECTION('ref_axis',(1.,0.,0.));
#6964=DIRECTION('center_axis',(0.,1.,0.));
#6965=DIRECTION('ref_axis',(1.,0.,0.));
#6966=DIRECTION('center_axis',(0.,1.,0.));
#6967=DIRECTION('ref_axis',(1.,0.,0.));
#6968=DIRECTION('',(0.,1.,0.));
#6969=DIRECTION('center_axis',(0.,1.,0.));
#6970=DIRECTION('ref_axis',(1.,0.,0.));
#6971=DIRECTION('',(0.707106781186547,-0.707106781186547,-8.65956056235493E-17));
#6972=DIRECTION('center_axis',(0.,-1.,0.));
#6973=DIRECTION('ref_axis',(1.,0.,0.));
#6974=DIRECTION('center_axis',(0.,1.,0.));
#6975=DIRECTION('ref_axis',(1.,0.,0.));
#6976=DIRECTION('center_axis',(0.,1.,0.));
#6977=DIRECTION('ref_axis',(1.,0.,0.));
#6978=DIRECTION('',(0.,1.,0.));
#6979=DIRECTION('center_axis',(0.,1.,0.));
#6980=DIRECTION('ref_axis',(1.,0.,0.));
#6981=DIRECTION('',(0.707106781186548,-0.707106781186548,-8.65956056235493E-17));
#6982=DIRECTION('center_axis',(0.,-1.,0.));
#6983=DIRECTION('ref_axis',(1.,0.,0.));
#6984=DIRECTION('center_axis',(0.,1.,0.));
#6985=DIRECTION('ref_axis',(1.,0.,0.));
#6986=DIRECTION('center_axis',(0.,1.,0.));
#6987=DIRECTION('ref_axis',(1.,0.,0.));
#6988=DIRECTION('',(0.,1.,0.));
#6989=DIRECTION('center_axis',(0.,1.,0.));
#6990=DIRECTION('ref_axis',(1.,0.,0.));
#6991=DIRECTION('',(0.707106781186548,-0.707106781186548,-8.65956056235493E-17));
#6992=DIRECTION('center_axis',(0.,-1.,0.));
#6993=DIRECTION('ref_axis',(1.,0.,0.));
#6994=DIRECTION('center_axis',(0.,1.,0.));
#6995=DIRECTION('ref_axis',(1.,0.,0.));
#6996=DIRECTION('center_axis',(0.,1.,0.));
#6997=DIRECTION('ref_axis',(1.,0.,0.));
#6998=DIRECTION('',(0.,1.,0.));
#6999=DIRECTION('center_axis',(0.,1.,0.));
#7000=DIRECTION('ref_axis',(1.,0.,0.));
#7001=DIRECTION('',(0.707106781186547,-0.707106781186547,-8.65956056235493E-17));
#7002=DIRECTION('center_axis',(0.,-1.,0.));
#7003=DIRECTION('ref_axis',(1.,0.,0.));
#7004=DIRECTION('center_axis',(0.,1.,0.));
#7005=DIRECTION('ref_axis',(1.,0.,0.));
#7006=DIRECTION('center_axis',(0.,1.,0.));
#7007=DIRECTION('ref_axis',(1.,0.,0.));
#7008=DIRECTION('center_axis',(0.,1.,0.));
#7009=DIRECTION('ref_axis',(1.,0.,0.));
#7010=DIRECTION('',(0.,1.,0.));
#7011=DIRECTION('center_axis',(0.,-1.,0.));
#7012=DIRECTION('ref_axis',(0.,0.,-1.));
#7013=DIRECTION('center_axis',(0.,-1.,0.));
#7014=DIRECTION('ref_axis',(-1.60812264967664E-16,0.,-1.));
#7015=DIRECTION('center_axis',(0.,1.,0.));
#7016=DIRECTION('ref_axis',(-1.60812264967664E-16,0.,-1.));
#7017=DIRECTION('center_axis',(0.,-1.,0.));
#7018=DIRECTION('ref_axis',(-1.60812264967664E-16,0.,-1.));
#7019=DIRECTION('center_axis',(0.,1.,0.));
#7020=DIRECTION('ref_axis',(1.,0.,0.));
#7021=DIRECTION('',(-0.00300662859901501,0.,0.999995480082019));
#7022=DIRECTION('center_axis',(0.,1.,0.));
#7023=DIRECTION('ref_axis',(1.,0.,0.));
#7024=DIRECTION('',(0.00300662859901502,0.,0.999995480082019));
#7025=DIRECTION('',(1.,0.,0.));
#7026=DIRECTION('center_axis',(0.,-1.,0.));
#7027=DIRECTION('ref_axis',(-0.707106781186545,0.,-0.70710678118655));
#7028=DIRECTION('',(0.,0.,-1.));
#7029=DIRECTION('center_axis',(0.,-1.,0.));
#7030=DIRECTION('ref_axis',(-0.707106781186551,0.,0.707106781186544));
#7031=DIRECTION('',(-1.,0.,0.));
#7032=DIRECTION('',(-1.,0.,0.));
#7033=DIRECTION('center_axis',(0.,-1.,0.));
#7034=DIRECTION('ref_axis',(0.707106781186545,0.,0.70710678118655));
#7035=DIRECTION('',(0.,0.,1.));
#7036=DIRECTION('center_axis',(0.,-1.,0.));
#7037=DIRECTION('ref_axis',(0.707106781186551,0.,-0.707106781186544));
#7038=DIRECTION('',(1.,0.,0.));
#7039=DIRECTION('',(0.,-1.,0.));
#7040=DIRECTION('',(0.,-1.,0.));
#7041=DIRECTION('',(0.,-1.,0.));
#7042=DIRECTION('',(0.,-1.,0.));
#7043=DIRECTION('',(0.,-1.,0.));
#7044=DIRECTION('',(0.,-1.,0.));
#7045=DIRECTION('',(0.,-1.,0.));
#7046=DIRECTION('',(0.,-1.,0.));
#7047=DIRECTION('',(0.,-1.,0.));
#7048=DIRECTION('',(0.,-1.,0.));
#7049=DIRECTION('center_axis',(-0.100711004704149,0.,0.994915721823452));
#7050=DIRECTION('ref_axis',(-0.994915721823452,0.,-0.100711004704149));
#7051=DIRECTION('',(0.,-1.,0.));
#7052=DIRECTION('',(-0.994915721823452,0.,-0.100711004704149));
#7053=DIRECTION('',(0.,-1.,0.));
#7054=DIRECTION('',(0.,-1.,0.));
#7055=DIRECTION('',(0.,-1.,0.));
#7056=DIRECTION('',(0.,-1.,0.));
#7057=DIRECTION('',(0.,-1.,0.));
#7058=DIRECTION('',(0.,-1.,0.));
#7059=DIRECTION('',(0.,-1.,0.));
#7060=DIRECTION('',(0.,-1.,0.));
#7061=DIRECTION('',(0.,-1.,0.));
#7062=DIRECTION('center_axis',(0.00146178895445996,0.,0.999998931585956));
#7063=DIRECTION('ref_axis',(-0.999998931585956,0.,0.00146178895445996));
#7064=DIRECTION('',(0.,-1.,0.));
#7065=DIRECTION('',(-0.999998931585956,0.,0.00146178895445996));
#7066=DIRECTION('center_axis',(0.999998931585956,0.,-0.00146178895446098));
#7067=DIRECTION('ref_axis',(0.00146178895446098,0.,0.999998931585956));
#7068=DIRECTION('',(0.,-1.,0.));
#7069=DIRECTION('',(0.00146178895446098,0.,0.999998931585956));
#7070=DIRECTION('center_axis',(-0.001461788954465,0.,-0.999998931585956));
#7071=DIRECTION('ref_axis',(0.999998931585956,0.,-0.001461788954465));
#7072=DIRECTION('',(0.999998931585956,0.,-0.001461788954465));
#7073=DIRECTION('center_axis',(0.,1.,0.));
#7074=DIRECTION('ref_axis',(-1.,0.,0.));
#7075=DIRECTION('center_axis',(0.00190924416358644,0.,-0.999998177391701));
#7076=DIRECTION('ref_axis',(0.999998177391701,0.,0.00190924416358644));
#7077=DIRECTION('',(0.,-1.,0.));
#7078=DIRECTION('',(0.999998177391701,0.,0.00190924416358644));
#7079=DIRECTION('',(0.,-1.,0.));
#7080=DIRECTION('',(0.,-1.,0.));
#7081=DIRECTION('',(0.,-1.,0.));
#7082=DIRECTION('center_axis',(-0.999998177391707,0.,-0.00190924416052651));
#7083=DIRECTION('ref_axis',(0.00190924416052651,0.,-0.999998177391707));
#7084=DIRECTION('',(0.,-1.,0.));
#7085=DIRECTION('',(0.00190924416052651,0.,-0.999998177391707));
#7086=DIRECTION('',(0.,-1.,0.));
#7087=DIRECTION('',(0.,-1.,0.));
#7088=DIRECTION('center_axis',(-0.999998177391707,0.,-0.00190924416052835));
#7089=DIRECTION('ref_axis',(0.00190924416052835,0.,-0.999998177391707));
#7090=DIRECTION('',(0.,-1.,0.));
#7091=DIRECTION('',(0.00190924416052835,0.,-0.999998177391707));
#7092=DIRECTION('center_axis',(-0.00190924416357084,0.,0.999998177391701));
#7093=DIRECTION('ref_axis',(-0.999998177391701,0.,-0.00190924416357084));
#7094=DIRECTION('',(0.,-1.,0.));
#7095=DIRECTION('',(-0.999998177391701,0.,-0.00190924416357084));
#7096=DIRECTION('center_axis',(0.999998177391707,0.,0.00190924416052812));
#7097=DIRECTION('ref_axis',(-0.00190924416052812,0.,0.999998177391707));
#7098=DIRECTION('',(-0.00190924416052812,0.,0.999998177391707));
#7099=DIRECTION('center_axis',(0.,1.,0.));
#7100=DIRECTION('ref_axis',(-1.,0.,0.));
#7101=DIRECTION('',(0.,-1.,0.));
#7102=DIRECTION('',(0.,-1.,0.));
#7103=DIRECTION('',(0.,-1.,0.));
#7104=DIRECTION('',(0.,-1.,0.));
#7105=DIRECTION('',(0.,-1.,0.));
#7106=DIRECTION('',(0.,-1.,0.));
#7107=DIRECTION('',(0.,-1.,0.));
#7108=DIRECTION('',(0.,-1.,0.));
#7109=DIRECTION('',(0.,-1.,0.));
#7110=DIRECTION('',(0.,-1.,0.));
#7111=DIRECTION('',(0.,-1.,0.));
#7112=DIRECTION('',(0.,-1.,0.));
#7113=DIRECTION('',(0.,-1.,0.));
#7114=DIRECTION('',(0.,-1.,0.));
#7115=DIRECTION('',(0.,-1.,0.));
#7116=DIRECTION('',(0.,-1.,0.));
#7117=DIRECTION('',(0.,-1.,0.));
#7118=DIRECTION('',(0.,-1.,0.));
#7119=DIRECTION('',(0.,-1.,0.));
#7120=DIRECTION('',(0.,-1.,0.));
#7121=DIRECTION('center_axis',(0.,1.,0.));
#7122=DIRECTION('ref_axis',(-1.,0.,0.));
#7123=DIRECTION('',(0.,-1.,0.));
#7124=DIRECTION('',(0.,-1.,0.));
#7125=DIRECTION('',(0.,-1.,0.));
#7126=DIRECTION('',(0.,-1.,0.));
#7127=DIRECTION('',(0.,-1.,0.));
#7128=DIRECTION('',(0.,-1.,0.));
#7129=DIRECTION('',(0.,-1.,0.));
#7130=DIRECTION('',(0.,-1.,0.));
#7131=DIRECTION('',(0.,-1.,0.));
#7132=DIRECTION('',(0.,-1.,0.));
#7133=DIRECTION('',(0.,-1.,0.));
#7134=DIRECTION('',(0.,-1.,0.));
#7135=DIRECTION('',(0.,-1.,0.));
#7136=DIRECTION('',(0.,-1.,0.));
#7137=DIRECTION('',(0.,-1.,0.));
#7138=DIRECTION('',(0.,-1.,0.));
#7139=DIRECTION('',(0.,-1.,0.));
#7140=DIRECTION('',(0.,-1.,0.));
#7141=DIRECTION('',(0.,-1.,0.));
#7142=DIRECTION('',(0.,-1.,0.));
#7143=DIRECTION('',(0.,-1.,0.));
#7144=DIRECTION('',(0.,-1.,0.));
#7145=DIRECTION('',(0.,-1.,0.));
#7146=DIRECTION('',(0.,-1.,0.));
#7147=DIRECTION('',(0.,-1.,0.));
#7148=DIRECTION('',(0.,-1.,0.));
#7149=DIRECTION('',(0.,-1.,0.));
#7150=DIRECTION('',(0.,-1.,0.));
#7151=DIRECTION('',(0.,-1.,0.));
#7152=DIRECTION('',(0.,-1.,0.));
#7153=DIRECTION('',(0.,-1.,0.));
#7154=DIRECTION('',(0.,-1.,0.));
#7155=DIRECTION('',(0.,-1.,0.));
#7156=DIRECTION('center_axis',(0.,1.,0.));
#7157=DIRECTION('ref_axis',(-1.,0.,0.));
#7158=DIRECTION('',(0.,-1.,0.));
#7159=DIRECTION('',(0.,-1.,0.));
#7160=DIRECTION('',(0.,-1.,0.));
#7161=DIRECTION('',(0.,-1.,0.));
#7162=DIRECTION('',(0.,-1.,0.));
#7163=DIRECTION('',(0.,-1.,0.));
#7164=DIRECTION('',(0.,-1.,0.));
#7165=DIRECTION('',(0.,-1.,0.));
#7166=DIRECTION('',(0.,-1.,0.));
#7167=DIRECTION('',(0.,-1.,0.));
#7168=DIRECTION('',(0.,-1.,0.));
#7169=DIRECTION('',(0.,-1.,0.));
#7170=DIRECTION('',(0.,-1.,0.));
#7171=DIRECTION('',(0.,-1.,0.));
#7172=DIRECTION('',(0.,-1.,0.));
#7173=DIRECTION('',(0.,-1.,0.));
#7174=DIRECTION('',(0.,-1.,0.));
#7175=DIRECTION('',(0.,-1.,0.));
#7176=DIRECTION('',(0.,-1.,0.));
#7177=DIRECTION('',(0.,-1.,0.));
#7178=DIRECTION('',(0.,-1.,0.));
#7179=DIRECTION('',(0.,-1.,0.));
#7180=DIRECTION('',(0.,-1.,0.));
#7181=DIRECTION('',(0.,-1.,0.));
#7182=DIRECTION('',(0.,-1.,0.));
#7183=DIRECTION('',(0.,-1.,0.));
#7184=DIRECTION('',(0.,-1.,0.));
#7185=DIRECTION('center_axis',(0.0760710877429487,0.,0.997102396752512));
#7186=DIRECTION('ref_axis',(-0.997102396752512,0.,0.0760710877429487));
#7187=DIRECTION('',(0.,-1.,0.));
#7188=DIRECTION('',(-0.997102396752512,0.,0.0760710877429487));
#7189=DIRECTION('center_axis',(0.,1.,0.));
#7190=DIRECTION('ref_axis',(-1.,0.,0.));
#7191=DIRECTION('center_axis',(0.820295690546395,0.,0.57193966471212));
#7192=DIRECTION('ref_axis',(-0.57193966471212,0.,0.820295690546395));
#7193=DIRECTION('',(-0.57193966471212,0.,0.820295690546395));
#7194=DIRECTION('',(0.,-1.,0.));
#7195=DIRECTION('',(-0.57193966471212,0.,0.820295690546395));
#7196=DIRECTION('',(0.,-1.,0.));
#7197=DIRECTION('center_axis',(-0.999998177391707,0.,-0.00190924416052808));
#7198=DIRECTION('ref_axis',(0.00190924416052808,0.,-0.999998177391707));
#7199=DIRECTION('',(0.00190924416052808,0.,-0.999998177391707));
#7200=DIRECTION('',(0.,-1.,0.));
#7201=DIRECTION('',(0.00190924416052808,0.,-0.999998177391707));
#7202=DIRECTION('center_axis',(0.00190924416357899,0.,-0.999998177391701));
#7203=DIRECTION('ref_axis',(0.999998177391701,0.,0.00190924416357899));
#7204=DIRECTION('',(0.999998177391701,0.,0.00190924416357899));
#7205=DIRECTION('',(0.999998177391701,0.,0.00190924416357899));
#7206=DIRECTION('center_axis',(0.999998177391707,0.,0.00190924416052868));
#7207=DIRECTION('ref_axis',(-0.00190924416052868,0.,0.999998177391707));
#7208=DIRECTION('',(0.,-1.,0.));
#7209=DIRECTION('',(-0.00190924416052868,0.,0.999998177391707));
#7210=DIRECTION('',(0.,-1.,0.));
#7211=DIRECTION('center_axis',(-0.00190924416357188,0.,0.999998177391701));
#7212=DIRECTION('ref_axis',(-0.999998177391701,0.,-0.00190924416357188));
#7213=DIRECTION('',(0.,-1.,0.));
#7214=DIRECTION('',(-0.999998177391701,0.,-0.00190924416357188));
#7215=DIRECTION('center_axis',(0.999998177391707,0.,0.00190924416052943));
#7216=DIRECTION('ref_axis',(-0.00190924416052943,0.,0.999998177391707));
#7217=DIRECTION('',(0.,-1.,0.));
#7218=DIRECTION('',(-0.00190924416052943,0.,0.999998177391707));
#7219=DIRECTION('center_axis',(0.00190924416357188,0.,-0.999998177391701));
#7220=DIRECTION('ref_axis',(0.999998177391701,0.,0.00190924416357188));
#7221=DIRECTION('',(0.,-1.,0.));
#7222=DIRECTION('',(0.999998177391701,0.,0.00190924416357188));
#7223=DIRECTION('center_axis',(0.999998177391707,0.,0.00190924416052846));
#7224=DIRECTION('ref_axis',(-0.00190924416052846,0.,0.999998177391707));
#7225=DIRECTION('',(0.,-1.,0.));
#7226=DIRECTION('',(-0.00190924416052846,0.,0.999998177391707));
#7227=DIRECTION('center_axis',(0.00190924416358353,0.,-0.999998177391701));
#7228=DIRECTION('ref_axis',(0.999998177391701,0.,0.00190924416358353));
#7229=DIRECTION('',(0.,-1.,0.));
#7230=DIRECTION('',(0.999998177391701,0.,0.00190924416358353));
#7231=DIRECTION('center_axis',(-0.816510613491449,0.,-0.577330423636082));
#7232=DIRECTION('ref_axis',(0.577330423636082,0.,-0.816510613491449));
#7233=DIRECTION('',(0.,-1.,0.));
#7234=DIRECTION('',(0.577330423636082,0.,-0.816510613491449));
#7235=DIRECTION('center_axis',(-0.999998177391707,0.,-0.00190924416052746));
#7236=DIRECTION('ref_axis',(0.00190924416052746,0.,-0.999998177391707));
#7237=DIRECTION('',(0.,-1.,0.));
#7238=DIRECTION('',(0.00190924416052746,0.,-0.999998177391707));
#7239=DIRECTION('center_axis',(-0.00190924416358295,0.,0.999998177391701));
#7240=DIRECTION('ref_axis',(-0.999998177391701,0.,-0.00190924416358295));
#7241=DIRECTION('',(0.,-1.,0.));
#7242=DIRECTION('',(-0.999998177391701,0.,-0.00190924416358295));
#7243=DIRECTION('center_axis',(-0.999998177391707,0.,-0.00190924416052868));
#7244=DIRECTION('ref_axis',(0.00190924416052868,0.,-0.999998177391707));
#7245=DIRECTION('',(0.,-1.,0.));
#7246=DIRECTION('',(0.00190924416052868,0.,-0.999998177391707));
#7247=DIRECTION('center_axis',(-0.00190924416357084,0.,0.999998177391701));
#7248=DIRECTION('ref_axis',(-0.999998177391701,0.,-0.00190924416357084));
#7249=DIRECTION('',(-0.999998177391701,0.,-0.00190924416357084));
#7250=DIRECTION('center_axis',(0.,-1.,0.));
#7251=DIRECTION('ref_axis',(0.,0.,-1.));
#7252=DIRECTION('',(0.,-1.,0.));
#7253=DIRECTION('',(0.,-1.,0.));
#7254=DIRECTION('',(0.,-1.,0.));
#7255=DIRECTION('',(0.,-1.,0.));
#7256=DIRECTION('',(0.,-1.,0.));
#7257=DIRECTION('',(0.,-1.,0.));
#7258=DIRECTION('',(0.,-1.,0.));
#7259=DIRECTION('',(0.,-1.,0.));
#7260=DIRECTION('',(0.,-1.,0.));
#7261=DIRECTION('',(0.,-1.,0.));
#7262=DIRECTION('center_axis',(-0.104064417123237,0.,0.994570559130322));
#7263=DIRECTION('ref_axis',(-0.994570559130322,0.,-0.104064417123237));
#7264=DIRECTION('',(0.,-1.,0.));
#7265=DIRECTION('',(-0.994570559130322,0.,-0.104064417123237));
#7266=DIRECTION('',(0.,-1.,0.));
#7267=DIRECTION('',(0.,-1.,0.));
#7268=DIRECTION('',(0.,-1.,0.));
#7269=DIRECTION('',(0.,-1.,0.));
#7270=DIRECTION('',(0.,-1.,0.));
#7271=DIRECTION('',(0.,-1.,0.));
#7272=DIRECTION('',(0.,-1.,0.));
#7273=DIRECTION('',(0.,-1.,0.));
#7274=DIRECTION('',(0.,-1.,0.));
#7275=DIRECTION('center_axis',(-0.00190924416357953,0.,0.999998177391701));
#7276=DIRECTION('ref_axis',(-0.999998177391701,0.,-0.00190924416357953));
#7277=DIRECTION('',(0.,-1.,0.));
#7278=DIRECTION('',(-0.999998177391701,0.,-0.00190924416357953));
#7279=DIRECTION('center_axis',(0.999998177391707,0.,0.00190924416052664));
#7280=DIRECTION('ref_axis',(-0.00190924416052664,0.,0.999998177391707));
#7281=DIRECTION('',(0.,-1.,0.));
#7282=DIRECTION('',(-0.00190924416052664,0.,0.999998177391707));
#7283=DIRECTION('center_axis',(0.00190924416357798,0.,-0.999998177391701));
#7284=DIRECTION('ref_axis',(0.999998177391701,0.,0.00190924416357798));
#7285=DIRECTION('',(0.999998177391701,0.,0.00190924416357798));
#7286=DIRECTION('center_axis',(0.,1.,0.));
#7287=DIRECTION('ref_axis',(-1.,0.,0.));
#7288=DIRECTION('center_axis',(0.0019092441635818,0.,-0.999998177391701));
#7289=DIRECTION('ref_axis',(0.999998177391701,0.,0.0019092441635818));
#7290=DIRECTION('',(0.,-1.,0.));
#7291=DIRECTION('',(0.999998177391701,0.,0.0019092441635818));
#7292=DIRECTION('',(0.,-1.,0.));
#7293=DIRECTION('',(0.,-1.,0.));
#7294=DIRECTION('',(0.,-1.,0.));
#7295=DIRECTION('center_axis',(-0.999998177391707,0.,-0.00190924416052835));
#7296=DIRECTION('ref_axis',(0.00190924416052835,0.,-0.999998177391707));
#7297=DIRECTION('',(0.,-1.,0.));
#7298=DIRECTION('',(0.00190924416052835,0.,-0.999998177391707));
#7299=DIRECTION('',(0.,-1.,0.));
#7300=DIRECTION('',(0.,-1.,0.));
#7301=DIRECTION('center_axis',(-0.999998177391707,0.,-0.00190924416052836));
#7302=DIRECTION('ref_axis',(0.00190924416052836,0.,-0.999998177391707));
#7303=DIRECTION('',(0.,-1.,0.));
#7304=DIRECTION('',(0.00190924416052836,0.,-0.999998177391707));
#7305=DIRECTION('center_axis',(-0.00190924416358231,0.,0.999998177391701));
#7306=DIRECTION('ref_axis',(-0.999998177391701,0.,-0.00190924416358231));
#7307=DIRECTION('',(0.,-1.,0.));
#7308=DIRECTION('',(-0.999998177391701,0.,-0.00190924416358231));
#7309=DIRECTION('center_axis',(0.999998177391707,0.,0.00190924416052812));
#7310=DIRECTION('ref_axis',(-0.00190924416052812,0.,0.999998177391707));
#7311=DIRECTION('',(-0.00190924416052812,0.,0.999998177391707));
#7312=DIRECTION('center_axis',(0.,1.,0.));
#7313=DIRECTION('ref_axis',(-1.,0.,0.));
#7314=DIRECTION('',(0.,-1.,0.));
#7315=DIRECTION('',(0.,-1.,0.));
#7316=DIRECTION('',(0.,-1.,0.));
#7317=DIRECTION('',(0.,-1.,0.));
#7318=DIRECTION('',(0.,-1.,0.));
#7319=DIRECTION('',(0.,-1.,0.));
#7320=DIRECTION('',(0.,-1.,0.));
#7321=DIRECTION('',(0.,-1.,0.));
#7322=DIRECTION('',(0.,-1.,0.));
#7323=DIRECTION('',(0.,-1.,0.));
#7324=DIRECTION('',(0.,-1.,0.));
#7325=DIRECTION('',(0.,-1.,0.));
#7326=DIRECTION('',(0.,-1.,0.));
#7327=DIRECTION('center_axis',(-0.176913362288366,0.,0.984226428340463));
#7328=DIRECTION('ref_axis',(-0.984226428340464,0.,-0.176913362288366));
#7329=DIRECTION('',(0.,-1.,0.));
#7330=DIRECTION('',(-0.984226428340463,0.,-0.176913362288366));
#7331=DIRECTION('',(0.,-1.,0.));
#7332=DIRECTION('',(0.,-1.,0.));
#7333=DIRECTION('',(0.,-1.,0.));
#7334=DIRECTION('',(0.,-1.,0.));
#7335=DIRECTION('',(0.,-1.,0.));
#7336=DIRECTION('',(0.,-1.,0.));
#7337=DIRECTION('',(0.,-1.,0.));
#7338=DIRECTION('center_axis',(-0.991841766009806,0.,-0.127475139531399));
#7339=DIRECTION('ref_axis',(0.127475139531399,0.,-0.991841766009806));
#7340=DIRECTION('',(0.,-1.,0.));
#7341=DIRECTION('',(0.127475139531399,0.,-0.991841766009806));
#7342=DIRECTION('',(0.,-1.,0.));
#7343=DIRECTION('',(0.,-1.,0.));
#7344=DIRECTION('',(0.,-1.,0.));
#7345=DIRECTION('',(0.,-1.,0.));
#7346=DIRECTION('',(0.,-1.,0.));
#7347=DIRECTION('',(0.,-1.,0.));
#7348=DIRECTION('',(0.,-1.,0.));
#7349=DIRECTION('center_axis',(-0.130271424500182,0.,-0.991478368880882));
#7350=DIRECTION('ref_axis',(0.991478368880882,0.,-0.130271424500182));
#7351=DIRECTION('',(0.,-1.,0.));
#7352=DIRECTION('',(0.991478368880882,0.,-0.130271424500182));
#7353=DIRECTION('center_axis',(0.,1.,0.));
#7354=DIRECTION('ref_axis',(-1.,0.,0.));
#7355=DIRECTION('',(0.,-1.,0.));
#7356=DIRECTION('',(0.,-1.,0.));
#7357=DIRECTION('',(0.,-1.,0.));
#7358=DIRECTION('',(0.,-1.,0.));
#7359=DIRECTION('',(0.,-1.,0.));
#7360=DIRECTION('',(0.,-1.,0.));
#7361=DIRECTION('',(0.,-1.,0.));
#7362=DIRECTION('center_axis',(0.980107747201726,0.,0.198466127777912));
#7363=DIRECTION('ref_axis',(-0.198466127777912,0.,0.980107747201726));
#7364=DIRECTION('',(0.,-1.,0.));
#7365=DIRECTION('',(-0.198466127777912,0.,0.980107747201726));
#7366=DIRECTION('center_axis',(-0.00190924416357617,0.,0.999998177391701));
#7367=DIRECTION('ref_axis',(-0.999998177391701,0.,-0.00190924416357617));
#7368=DIRECTION('',(0.,-1.,0.));
#7369=DIRECTION('',(-0.999998177391701,0.,-0.00190924416357617));
#7370=DIRECTION('center_axis',(0.999998177391707,0.,0.00190924416052807));
#7371=DIRECTION('ref_axis',(-0.00190924416052807,0.,0.999998177391707));
#7372=DIRECTION('',(0.,-1.,0.));
#7373=DIRECTION('',(-0.00190924416052807,0.,0.999998177391707));
#7374=DIRECTION('center_axis',(0.0019092441635817,0.,-0.999998177391701));
#7375=DIRECTION('ref_axis',(0.999998177391701,0.,0.0019092441635817));
#7376=DIRECTION('',(0.,-1.,0.));
#7377=DIRECTION('',(0.999998177391701,0.,0.0019092441635817));
#7378=DIRECTION('center_axis',(-0.982324006926177,0.,-0.187188529072964));
#7379=DIRECTION('ref_axis',(0.187188529072964,0.,-0.982324006926177));
#7380=DIRECTION('',(0.,-1.,0.));
#7381=DIRECTION('',(0.187188529072964,0.,-0.982324006926177));
#7382=DIRECTION('center_axis',(-0.130981020830605,0.,0.991384875909539));
#7383=DIRECTION('ref_axis',(-0.991384875909539,0.,-0.130981020830605));
#7384=DIRECTION('',(0.,-1.,0.));
#7385=DIRECTION('',(-0.991384875909539,0.,-0.130981020830605));
#7386=DIRECTION('',(0.,-1.,0.));
#7387=DIRECTION('',(0.,-1.,0.));
#7388=DIRECTION('',(0.,-1.,0.));
#7389=DIRECTION('',(0.,-1.,0.));
#7390=DIRECTION('',(0.,-1.,0.));
#7391=DIRECTION('',(0.,-1.,0.));
#7392=DIRECTION('',(0.,-1.,0.));
#7393=DIRECTION('',(0.,-1.,0.));
#7394=DIRECTION('center_axis',(-0.0824520041399725,0.,-0.996595036618837));
#7395=DIRECTION('ref_axis',(0.996595036618838,0.,-0.0824520041399725));
#7396=DIRECTION('',(0.,-1.,0.));
#7397=DIRECTION('',(0.996595036618838,0.,-0.0824520041399725));
#7398=DIRECTION('center_axis',(0.,1.,0.));
#7399=DIRECTION('ref_axis',(-1.,0.,0.));
#7400=DIRECTION('',(0.,-1.,0.));
#7401=DIRECTION('',(0.,-1.,0.));
#7402=DIRECTION('',(0.,-1.,0.));
#7403=DIRECTION('',(0.,-1.,0.));
#7404=DIRECTION('center_axis',(-0.00190924416360092,0.,0.999998177391701));
#7405=DIRECTION('ref_axis',(-0.999998177391701,0.,-0.00190924416360092));
#7406=DIRECTION('',(0.,-1.,0.));
#7407=DIRECTION('',(-0.999998177391701,0.,-0.00190924416360092));
#7408=DIRECTION('',(0.,-1.,0.));
#7409=DIRECTION('',(0.,-1.,0.));
#7410=DIRECTION('',(0.,-1.,0.));
#7411=DIRECTION('center_axis',(0.999998177391707,0.,0.00190924416052929));
#7412=DIRECTION('ref_axis',(-0.00190924416052929,0.,0.999998177391707));
#7413=DIRECTION('',(0.,-1.,0.));
#7414=DIRECTION('',(-0.00190924416052929,0.,0.999998177391707));
#7415=DIRECTION('center_axis',(0.00190924416358209,0.,-0.999998177391701));
#7416=DIRECTION('ref_axis',(0.999998177391701,0.,0.00190924416358209));
#7417=DIRECTION('',(0.,-1.,0.));
#7418=DIRECTION('',(0.999998177391701,0.,0.00190924416358209));
#7419=DIRECTION('center_axis',(-0.999998177391707,0.,-0.0019092441605285));
#7420=DIRECTION('ref_axis',(0.0019092441605285,0.,-0.999998177391707));
#7421=DIRECTION('',(0.,-1.,0.));
#7422=DIRECTION('',(0.0019092441605285,0.,-0.999998177391707));
#7423=DIRECTION('center_axis',(-0.00190924416358515,0.,0.999998177391701));
#7424=DIRECTION('ref_axis',(-0.999998177391701,0.,-0.00190924416358515));
#7425=DIRECTION('',(-0.999998177391701,0.,-0.00190924416358515));
#7426=DIRECTION('center_axis',(0.,1.,0.));
#7427=DIRECTION('ref_axis',(-1.,0.,0.));
#7428=DIRECTION('',(0.,-1.,0.));
#7429=DIRECTION('',(0.,-1.,0.));
#7430=DIRECTION('',(0.,-1.,0.));
#7431=DIRECTION('',(0.,-1.,0.));
#7432=DIRECTION('',(0.,-1.,0.));
#7433=DIRECTION('',(0.,-1.,0.));
#7434=DIRECTION('',(0.,-1.,0.));
#7435=DIRECTION('',(0.,-1.,0.));
#7436=DIRECTION('',(0.,-1.,0.));
#7437=DIRECTION('',(0.,-1.,0.));
#7438=DIRECTION('',(0.,-1.,0.));
#7439=DIRECTION('',(0.,-1.,0.));
#7440=DIRECTION('',(0.,-1.,0.));
#7441=DIRECTION('',(0.,-1.,0.));
#7442=DIRECTION('',(0.,-1.,0.));
#7443=DIRECTION('',(0.,-1.,0.));
#7444=DIRECTION('',(0.,-1.,0.));
#7445=DIRECTION('',(0.,-1.,0.));
#7446=DIRECTION('',(0.,-1.,0.));
#7447=DIRECTION('',(0.,-1.,0.));
#7448=DIRECTION('',(0.,-1.,0.));
#7449=DIRECTION('',(0.,-1.,0.));
#7450=DIRECTION('',(0.,-1.,0.));
#7451=DIRECTION('',(0.,-1.,0.));
#7452=DIRECTION('',(0.,-1.,0.));
#7453=DIRECTION('',(0.,-1.,0.));
#7454=DIRECTION('',(0.,-1.,0.));
#7455=DIRECTION('',(0.,-1.,0.));
#7456=DIRECTION('',(0.,-1.,0.));
#7457=DIRECTION('center_axis',(-0.0901914711085864,0.,-0.995924444192063));
#7458=DIRECTION('ref_axis',(0.995924444192063,0.,-0.0901914711085864));
#7459=DIRECTION('',(0.,-1.,0.));
#7460=DIRECTION('',(0.995924444192063,0.,-0.0901914711085864));
#7461=DIRECTION('center_axis',(0.,1.,0.));
#7462=DIRECTION('ref_axis',(-1.,0.,0.));
#7463=DIRECTION('center_axis',(0.00190924416360424,0.,-0.999998177391701));
#7464=DIRECTION('ref_axis',(0.999998177391701,0.,0.00190924416360424));
#7465=DIRECTION('',(0.,-1.,0.));
#7466=DIRECTION('',(0.999998177391701,0.,0.00190924416360424));
#7467=DIRECTION('',(0.,-1.,0.));
#7468=DIRECTION('',(0.,-1.,0.));
#7469=DIRECTION('',(0.,-1.,0.));
#7470=DIRECTION('center_axis',(-0.999998177391707,0.,-0.00190924416052838));
#7471=DIRECTION('ref_axis',(0.00190924416052838,0.,-0.999998177391707));
#7472=DIRECTION('',(0.,-1.,0.));
#7473=DIRECTION('',(0.00190924416052838,0.,-0.999998177391707));
#7474=DIRECTION('',(0.,-1.,0.));
#7475=DIRECTION('',(0.,-1.,0.));
#7476=DIRECTION('center_axis',(-0.999998177391707,0.,-0.00190924416052835));
#7477=DIRECTION('ref_axis',(0.00190924416052835,0.,-0.999998177391707));
#7478=DIRECTION('',(0.,-1.,0.));
#7479=DIRECTION('',(0.00190924416052835,0.,-0.999998177391707));
#7480=DIRECTION('center_axis',(-0.00190924416358231,0.,0.999998177391701));
#7481=DIRECTION('ref_axis',(-0.999998177391701,0.,-0.00190924416358231));
#7482=DIRECTION('',(0.,-1.,0.));
#7483=DIRECTION('',(-0.999998177391701,0.,-0.00190924416358231));
#7484=DIRECTION('center_axis',(0.999998177391707,0.,0.00190924416052834));
#7485=DIRECTION('ref_axis',(-0.00190924416052834,0.,0.999998177391707));
#7486=DIRECTION('',(-0.00190924416052834,0.,0.999998177391707));
#7487=DIRECTION('center_axis',(0.,1.,0.));
#7488=DIRECTION('ref_axis',(-1.,0.,0.));
#7489=DIRECTION('center_axis',(0.00190924416358644,0.,-0.999998177391701));
#7490=DIRECTION('ref_axis',(0.999998177391701,0.,0.00190924416358644));
#7491=DIRECTION('',(0.,-1.,0.));
#7492=DIRECTION('',(0.999998177391701,0.,0.00190924416358644));
#7493=DIRECTION('',(0.,-1.,0.));
#7494=DIRECTION('',(0.,-1.,0.));
#7495=DIRECTION('',(0.,-1.,0.));
#7496=DIRECTION('center_axis',(-0.999998177391707,0.,-0.00190924416052838));
#7497=DIRECTION('ref_axis',(0.00190924416052838,0.,-0.999998177391707));
#7498=DIRECTION('',(0.,-1.,0.));
#7499=DIRECTION('',(0.00190924416052838,0.,-0.999998177391707));
#7500=DIRECTION('',(0.,-1.,0.));
#7501=DIRECTION('',(0.,-1.,0.));
#7502=DIRECTION('center_axis',(-0.999998177391707,0.,-0.00190924416052835));
#7503=DIRECTION('ref_axis',(0.00190924416052835,0.,-0.999998177391707));
#7504=DIRECTION('',(0.,-1.,0.));
#7505=DIRECTION('',(0.00190924416052835,0.,-0.999998177391707));
#7506=DIRECTION('center_axis',(-0.00190924416357084,0.,0.999998177391701));
#7507=DIRECTION('ref_axis',(-0.999998177391701,0.,-0.00190924416357084));
#7508=DIRECTION('',(0.,-1.,0.));
#7509=DIRECTION('',(-0.999998177391701,0.,-0.00190924416357084));
#7510=DIRECTION('center_axis',(0.999998177391707,0.,0.00190924416052834));
#7511=DIRECTION('ref_axis',(-0.00190924416052834,0.,0.999998177391707));
#7512=DIRECTION('',(-0.00190924416052834,0.,0.999998177391707));
#7513=DIRECTION('center_axis',(0.,1.,0.));
#7514=DIRECTION('ref_axis',(-1.,0.,0.));
#7515=DIRECTION('center_axis',(-0.00146178895448458,0.,-0.999998931585956));
#7516=DIRECTION('ref_axis',(0.999998931585956,0.,-0.00146178895448458));
#7517=DIRECTION('',(0.,-1.,0.));
#7518=DIRECTION('',(0.999998931585956,0.,-0.00146178895448458));
#7519=DIRECTION('',(0.,-1.,0.));
#7520=DIRECTION('',(0.,-1.,0.));
#7521=DIRECTION('',(0.,-1.,0.));
#7522=DIRECTION('center_axis',(-0.999998931585956,0.,0.00146178895446031));
#7523=DIRECTION('ref_axis',(-0.00146178895446031,0.,-0.999998931585956));
#7524=DIRECTION('',(0.,-1.,0.));
#7525=DIRECTION('',(-0.00146178895446031,0.,-0.999998931585956));
#7526=DIRECTION('',(0.,-1.,0.));
#7527=DIRECTION('',(0.,-1.,0.));
#7528=DIRECTION('center_axis',(-0.999998931585956,0.,0.00146178895446099));
#7529=DIRECTION('ref_axis',(-0.00146178895446099,0.,-0.999998931585956));
#7530=DIRECTION('',(0.,-1.,0.));
#7531=DIRECTION('',(-0.00146178895446099,0.,-0.999998931585956));
#7532=DIRECTION('center_axis',(0.00146178895447611,0.,0.999998931585956));
#7533=DIRECTION('ref_axis',(-0.999998931585956,0.,0.00146178895447611));
#7534=DIRECTION('',(0.,-1.,0.));
#7535=DIRECTION('',(-0.999998931585956,0.,0.00146178895447611));
#7536=DIRECTION('center_axis',(0.999998931585956,0.,-0.00146178895446098));
#7537=DIRECTION('ref_axis',(0.00146178895446098,0.,0.999998931585956));
#7538=DIRECTION('',(0.00146178895446098,0.,0.999998931585956));
#7539=DIRECTION('center_axis',(0.,1.,0.));
#7540=DIRECTION('ref_axis',(-1.,0.,0.));
#7541=DIRECTION('center_axis',(0.,1.,0.));
#7542=DIRECTION('ref_axis',(1.,0.,0.));
#7543=DIRECTION('center_axis',(0.,1.,0.));
#7544=DIRECTION('ref_axis',(1.,0.,0.));
#7545=DIRECTION('center_axis',(0.,1.,0.));
#7546=DIRECTION('ref_axis',(1.,0.,0.));
#7547=DIRECTION('center_axis',(0.,1.,0.));
#7548=DIRECTION('ref_axis',(1.,0.,0.));
#7549=DIRECTION('center_axis',(0.,1.,0.));
#7550=DIRECTION('ref_axis',(1.,0.,0.));
#7551=DIRECTION('center_axis',(0.,0.,-1.));
#7552=DIRECTION('ref_axis',(0.707106781186547,-0.707106781186547,0.));
#7553=DIRECTION('center_axis',(0.,0.,-1.));
#7554=DIRECTION('ref_axis',(1.,0.,0.));
#7555=DIRECTION('',(0.,0.,-1.));
#7556=DIRECTION('center_axis',(0.,0.,1.));
#7557=DIRECTION('ref_axis',(0.,-1.,0.));
#7558=DIRECTION('',(0.,0.,1.));
#7559=DIRECTION('center_axis',(1.,0.,0.));
#7560=DIRECTION('ref_axis',(0.,-1.,0.));
#7561=DIRECTION('center_axis',(0.,-1.,0.));
#7562=DIRECTION('ref_axis',(0.707106781186551,0.,-0.707106781186544));
#7563=DIRECTION('center_axis',(0.,1.,0.));
#7564=DIRECTION('ref_axis',(0.707106781186551,0.,-0.707106781186544));
#7565=DIRECTION('center_axis',(-1.,0.,0.));
#7566=DIRECTION('ref_axis',(0.,-0.707106781186551,-0.707106781186544));
#7567=DIRECTION('center_axis',(1.,0.,0.));
#7568=DIRECTION('ref_axis',(0.,-1.,0.));
#7569=DIRECTION('',(1.,0.,0.));
#7570=DIRECTION('',(-1.,0.,0.));
#7571=DIRECTION('center_axis',(0.,0.,-1.));
#7572=DIRECTION('ref_axis',(0.,-1.,0.));
#7573=DIRECTION('center_axis',(0.,-1.,0.));
#7574=DIRECTION('ref_axis',(-0.707106781186545,0.,-0.70710678118655));
#7575=DIRECTION('center_axis',(0.,1.,0.));
#7576=DIRECTION('ref_axis',(-0.707106781186545,0.,-0.70710678118655));
#7577=DIRECTION('center_axis',(0.,0.,1.));
#7578=DIRECTION('ref_axis',(-0.707106781186547,-0.707106781186547,0.));
#7579=DIRECTION('center_axis',(0.,0.,-1.));
#7580=DIRECTION('ref_axis',(0.,-1.,0.));
#7581=DIRECTION('',(0.,0.,-1.));
#7582=DIRECTION('',(0.,0.,1.));
#7583=DIRECTION('center_axis',(-1.,0.,0.));
#7584=DIRECTION('ref_axis',(0.,-1.,0.));
#7585=DIRECTION('center_axis',(0.,-1.,0.));
#7586=DIRECTION('ref_axis',(-0.707106781186551,0.,0.707106781186544));
#7587=DIRECTION('center_axis',(0.,1.,0.));
#7588=DIRECTION('ref_axis',(-0.707106781186551,0.,0.707106781186544));
#7589=DIRECTION('center_axis',(1.,0.,0.));
#7590=DIRECTION('ref_axis',(0.,-0.707106781186551,0.707106781186544));
#7591=DIRECTION('center_axis',(-1.,0.,0.));
#7592=DIRECTION('ref_axis',(0.,-1.,0.));
#7593=DIRECTION('',(-1.,0.,0.));
#7594=DIRECTION('',(1.,0.,0.));
#7595=DIRECTION('center_axis',(0.,-1.,0.));
#7596=DIRECTION('ref_axis',(0.707106781186545,0.,0.70710678118655));
#7597=DIRECTION('center_axis',(0.,1.,0.));
#7598=DIRECTION('ref_axis',(0.707106781186545,0.,0.70710678118655));
#7599=DIRECTION('center_axis',(0.,-1.,0.));
#7600=DIRECTION('ref_axis',(-0.707106781186552,0.,0.707106781186543));
#7601=DIRECTION('',(0.,1.,0.));
#7602=DIRECTION('center_axis',(0.,1.,0.));
#7603=DIRECTION('ref_axis',(-0.707106781186551,0.,0.707106781186544));
#7604=DIRECTION('',(0.,-1.,0.));
#7605=DIRECTION('center_axis',(0.,0.,1.));
#7606=DIRECTION('ref_axis',(-1.,0.,0.));
#7607=DIRECTION('',(0.,-1.,0.));
#7608=DIRECTION('',(1.,0.,0.));
#7609=DIRECTION('center_axis',(0.,-1.,0.));
#7610=DIRECTION('ref_axis',(0.707106781186545,0.,0.70710678118655));
#7611=DIRECTION('',(0.,1.,0.));
#7612=DIRECTION('center_axis',(0.,1.,0.));
#7613=DIRECTION('ref_axis',(0.707106781186545,0.,0.70710678118655));
#7614=DIRECTION('center_axis',(1.,0.,0.));
#7615=DIRECTION('ref_axis',(0.,0.,1.));
#7616=DIRECTION('',(0.,-1.,0.));
#7617=DIRECTION('',(0.,0.,-1.));
#7618=DIRECTION('center_axis',(0.,-1.,0.));
#7619=DIRECTION('ref_axis',(0.,0.,-1.));
#7620=DIRECTION('center_axis',(0.,-1.,0.));
#7621=DIRECTION('ref_axis',(0.,0.,-1.));
#7622=DIRECTION('center_axis',(0.,0.,-1.));
#7623=DIRECTION('ref_axis',(-1.,0.,0.));
#7624=DIRECTION('center_axis',(-1.,0.,0.));
#7625=DIRECTION('ref_axis',(0.,1.,0.));
#7626=DIRECTION('center_axis',(1.,0.,0.));
#7627=DIRECTION('ref_axis',(0.,0.707106781186549,-0.707106781186546));
#7628=DIRECTION('center_axis',(-1.,0.,0.));
#7629=DIRECTION('ref_axis',(0.,1.,0.));
#7630=DIRECTION('center_axis',(0.,-1.,0.));
#7631=DIRECTION('ref_axis',(0.,0.,-1.));
#7632=DIRECTION('center_axis',(0.,0.,-1.));
#7633=DIRECTION('ref_axis',(0.,1.,0.));
#7634=DIRECTION('center_axis',(0.,0.,1.));
#7635=DIRECTION('ref_axis',(0.707106781186548,0.707106781186547,0.));
#7636=DIRECTION('center_axis',(0.,0.,-1.));
#7637=DIRECTION('ref_axis',(0.,1.,0.));
#7638=DIRECTION('',(0.,0.,1.));
#7639=DIRECTION('center_axis',(0.,-1.,0.));
#7640=DIRECTION('ref_axis',(0.,0.,-1.));
#7641=DIRECTION('center_axis',(1.,0.,0.));
#7642=DIRECTION('ref_axis',(0.,1.,0.));
#7643=DIRECTION('center_axis',(0.,1.,0.));
#7644=DIRECTION('ref_axis',(-0.707106781186545,0.,-0.70710678118655));
#7645=DIRECTION('center_axis',(-1.,0.,0.));
#7646=DIRECTION('ref_axis',(0.,0.707106781186549,0.707106781186546));
#7647=DIRECTION('center_axis',(1.,0.,0.));
#7648=DIRECTION('ref_axis',(0.,1.,0.));
#7649=DIRECTION('',(-1.,0.,0.));
#7650=DIRECTION('center_axis',(0.,-1.,0.));
#7651=DIRECTION('ref_axis',(0.,0.,-1.));
#7652=DIRECTION('center_axis',(0.,0.,1.));
#7653=DIRECTION('ref_axis',(0.,1.,0.));
#7654=DIRECTION('center_axis',(0.,1.,0.));
#7655=DIRECTION('ref_axis',(0.707106781186551,0.,-0.707106781186544));
#7656=DIRECTION('center_axis',(0.,0.,-1.));
#7657=DIRECTION('ref_axis',(-0.707106781186548,0.707106781186547,0.));
#7658=DIRECTION('center_axis',(0.,0.,-1.));
#7659=DIRECTION('ref_axis',(1.,0.,0.));
#7660=DIRECTION('',(0.,-1.,0.));
#7661=DIRECTION('',(0.,1.,0.));
#7662=DIRECTION('center_axis',(0.,-1.,0.));
#7663=DIRECTION('ref_axis',(0.707106781186552,0.,-0.707106781186543));
#7664=DIRECTION('center_axis',(-1.,0.,0.));
#7665=DIRECTION('ref_axis',(0.,0.,-1.));
#7666=DIRECTION('',(0.,1.,0.));
#7667=DIRECTION('center_axis',(0.,-1.,0.));
#7668=DIRECTION('ref_axis',(-0.707106781186545,0.,-0.70710678118655));
#7669=DIRECTION('center_axis',(-0.999995480082019,0.,-0.00300662859901501));
#7670=DIRECTION('ref_axis',(-0.00300662859901501,0.,0.999995480082019));
#7671=DIRECTION('',(0.,1.,0.));
#7672=DIRECTION('',(0.,1.,0.));
#7673=DIRECTION('center_axis',(0.,1.,0.));
#7674=DIRECTION('ref_axis',(1.,0.,0.));
#7675=DIRECTION('',(0.,1.,0.));
#7676=DIRECTION('center_axis',(0.999995480082019,0.,-0.00300662859901502));
#7677=DIRECTION('ref_axis',(-0.00300662859901502,0.,-0.999995480082019));
#7678=DIRECTION('',(0.,1.,0.));
#7679=DIRECTION('center_axis',(0.,1.,0.));
#7680=DIRECTION('ref_axis',(1.,0.,0.));
#7681=DIRECTION('',(0.,-1.,0.));
#7682=DIRECTION('center_axis',(0.,1.,0.));
#7683=DIRECTION('ref_axis',(1.,0.,0.));
#7684=DIRECTION('center_axis',(0.,1.,0.));
#7685=DIRECTION('ref_axis',(1.,0.,0.));
#7686=DIRECTION('',(0.,-1.,0.));
#7687=DIRECTION('center_axis',(0.,-1.,0.));
#7688=DIRECTION('ref_axis',(1.,0.,0.));
#7689=DIRECTION('center_axis',(0.,1.,0.));
#7690=DIRECTION('ref_axis',(1.,0.,0.));
#7691=DIRECTION('center_axis',(0.,1.,0.));
#7692=DIRECTION('ref_axis',(1.,0.,0.));
#7693=DIRECTION('',(0.,0.,1.));
#7694=DIRECTION('',(1.,0.,0.));
#7695=CARTESIAN_POINT('',(0.,0.,0.));
#7696=CARTESIAN_POINT('',(0.,0.,0.));
#7697=CARTESIAN_POINT('Origin',(0.,0.60492125984252,-12.));
#7698=CARTESIAN_POINT('',(-0.237007874015748,0.62992125984252,-12.));
#7699=CARTESIAN_POINT('Origin',(0.,0.62992125984252,-12.));
#7700=CARTESIAN_POINT('',(-0.187007874015748,0.57992125984252,-12.));
#7701=CARTESIAN_POINT('',(-0.212007874015748,0.60492125984252,-12.));
#7702=CARTESIAN_POINT('Origin',(0.,0.57992125984252,-12.));
#7703=CARTESIAN_POINT('Origin',(0.,0.62992125984252,0.));
#7704=CARTESIAN_POINT('',(-0.68602052127674,0.62992125984252,-0.00206261824164752));
#7705=CARTESIAN_POINT('',(-0.686023622047244,0.62992125984252,8.40136632879631E-17));
#7706=CARTESIAN_POINT('Origin',(0.,0.62992125984252,0.));
#7707=CARTESIAN_POINT('',(0.686020521276739,0.62992125984252,-0.00206261824164752));
#7708=CARTESIAN_POINT('Origin',(0.,0.62992125984252,0.));
#7709=CARTESIAN_POINT('',(0.649941141165135,0.62992125984252,-12.0019541404553));
#7710=CARTESIAN_POINT('',(0.676510592968422,0.62992125984252,-3.16503569956516));
#7711=CARTESIAN_POINT('',(-0.649941141165135,0.62992125984252,-12.0019541404553));
#7712=CARTESIAN_POINT('Origin',(0.,0.62992125984252,-12.));
#7713=CARTESIAN_POINT('',(-0.65847090291262,0.62992125984252,-9.16498146067196));
#7714=CARTESIAN_POINT('',(-0.242007874015748,0.62992125984252,-11.));
#7715=CARTESIAN_POINT('Origin',(0.,0.62992125984252,-11.));
#7716=CARTESIAN_POINT('',(-0.242007874015748,0.62992125984252,-9.));
#7717=CARTESIAN_POINT('Origin',(0.,0.62992125984252,-9.));
#7718=CARTESIAN_POINT('',(-0.242007874015748,0.62992125984252,-7.));
#7719=CARTESIAN_POINT('Origin',(0.,0.62992125984252,-7.));
#7720=CARTESIAN_POINT('',(-0.242007874015748,0.62992125984252,-5.));
#7721=CARTESIAN_POINT('Origin',(0.,0.62992125984252,-5.));
#7722=CARTESIAN_POINT('',(-0.242007874015748,0.62992125984252,-3.));
#7723=CARTESIAN_POINT('Origin',(0.,0.62992125984252,-3.));
#7724=CARTESIAN_POINT('',(-0.242007874015748,0.62992125984252,-1.));
#7725=CARTESIAN_POINT('Origin',(0.,0.62992125984252,-1.));
#7726=CARTESIAN_POINT('',(0.464819717513445,0.62992125984252,-11.9398487117564));
#7727=CARTESIAN_POINT('',(0.454633701969519,0.62992125984252,-11.9268089024843));
#7728=CARTESIAN_POINT('Ctrl Pts',(0.464819717513445,0.62992125984252,-11.9398487117564));
#7729=CARTESIAN_POINT('Ctrl Pts',(0.462880197416857,0.62992125984252,-11.9377351980538));
#7730=CARTESIAN_POINT('Ctrl Pts',(0.459138617682661,0.62992125984252,-11.9336579626326));
#7731=CARTESIAN_POINT('Ctrl Pts',(0.456098105808407,0.62992125984252,-11.9290353126133));
#7732=CARTESIAN_POINT('Ctrl Pts',(0.454633701969519,0.62992125984252,-11.9268089024843));
#7733=CARTESIAN_POINT('',(0.551178926185942,0.62992125984252,-11.9269500313775));
#7734=CARTESIAN_POINT('',(0.21860010727732,0.62992125984252,-11.9264638708141));
#7735=CARTESIAN_POINT('',(0.551212883467603,0.62992125984252,-11.9037201080177));
#7736=CARTESIAN_POINT('',(0.559895669893358,0.62992125984252,-5.96389061180555));
#7737=CARTESIAN_POINT('',(0.421098382646001,0.62992125984252,-11.9035299078744));
#7738=CARTESIAN_POINT('',(0.266906676667222,0.62992125984252,-11.9033045119009));
#7739=CARTESIAN_POINT('',(0.423893683450281,0.62992125984252,-11.9203186564539));
#7740=CARTESIAN_POINT('Ctrl Pts',(0.421098382646001,0.62992125984252,-11.9035299078744));
#7741=CARTESIAN_POINT('Ctrl Pts',(0.421142937027488,0.62992125984252,-11.9064071761424));
#7742=CARTESIAN_POINT('Ctrl Pts',(0.421231772141984,0.62992125984252,-11.9121440407895));
#7743=CARTESIAN_POINT('Ctrl Pts',(0.423008203726071,0.62992125984252,-11.9175993861305));
#7744=CARTESIAN_POINT('Ctrl Pts',(0.423893683450281,0.62992125984252,-11.9203186564539));
#7745=CARTESIAN_POINT('',(0.439700112442235,0.62992125984252,-11.9465258524368));
#7746=CARTESIAN_POINT('Ctrl Pts',(0.423893683450281,0.62992125984252,-11.9203186564539));
#7747=CARTESIAN_POINT('Ctrl Pts',(0.425863335689898,0.62992125984252,-11.9248224330708));
#7748=CARTESIAN_POINT('Ctrl Pts',(0.429984015357688,0.62992125984252,-11.9342447160305));
#7749=CARTESIAN_POINT('Ctrl Pts',(0.436367751570805,0.62992125984252,-11.9423137518309));
#7750=CARTESIAN_POINT('Ctrl Pts',(0.439700112442235,0.62992125984252,-11.9465258524368));
#7751=CARTESIAN_POINT('',(0.471345922834953,0.62992125984252,-11.9763816938688));
#7752=CARTESIAN_POINT('Ctrl Pts',(0.439700112442235,0.62992125984252,-11.9465258524368));
#7753=CARTESIAN_POINT('Ctrl Pts',(0.444084625637842,0.62992125984252,-11.9512537757493));
#7754=CARTESIAN_POINT('Ctrl Pts',(0.453964615307686,0.62992125984252,-11.9619076001085));
#7755=CARTESIAN_POINT('Ctrl Pts',(0.465133521486436,0.62992125984252,-11.9712083845851));
#7756=CARTESIAN_POINT('Ctrl Pts',(0.471345922834953,0.62992125984252,-11.9763816938688));
#7757=CARTESIAN_POINT('',(0.51465655916512,0.62992125984252,-12.0180709621539));
#7758=CARTESIAN_POINT('Ctrl Pts',(0.471345922834953,0.62992125984252,-11.9763816938688));
#7759=CARTESIAN_POINT('Ctrl Pts',(0.48057368241691,0.62992125984252,-11.9839689502068));
#7760=CARTESIAN_POINT('Ctrl Pts',(0.496111966527253,0.62992125984252,-11.9967448513939));
#7761=CARTESIAN_POINT('Ctrl Pts',(0.509300381231337,0.62992125984252,-12.0119114068541));
#7762=CARTESIAN_POINT('Ctrl Pts',(0.51465655916512,0.62992125984252,-12.0180709621539));
#7763=CARTESIAN_POINT('',(0.525893240550379,0.62992125984252,-12.0472255954199));
#7764=CARTESIAN_POINT('Ctrl Pts',(0.51465655916512,0.62992125984252,-12.0180709621539));
#7765=CARTESIAN_POINT('Ctrl Pts',(0.517931124111541,0.62992125984252,-12.0229063167925));
#7766=CARTESIAN_POINT('Ctrl Pts',(0.523945220989594,0.62992125984252,-12.0317869747462));
#7767=CARTESIAN_POINT('Ctrl Pts',(0.525283589181074,0.62992125984252,-12.0423939312911));
#7768=CARTESIAN_POINT('Ctrl Pts',(0.525893240550379,0.62992125984252,-12.0472255954199));
#7769=CARTESIAN_POINT('',(0.515518556019951,0.62992125984252,-12.0713803502819));
#7770=CARTESIAN_POINT('Ctrl Pts',(0.525893240550379,0.62992125984252,-12.0472255954199));
#7771=CARTESIAN_POINT('Ctrl Pts',(0.525459820943062,0.62992125984252,-12.0518200445798));
#7772=CARTESIAN_POINT('Ctrl Pts',(0.524595041174086,0.62992125984252,-12.0609871118191));
#7773=CARTESIAN_POINT('Ctrl Pts',(0.518539243841412,0.62992125984252,-12.0679214420903));
#7774=CARTESIAN_POINT('Ctrl Pts',(0.515518556019951,0.62992125984252,-12.0713803502819));
#7775=CARTESIAN_POINT('',(0.488782921763725,0.62992125984252,-12.0812777956808));
#7776=CARTESIAN_POINT('Ctrl Pts',(0.515518556019951,0.62992125984252,-12.0713803502819));
#7777=CARTESIAN_POINT('Ctrl Pts',(0.51174410691072,0.62992125984252,-12.0742716292592));
#7778=CARTESIAN_POINT('Ctrl Pts',(0.503869881512267,0.62992125984252,-12.0803033922262));
#7779=CARTESIAN_POINT('Ctrl Pts',(0.493948543204817,0.62992125984252,-12.0809441698568));
#7780=CARTESIAN_POINT('Ctrl Pts',(0.488782921763725,0.62992125984252,-12.0812777956808));
#7781=CARTESIAN_POINT('',(0.460868581282904,0.62992125984252,-12.070763352298));
#7782=CARTESIAN_POINT('Ctrl Pts',(0.488782921763725,0.62992125984252,-12.0812777956808));
#7783=CARTESIAN_POINT('Ctrl Pts',(0.483345019099057,0.62992125984252,-12.080919549751));
#7784=CARTESIAN_POINT('Ctrl Pts',(0.472947487906146,0.62992125984252,-12.0802345663191));
#7785=CARTESIAN_POINT('Ctrl Pts',(0.464769490758768,0.62992125984252,-12.0738221017093));
#7786=CARTESIAN_POINT('Ctrl Pts',(0.460868581282904,0.62992125984252,-12.070763352298));
#7787=CARTESIAN_POINT('',(0.450303099891529,0.62992125984252,-12.0417440102444));
#7788=CARTESIAN_POINT('Ctrl Pts',(0.460868581282904,0.62992125984252,-12.070763352298));
#7789=CARTESIAN_POINT('Ctrl Pts',(0.457815966444399,0.62992125984252,-12.0667593358534));
#7790=CARTESIAN_POINT('Ctrl Pts',(0.451304104907431,0.62992125984252,-12.0582179370664));
#7791=CARTESIAN_POINT('Ctrl Pts',(0.45065037556186,0.62992125984252,-12.0474592603073));
#7792=CARTESIAN_POINT('Ctrl Pts',(0.450303099891529,0.62992125984252,-12.0417440102444));
#7793=CARTESIAN_POINT('',(0.425458105321138,0.62992125984252,-12.0442589613204));
#7794=CARTESIAN_POINT('',(0.830720320919429,0.62992125984252,-12.0032360243959));
#7795=CARTESIAN_POINT('',(0.444597914846366,0.62992125984252,-12.0865842946814));
#7796=CARTESIAN_POINT('Ctrl Pts',(0.425458105321138,0.62992125984252,-12.0442589613204));
#7797=CARTESIAN_POINT('Ctrl Pts',(0.426683319310356,0.62992125984252,-12.0527879845372));
#7798=CARTESIAN_POINT('Ctrl Pts',(0.428984159068294,0.62992125984252,-12.0688047096858));
#7799=CARTESIAN_POINT('Ctrl Pts',(0.439623909357847,0.62992125984252,-12.0809203305072));
#7800=CARTESIAN_POINT('Ctrl Pts',(0.444597914846366,0.62992125984252,-12.0865842946814));
#7801=CARTESIAN_POINT('',(0.489290773589985,0.62992125984252,-12.1012858675037));
#7802=CARTESIAN_POINT('Ctrl Pts',(0.444597914846366,0.62992125984252,-12.0865842946814));
#7803=CARTESIAN_POINT('Ctrl Pts',(0.450886775394098,0.62992125984252,-12.0908576082948));
#7804=CARTESIAN_POINT('Ctrl Pts',(0.464333893336492,0.62992125984252,-12.0999949952233));
#7805=CARTESIAN_POINT('Ctrl Pts',(0.48062081394596,0.62992125984252,-12.1008374216057));
#7806=CARTESIAN_POINT('Ctrl Pts',(0.489290773589985,0.62992125984252,-12.1012858675037));
#7807=CARTESIAN_POINT('',(0.534162267336126,0.62992125984252,-12.0856409966642));
#7808=CARTESIAN_POINT('Ctrl Pts',(0.489290773589985,0.62992125984252,-12.1012858675037));
#7809=CARTESIAN_POINT('Ctrl Pts',(0.498052051836736,0.62992125984252,-12.1008172701941));
#7810=CARTESIAN_POINT('Ctrl Pts',(0.514577524718298,0.62992125984252,-12.0999334046308));
#7811=CARTESIAN_POINT('Ctrl Pts',(0.527902002412574,0.62992125984252,-12.0902095662907));
#7812=CARTESIAN_POINT('Ctrl Pts',(0.534162267336126,0.62992125984252,-12.0856409966642));
#7813=CARTESIAN_POINT('',(0.550735290849875,0.62992125984252,-12.0467247981243));
#7814=CARTESIAN_POINT('Ctrl Pts',(0.534162267336126,0.62992125984252,-12.0856409966642));
#7815=CARTESIAN_POINT('Ctrl Pts',(0.538987555617641,0.62992125984252,-12.0800774036814));
#7816=CARTESIAN_POINT('Ctrl Pts',(0.548690064861051,0.62992125984252,-12.0688903389522));
#7817=CARTESIAN_POINT('Ctrl Pts',(0.550051120503508,0.62992125984252,-12.0541396294576));
#7818=CARTESIAN_POINT('Ctrl Pts',(0.550735290849875,0.62992125984252,-12.0467247981243));
#7819=CARTESIAN_POINT('',(0.545935269689308,0.62992125984252,-12.0234877967674));
#7820=CARTESIAN_POINT('Ctrl Pts',(0.550735290849875,0.62992125984252,-12.0467247981243));
#7821=CARTESIAN_POINT('Ctrl Pts',(0.550529888969546,0.62992125984252,-12.0427796314256));
#7822=CARTESIAN_POINT('Ctrl Pts',(0.550113962898184,0.62992125984252,-12.0347909134876));
#7823=CARTESIAN_POINT('Ctrl Pts',(0.547339556765526,0.62992125984252,-12.0272863098283));
#7824=CARTESIAN_POINT('Ctrl Pts',(0.545935269689308,0.62992125984252,-12.0234877967674));
#7825=CARTESIAN_POINT('',(0.529857174450277,0.62992125984252,-11.9994286483418));
#7826=CARTESIAN_POINT('Ctrl Pts',(0.545935269689308,0.62992125984252,-12.0234877967674));
#7827=CARTESIAN_POINT('Ctrl Pts',(0.543931602276112,0.62992125984252,-12.0194877925457));
#7828=CARTESIAN_POINT('Ctrl Pts',(0.539581288182721,0.62992125984252,-12.01080308039));
#7829=CARTESIAN_POINT('Ctrl Pts',(0.533264549822413,0.62992125984252,-12.0034143030451));
#7830=CARTESIAN_POINT('Ctrl Pts',(0.529857174450277,0.62992125984252,-11.9994286483418));
#7831=CARTESIAN_POINT('',(0.492713032069042,0.62992125984252,-11.9647307807115));
#7832=CARTESIAN_POINT('Ctrl Pts',(0.529857174450277,0.62992125984252,-11.9994286483418));
#7833=CARTESIAN_POINT('Ctrl Pts',(0.524973978012735,0.62992125984252,-11.994360303454));
#7834=CARTESIAN_POINT('Ctrl Pts',(0.51320550306225,0.62992125984252,-11.9821456218176));
#7835=CARTESIAN_POINT('Ctrl Pts',(0.500276998778653,0.62992125984252,-11.971158764844));
#7836=CARTESIAN_POINT('Ctrl Pts',(0.492713032069042,0.62992125984252,-11.9647307807115));
#7837=CARTESIAN_POINT('Ctrl Pts',(0.492713032069042,0.62992125984252,-11.9647307807115));
#7838=CARTESIAN_POINT('Ctrl Pts',(0.486690501401924,0.62992125984252,-11.959693705177));
#7839=CARTESIAN_POINT('Ctrl Pts',(0.477126441154671,0.62992125984252,-11.9516945937496));
#7840=CARTESIAN_POINT('Ctrl Pts',(0.468145369115852,0.62992125984252,-11.9430498299079));
#7841=CARTESIAN_POINT('Ctrl Pts',(0.464819717513445,0.62992125984252,-11.9398487117564));
#7842=CARTESIAN_POINT('',(0.518195907542009,0.62992125984252,-11.0992580939057));
#7843=CARTESIAN_POINT('',(0.533772027749127,0.62992125984252,-11.0992283552349));
#7844=CARTESIAN_POINT('',(0.269694475794647,0.62992125984252,-11.0997325446786));
#7845=CARTESIAN_POINT('',(0.533394654060354,0.62992125984252,-10.9015726500242));
#7846=CARTESIAN_POINT('',(0.52317550574246,0.62992125984252,-5.54912485750984));
#7847=CARTESIAN_POINT('',(0.509224803458623,0.62992125984252,-10.9016187962545));
#7848=CARTESIAN_POINT('',(0.277105162209046,0.62992125984252,-10.9020619701325));
#7849=CARTESIAN_POINT('',(0.509518857533926,0.62992125984252,-11.0556344771382));
#7850=CARTESIAN_POINT('',(0.498816968296341,0.62992125984252,-5.45034315113476));
#7851=CARTESIAN_POINT('',(0.486525711014313,0.62992125984252,-11.039027976615));
#7852=CARTESIAN_POINT('Ctrl Pts',(0.509518857533926,0.62992125984252,-11.0556344771382));
#7853=CARTESIAN_POINT('Ctrl Pts',(0.50621326012597,0.62992125984252,-11.0527728476022));
#7854=CARTESIAN_POINT('Ctrl Pts',(0.499040324137493,0.62992125984252,-11.0465632936393));
#7855=CARTESIAN_POINT('Ctrl Pts',(0.490909501095719,0.62992125984252,-11.0416675506638));
#7856=CARTESIAN_POINT('Ctrl Pts',(0.486525711014313,0.62992125984252,-11.039027976615));
#7857=CARTESIAN_POINT('',(0.461123524482013,0.62992125984252,-11.0265886697127));
#7858=CARTESIAN_POINT('Ctrl Pts',(0.486525711014313,0.62992125984252,-11.039027976615));
#7859=CARTESIAN_POINT('Ctrl Pts',(0.482109242456183,0.62992125984252,-11.0364994114534));
#7860=CARTESIAN_POINT('Ctrl Pts',(0.473908301209657,0.62992125984252,-11.0318041183576));
#7861=CARTESIAN_POINT('Ctrl Pts',(0.465160401190295,0.62992125984252,-11.0282354816677));
#7862=CARTESIAN_POINT('Ctrl Pts',(0.461123524482013,0.62992125984252,-11.0265886697127));
#7863=CARTESIAN_POINT('',(0.461168132532943,0.62992125984252,-11.0499528734897));
#7864=CARTESIAN_POINT('',(0.450596478206316,0.62992125984252,-5.51287423409408));
#7865=CARTESIAN_POINT('',(0.496661345157355,0.62992125984252,-11.072980823715));
#7866=CARTESIAN_POINT('Ctrl Pts',(0.461168132532943,0.62992125984252,-11.0499528734897));
#7867=CARTESIAN_POINT('Ctrl Pts',(0.467655341203391,0.62992125984252,-11.0532285072128));
#7868=CARTESIAN_POINT('Ctrl Pts',(0.480320635487081,0.62992125984252,-11.0596236868926));
#7869=CARTESIAN_POINT('Ctrl Pts',(0.49130379763264,0.62992125984252,-11.0686014854388));
#7870=CARTESIAN_POINT('Ctrl Pts',(0.496661345157355,0.62992125984252,-11.072980823715));
#7871=CARTESIAN_POINT('Ctrl Pts',(0.496661345157355,0.62992125984252,-11.072980823715));
#7872=CARTESIAN_POINT('Ctrl Pts',(0.501236598421643,0.62992125984252,-11.0772267819696));
#7873=CARTESIAN_POINT('Ctrl Pts',(0.509624918652113,0.62992125984252,-11.0850113690662));
#7874=CARTESIAN_POINT('Ctrl Pts',(0.5155173797585,0.62992125984252,-11.0948058365528));
#7875=CARTESIAN_POINT('Ctrl Pts',(0.518195907542009,0.62992125984252,-11.0992580939057));
#7876=CARTESIAN_POINT('',(0.48786835446123,0.62992125984252,-9.89830262659898));
#7877=CARTESIAN_POINT('',(0.443193102338542,0.62992125984252,-9.91879811560541));
#7878=CARTESIAN_POINT('Ctrl Pts',(0.48786835446123,0.62992125984252,-9.89830262659898));
#7879=CARTESIAN_POINT('Ctrl Pts',(0.478963050989744,0.62992125984252,-9.899080292308));
#7880=CARTESIAN_POINT('Ctrl Pts',(0.461593523747781,0.62992125984252,-9.90059710594171));
#7881=CARTESIAN_POINT('Ctrl Pts',(0.449221854578349,0.62992125984252,-9.91283469904356));
#7882=CARTESIAN_POINT('Ctrl Pts',(0.443193102338542,0.62992125984252,-9.91879811560541));
#7883=CARTESIAN_POINT('',(0.42387572391292,0.62992125984252,-9.99886435195589));
#7884=CARTESIAN_POINT('Ctrl Pts',(0.443193102338542,0.62992125984252,-9.91879811560541));
#7885=CARTESIAN_POINT('Ctrl Pts',(0.437566323266635,0.62992125984252,-9.9293634793027));
#7886=CARTESIAN_POINT('Ctrl Pts',(0.424321696760813,0.62992125984252,-9.95423282183074));
#7887=CARTESIAN_POINT('Ctrl Pts',(0.4240385690829,0.62992125984252,-9.98256733041292));
#7888=CARTESIAN_POINT('Ctrl Pts',(0.42387572391292,0.62992125984252,-9.99886435195589));
#7889=CARTESIAN_POINT('',(0.431099573503198,0.62992125984252,-10.05497854921));
#7890=CARTESIAN_POINT('Ctrl Pts',(0.42387572391292,0.62992125984252,-9.99886435195589));
#7891=CARTESIAN_POINT('Ctrl Pts',(0.424035283687391,0.62992125984252,-10.0094216338584));
#7892=CARTESIAN_POINT('Ctrl Pts',(0.424322394031793,0.62992125984252,-10.0284183067545));
#7893=CARTESIAN_POINT('Ctrl Pts',(0.429014898834753,0.62992125984252,-10.0468085627328));
#7894=CARTESIAN_POINT('Ctrl Pts',(0.431099573503198,0.62992125984252,-10.05497854921));
#7895=CARTESIAN_POINT('',(0.452512399949938,0.62992125984252,-10.0878356304756));
#7896=CARTESIAN_POINT('Ctrl Pts',(0.431099573503198,0.62992125984252,-10.05497854921));
#7897=CARTESIAN_POINT('Ctrl Pts',(0.433668656770361,0.62992125984252,-10.0615582005253));
#7898=CARTESIAN_POINT('Ctrl Pts',(0.438533539899312,0.62992125984252,-10.0740175999879));
#7899=CARTESIAN_POINT('Ctrl Pts',(0.448030611688443,0.62992125984252,-10.0834054060787));
#7900=CARTESIAN_POINT('Ctrl Pts',(0.452512399949938,0.62992125984252,-10.0878356304756));
#7901=CARTESIAN_POINT('',(0.488252137364825,0.62992125984252,-10.0993152639783));
#7902=CARTESIAN_POINT('Ctrl Pts',(0.452512399949938,0.62992125984252,-10.0878356304756));
#7903=CARTESIAN_POINT('Ctrl Pts',(0.45770847385487,0.62992125984252,-10.0911921183477));
#7904=CARTESIAN_POINT('Ctrl Pts',(0.468570249399829,0.62992125984252,-10.0982084577135));
#7905=CARTESIAN_POINT('Ctrl Pts',(0.481505087971018,0.62992125984252,-10.0989358452685));
#7906=CARTESIAN_POINT('Ctrl Pts',(0.488252137364825,0.62992125984252,-10.0993152639783));
#7907=CARTESIAN_POINT('',(0.51603516341836,0.62992125984252,-10.0928169038774));
#7908=CARTESIAN_POINT('Ctrl Pts',(0.488252137364825,0.62992125984252,-10.0993152639783));
#7909=CARTESIAN_POINT('Ctrl Pts',(0.493283401344987,0.62992125984252,-10.0990831540204));
#7910=CARTESIAN_POINT('Ctrl Pts',(0.502955889535506,0.62992125984252,-10.0986369280153));
#7911=CARTESIAN_POINT('Ctrl Pts',(0.511794206153124,0.62992125984252,-10.0947040479094));
#7912=CARTESIAN_POINT('Ctrl Pts',(0.51603516341836,0.62992125984252,-10.0928169038774));
#7913=CARTESIAN_POINT('',(0.535738787118823,0.62992125984252,-10.0743832632302));
#7914=CARTESIAN_POINT('Ctrl Pts',(0.51603516341836,0.62992125984252,-10.0928169038774));
#7915=CARTESIAN_POINT('Ctrl Pts',(0.519861049420415,0.62992125984252,-10.0904335431412));
#7916=CARTESIAN_POINT('Ctrl Pts',(0.5276391492666,0.62992125984252,-10.0855881249123));
#7917=CARTESIAN_POINT('Ctrl Pts',(0.533009831892466,0.62992125984252,-10.0781584401462));
#7918=CARTESIAN_POINT('Ctrl Pts',(0.535738787118823,0.62992125984252,-10.0743832632302));
#7919=CARTESIAN_POINT('',(0.547902063479275,0.62992125984252,-10.0450875594621));
#7920=CARTESIAN_POINT('Ctrl Pts',(0.535738787118823,0.62992125984252,-10.0743832632302));
#7921=CARTESIAN_POINT('Ctrl Pts',(0.538223508398743,0.62992125984252,-10.0700221311581));
#7922=CARTESIAN_POINT('Ctrl Pts',(0.543495370036809,0.62992125984252,-10.0607690672207));
#7923=CARTESIAN_POINT('Ctrl Pts',(0.546378044358142,0.62992125984252,-10.0505108815026));
#7924=CARTESIAN_POINT('Ctrl Pts',(0.547902063479275,0.62992125984252,-10.0450875594621));
#7925=CARTESIAN_POINT('',(0.552244511549918,0.62992125984252,-9.99861926415061));
#7926=CARTESIAN_POINT('Ctrl Pts',(0.547902063479275,0.62992125984252,-10.0450875594621));
#7927=CARTESIAN_POINT('Ctrl Pts',(0.549176605208211,0.62992125984252,-10.0383673610701));
#7928=CARTESIAN_POINT('Ctrl Pts',(0.552086291543988,0.62992125984252,-10.0230256354986));
#7929=CARTESIAN_POINT('Ctrl Pts',(0.552187586970619,0.62992125984252,-10.0074002170587));
#7930=CARTESIAN_POINT('Ctrl Pts',(0.552244511549918,0.62992125984252,-9.99861926415061));
#7931=CARTESIAN_POINT('',(0.545020918322857,0.62992125984252,-9.94263934136734));
#7932=CARTESIAN_POINT('Ctrl Pts',(0.552244511549918,0.62992125984252,-9.99861926415061));
#7933=CARTESIAN_POINT('Ctrl Pts',(0.5520796495048,0.62992125984252,-9.98811867381682));
#7934=CARTESIAN_POINT('Ctrl Pts',(0.551782121788748,0.62992125984252,-9.96916818307777));
#7935=CARTESIAN_POINT('Ctrl Pts',(0.547105979649374,0.62992125984252,-9.95082046802131));
#7936=CARTESIAN_POINT('Ctrl Pts',(0.545020918322857,0.62992125984252,-9.94263934136734));
#7937=CARTESIAN_POINT('',(0.523608091853715,0.62992125984252,-9.90978224836855));
#7938=CARTESIAN_POINT('Ctrl Pts',(0.545020918322857,0.62992125984252,-9.94263934136734));
#7939=CARTESIAN_POINT('Ctrl Pts',(0.542473458941031,0.62992125984252,-9.93608292874315));
#7940=CARTESIAN_POINT('Ctrl Pts',(0.537628161754095,0.62992125984252,-9.92361255615507));
#7941=CARTESIAN_POINT('Ctrl Pts',(0.528118134948695,0.62992125984252,-9.91423124787977));
#7942=CARTESIAN_POINT('Ctrl Pts',(0.523608091853715,0.62992125984252,-9.90978224836855));
#7943=CARTESIAN_POINT('Ctrl Pts',(0.523608091853715,0.62992125984252,-9.90978224836855));
#7944=CARTESIAN_POINT('Ctrl Pts',(0.518434636629092,0.62992125984252,-9.90642599905448));
#7945=CARTESIAN_POINT('Ctrl Pts',(0.50758291311045,0.62992125984252,-9.89938600585176));
#7946=CARTESIAN_POINT('Ctrl Pts',(0.494640563097334,0.62992125984252,-9.89867478153597));
#7947=CARTESIAN_POINT('Ctrl Pts',(0.48786835446123,0.62992125984252,-9.89830262659898));
#7948=CARTESIAN_POINT('',(0.355922067246591,0.62992125984252,-7.95884512827565));
#7949=CARTESIAN_POINT('',(0.365651277069468,0.62992125984252,-7.99091885496409));
#7950=CARTESIAN_POINT('Ctrl Pts',(0.355922067246591,0.62992125984252,-7.95884512827565));
#7951=CARTESIAN_POINT('Ctrl Pts',(0.35625459801136,0.62992125984252,-7.96486927326024));
#7952=CARTESIAN_POINT('Ctrl Pts',(0.356889653346733,0.62992125984252,-7.97637396942323));
#7953=CARTESIAN_POINT('Ctrl Pts',(0.362824204477988,0.62992125984252,-7.98622572403767));
#7954=CARTESIAN_POINT('Ctrl Pts',(0.365651277069468,0.62992125984252,-7.99091885496409));
#7955=CARTESIAN_POINT('',(0.393480449398036,0.62992125984252,-8.00859036893123));
#7956=CARTESIAN_POINT('Ctrl Pts',(0.365651277069468,0.62992125984252,-7.99091885496409));
#7957=CARTESIAN_POINT('Ctrl Pts',(0.369368378736306,0.62992125984252,-7.99493175871944));
#7958=CARTESIAN_POINT('Ctrl Pts',(0.377078455007759,0.62992125984252,-8.00325539277544));
#7959=CARTESIAN_POINT('Ctrl Pts',(0.387884237969156,0.62992125984252,-8.00677012354976));
#7960=CARTESIAN_POINT('Ctrl Pts',(0.393480449398036,0.62992125984252,-8.00859036893123));
#7961=CARTESIAN_POINT('',(0.371220459932397,0.62992125984252,-8.02434334417595));
#7962=CARTESIAN_POINT('Ctrl Pts',(0.393480449398036,0.62992125984252,-8.00859036893123));
#7963=CARTESIAN_POINT('Ctrl Pts',(0.38888887558137,0.62992125984252,-8.01050477227816));
#7964=CARTESIAN_POINT('Ctrl Pts',(0.380270574636155,0.62992125984252,-8.01409807270917));
#7965=CARTESIAN_POINT('Ctrl Pts',(0.374102410227922,0.62992125984252,-8.02108080396536));
#7966=CARTESIAN_POINT('Ctrl Pts',(0.371220459932397,0.62992125984252,-8.02434334417595));
#7967=CARTESIAN_POINT('',(0.364016180090184,0.62992125984252,-8.04879556409062));
#7968=CARTESIAN_POINT('Ctrl Pts',(0.371220459932397,0.62992125984252,-8.02434334417595));
#7969=CARTESIAN_POINT('Ctrl Pts',(0.369113253501744,0.62992125984252,-8.02799352344733));
#7970=CARTESIAN_POINT('Ctrl Pts',(0.364748594270306,0.62992125984252,-8.03555414419218));
#7971=CARTESIAN_POINT('Ctrl Pts',(0.36426585729803,0.62992125984252,-8.04428161441857));
#7972=CARTESIAN_POINT('Ctrl Pts',(0.364016180090184,0.62992125984252,-8.04879556409062));
#7973=CARTESIAN_POINT('',(0.379526988853448,0.62992125984252,-8.0848866066812));
#7974=CARTESIAN_POINT('Ctrl Pts',(0.364016180090184,0.62992125984252,-8.04879556409062));
#7975=CARTESIAN_POINT('Ctrl Pts',(0.364665570170506,0.62992125984252,-8.05566368581975));
#7976=CARTESIAN_POINT('Ctrl Pts',(0.365960777153049,0.62992125984252,-8.06936213839868));
#7977=CARTESIAN_POINT('Ctrl Pts',(0.375013242843419,0.62992125984252,-8.0797213101109));
#7978=CARTESIAN_POINT('Ctrl Pts',(0.379526988853448,0.62992125984252,-8.0848866066812));
#7979=CARTESIAN_POINT('',(0.420643671942318,0.62992125984252,-8.09944434528159));
#7980=CARTESIAN_POINT('Ctrl Pts',(0.379526988853448,0.62992125984252,-8.0848866066812));
#7981=CARTESIAN_POINT('Ctrl Pts',(0.385309672461049,0.62992125984252,-8.08914135340721));
#7982=CARTESIAN_POINT('Ctrl Pts',(0.397507830938068,0.62992125984252,-8.09811643805047));
#7983=CARTESIAN_POINT('Ctrl Pts',(0.412669548686364,0.62992125984252,-8.09898666164124));
#7984=CARTESIAN_POINT('Ctrl Pts',(0.420643671942318,0.62992125984252,-8.09944434528159));
#7985=CARTESIAN_POINT('',(0.462106544586172,0.62992125984252,-8.08432610524508));
#7986=CARTESIAN_POINT('Ctrl Pts',(0.420643671942318,0.62992125984252,-8.09944434528159));
#7987=CARTESIAN_POINT('Ctrl Pts',(0.428678625220589,0.62992125984252,-8.09892984005246));
#7988=CARTESIAN_POINT('Ctrl Pts',(0.444022367450859,0.62992125984252,-8.09794732835158));
#7989=CARTESIAN_POINT('Ctrl Pts',(0.456271724936701,0.62992125984252,-8.08872096267414));
#7990=CARTESIAN_POINT('Ctrl Pts',(0.462106544586172,0.62992125984252,-8.08432610524508));
#7991=CARTESIAN_POINT('',(0.477747486999465,0.62992125984252,-8.0479070480597));
#7992=CARTESIAN_POINT('Ctrl Pts',(0.462106544586172,0.62992125984252,-8.08432610524508));
#7993=CARTESIAN_POINT('Ctrl Pts',(0.466678746723241,0.62992125984252,-8.07908305154785));
#7994=CARTESIAN_POINT('Ctrl Pts',(0.47580263804047,0.62992125984252,-8.06862046685237));
#7995=CARTESIAN_POINT('Ctrl Pts',(0.477100176417995,0.62992125984252,-8.05480116449013));
#7996=CARTESIAN_POINT('Ctrl Pts',(0.477747486999465,0.62992125984252,-8.0479070480597));
#7997=CARTESIAN_POINT('',(0.470450891275245,0.62992125984252,-8.02401959028207));
#7998=CARTESIAN_POINT('Ctrl Pts',(0.477747486999465,0.62992125984252,-8.0479070480597));
#7999=CARTESIAN_POINT('Ctrl Pts',(0.477467241247605,0.62992125984252,-8.04353085966885));
#8000=CARTESIAN_POINT('Ctrl Pts',(0.476919954642224,0.62992125984252,-8.03498468448856));
#8001=CARTESIAN_POINT('Ctrl Pts',(0.472572278911277,0.62992125984252,-8.02761535275308));
#8002=CARTESIAN_POINT('Ctrl Pts',(0.470450891275245,0.62992125984252,-8.02401959028207));
#8003=CARTESIAN_POINT('',(0.448668289409571,0.62992125984252,-8.00848500167774));
#8004=CARTESIAN_POINT('Ctrl Pts',(0.470450891275245,0.62992125984252,-8.02401959028207));
#8005=CARTESIAN_POINT('Ctrl Pts',(0.467621144688412,0.62992125984252,-8.02080865957724));
#8006=CARTESIAN_POINT('Ctrl Pts',(0.461580257883541,0.62992125984252,-8.01395402848891));
#8007=CARTESIAN_POINT('Ctrl Pts',(0.453149701013552,0.62992125984252,-8.01038315998439));
#8008=CARTESIAN_POINT('Ctrl Pts',(0.448668289409571,0.62992125984252,-8.00848500167774));
#8009=CARTESIAN_POINT('',(0.476158667931158,0.62992125984252,-7.98936511938606));
#8010=CARTESIAN_POINT('Ctrl Pts',(0.448668289409571,0.62992125984252,-8.00848500167774));
#8011=CARTESIAN_POINT('Ctrl Pts',(0.454265622242075,0.62992125984252,-8.00630771329709));
#8012=CARTESIAN_POINT('Ctrl Pts',(0.464985405958352,0.62992125984252,-8.00213785932788));
#8013=CARTESIAN_POINT('Ctrl Pts',(0.472545889360952,0.62992125984252,-7.99349507545949));
#8014=CARTESIAN_POINT('Ctrl Pts',(0.476158667931158,0.62992125984252,-7.98936511938606));
#8015=CARTESIAN_POINT('',(0.485632352930067,0.62992125984252,-7.95792608095073));
#8016=CARTESIAN_POINT('Ctrl Pts',(0.476158667931158,0.62992125984252,-7.98936511938606));
#8017=CARTESIAN_POINT('Ctrl Pts',(0.478929606242043,0.62992125984252,-7.98467070626734));
#8018=CARTESIAN_POINT('Ctrl Pts',(0.48465102246436,0.62992125984252,-7.97497771120275));
#8019=CARTESIAN_POINT('Ctrl Pts',(0.485298470410489,0.62992125984252,-7.96372763452559));
#8020=CARTESIAN_POINT('Ctrl Pts',(0.485632352930067,0.62992125984252,-7.95792608095073));
#8021=CARTESIAN_POINT('',(0.467692484065655,0.62992125984252,-7.9155286707734));
#8022=CARTESIAN_POINT('Ctrl Pts',(0.485632352930067,0.62992125984252,-7.95792608095073));
#8023=CARTESIAN_POINT('Ctrl Pts',(0.484888355107199,0.62992125984252,-7.94986346578195));
#8024=CARTESIAN_POINT('Ctrl Pts',(0.483408015805432,0.62992125984252,-7.93382120632566));
#8025=CARTESIAN_POINT('Ctrl Pts',(0.472912900998882,0.62992125984252,-7.92160512201475));
#8026=CARTESIAN_POINT('Ctrl Pts',(0.467692484065655,0.62992125984252,-7.9155286707734));
#8027=CARTESIAN_POINT('',(0.420662735917426,0.62992125984252,-7.89843093876781));
#8028=CARTESIAN_POINT('Ctrl Pts',(0.467692484065655,0.62992125984252,-7.9155286707734));
#8029=CARTESIAN_POINT('Ctrl Pts',(0.461058250277568,0.62992125984252,-7.91053109718121));
#8030=CARTESIAN_POINT('Ctrl Pts',(0.447163785346946,0.62992125984252,-7.90006438569153));
#8031=CARTESIAN_POINT('Ctrl Pts',(0.42975782022933,0.62992125984252,-7.89899153307672));
#8032=CARTESIAN_POINT('Ctrl Pts',(0.420662735917426,0.62992125984252,-7.89843093876781));
#8033=CARTESIAN_POINT('',(0.373698594540755,0.62992125984252,-7.91570812838547));
#8034=CARTESIAN_POINT('Ctrl Pts',(0.420662735917426,0.62992125984252,-7.89843093876781));
#8035=CARTESIAN_POINT('Ctrl Pts',(0.411569858080616,0.62992125984252,-7.89902624870144));
#8036=CARTESIAN_POINT('Ctrl Pts',(0.394168103463407,0.62992125984252,-7.90016554008664));
#8037=CARTESIAN_POINT('Ctrl Pts',(0.380313703472285,0.62992125984252,-7.91068524703237));
#8038=CARTESIAN_POINT('Ctrl Pts',(0.373698594540755,0.62992125984252,-7.91570812838547));
#8039=CARTESIAN_POINT('Ctrl Pts',(0.373698594540755,0.62992125984252,-7.91570812838547));
#8040=CARTESIAN_POINT('Ctrl Pts',(0.368501705290081,0.62992125984252,-7.92188683603394));
#8041=CARTESIAN_POINT('Ctrl Pts',(0.358002459295038,0.62992125984252,-7.93436964419159));
#8042=CARTESIAN_POINT('Ctrl Pts',(0.356620159774984,0.62992125984252,-7.95063217986498));
#8043=CARTESIAN_POINT('Ctrl Pts',(0.355922067246591,0.62992125984252,-7.95884512827565));
#8044=CARTESIAN_POINT('',(0.426686155859133,0.62992125984252,-6.09943280868341));
#8045=CARTESIAN_POINT('',(0.46466166737901,0.62992125984252,-6.08633538648623));
#8046=CARTESIAN_POINT('Ctrl Pts',(0.426686155859133,0.62992125984252,-6.09943280868341));
#8047=CARTESIAN_POINT('Ctrl Pts',(0.433952113673111,0.62992125984252,-6.09898191575357));
#8048=CARTESIAN_POINT('Ctrl Pts',(0.447852414026897,0.62992125984252,-6.09811932512027));
#8049=CARTESIAN_POINT('Ctrl Pts',(0.459230925527097,0.62992125984252,-6.09014254718395));
#8050=CARTESIAN_POINT('Ctrl Pts',(0.46466166737901,0.62992125984252,-6.08633538648623));
#8051=CARTESIAN_POINT('',(0.482451793903243,0.62992125984252,-6.05031506259011));
#8052=CARTESIAN_POINT('Ctrl Pts',(0.46466166737901,0.62992125984252,-6.08633538648623));
#8053=CARTESIAN_POINT('Ctrl Pts',(0.469140302966395,0.62992125984252,-6.0814182994757));
#8054=CARTESIAN_POINT('Ctrl Pts',(0.478501289419301,0.62992125984252,-6.07114088708184));
#8055=CARTESIAN_POINT('Ctrl Pts',(0.481097634512419,0.62992125984252,-6.05745376751293));
#8056=CARTESIAN_POINT('Ctrl Pts',(0.482451793903243,0.62992125984252,-6.05031506259011));
#8057=CARTESIAN_POINT('',(0.458412628597659,0.62992125984252,-6.04848106293352));
#8058=CARTESIAN_POINT('',(0.0131616182912206,0.62992125984252,-6.01451190511886));
#8059=CARTESIAN_POINT('',(0.449321281016906,0.62992125984252,-6.06917716337455));
#8060=CARTESIAN_POINT('Ctrl Pts',(0.458412628597659,0.62992125984252,-6.04848106293352));
#8061=CARTESIAN_POINT('Ctrl Pts',(0.457398877685709,0.62992125984252,-6.05270593669398));
#8062=CARTESIAN_POINT('Ctrl Pts',(0.455607063727633,0.62992125984252,-6.06017343949558));
#8063=CARTESIAN_POINT('Ctrl Pts',(0.451224381918311,0.62992125984252,-6.06645117111254));
#8064=CARTESIAN_POINT('Ctrl Pts',(0.449321281016906,0.62992125984252,-6.06917716337455));
#8065=CARTESIAN_POINT('',(0.425171147274917,0.62992125984252,-6.0795626316308));
#8066=CARTESIAN_POINT('Ctrl Pts',(0.449321281016906,0.62992125984252,-6.06917716337455));
#8067=CARTESIAN_POINT('Ctrl Pts',(0.445863725109445,0.62992125984252,-6.07219940054046));
#8068=CARTESIAN_POINT('Ctrl Pts',(0.438932101085879,0.62992125984252,-6.0782583081344));
#8069=CARTESIAN_POINT('Ctrl Pts',(0.42976541070691,0.62992125984252,-6.07912716721276));
#8070=CARTESIAN_POINT('Ctrl Pts',(0.425171147274917,0.62992125984252,-6.0795626316308));
#8071=CARTESIAN_POINT('',(0.404883021066559,0.62992125984252,-6.07315605126403));
#8072=CARTESIAN_POINT('Ctrl Pts',(0.425171147274917,0.62992125984252,-6.0795626316308));
#8073=CARTESIAN_POINT('Ctrl Pts',(0.421464250742456,0.62992125984252,-6.07931968075854));
#8074=CARTESIAN_POINT('Ctrl Pts',(0.414173041323848,0.62992125984252,-6.07884181317509));
#8075=CARTESIAN_POINT('Ctrl Pts',(0.407944790275216,0.62992125984252,-6.07502994284499));
#8076=CARTESIAN_POINT('Ctrl Pts',(0.404883021066559,0.62992125984252,-6.07315605126403));
#8077=CARTESIAN_POINT('',(0.386843510859188,0.62992125984252,-6.04888627948983));
#8078=CARTESIAN_POINT('Ctrl Pts',(0.404883021066559,0.62992125984252,-6.07315605126403));
#8079=CARTESIAN_POINT('Ctrl Pts',(0.401222477109666,0.62992125984252,-6.06994017221046));
#8080=CARTESIAN_POINT('Ctrl Pts',(0.393490702134428,0.62992125984252,-6.06314761528925));
#8081=CARTESIAN_POINT('Ctrl Pts',(0.389136337899972,0.62992125984252,-6.05380546640723));
#8082=CARTESIAN_POINT('Ctrl Pts',(0.386843510859188,0.62992125984252,-6.04888627948983));
#8083=CARTESIAN_POINT('',(0.379908486729358,0.62992125984252,-6.00337944038725));
#8084=CARTESIAN_POINT('Ctrl Pts',(0.386843510859188,0.62992125984252,-6.04888627948983));
#8085=CARTESIAN_POINT('Ctrl Pts',(0.384904819065544,0.62992125984252,-6.04247572320285));
#8086=CARTESIAN_POINT('Ctrl Pts',(0.380425548941798,0.62992125984252,-6.02766438839088));
#8087=CARTESIAN_POINT('Ctrl Pts',(0.380095618554336,0.62992125984252,-6.01216849232353));
#8088=CARTESIAN_POINT('Ctrl Pts',(0.379908486729358,0.62992125984252,-6.00337944038725));
#8089=CARTESIAN_POINT('',(0.401296212621605,0.62992125984252,-6.02307740054093));
#8090=CARTESIAN_POINT('Ctrl Pts',(0.379908486729358,0.62992125984252,-6.00337944038725));
#8091=CARTESIAN_POINT('Ctrl Pts',(0.382920625161257,0.62992125984252,-6.0074844517156));
#8092=CARTESIAN_POINT('Ctrl Pts',(0.388768034691954,0.62992125984252,-6.01545343551488));
#8093=CARTESIAN_POINT('Ctrl Pts',(0.397205220182717,0.62992125984252,-6.02058784591846));
#8094=CARTESIAN_POINT('Ctrl Pts',(0.401296212621605,0.62992125984252,-6.02307740054093));
#8095=CARTESIAN_POINT('',(0.427761081862571,0.62992125984252,-6.02947221144206));
#8096=CARTESIAN_POINT('Ctrl Pts',(0.401296212621605,0.62992125984252,-6.02307740054093));
#8097=CARTESIAN_POINT('Ctrl Pts',(0.40554264515043,0.62992125984252,-6.02494915576038));
#8098=CARTESIAN_POINT('Ctrl Pts',(0.413981785597782,0.62992125984252,-6.02866898530502));
#8099=CARTESIAN_POINT('Ctrl Pts',(0.423187518050868,0.62992125984252,-6.0292056081321));
#8100=CARTESIAN_POINT('Ctrl Pts',(0.427761081862571,0.62992125984252,-6.02947221144206));
#8101=CARTESIAN_POINT('',(0.468815747376922,0.62992125984252,-6.01153492967604));
#8102=CARTESIAN_POINT('Ctrl Pts',(0.427761081862571,0.62992125984252,-6.02947221144206));
#8103=CARTESIAN_POINT('Ctrl Pts',(0.43552807692286,0.62992125984252,-6.02869848717354));
#8104=CARTESIAN_POINT('Ctrl Pts',(0.451140143557445,0.62992125984252,-6.02714326089323));
#8105=CARTESIAN_POINT('Ctrl Pts',(0.46290426849796,0.62992125984252,-6.01675502406538));
#8106=CARTESIAN_POINT('Ctrl Pts',(0.468815747376922,0.62992125984252,-6.01153492967604));
#8107=CARTESIAN_POINT('',(0.48578123230645,0.62992125984252,-5.96557961023569));
#8108=CARTESIAN_POINT('Ctrl Pts',(0.468815747376922,0.62992125984252,-6.01153492967604));
#8109=CARTESIAN_POINT('Ctrl Pts',(0.473775165004274,0.62992125984252,-6.00501374475961));
#8110=CARTESIAN_POINT('Ctrl Pts',(0.48408677967061,0.62992125984252,-5.99145490558154));
#8111=CARTESIAN_POINT('Ctrl Pts',(0.485202251624682,0.62992125984252,-5.97442098816708));
#8112=CARTESIAN_POINT('Ctrl Pts',(0.48578123230645,0.62992125984252,-5.96557961023569));
#8113=CARTESIAN_POINT('',(0.477658713238648,0.62992125984252,-5.93108581975944));
#8114=CARTESIAN_POINT('Ctrl Pts',(0.48578123230645,0.62992125984252,-5.96557961023569));
#8115=CARTESIAN_POINT('Ctrl Pts',(0.485446357108323,0.62992125984252,-5.95953443498014));
#8116=CARTESIAN_POINT('Ctrl Pts',(0.484782635105545,0.62992125984252,-5.94755290917532));
#8117=CARTESIAN_POINT('Ctrl Pts',(0.480018931416949,0.62992125984252,-5.93654151179386));
#8118=CARTESIAN_POINT('Ctrl Pts',(0.477658713238648,0.62992125984252,-5.93108581975944));
#8119=CARTESIAN_POINT('',(0.455725172979497,0.62992125984252,-5.90682348265294));
#8120=CARTESIAN_POINT('Ctrl Pts',(0.477658713238648,0.62992125984252,-5.93108581975944));
#8121=CARTESIAN_POINT('Ctrl Pts',(0.474809055115971,0.62992125984252,-5.92614954482638));
#8122=CARTESIAN_POINT('Ctrl Pts',(0.469230403283739,0.62992125984252,-5.9164860139696));
#8123=CARTESIAN_POINT('Ctrl Pts',(0.460161530833354,0.62992125984252,-5.9099975452738));
#8124=CARTESIAN_POINT('Ctrl Pts',(0.455725172979497,0.62992125984252,-5.90682348265294));
#8125=CARTESIAN_POINT('',(0.424019660019513,0.62992125984252,-5.89842452956838));
#8126=CARTESIAN_POINT('Ctrl Pts',(0.455725172979497,0.62992125984252,-5.90682348265294));
#8127=CARTESIAN_POINT('Ctrl Pts',(0.450847361838601,0.62992125984252,-5.90436577868404));
#8128=CARTESIAN_POINT('Ctrl Pts',(0.440875414059039,0.62992125984252,-5.89934137430929));
#8129=CARTESIAN_POINT('Ctrl Pts',(0.429718918821037,0.62992125984252,-5.898734532636));
#8130=CARTESIAN_POINT('Ctrl Pts',(0.424019660019513,0.62992125984252,-5.89842452956838));
#8131=CARTESIAN_POINT('',(0.374782314791393,0.62992125984252,-5.92067432668993));
#8132=CARTESIAN_POINT('Ctrl Pts',(0.424019660019513,0.62992125984252,-5.89842452956838));
#8133=CARTESIAN_POINT('Ctrl Pts',(0.414445791540834,0.62992125984252,-5.89933040619304));
#8134=CARTESIAN_POINT('Ctrl Pts',(0.395478125230836,0.62992125984252,-5.90112512121057));
#8135=CARTESIAN_POINT('Ctrl Pts',(0.381637118134927,0.62992125984252,-5.91419929835144));
#8136=CARTESIAN_POINT('Ctrl Pts',(0.374782314791393,0.62992125984252,-5.92067432668993));
#8137=CARTESIAN_POINT('',(0.355854953126458,0.62992125984252,-5.99402595305742));
#8138=CARTESIAN_POINT('Ctrl Pts',(0.374782314791393,0.62992125984252,-5.92067432668993));
#8139=CARTESIAN_POINT('Ctrl Pts',(0.369269483199678,0.62992125984252,-5.93028968041051));
#8140=CARTESIAN_POINT('Ctrl Pts',(0.356335531743881,0.62992125984252,-5.95284878024574));
#8141=CARTESIAN_POINT('Ctrl Pts',(0.356030164083372,0.62992125984252,-5.97901344190984));
#8142=CARTESIAN_POINT('Ctrl Pts',(0.355854953126458,0.62992125984252,-5.99402595305742));
#8143=CARTESIAN_POINT('',(0.377094867659087,0.62992125984252,-6.0769688750166));
#8144=CARTESIAN_POINT('Ctrl Pts',(0.355854953126458,0.62992125984252,-5.99402595305742));
#8145=CARTESIAN_POINT('Ctrl Pts',(0.356142176855611,0.62992125984252,-6.01087182559429));
#8146=CARTESIAN_POINT('Ctrl Pts',(0.356645151196718,0.62992125984252,-6.04037162237139));
#8147=CARTESIAN_POINT('Ctrl Pts',(0.370956164915795,0.62992125984252,-6.06598292048644));
#8148=CARTESIAN_POINT('Ctrl Pts',(0.377094867659087,0.62992125984252,-6.0769688750166));
#8149=CARTESIAN_POINT('Ctrl Pts',(0.377094867659087,0.62992125984252,-6.0769688750166));
#8150=CARTESIAN_POINT('Ctrl Pts',(0.383869522940071,0.62992125984252,-6.08353481757587));
#8151=CARTESIAN_POINT('Ctrl Pts',(0.397690714128551,0.62992125984252,-6.09693020725702));
#8152=CARTESIAN_POINT('Ctrl Pts',(0.416895083723267,0.62992125984252,-6.09858773960942));
#8153=CARTESIAN_POINT('Ctrl Pts',(0.426686155859133,0.62992125984252,-6.09943280868341));
#8154=CARTESIAN_POINT('',(0.462250717974002,0.62992125984252,-3.94883986072049));
#8155=CARTESIAN_POINT('',(0.462160732827296,0.62992125984252,-3.90170865322043));
#8156=CARTESIAN_POINT('',(0.458480232620901,0.62992125984252,-1.97398585360424));
#8157=CARTESIAN_POINT('',(0.437990882225566,0.62992125984252,-3.90175479945073));
#8158=CARTESIAN_POINT('',(0.234805859199334,0.62992125984252,-3.90214272997711));
#8159=CARTESIAN_POINT('',(0.438080867372272,0.62992125984252,-3.94888600695079));
#8160=CARTESIAN_POINT('',(0.434265389445817,0.62992125984252,-1.95046639608447));
#8161=CARTESIAN_POINT('',(0.352680719975161,0.62992125984252,-3.94904905698095));
#8162=CARTESIAN_POINT('',(0.22281091904527,0.62992125984252,-3.94929701059232));
#8163=CARTESIAN_POINT('',(0.352723020712339,0.62992125984252,-3.97120476705458));
#8164=CARTESIAN_POINT('',(0.348910234622062,0.62992125984252,-1.97419504986454));
#8165=CARTESIAN_POINT('',(0.44279784562515,0.62992125984252,-4.09859637424979));
#8166=CARTESIAN_POINT('',(-0.642065959975587,0.62992125984252,-2.56428815974958));
#8167=CARTESIAN_POINT('',(0.462536568291967,0.62992125984252,-4.09855868814005));
#8168=CARTESIAN_POINT('',(0.225312333330922,0.62992125984252,-4.09901160795161));
#8169=CARTESIAN_POINT('',(0.46229301871118,0.62992125984252,-3.97099557079411));
#8170=CARTESIAN_POINT('',(0.458623157779884,0.62992125984252,-2.04884526731402));
#8171=CARTESIAN_POINT('',(0.488879856719719,0.62992125984252,-3.9709448099363));
#8172=CARTESIAN_POINT('',(0.234938145083325,0.62992125984252,-3.9714296475508));
#8173=CARTESIAN_POINT('',(0.488837555982541,0.62992125984252,-3.94878909986267));
#8174=CARTESIAN_POINT('',(0.485088220998027,0.62992125984252,-1.98501294778328));
#8175=CARTESIAN_POINT('',(0.248189263350383,0.62992125984252,-3.94924855704826));
#8176=CARTESIAN_POINT('',(0.399589747423449,0.62992125984252,-1.93808303651954));
#8177=CARTESIAN_POINT('',(0.389359832188247,0.62992125984252,-1.92507763868657));
#8178=CARTESIAN_POINT('Ctrl Pts',(0.399589747423449,0.62992125984252,-1.93808303651954));
#8179=CARTESIAN_POINT('Ctrl Pts',(0.397643126035068,0.62992125984252,-1.93597606157797));
#8180=CARTESIAN_POINT('Ctrl Pts',(0.393887848812813,0.62992125984252,-1.93191144220557));
#8181=CARTESIAN_POINT('Ctrl Pts',(0.390831744880453,0.62992125984252,-1.92729908859934));
#8182=CARTESIAN_POINT('Ctrl Pts',(0.389359832188247,0.62992125984252,-1.92507763868657));
#8183=CARTESIAN_POINT('',(0.485904960124386,0.62992125984252,-1.92489331012858));
#8184=CARTESIAN_POINT('',(0.19651834401754,0.62992125984252,-1.92544582084341));
#8185=CARTESIAN_POINT('',(0.485860608481476,0.62992125984252,-1.90166340428869));
#8186=CARTESIAN_POINT('',(0.484066532203909,0.62992125984252,-0.961986308629186));
#8187=CARTESIAN_POINT('',(0.35574622925794,0.62992125984252,-1.90191182486059));
#8188=CARTESIAN_POINT('',(0.244746556342665,0.62992125984252,-1.90212375072452));
#8189=CARTESIAN_POINT('',(0.358598097794778,0.62992125984252,-1.91869105503155));
#8190=CARTESIAN_POINT('Ctrl Pts',(0.35574622925794,0.62992125984252,-1.90191182486059));
#8191=CARTESIAN_POINT('Ctrl Pts',(0.355800489391652,0.62992125984252,-1.90478892601796));
#8192=CARTESIAN_POINT('Ctrl Pts',(0.355908676354799,0.62992125984252,-1.9105254551341));
#8193=CARTESIAN_POINT('Ctrl Pts',(0.357703467122314,0.62992125984252,-1.91597478452863));
#8194=CARTESIAN_POINT('Ctrl Pts',(0.358598097794778,0.62992125984252,-1.91869105503155));
#8195=CARTESIAN_POINT('',(0.374492770444722,0.62992125984252,-1.9448448182081));
#8196=CARTESIAN_POINT('Ctrl Pts',(0.358598097794778,0.62992125984252,-1.91869105503155));
#8197=CARTESIAN_POINT('Ctrl Pts',(0.360582916628755,0.62992125984252,-1.92318816662692));
#8198=CARTESIAN_POINT('Ctrl Pts',(0.364735326859616,0.62992125984252,-1.93259650751842));
#8199=CARTESIAN_POINT('Ctrl Pts',(0.371146228463181,0.62992125984252,-1.94064397548035));
#8200=CARTESIAN_POINT('Ctrl Pts',(0.374492770444722,0.62992125984252,-1.9448448182081));
#8201=CARTESIAN_POINT('',(0.406239045917782,0.62992125984252,-1.97459381107524));
#8202=CARTESIAN_POINT('Ctrl Pts',(0.374492770444722,0.62992125984252,-1.9448448182081));
#8203=CARTESIAN_POINT('Ctrl Pts',(0.378893205861095,0.62992125984252,-1.9495579329205));
#8204=CARTESIAN_POINT('Ctrl Pts',(0.388809065718019,0.62992125984252,-1.96017837852545));
#8205=CARTESIAN_POINT('Ctrl Pts',(0.400009250850898,0.62992125984252,-1.96944147070787));
#8206=CARTESIAN_POINT('Ctrl Pts',(0.406239045917782,0.62992125984252,-1.97459381107524));
#8207=CARTESIAN_POINT('',(0.449689995334009,0.62992125984252,-2.01613684105424));
#8208=CARTESIAN_POINT('Ctrl Pts',(0.406239045917782,0.62992125984252,-1.97459381107524));
#8209=CARTESIAN_POINT('Ctrl Pts',(0.415492341520225,0.62992125984252,-1.98214990546743));
#8210=CARTESIAN_POINT('Ctrl Pts',(0.431073628893709,0.62992125984252,-1.99487333755089));
#8211=CARTESIAN_POINT('Ctrl Pts',(0.444313085721247,0.62992125984252,-2.00999536673621));
#8212=CARTESIAN_POINT('Ctrl Pts',(0.449689995334009,0.62992125984252,-2.01613684105424));
#8213=CARTESIAN_POINT('',(0.461024870503899,0.62992125984252,-2.04525342953808));
#8214=CARTESIAN_POINT('Ctrl Pts',(0.449689995334009,0.62992125984252,-2.01613684105424));
#8215=CARTESIAN_POINT('Ctrl Pts',(0.452980831906771,0.62992125984252,-2.02096113066383));
#8216=CARTESIAN_POINT('Ctrl Pts',(0.459024815249171,0.62992125984252,-2.02982146918098));
#8217=CARTESIAN_POINT('Ctrl Pts',(0.460398933909405,0.62992125984252,-2.04042384861052));
#8218=CARTESIAN_POINT('Ctrl Pts',(0.461024870503899,0.62992125984252,-2.04525342953808));
#8219=CARTESIAN_POINT('',(0.450731694752977,0.62992125984252,-2.06944302046593));
#8220=CARTESIAN_POINT('Ctrl Pts',(0.461024870503899,0.62992125984252,-2.04525342953808));
#8221=CARTESIAN_POINT('Ctrl Pts',(0.460606961457244,0.62992125984252,-2.04984931501068));
#8222=CARTESIAN_POINT('Ctrl Pts',(0.459773128410743,0.62992125984252,-2.05901925573263));
#8223=CARTESIAN_POINT('Ctrl Pts',(0.453740718996747,0.62992125984252,-2.0659739510704));
#8224=CARTESIAN_POINT('Ctrl Pts',(0.450731694752977,0.62992125984252,-2.06944302046593));
#8225=CARTESIAN_POINT('',(0.4240295535101,0.62992125984252,-2.07943053625576));
#8226=CARTESIAN_POINT('Ctrl Pts',(0.450731694752977,0.62992125984252,-2.06944302046593));
#8227=CARTESIAN_POINT('Ctrl Pts',(0.446967013594573,0.62992125984252,-2.07234700674145));
#8228=CARTESIAN_POINT('Ctrl Pts',(0.439113159765869,0.62992125984252,-2.07840528439336));
#8229=CARTESIAN_POINT('Ctrl Pts',(0.429194029237906,0.62992125984252,-2.07907950028542));
#8230=CARTESIAN_POINT('Ctrl Pts',(0.4240295535101,0.62992125984252,-2.07943053625576));
#8231=CARTESIAN_POINT('',(0.396079950593259,0.62992125984252,-2.06901024087226));
#8232=CARTESIAN_POINT('Ctrl Pts',(0.4240295535101,0.62992125984252,-2.07943053625576));
#8233=CARTESIAN_POINT('Ctrl Pts',(0.418590472835347,0.62992125984252,-2.07909062573174));
#8234=CARTESIAN_POINT('Ctrl Pts',(0.408190693804766,0.62992125984252,-2.07844070076254));
#8235=CARTESIAN_POINT('Ctrl Pts',(0.399991140488329,0.62992125984252,-2.0720558276529));
#8236=CARTESIAN_POINT('Ctrl Pts',(0.396079950593259,0.62992125984252,-2.06901024087226));
#8237=CARTESIAN_POINT('',(0.385416680763756,0.62992125984252,-2.04002669202063));
#8238=CARTESIAN_POINT('Ctrl Pts',(0.396079950593259,0.62992125984252,-2.06901024087226));
#8239=CARTESIAN_POINT('Ctrl Pts',(0.393013834416322,0.62992125984252,-2.06501654006671));
#8240=CARTESIAN_POINT('Ctrl Pts',(0.386473180810731,0.62992125984252,-2.05649715852143));
#8241=CARTESIAN_POINT('Ctrl Pts',(0.385783208865321,0.62992125984252,-2.04574073702773));
#8242=CARTESIAN_POINT('Ctrl Pts',(0.385416680763756,0.62992125984252,-2.04002669202063));
#8243=CARTESIAN_POINT('',(0.360580328798828,0.62992125984252,-2.04262538194461));
#8244=CARTESIAN_POINT('',(0.300366031582661,0.62992125984252,-2.04892575519089));
#8245=CARTESIAN_POINT('',(0.379862686007858,0.62992125984252,-2.08488595401899));
#8246=CARTESIAN_POINT('Ctrl Pts',(0.360580328798828,0.62992125984252,-2.04262538194461));
#8247=CARTESIAN_POINT('Ctrl Pts',(0.361834285750744,0.62992125984252,-2.0511502348631));
#8248=CARTESIAN_POINT('Ctrl Pts',(0.364189099536485,0.62992125984252,-2.0671591107206));
#8249=CARTESIAN_POINT('Ctrl Pts',(0.374869624840551,0.62992125984252,-2.07923879642338));
#8250=CARTESIAN_POINT('Ctrl Pts',(0.379862686007858,0.62992125984252,-2.08488595401899));
#8251=CARTESIAN_POINT('',(0.424604873695695,0.62992125984252,-2.09943678236648));
#8252=CARTESIAN_POINT('Ctrl Pts',(0.379862686007858,0.62992125984252,-2.08488595401899));
#8253=CARTESIAN_POINT('Ctrl Pts',(0.386165917516691,0.62992125984252,-2.08913803205211));
#8254=CARTESIAN_POINT('Ctrl Pts',(0.399643775258983,0.62992125984252,-2.09823001967135));
#8255=CARTESIAN_POINT('Ctrl Pts',(0.415933444541203,0.62992125984252,-2.09901755573494));
#8256=CARTESIAN_POINT('Ctrl Pts',(0.424604873695695,0.62992125984252,-2.09943678236648));
#8257=CARTESIAN_POINT('',(0.469423373180956,0.62992125984252,-2.08364073733967));
#8258=CARTESIAN_POINT('Ctrl Pts',(0.424604873695695,0.62992125984252,-2.09943678236648));
#8259=CARTESIAN_POINT('Ctrl Pts',(0.433364523123498,0.62992125984252,-2.09893865879135));
#8260=CARTESIAN_POINT('Ctrl Pts',(0.449886926350654,0.62992125984252,-2.0979991008064));
#8261=CARTESIAN_POINT('Ctrl Pts',(0.463178545252019,0.62992125984252,-2.08823039020591));
#8262=CARTESIAN_POINT('Ctrl Pts',(0.469423373180956,0.62992125984252,-2.08364073733967));
#8263=CARTESIAN_POINT('',(0.485865091473034,0.62992125984252,-2.04466890356375));
#8264=CARTESIAN_POINT('Ctrl Pts',(0.469423373180956,0.62992125984252,-2.08364073733967));
#8265=CARTESIAN_POINT('Ctrl Pts',(0.474229892646189,0.62992125984252,-2.07806090777794));
#8266=CARTESIAN_POINT('Ctrl Pts',(0.483894649900071,0.62992125984252,-2.06684120948644));
#8267=CARTESIAN_POINT('Ctrl Pts',(0.485205938613582,0.62992125984252,-2.05208599171806));
#8268=CARTESIAN_POINT('Ctrl Pts',(0.485865091473034,0.62992125984252,-2.04466890356375));
#8269=CARTESIAN_POINT('',(0.480986764971704,0.62992125984252,-2.02144820351253));
#8270=CARTESIAN_POINT('Ctrl Pts',(0.485865091473034,0.62992125984252,-2.04466890356375));
#8271=CARTESIAN_POINT('Ctrl Pts',(0.485646391867802,0.62992125984252,-2.04072444771566));
#8272=CARTESIAN_POINT('Ctrl Pts',(0.485203538950184,0.62992125984252,-2.03273717321241));
#8273=CARTESIAN_POINT('Ctrl Pts',(0.482403848969335,0.62992125984252,-2.02524196110852));
#8274=CARTESIAN_POINT('Ctrl Pts',(0.480986764971704,0.62992125984252,-2.02144820351253));
#8275=CARTESIAN_POINT('',(0.46482765701444,0.62992125984252,-1.99744339150525));
#8276=CARTESIAN_POINT('Ctrl Pts',(0.480986764971704,0.62992125984252,-2.02144820351253));
#8277=CARTESIAN_POINT('Ctrl Pts',(0.478969622907835,0.62992125984252,-2.01745498554464));
#8278=CARTESIAN_POINT('Ctrl Pts',(0.474590046562308,0.62992125984252,-2.00878499483455));
#8279=CARTESIAN_POINT('Ctrl Pts',(0.468248447193231,0.62992125984252,-2.00141754610033));
#8280=CARTESIAN_POINT('Ctrl Pts',(0.46482765701444,0.62992125984252,-1.99744339150525));
#8281=CARTESIAN_POINT('',(0.427566781652487,0.62992125984252,-1.9628709349404));
#8282=CARTESIAN_POINT('Ctrl Pts',(0.46482765701444,0.62992125984252,-1.99744339150525));
#8283=CARTESIAN_POINT('Ctrl Pts',(0.459927400841445,0.62992125984252,-1.99239154674531));
#8284=CARTESIAN_POINT('Ctrl Pts',(0.448117807062387,0.62992125984252,-1.98021662520174));
#8285=CARTESIAN_POINT('Ctrl Pts',(0.435152362783504,0.62992125984252,-1.96927339604035));
#8286=CARTESIAN_POINT('Ctrl Pts',(0.427566781652487,0.62992125984252,-1.9628709349404));
#8287=CARTESIAN_POINT('Ctrl Pts',(0.427566781652487,0.62992125984252,-1.9628709349404));
#8288=CARTESIAN_POINT('Ctrl Pts',(0.421527305080247,0.62992125984252,-1.9578541901483));
#8289=CARTESIAN_POINT('Ctrl Pts',(0.411936333943454,0.62992125984252,-1.94988736489014));
#8290=CARTESIAN_POINT('Ctrl Pts',(0.402926171189964,0.62992125984252,-1.94127292561639));
#8291=CARTESIAN_POINT('Ctrl Pts',(0.399589747423449,0.62992125984252,-1.93808303651954));
#8292=CARTESIAN_POINT('',(0.441725164983293,0.62992125984252,-1.09940409549068));
#8293=CARTESIAN_POINT('',(0.457301308656764,0.62992125984252,-1.09937435677508));
#8294=CARTESIAN_POINT('',(0.221912901096376,0.62992125984252,-1.0998237715375));
#8295=CARTESIAN_POINT('',(0.456923934967991,0.62992125984252,-0.901718651564399));
#8296=CARTESIAN_POINT('',(0.456250990053716,0.62992125984252,-0.549252632983616));
#8297=CARTESIAN_POINT('',(0.432754060899908,0.62992125984252,-0.901764797839505));
#8298=CARTESIAN_POINT('',(0.229323599244037,0.62992125984252,-0.902153196969015));
#8299=CARTESIAN_POINT('',(0.43304811497521,0.62992125984252,-1.0557804787232));
#8300=CARTESIAN_POINT('',(0.431892429141246,0.62992125984252,-0.450470926653344));
#8301=CARTESIAN_POINT('',(0.410054968455598,0.62992125984252,-1.03917397820001));
#8302=CARTESIAN_POINT('Ctrl Pts',(0.43304811497521,0.62992125984252,-1.0557804787232));
#8303=CARTESIAN_POINT('Ctrl Pts',(0.429742508755648,0.62992125984252,-1.05291885052931));
#8304=CARTESIAN_POINT('Ctrl Pts',(0.422569563969735,0.62992125984252,-1.04670930841531));
#8305=CARTESIAN_POINT('Ctrl Pts',(0.414438748865018,0.62992125984252,-1.04181355475996));
#8306=CARTESIAN_POINT('Ctrl Pts',(0.410054968455598,0.62992125984252,-1.03917397820001));
#8307=CARTESIAN_POINT('',(0.384652781923297,0.62992125984252,-1.02673467129768));
#8308=CARTESIAN_POINT('Ctrl Pts',(0.410054968455598,0.62992125984252,-1.03917397820001));
#8309=CARTESIAN_POINT('Ctrl Pts',(0.405638499897468,0.62992125984252,-1.03664541303837));
#8310=CARTESIAN_POINT('Ctrl Pts',(0.397437558650942,0.62992125984252,-1.03195011994261));
#8311=CARTESIAN_POINT('Ctrl Pts',(0.38868965863158,0.62992125984252,-1.02838148325275));
#8312=CARTESIAN_POINT('Ctrl Pts',(0.384652781923297,0.62992125984252,-1.02673467129768));
#8313=CARTESIAN_POINT('',(0.384697389974227,0.62992125984252,-1.05009887507471));
#8314=CARTESIAN_POINT('',(0.38367193905121,0.62992125984252,-0.51300200961266));
#8315=CARTESIAN_POINT('',(0.420190602598639,0.62992125984252,-1.07312682530007));
#8316=CARTESIAN_POINT('Ctrl Pts',(0.384697389974227,0.62992125984252,-1.05009887507471));
#8317=CARTESIAN_POINT('Ctrl Pts',(0.391184598644676,0.62992125984252,-1.05337450879778));
#8318=CARTESIAN_POINT('Ctrl Pts',(0.403849892928365,0.62992125984252,-1.05976968847764));
#8319=CARTESIAN_POINT('Ctrl Pts',(0.414833055073924,0.62992125984252,-1.06874748702381));
#8320=CARTESIAN_POINT('Ctrl Pts',(0.420190602598639,0.62992125984252,-1.07312682530007));
#8321=CARTESIAN_POINT('Ctrl Pts',(0.420190602598639,0.62992125984252,-1.07312682530007));
#8322=CARTESIAN_POINT('Ctrl Pts',(0.424765844750082,0.62992125984252,-1.0773727861464));
#8323=CARTESIAN_POINT('Ctrl Pts',(0.433154151124128,0.62992125984252,-1.08515738404358));
#8324=CARTESIAN_POINT('Ctrl Pts',(0.439046627679723,0.62992125984252,-1.09495183946925));
#8325=CARTESIAN_POINT('Ctrl Pts',(0.441725164983293,0.62992125984252,-1.09940409549068));
#8326=CARTESIAN_POINT('',(0.418782606163653,0.62992125984252,-2.89830025344087));
#8327=CARTESIAN_POINT('',(0.375709185493694,0.62992125984252,-2.91382439329313));
#8328=CARTESIAN_POINT('Ctrl Pts',(0.418782606163653,0.62992125984252,-2.89830025344087));
#8329=CARTESIAN_POINT('Ctrl Pts',(0.410606361583631,0.62992125984252,-2.89887369341846));
#8330=CARTESIAN_POINT('Ctrl Pts',(0.394756307962003,0.62992125984252,-2.89998533511468));
#8331=CARTESIAN_POINT('Ctrl Pts',(0.381922620026379,0.62992125984252,-2.9093099012942));
#8332=CARTESIAN_POINT('Ctrl Pts',(0.375709185493694,0.62992125984252,-2.91382439329313));
#8333=CARTESIAN_POINT('',(0.356315432907012,0.62992125984252,-2.9538761098484));
#8334=CARTESIAN_POINT('Ctrl Pts',(0.375709185493694,0.62992125984252,-2.91382439329313));
#8335=CARTESIAN_POINT('Ctrl Pts',(0.370638214068402,0.62992125984252,-2.91943920367302));
#8336=CARTESIAN_POINT('Ctrl Pts',(0.36029381625458,0.62992125984252,-2.93089299178332));
#8337=CARTESIAN_POINT('Ctrl Pts',(0.35765875137807,0.62992125984252,-2.94611575989665));
#8338=CARTESIAN_POINT('Ctrl Pts',(0.356315432907012,0.62992125984252,-2.9538761098484));
#8339=CARTESIAN_POINT('',(0.380491436360348,0.62992125984252,-2.95705262131596));
#8340=CARTESIAN_POINT('',(-0.00958207077577675,0.62992125984252,-2.90580043767855));
#8341=CARTESIAN_POINT('',(0.394533856576374,0.62992125984252,-2.92735048144973));
#8342=CARTESIAN_POINT('Ctrl Pts',(0.380491436360348,0.62992125984252,-2.95705262131596));
#8343=CARTESIAN_POINT('Ctrl Pts',(0.381871686739794,0.62992125984252,-2.95091575738525));
#8344=CARTESIAN_POINT('Ctrl Pts',(0.384344395291062,0.62992125984252,-2.93992161013096));
#8345=CARTESIAN_POINT('Ctrl Pts',(0.391411545303943,0.62992125984252,-2.93120259646244));
#8346=CARTESIAN_POINT('Ctrl Pts',(0.394533856576374,0.62992125984252,-2.92735048144973));
#8347=CARTESIAN_POINT('',(0.418955079470545,0.62992125984252,-2.91830726868603));
#8348=CARTESIAN_POINT('Ctrl Pts',(0.394533856576374,0.62992125984252,-2.92735048144973));
#8349=CARTESIAN_POINT('Ctrl Pts',(0.398104538042498,0.62992125984252,-2.92471988455317));
#8350=CARTESIAN_POINT('Ctrl Pts',(0.405370321387286,0.62992125984252,-2.91936702759875));
#8351=CARTESIAN_POINT('Ctrl Pts',(0.414375425173349,0.62992125984252,-2.91866453154113));
#8352=CARTESIAN_POINT('Ctrl Pts',(0.418955079470545,0.62992125984252,-2.91830726868603));
#8353=CARTESIAN_POINT('',(0.447712916310605,0.62992125984252,-2.93006877055327));
#8354=CARTESIAN_POINT('Ctrl Pts',(0.418955079470545,0.62992125984252,-2.91830726868603));
#8355=CARTESIAN_POINT('Ctrl Pts',(0.424402142463509,0.62992125984252,-2.91877467535829));
#8356=CARTESIAN_POINT('Ctrl Pts',(0.435217287281446,0.62992125984252,-2.91970271141292));
#8357=CARTESIAN_POINT('Ctrl Pts',(0.443568034664742,0.62992125984252,-2.92663028112865));
#8358=CARTESIAN_POINT('Ctrl Pts',(0.447712916310605,0.62992125984252,-2.93006877055327));
#8359=CARTESIAN_POINT('',(0.45958519265955,0.62992125984252,-2.95931860796541));
#8360=CARTESIAN_POINT('Ctrl Pts',(0.447712916310605,0.62992125984252,-2.93006877055327));
#8361=CARTESIAN_POINT('Ctrl Pts',(0.451167258014032,0.62992125984252,-2.93427081364556));
#8362=CARTESIAN_POINT('Ctrl Pts',(0.458161612839651,0.62992125984252,-2.94277911505386));
#8363=CARTESIAN_POINT('Ctrl Pts',(0.459106806935044,0.62992125984252,-2.95376060750147));
#8364=CARTESIAN_POINT('Ctrl Pts',(0.45958519265955,0.62992125984252,-2.95931860796541));
#8365=CARTESIAN_POINT('',(0.448761048365944,0.62992125984252,-2.98673185862245));
#8366=CARTESIAN_POINT('Ctrl Pts',(0.45958519265955,0.62992125984252,-2.95931860796541));
#8367=CARTESIAN_POINT('Ctrl Pts',(0.45918719044542,0.62992125984252,-2.9645779076952));
#8368=CARTESIAN_POINT('Ctrl Pts',(0.458409856240153,0.62992125984252,-2.97484979420881));
#8369=CARTESIAN_POINT('Ctrl Pts',(0.451925402536923,0.62992125984252,-2.98283510157461));
#8370=CARTESIAN_POINT('Ctrl Pts',(0.448761048365944,0.62992125984252,-2.98673185862245));
#8371=CARTESIAN_POINT('',(0.421120756948549,0.62992125984252,-2.99766111376144));
#8372=CARTESIAN_POINT('Ctrl Pts',(0.448761048365944,0.62992125984252,-2.98673185862245));
#8373=CARTESIAN_POINT('Ctrl Pts',(0.44482991304543,0.62992125984252,-2.98991113793453));
#8374=CARTESIAN_POINT('Ctrl Pts',(0.436770216124526,0.62992125984252,-2.99642936373779));
#8375=CARTESIAN_POINT('Ctrl Pts',(0.426421740358765,0.62992125984252,-2.99724387976201));
#8376=CARTESIAN_POINT('Ctrl Pts',(0.421120756948549,0.62992125984252,-2.99766111376144));
#8377=CARTESIAN_POINT('',(0.404062443276171,0.62992125984252,-2.99500813616886));
#8378=CARTESIAN_POINT('Ctrl Pts',(0.421120756948549,0.62992125984252,-2.99766111376144));
#8379=CARTESIAN_POINT('Ctrl Pts',(0.418547368063486,0.62992125984252,-2.997512949735));
#8380=CARTESIAN_POINT('Ctrl Pts',(0.412779180419341,0.62992125984252,-2.99718084372816));
#8381=CARTESIAN_POINT('Ctrl Pts',(0.407169468072975,0.62992125984252,-2.99578258378063));
#8382=CARTESIAN_POINT('Ctrl Pts',(0.404062443276171,0.62992125984252,-2.99500813616886));
#8383=CARTESIAN_POINT('',(0.406788509195955,0.62992125984252,-3.01621875061554));
#8384=CARTESIAN_POINT('',(0.211442276162315,0.62992125984252,-1.49629452485916));
#8385=CARTESIAN_POINT('',(0.410682003054949,0.62992125984252,-3.01594276705108));
#8386=CARTESIAN_POINT('Ctrl Pts',(0.406788509195955,0.62992125984252,-3.01621875061554));
#8387=CARTESIAN_POINT('Ctrl Pts',(0.407514982290716,0.62992125984252,-3.01613943143523));
#8388=CARTESIAN_POINT('Ctrl Pts',(0.40880947628727,0.62992125984252,-3.01599809350617));
#8389=CARTESIAN_POINT('Ctrl Pts',(0.410110928781045,0.62992125984252,-3.01595964024922));
#8390=CARTESIAN_POINT('Ctrl Pts',(0.410682003054949,0.62992125984252,-3.01594276705108));
#8391=CARTESIAN_POINT('',(0.4384927168287,0.62992125984252,-3.02394630792464));
#8392=CARTESIAN_POINT('Ctrl Pts',(0.410682003054949,0.62992125984252,-3.01594276705108));
#8393=CARTESIAN_POINT('Ctrl Pts',(0.41567537489164,0.62992125984252,-3.01625219733368));
#8394=CARTESIAN_POINT('Ctrl Pts',(0.425541481734023,0.62992125984252,-3.01686358225118));
#8395=CARTESIAN_POINT('Ctrl Pts',(0.434210973577549,0.62992125984252,-3.02160472330893));
#8396=CARTESIAN_POINT('Ctrl Pts',(0.4384927168287,0.62992125984252,-3.02394630792464));
#8397=CARTESIAN_POINT('',(0.450893630895423,0.62992125984252,-3.04876396848265));
#8398=CARTESIAN_POINT('Ctrl Pts',(0.4384927168287,0.62992125984252,-3.02394630792464));
#8399=CARTESIAN_POINT('Ctrl Pts',(0.442100328910153,0.62992125984252,-3.02709032891054));
#8400=CARTESIAN_POINT('Ctrl Pts',(0.449607447147435,0.62992125984252,-3.03363275552093));
#8401=CARTESIAN_POINT('Ctrl Pts',(0.450453931886325,0.62992125984252,-3.04359116222061));
#8402=CARTESIAN_POINT('Ctrl Pts',(0.450893630895423,0.62992125984252,-3.04876396848265));
#8403=CARTESIAN_POINT('',(0.441939121462422,0.62992125984252,-3.07080258073465));
#8404=CARTESIAN_POINT('Ctrl Pts',(0.450893630895423,0.62992125984252,-3.04876396848265));
#8405=CARTESIAN_POINT('Ctrl Pts',(0.450552307738168,0.62992125984252,-3.05298051117134));
#8406=CARTESIAN_POINT('Ctrl Pts',(0.449880791730302,0.62992125984252,-3.06127609807518));
#8407=CARTESIAN_POINT('Ctrl Pts',(0.44455693074121,0.62992125984252,-3.067662370444));
#8408=CARTESIAN_POINT('Ctrl Pts',(0.441939121462422,0.62992125984252,-3.07080258073465));
#8409=CARTESIAN_POINT('',(0.418725879500419,0.62992125984252,-3.07957491377667));
#8410=CARTESIAN_POINT('Ctrl Pts',(0.441939121462422,0.62992125984252,-3.07080258073465));
#8411=CARTESIAN_POINT('Ctrl Pts',(0.438648012669063,0.62992125984252,-3.07335365075105));
#8412=CARTESIAN_POINT('Ctrl Pts',(0.431823692210697,0.62992125984252,-3.07864345439982));
#8413=CARTESIAN_POINT('Ctrl Pts',(0.42319386898892,0.62992125984252,-3.07925716982989));
#8414=CARTESIAN_POINT('Ctrl Pts',(0.418725879500419,0.62992125984252,-3.07957491377667));
#8415=CARTESIAN_POINT('',(0.395210481011499,0.62992125984252,-3.07075752232106));
#8416=CARTESIAN_POINT('Ctrl Pts',(0.418725879500419,0.62992125984252,-3.07957491377667));
#8417=CARTESIAN_POINT('Ctrl Pts',(0.414261622887624,0.62992125984252,-3.07925146167102));
#8418=CARTESIAN_POINT('Ctrl Pts',(0.405545179508642,0.62992125984252,-3.07861992271409));
#8419=CARTESIAN_POINT('Ctrl Pts',(0.398599047705912,0.62992125984252,-3.07333546575283));
#8420=CARTESIAN_POINT('Ctrl Pts',(0.395210481011499,0.62992125984252,-3.07075752232106));
#8421=CARTESIAN_POINT('',(0.383074806541275,0.62992125984252,-3.04419373393892));
#8422=CARTESIAN_POINT('Ctrl Pts',(0.395210481011499,0.62992125984252,-3.07075752232106));
#8423=CARTESIAN_POINT('Ctrl Pts',(0.392321273738023,0.62992125984252,-3.06721634447631));
#8424=CARTESIAN_POINT('Ctrl Pts',(0.385984773755913,0.62992125984252,-3.05944996732645));
#8425=CARTESIAN_POINT('Ctrl Pts',(0.384100125564119,0.62992125984252,-3.04956922622299));
#8426=CARTESIAN_POINT('Ctrl Pts',(0.383074806541275,0.62992125984252,-3.04419373393892));
#8427=CARTESIAN_POINT('',(0.358913159741685,0.62992125984252,-3.04853675709971));
#8428=CARTESIAN_POINT('',(0.462563984143109,0.62992125984252,-3.02990566234264));
#8429=CARTESIAN_POINT('',(0.379126488843163,0.62992125984252,-3.08609584597711));
#8430=CARTESIAN_POINT('Ctrl Pts',(0.358913159741685,0.62992125984252,-3.04853675709971));
#8431=CARTESIAN_POINT('Ctrl Pts',(0.360733026311375,0.62992125984252,-3.0560517059768));
#8432=CARTESIAN_POINT('Ctrl Pts',(0.364200211065397,0.62992125984252,-3.07036908319987));
#8433=CARTESIAN_POINT('Ctrl Pts',(0.374318919250562,0.62992125984252,-3.08103045005968));
#8434=CARTESIAN_POINT('Ctrl Pts',(0.379126488843163,0.62992125984252,-3.08609584597711));
#8435=CARTESIAN_POINT('',(0.418226700623824,0.62992125984252,-3.09944893641195));
#8436=CARTESIAN_POINT('Ctrl Pts',(0.379126488843163,0.62992125984252,-3.08609584597711));
#8437=CARTESIAN_POINT('Ctrl Pts',(0.384812862430991,0.62992125984252,-3.09000018997533));
#8438=CARTESIAN_POINT('Ctrl Pts',(0.396581597625907,0.62992125984252,-3.0980807689094));
#8439=CARTESIAN_POINT('Ctrl Pts',(0.410851616340979,0.62992125984252,-3.09898276396429));
#8440=CARTESIAN_POINT('Ctrl Pts',(0.418226700623824,0.62992125984252,-3.09944893641195));
#8441=CARTESIAN_POINT('',(0.447888590725767,0.62992125984252,-3.09240987752005));
#8442=CARTESIAN_POINT('Ctrl Pts',(0.418226700623824,0.62992125984252,-3.09944893641195));
#8443=CARTESIAN_POINT('Ctrl Pts',(0.423457669023288,0.62992125984252,-3.09916500765846));
#8444=CARTESIAN_POINT('Ctrl Pts',(0.433772186250967,0.62992125984252,-3.09860515185442));
#8445=CARTESIAN_POINT('Ctrl Pts',(0.44322817225724,0.62992125984252,-3.09445519798229));
#8446=CARTESIAN_POINT('Ctrl Pts',(0.447888590725767,0.62992125984252,-3.09240987752005));
#8447=CARTESIAN_POINT('',(0.468531343188113,0.62992125984252,-3.073571630696));
#8448=CARTESIAN_POINT('Ctrl Pts',(0.447888590725767,0.62992125984252,-3.09240987752005));
#8449=CARTESIAN_POINT('Ctrl Pts',(0.452106600973764,0.62992125984252,-3.0899551539778));
#8450=CARTESIAN_POINT('Ctrl Pts',(0.460349541651783,0.62992125984252,-3.08515807209558));
#8451=CARTESIAN_POINT('Ctrl Pts',(0.465846999532564,0.62992125984252,-3.07737299281939));
#8452=CARTESIAN_POINT('Ctrl Pts',(0.468531343188113,0.62992125984252,-3.073571630696));
#8453=CARTESIAN_POINT('',(0.475733851864558,0.62992125984252,-3.04817944250833));
#8454=CARTESIAN_POINT('Ctrl Pts',(0.468531343188113,0.62992125984252,-3.073571630696));
#8455=CARTESIAN_POINT('Ctrl Pts',(0.470638467369741,0.62992125984252,-3.06954676686967));
#8456=CARTESIAN_POINT('Ctrl Pts',(0.474808407331959,0.62992125984252,-3.06158167365959));
#8457=CARTESIAN_POINT('Ctrl Pts',(0.475427563335907,0.62992125984252,-3.05261509425769));
#8458=CARTESIAN_POINT('Ctrl Pts',(0.475733851864558,0.62992125984252,-3.04817944250833));
#8459=CARTESIAN_POINT('',(0.468841361413573,0.62992125984252,-3.02496261146132));
#8460=CARTESIAN_POINT('Ctrl Pts',(0.475733851864558,0.62992125984252,-3.04817944250833));
#8461=CARTESIAN_POINT('Ctrl Pts',(0.475446484497509,0.62992125984252,-3.04403200599456));
#8462=CARTESIAN_POINT('Ctrl Pts',(0.474874672812764,0.62992125984252,-3.03577931994789));
#8463=CARTESIAN_POINT('Ctrl Pts',(0.470845599794967,0.62992125984252,-3.02855587242114));
#8464=CARTESIAN_POINT('Ctrl Pts',(0.468841361413573,0.62992125984252,-3.02496261146132));
#8465=CARTESIAN_POINT('',(0.448533751197533,0.62992125984252,-3.00835096011783));
#8466=CARTESIAN_POINT('Ctrl Pts',(0.468841361413573,0.62992125984252,-3.02496261146132));
#8467=CARTESIAN_POINT('Ctrl Pts',(0.466186851682576,0.62992125984252,-3.02161465422914));
#8468=CARTESIAN_POINT('Ctrl Pts',(0.460633281154531,0.62992125984252,-3.01461030370947));
#8469=CARTESIAN_POINT('Ctrl Pts',(0.452683615495637,0.62992125984252,-3.01049777297691));
#8470=CARTESIAN_POINT('Ctrl Pts',(0.448533751197533,0.62992125984252,-3.00835096011783));
#8471=CARTESIAN_POINT('',(0.475625664571056,0.62992125984252,-2.99151455985182));
#8472=CARTESIAN_POINT('Ctrl Pts',(0.448533751197533,0.62992125984252,-3.00835096011783));
#8473=CARTESIAN_POINT('Ctrl Pts',(0.453971353603335,0.62992125984252,-3.00670309404001));
#8474=CARTESIAN_POINT('Ctrl Pts',(0.464521465850045,0.62992125984252,-3.00350588122614));
#8475=CARTESIAN_POINT('Ctrl Pts',(0.472001091053353,0.62992125984252,-2.99542870323016));
#8476=CARTESIAN_POINT('Ctrl Pts',(0.475625664571056,0.62992125984252,-2.99151455985182));
#8477=CARTESIAN_POINT('',(0.485233111359118,0.62992125984252,-2.95980673957806));
#8478=CARTESIAN_POINT('Ctrl Pts',(0.475625664571056,0.62992125984252,-2.99151455985182));
#8479=CARTESIAN_POINT('Ctrl Pts',(0.478434815990255,0.62992125984252,-2.98689069276644));
#8480=CARTESIAN_POINT('Ctrl Pts',(0.484343052032972,0.62992125984252,-2.97716572814406));
#8481=CARTESIAN_POINT('Ctrl Pts',(0.484926874990514,0.62992125984252,-2.96577932305078));
#8482=CARTESIAN_POINT('Ctrl Pts',(0.485233111359118,0.62992125984252,-2.95980673957806));
#8483=CARTESIAN_POINT('',(0.466350757477451,0.62992125984252,-2.91606833230271));
#8484=CARTESIAN_POINT('Ctrl Pts',(0.485233111359118,0.62992125984252,-2.95980673957806));
#8485=CARTESIAN_POINT('Ctrl Pts',(0.484425829610106,0.62992125984252,-2.95153118802986));
#8486=CARTESIAN_POINT('Ctrl Pts',(0.482807009944593,0.62992125984252,-2.93493645439992));
#8487=CARTESIAN_POINT('Ctrl Pts',(0.471845781312389,0.62992125984252,-2.92236872061115));
#8488=CARTESIAN_POINT('Ctrl Pts',(0.466350757477451,0.62992125984252,-2.91606833230271));
#8489=CARTESIAN_POINT('Ctrl Pts',(0.466350757477451,0.62992125984252,-2.91606833230271));
#8490=CARTESIAN_POINT('Ctrl Pts',(0.459530480642135,0.62992125984252,-2.91087369283159));
#8491=CARTESIAN_POINT('Ctrl Pts',(0.445488183509764,0.62992125984252,-2.90017842741785));
#8492=CARTESIAN_POINT('Ctrl Pts',(0.427852646727066,0.62992125984252,-2.89893813945005));
#8493=CARTESIAN_POINT('Ctrl Pts',(0.418782606163653,0.62992125984252,-2.89830025344087));
#8494=CARTESIAN_POINT('',(0.418651153977828,0.62992125984252,-4.89977757591121));
#8495=CARTESIAN_POINT('',(0.374771293927165,0.62992125984252,-4.91490043057523));
#8496=CARTESIAN_POINT('Ctrl Pts',(0.418651153977828,0.62992125984252,-4.89977757591121));
#8497=CARTESIAN_POINT('Ctrl Pts',(0.410253174587621,0.62992125984252,-4.90029720066881));
#8498=CARTESIAN_POINT('Ctrl Pts',(0.394192641909696,0.62992125984252,-4.90129094571295));
#8499=CARTESIAN_POINT('Ctrl Pts',(0.381044386477223,0.62992125984252,-4.91050456896066));
#8500=CARTESIAN_POINT('Ctrl Pts',(0.374771293927165,0.62992125984252,-4.91490043057523));
#8501=CARTESIAN_POINT('',(0.355511547714874,0.62992125984252,-4.9548176163189));
#8502=CARTESIAN_POINT('Ctrl Pts',(0.374771293927165,0.62992125984252,-4.91490043057523));
#8503=CARTESIAN_POINT('Ctrl Pts',(0.369736982858362,0.62992125984252,-4.92043832824105));
#8504=CARTESIAN_POINT('Ctrl Pts',(0.35938797105912,0.62992125984252,-4.93182256086064));
#8505=CARTESIAN_POINT('Ctrl Pts',(0.356826818915116,0.62992125984252,-4.9470153894963));
#8506=CARTESIAN_POINT('Ctrl Pts',(0.355511547714874,0.62992125984252,-4.9548176163189));
#8507=CARTESIAN_POINT('',(0.380894005654256,0.62992125984252,-4.95691760121768));
#8508=CARTESIAN_POINT('',(-0.0246075817593212,0.62992125984252,-4.92336895072708));
#8509=CARTESIAN_POINT('',(0.393865539404279,0.62992125984252,-4.92896310388853));
#8510=CARTESIAN_POINT('Ctrl Pts',(0.380894005654256,0.62992125984252,-4.95691760121768));
#8511=CARTESIAN_POINT('Ctrl Pts',(0.381972738495423,0.62992125984252,-4.95127443257406));
#8512=CARTESIAN_POINT('Ctrl Pts',(0.383968133721861,0.62992125984252,-4.94083593349092));
#8513=CARTESIAN_POINT('Ctrl Pts',(0.390750017422721,0.62992125984252,-4.93270045312897));
#8514=CARTESIAN_POINT('Ctrl Pts',(0.393865539404279,0.62992125984252,-4.92896310388853));
#8515=CARTESIAN_POINT('',(0.418689096450719,0.62992125984252,-4.91965057304881));
#8516=CARTESIAN_POINT('Ctrl Pts',(0.393865539404279,0.62992125984252,-4.92896310388853));
#8517=CARTESIAN_POINT('Ctrl Pts',(0.397508744544916,0.62992125984252,-4.9262539361811));
#8518=CARTESIAN_POINT('Ctrl Pts',(0.404884048899908,0.62992125984252,-4.92076949717211));
#8519=CARTESIAN_POINT('Ctrl Pts',(0.414050586037655,0.62992125984252,-4.9200265327243));
#8520=CARTESIAN_POINT('Ctrl Pts',(0.418689096450719,0.62992125984252,-4.91965057304881));
#8521=CARTESIAN_POINT('',(0.448255143837251,0.62992125984252,-4.93275332837728));
#8522=CARTESIAN_POINT('Ctrl Pts',(0.418689096450719,0.62992125984252,-4.91965057304881));
#8523=CARTESIAN_POINT('Ctrl Pts',(0.424298161118087,0.62992125984252,-4.92020251588286));
#8524=CARTESIAN_POINT('Ctrl Pts',(0.4355909687385,0.62992125984252,-4.921313750039));
#8525=CARTESIAN_POINT('Ctrl Pts',(0.444015182623564,0.62992125984252,-4.92892336171328));
#8526=CARTESIAN_POINT('Ctrl Pts',(0.448255143837251,0.62992125984252,-4.93275332837728));
#8527=CARTESIAN_POINT('',(0.46040673656207,0.62992125984252,-4.96764227470131));
#8528=CARTESIAN_POINT('Ctrl Pts',(0.448255143837251,0.62992125984252,-4.93275332837728));
#8529=CARTESIAN_POINT('Ctrl Pts',(0.4517864863524,0.62992125984252,-4.9376698915717));
#8530=CARTESIAN_POINT('Ctrl Pts',(0.459255356452742,0.62992125984252,-4.94806853505692));
#8531=CARTESIAN_POINT('Ctrl Pts',(0.460009276201094,0.62992125984252,-4.96088535267211));
#8532=CARTESIAN_POINT('Ctrl Pts',(0.46040673656207,0.62992125984252,-4.96764227470131));
#8533=CARTESIAN_POINT('',(0.448786920322065,0.62992125984252,-5.00029386180842));
#8534=CARTESIAN_POINT('Ctrl Pts',(0.46040673656207,0.62992125984252,-4.96764227470131));
#8535=CARTESIAN_POINT('Ctrl Pts',(0.460058637472739,0.62992125984252,-4.97403637577435));
#8536=CARTESIAN_POINT('Ctrl Pts',(0.459401432292268,0.62992125984252,-4.98610833022198));
#8537=CARTESIAN_POINT('Ctrl Pts',(0.452182317230768,0.62992125984252,-4.99575615812199));
#8538=CARTESIAN_POINT('Ctrl Pts',(0.448786920322065,0.62992125984252,-5.00029386180842));
#8539=CARTESIAN_POINT('',(0.41846314350683,0.62992125984252,-5.01230246353397));
#8540=CARTESIAN_POINT('Ctrl Pts',(0.448786920322065,0.62992125984252,-5.00029386180842));
#8541=CARTESIAN_POINT('Ctrl Pts',(0.444539914486962,0.62992125984252,-5.00378643106588));
#8542=CARTESIAN_POINT('Ctrl Pts',(0.435740146545651,0.62992125984252,-5.01102301141871));
#8543=CARTESIAN_POINT('Ctrl Pts',(0.424354018454429,0.62992125984252,-5.01186621354342));
#8544=CARTESIAN_POINT('Ctrl Pts',(0.41846314350683,0.62992125984252,-5.01230246353397));
#8545=CARTESIAN_POINT('',(0.397371421424305,0.62992125984252,-5.00697164057913));
#8546=CARTESIAN_POINT('Ctrl Pts',(0.41846314350683,0.62992125984252,-5.01230246353397));
#8547=CARTESIAN_POINT('Ctrl Pts',(0.41469654088773,0.62992125984252,-5.01210432154344));
#8548=CARTESIAN_POINT('Ctrl Pts',(0.407311125020089,0.62992125984252,-5.01171581201672));
#8549=CARTESIAN_POINT('Ctrl Pts',(0.400640158441612,0.62992125984252,-5.00853179261435));
#8550=CARTESIAN_POINT('Ctrl Pts',(0.397371421424305,0.62992125984252,-5.00697164057913));
#8551=CARTESIAN_POINT('',(0.382574798500971,0.62992125984252,-4.99330358692083));
#8552=CARTESIAN_POINT('Ctrl Pts',(0.397371421424305,0.62992125984252,-5.00697164057913));
#8553=CARTESIAN_POINT('Ctrl Pts',(0.394420028243495,0.62992125984252,-5.00512456030946));
#8554=CARTESIAN_POINT('Ctrl Pts',(0.3886252086771,0.62992125984252,-5.00149796899084));
#8555=CARTESIAN_POINT('Ctrl Pts',(0.384566394484004,0.62992125984252,-4.99600090791874));
#8556=CARTESIAN_POINT('Ctrl Pts',(0.382574798500971,0.62992125984252,-4.99330358692083));
#8557=CARTESIAN_POINT('',(0.359887630624581,0.62992125984252,-4.99630099840088));
#8558=CARTESIAN_POINT('',(0.518765865565038,0.62992125984252,-4.97531012603038));
#8559=CARTESIAN_POINT('',(0.379148002602203,0.62992125984252,-5.09737517142658));
#8560=CARTESIAN_POINT('',(-0.1057768978773,0.62992125984252,-2.55259652683545));
#8561=CARTESIAN_POINT('',(0.477035898712529,0.62992125984252,-5.09718827919161));
#8562=CARTESIAN_POINT('',(0.19444075036765,0.62992125984252,-5.09772782331263));
#8563=CARTESIAN_POINT('',(0.476991803388032,0.62992125984252,-5.07409262435615));
#8564=CARTESIAN_POINT('',(0.472169149653765,0.62992125984252,-2.54814804159298));
#8565=CARTESIAN_POINT('',(0.39843978306582,0.62992125984252,-5.07424259961583));
#8566=CARTESIAN_POINT('',(0.243340603098267,0.62992125984252,-5.07453872235968));
#8567=CARTESIAN_POINT('',(0.387730903154071,0.62992125984252,-5.02135772559288));
#8568=CARTESIAN_POINT('',(-0.102923491676971,0.62992125984252,-2.59830358050163));
#8569=CARTESIAN_POINT('',(0.42494922141563,0.62992125984252,-5.03364019761332));
#8570=CARTESIAN_POINT('Ctrl Pts',(0.387730903154071,0.62992125984252,-5.02135772559288));
#8571=CARTESIAN_POINT('Ctrl Pts',(0.393623237793955,0.62992125984252,-5.02494877305862));
#8572=CARTESIAN_POINT('Ctrl Pts',(0.405088512996514,0.62992125984252,-5.03193621521463));
#8573=CARTESIAN_POINT('Ctrl Pts',(0.418453086545792,0.62992125984252,-5.03308285095457));
#8574=CARTESIAN_POINT('Ctrl Pts',(0.42494922141563,0.62992125984252,-5.03364019761332));
#8575=CARTESIAN_POINT('',(0.468420850870436,0.62992125984252,-5.01569830126459));
#8576=CARTESIAN_POINT('Ctrl Pts',(0.42494922141563,0.62992125984252,-5.03364019761332));
#8577=CARTESIAN_POINT('Ctrl Pts',(0.433185347668799,0.62992125984252,-5.03290092251826));
#8578=CARTESIAN_POINT('Ctrl Pts',(0.449545690036264,0.62992125984252,-5.03143241738767));
#8579=CARTESIAN_POINT('Ctrl Pts',(0.462157887790129,0.62992125984252,-5.02091903497096));
#8580=CARTESIAN_POINT('Ctrl Pts',(0.468420850870436,0.62992125984252,-5.01569830126459));
#8581=CARTESIAN_POINT('',(0.486057731665038,0.62992125984252,-4.96974172342971));
#8582=CARTESIAN_POINT('Ctrl Pts',(0.468420850870436,0.62992125984252,-5.01569830126459));
#8583=CARTESIAN_POINT('Ctrl Pts',(0.473576742750592,0.62992125984252,-5.00917493245576));
#8584=CARTESIAN_POINT('Ctrl Pts',(0.484213893682265,0.62992125984252,-4.99571653181133));
#8585=CARTESIAN_POINT('Ctrl Pts',(0.485430712396814,0.62992125984252,-4.97857476922651));
#8586=CARTESIAN_POINT('Ctrl Pts',(0.486057731665038,0.62992125984252,-4.96974172342971));
#8587=CARTESIAN_POINT('',(0.47039342085373,0.62992125984252,-4.92358017589593));
#8588=CARTESIAN_POINT('Ctrl Pts',(0.486057731665038,0.62992125984252,-4.96974172342971));
#8589=CARTESIAN_POINT('Ctrl Pts',(0.485442754348516,0.62992125984252,-4.96120167327668));
#8590=CARTESIAN_POINT('Ctrl Pts',(0.484235550993553,0.62992125984252,-4.94443751479585));
#8591=CARTESIAN_POINT('Ctrl Pts',(0.474949126082477,0.62992125984252,-4.93044471819717));
#8592=CARTESIAN_POINT('Ctrl Pts',(0.47039342085373,0.62992125984252,-4.92358017589593));
#8593=CARTESIAN_POINT('Ctrl Pts',(0.47039342085373,0.62992125984252,-4.92358017589593));
#8594=CARTESIAN_POINT('Ctrl Pts',(0.463382706057701,0.62992125984252,-4.91662318038236));
#8595=CARTESIAN_POINT('Ctrl Pts',(0.44906150609653,0.62992125984252,-4.90241171596289));
#8596=CARTESIAN_POINT('Ctrl Pts',(0.428928412856754,0.62992125984252,-4.90066779050421));
#8597=CARTESIAN_POINT('Ctrl Pts',(0.418651153977828,0.62992125984252,-4.89977757591121));
#8598=CARTESIAN_POINT('',(0.418818435872081,0.62992125984252,-7.02257396045019));
#8599=CARTESIAN_POINT('',(0.453694626219748,0.62992125984252,-7.0740699434902));
#8600=CARTESIAN_POINT('Ctrl Pts',(0.418818435872081,0.62992125984252,-7.02257396045019));
#8601=CARTESIAN_POINT('Ctrl Pts',(0.424192777394722,0.62992125984252,-7.0321481125649));
#8602=CARTESIAN_POINT('Ctrl Pts',(0.434379139726721,0.62992125984252,-7.05029466727329));
#8603=CARTESIAN_POINT('Ctrl Pts',(0.447497523367306,0.62992125984252,-7.06644197967398));
#8604=CARTESIAN_POINT('Ctrl Pts',(0.453694626219748,0.62992125984252,-7.0740699434902));
#8605=CARTESIAN_POINT('',(0.357283772754393,0.62992125984252,-7.07425401568497));
#8606=CARTESIAN_POINT('',(0.233601191084723,0.62992125984252,-7.07449015636255));
#8607=CARTESIAN_POINT('',(0.357328124397303,0.62992125984252,-7.09748392152486));
#8608=CARTESIAN_POINT('',(0.350529894790357,0.62992125984252,-3.53679883106802));
#8609=CARTESIAN_POINT('',(0.484756967272463,0.62992125984252,-7.09724062830691));
#8610=CARTESIAN_POINT('',(0.18544011599498,0.62992125984252,-7.09781209829983));
#8611=CARTESIAN_POINT('',(0.484721075750107,0.62992125984252,-7.07844185040193));
#8612=CARTESIAN_POINT('',(0.47798091348697,0.62992125984252,-3.5481704907702));
#8613=CARTESIAN_POINT('',(0.44729054716625,0.62992125984252,-7.02533944470324));
#8614=CARTESIAN_POINT('Ctrl Pts',(0.484721075750107,0.62992125984252,-7.07844185040193));
#8615=CARTESIAN_POINT('Ctrl Pts',(0.478238059168867,0.62992125984252,-7.07084785408389));
#8616=CARTESIAN_POINT('Ctrl Pts',(0.464122965373232,0.62992125984252,-7.05431388891976));
#8617=CARTESIAN_POINT('Ctrl Pts',(0.453197812778013,0.62992125984252,-7.03550790272487));
#8618=CARTESIAN_POINT('Ctrl Pts',(0.44729054716625,0.62992125984252,-7.02533944470324));
#8619=CARTESIAN_POINT('',(0.418693584700688,0.62992125984252,-6.95718109639464));
#8620=CARTESIAN_POINT('Ctrl Pts',(0.44729054716625,0.62992125984252,-7.02533944470324));
#8621=CARTESIAN_POINT('Ctrl Pts',(0.44150135931813,0.62992125984252,-7.0142757532033));
#8622=CARTESIAN_POINT('Ctrl Pts',(0.430036731422953,0.62992125984252,-6.99236575312703));
#8623=CARTESIAN_POINT('Ctrl Pts',(0.422449541175549,0.62992125984252,-6.96883148252694));
#8624=CARTESIAN_POINT('Ctrl Pts',(0.418693584700688,0.62992125984252,-6.95718109639464));
#8625=CARTESIAN_POINT('',(0.409325165649375,0.62992125984252,-6.90308516499131));
#8626=CARTESIAN_POINT('Ctrl Pts',(0.418693584700688,0.62992125984252,-6.95718109639464));
#8627=CARTESIAN_POINT('Ctrl Pts',(0.416468219707652,0.62992125984252,-6.94859755649774));
#8628=CARTESIAN_POINT('Ctrl Pts',(0.41186065397777,0.62992125984252,-6.93082553959543));
#8629=CARTESIAN_POINT('Ctrl Pts',(0.410189292110956,0.62992125984252,-6.91253943519288));
#8630=CARTESIAN_POINT('Ctrl Pts',(0.409325165649375,0.62992125984252,-6.90308516499131));
#8631=CARTESIAN_POINT('',(0.384483942693727,0.62992125984252,-6.9031325930377));
#8632=CARTESIAN_POINT('',(0.211253154383809,0.62992125984252,-6.90346333351204));
#8633=CARTESIAN_POINT('',(0.393721932767307,0.62992125984252,-6.95924292133234));
#8634=CARTESIAN_POINT('Ctrl Pts',(0.384483942693727,0.62992125984252,-6.9031325930377));
#8635=CARTESIAN_POINT('Ctrl Pts',(0.385101780678469,0.62992125984252,-6.91171596116096));
#8636=CARTESIAN_POINT('Ctrl Pts',(0.386467662464434,0.62992125984252,-6.93069159307636));
#8637=CARTESIAN_POINT('Ctrl Pts',(0.391154902042408,0.62992125984252,-6.94913961199732));
#8638=CARTESIAN_POINT('Ctrl Pts',(0.393721932767307,0.62992125984252,-6.95924292133234));
#8639=CARTESIAN_POINT('Ctrl Pts',(0.393721932767307,0.62992125984252,-6.95924292133234));
#8640=CARTESIAN_POINT('Ctrl Pts',(0.396975358397761,0.62992125984252,-6.97012073158413));
#8641=CARTESIAN_POINT('Ctrl Pts',(0.403506490760924,0.62992125984252,-6.99195753581618));
#8642=CARTESIAN_POINT('Ctrl Pts',(0.413701819614931,0.62992125984252,-7.01234322262551));
#8643=CARTESIAN_POINT('Ctrl Pts',(0.418818435872081,0.62992125984252,-7.02257396045019));
#8644=CARTESIAN_POINT('',(0.414888811208708,0.62992125984252,-8.89844196261995));
#8645=CARTESIAN_POINT('',(0.377181335881563,0.62992125984252,-8.91127031141595));
#8646=CARTESIAN_POINT('Ctrl Pts',(0.414888811208708,0.62992125984252,-8.89844196261995));
#8647=CARTESIAN_POINT('Ctrl Pts',(0.407673148747364,0.62992125984252,-8.89887830315391));
#8648=CARTESIAN_POINT('Ctrl Pts',(0.393898419142504,0.62992125984252,-8.89971127904531));
#8649=CARTESIAN_POINT('Ctrl Pts',(0.382573760764585,0.62992125984252,-8.9075417175694));
#8650=CARTESIAN_POINT('Ctrl Pts',(0.377181335881563,0.62992125984252,-8.91127031141595));
#8651=CARTESIAN_POINT('',(0.359660014684515,0.62992125984252,-8.9474244087896));
#8652=CARTESIAN_POINT('Ctrl Pts',(0.377181335881563,0.62992125984252,-8.91127031141595));
#8653=CARTESIAN_POINT('Ctrl Pts',(0.37277868576585,0.62992125984252,-8.91618446994495));
#8654=CARTESIAN_POINT('Ctrl Pts',(0.36350732940495,0.62992125984252,-8.92653299043576));
#8655=CARTESIAN_POINT('Ctrl Pts',(0.360984722058761,0.62992125984252,-8.94023107578651));
#8656=CARTESIAN_POINT('Ctrl Pts',(0.359660014684515,0.62992125984252,-8.9474244087896));
#8657=CARTESIAN_POINT('',(0.382894045891832,0.62992125984252,-8.94952849556706));
#8658=CARTESIAN_POINT('',(-0.220553401426312,0.62992125984252,-8.89487995939773));
#8659=CARTESIAN_POINT('',(0.39412793549424,0.62992125984252,-8.92573993346423));
#8660=CARTESIAN_POINT('Ctrl Pts',(0.382894045891832,0.62992125984252,-8.94952849556706));
#8661=CARTESIAN_POINT('Ctrl Pts',(0.383913424277248,0.62992125984252,-8.94461514061788));
#8662=CARTESIAN_POINT('Ctrl Pts',(0.385753922595035,0.62992125984252,-8.93574402695879));
#8663=CARTESIAN_POINT('Ctrl Pts',(0.391544518843465,0.62992125984252,-8.92882623653312));
#8664=CARTESIAN_POINT('Ctrl Pts',(0.39412793549424,0.62992125984252,-8.92573993346423));
#8665=CARTESIAN_POINT('',(0.415463875031086,0.62992125984252,-8.91831393425988));
#8666=CARTESIAN_POINT('Ctrl Pts',(0.39412793549424,0.62992125984252,-8.92573993346423));
#8667=CARTESIAN_POINT('Ctrl Pts',(0.397181646164389,0.62992125984252,-8.92358117518841));
#8668=CARTESIAN_POINT('Ctrl Pts',(0.403565653733247,0.62992125984252,-8.91906813166177));
#8669=CARTESIAN_POINT('Ctrl Pts',(0.411384878987608,0.62992125984252,-8.91857249124426));
#8670=CARTESIAN_POINT('Ctrl Pts',(0.415463875031086,0.62992125984252,-8.91831393425988));
#8671=CARTESIAN_POINT('',(0.434943767271423,0.62992125984252,-8.92337928467657));
#8672=CARTESIAN_POINT('Ctrl Pts',(0.415463875031086,0.62992125984252,-8.91831393425988));
#8673=CARTESIAN_POINT('Ctrl Pts',(0.419009434418022,0.62992125984252,-8.91848844677834));
#8674=CARTESIAN_POINT('Ctrl Pts',(0.425861178117713,0.62992125984252,-8.91882568976834));
#8675=CARTESIAN_POINT('Ctrl Pts',(0.431987582334652,0.62992125984252,-8.92189718871824));
#8676=CARTESIAN_POINT('Ctrl Pts',(0.434943767271423,0.62992125984252,-8.92337928467657));
#8677=CARTESIAN_POINT('',(0.448800189069703,0.62992125984252,-8.9369148584514));
#8678=CARTESIAN_POINT('Ctrl Pts',(0.434943767271423,0.62992125984252,-8.92337928467657));
#8679=CARTESIAN_POINT('Ctrl Pts',(0.437641711977027,0.62992125984252,-8.92522002858493));
#8680=CARTESIAN_POINT('Ctrl Pts',(0.443057623544368,0.62992125984252,-8.92891517704559));
#8681=CARTESIAN_POINT('Ctrl Pts',(0.446881288641659,0.62992125984252,-8.93424173404279));
#8682=CARTESIAN_POINT('Ctrl Pts',(0.448800189069703,0.62992125984252,-8.9369148584514));
#8683=CARTESIAN_POINT('',(0.45784083815636,0.62992125984252,-8.95999331317136));
#8684=CARTESIAN_POINT('Ctrl Pts',(0.448800189069703,0.62992125984252,-8.9369148584514));
#8685=CARTESIAN_POINT('Ctrl Pts',(0.450571391396916,0.62992125984252,-8.94022063089501));
#8686=CARTESIAN_POINT('Ctrl Pts',(0.454497378264674,0.62992125984252,-8.94754809371617));
#8687=CARTESIAN_POINT('Ctrl Pts',(0.456656048398156,0.62992125984252,-8.95558322032539));
#8688=CARTESIAN_POINT('Ctrl Pts',(0.45784083815636,0.62992125984252,-8.95999331317136));
#8689=CARTESIAN_POINT('',(0.461522720249476,0.62992125984252,-8.98952733799493));
#8690=CARTESIAN_POINT('Ctrl Pts',(0.45784083815636,0.62992125984252,-8.95999331317136));
#8691=CARTESIAN_POINT('Ctrl Pts',(0.458907551655756,0.62992125984252,-8.96485147335878));
#8692=CARTESIAN_POINT('Ctrl Pts',(0.461044249398049,0.62992125984252,-8.97458268976324));
#8693=CARTESIAN_POINT('Ctrl Pts',(0.461363067289165,0.62992125984252,-8.98454070751601));
#8694=CARTESIAN_POINT('Ctrl Pts',(0.461522720249476,0.62992125984252,-8.98952733799493));
#8695=CARTESIAN_POINT('',(0.461397675033699,0.62992125984252,-8.99436156917176));
#8696=CARTESIAN_POINT('Ctrl Pts',(0.461522720249476,0.62992125984252,-8.98952733799493));
#8697=CARTESIAN_POINT('Ctrl Pts',(0.461515478951169,0.62992125984252,-8.99019881198451));
#8698=CARTESIAN_POINT('Ctrl Pts',(0.461498094845668,0.62992125984252,-8.99181081223379));
#8699=CARTESIAN_POINT('Ctrl Pts',(0.461434676596589,0.62992125984252,-8.99342169494369));
#8700=CARTESIAN_POINT('Ctrl Pts',(0.461397675033699,0.62992125984252,-8.99436156917176));
#8701=CARTESIAN_POINT('',(0.441488786328939,0.62992125984252,-8.97560071027338));
#8702=CARTESIAN_POINT('Ctrl Pts',(0.461397675033699,0.62992125984252,-8.99436156917176));
#8703=CARTESIAN_POINT('Ctrl Pts',(0.458714988171157,0.62992125984252,-8.99067659691133));
#8704=CARTESIAN_POINT('Ctrl Pts',(0.453256361353685,0.62992125984252,-8.98317855877528));
#8705=CARTESIAN_POINT('Ctrl Pts',(0.445455732324605,0.62992125984252,-8.97815526511643));
#8706=CARTESIAN_POINT('Ctrl Pts',(0.441488786328939,0.62992125984252,-8.97560071027338));
#8707=CARTESIAN_POINT('',(0.414351262962776,0.62992125984252,-8.96853583230077));
#8708=CARTESIAN_POINT('Ctrl Pts',(0.441488786328939,0.62992125984252,-8.97560071027338));
#8709=CARTESIAN_POINT('Ctrl Pts',(0.437221201939646,0.62992125984252,-8.97353317316554));
#8710=CARTESIAN_POINT('Ctrl Pts',(0.428645158060228,0.62992125984252,-8.96937829599341));
#8711=CARTESIAN_POINT('Ctrl Pts',(0.419131010091334,0.62992125984252,-8.96881754441551));
#8712=CARTESIAN_POINT('Ctrl Pts',(0.414351262962776,0.62992125984252,-8.96853583230077));
#8713=CARTESIAN_POINT('',(0.373027792143642,0.62992125984252,-8.98633935232244));
#8714=CARTESIAN_POINT('Ctrl Pts',(0.414351262962776,0.62992125984252,-8.96853583230077));
#8715=CARTESIAN_POINT('Ctrl Pts',(0.406517733800275,0.62992125984252,-8.96929151765421));
#8716=CARTESIAN_POINT('Ctrl Pts',(0.390838937588334,0.62992125984252,-8.97080402069224));
#8717=CARTESIAN_POINT('Ctrl Pts',(0.378967803055762,0.62992125984252,-8.98115832453884));
#8718=CARTESIAN_POINT('Ctrl Pts',(0.373027792143642,0.62992125984252,-8.98633935232244));
#8719=CARTESIAN_POINT('',(0.356198119819393,0.62992125984252,-9.03310003875792));
#8720=CARTESIAN_POINT('Ctrl Pts',(0.373027792143642,0.62992125984252,-8.98633935232244));
#8721=CARTESIAN_POINT('Ctrl Pts',(0.368108650576539,0.62992125984252,-8.99293528913881));
#8722=CARTESIAN_POINT('Ctrl Pts',(0.35778629554399,0.62992125984252,-9.00677624099232));
#8723=CARTESIAN_POINT('Ctrl Pts',(0.356743807720071,0.62992125984252,-9.02405533563212));
#8724=CARTESIAN_POINT('Ctrl Pts',(0.356198119819393,0.62992125984252,-9.03310003875792));
#8725=CARTESIAN_POINT('',(0.373880416651857,0.62992125984252,-9.08127188132674));
#8726=CARTESIAN_POINT('Ctrl Pts',(0.356198119819393,0.62992125984252,-9.03310003875792));
#8727=CARTESIAN_POINT('Ctrl Pts',(0.356803185417892,0.62992125984252,-9.04243655183293));
#8728=CARTESIAN_POINT('Ctrl Pts',(0.357959743939353,0.62992125984252,-9.06028292053149));
#8729=CARTESIAN_POINT('Ctrl Pts',(0.368739975268546,0.62992125984252,-9.07449499918031));
#8730=CARTESIAN_POINT('Ctrl Pts',(0.373880416651857,0.62992125984252,-9.08127188132674));
#8731=CARTESIAN_POINT('',(0.418226702868598,0.62992125984252,-9.0994489598741));
#8732=CARTESIAN_POINT('Ctrl Pts',(0.373880416651857,0.62992125984252,-9.08127188132674));
#8733=CARTESIAN_POINT('Ctrl Pts',(0.380221483624139,0.62992125984252,-9.08658588567403));
#8734=CARTESIAN_POINT('Ctrl Pts',(0.393062042663769,0.62992125984252,-9.09734665935083));
#8735=CARTESIAN_POINT('Ctrl Pts',(0.409769770233101,0.62992125984252,-9.09874245266279));
#8736=CARTESIAN_POINT('Ctrl Pts',(0.418226702868598,0.62992125984252,-9.0994489598741));
#8737=CARTESIAN_POINT('',(0.453253232986116,0.62992125984252,-9.08904271415047));
#8738=CARTESIAN_POINT('Ctrl Pts',(0.418226702868598,0.62992125984252,-9.0994489598741));
#8739=CARTESIAN_POINT('Ctrl Pts',(0.424476064670833,0.62992125984252,-9.09901304603181));
#8740=CARTESIAN_POINT('Ctrl Pts',(0.436925782062289,0.62992125984252,-9.09814463669416));
#8741=CARTESIAN_POINT('Ctrl Pts',(0.447825050388752,0.62992125984252,-9.09206871605271));
#8742=CARTESIAN_POINT('Ctrl Pts',(0.453253232986116,0.62992125984252,-9.08904271415047));
#8743=CARTESIAN_POINT('',(0.477366682672147,0.62992125984252,-9.05945565635486));
#8744=CARTESIAN_POINT('Ctrl Pts',(0.453253232986116,0.62992125984252,-9.08904271415047));
#8745=CARTESIAN_POINT('Ctrl Pts',(0.458279294813604,0.62992125984252,-9.0851418056834));
#8746=CARTESIAN_POINT('Ctrl Pts',(0.468585714288335,0.62992125984252,-9.07714262056112));
#8747=CARTESIAN_POINT('Ctrl Pts',(0.474391939837704,0.62992125984252,-9.06544749777097));
#8748=CARTESIAN_POINT('Ctrl Pts',(0.477366682672147,0.62992125984252,-9.05945565635486));
#8749=CARTESIAN_POINT('',(0.485586240508659,0.62992125984252,-9.00411764703948));
#8750=CARTESIAN_POINT('Ctrl Pts',(0.477366682672147,0.62992125984252,-9.05945565635486));
#8751=CARTESIAN_POINT('Ctrl Pts',(0.479768255925509,0.62992125984252,-9.05171810462675));
#8752=CARTESIAN_POINT('Ctrl Pts',(0.485350089856933,0.62992125984252,-9.0337341731678));
#8753=CARTESIAN_POINT('Ctrl Pts',(0.485500528054588,0.62992125984252,-9.01486716272774));
#8754=CARTESIAN_POINT('Ctrl Pts',(0.485586240508659,0.62992125984252,-9.00411764703948));
#8755=CARTESIAN_POINT('',(0.477280480654857,0.62992125984252,-8.94397719621339));
#8756=CARTESIAN_POINT('Ctrl Pts',(0.485586240508659,0.62992125984252,-9.00411764703948));
#8757=CARTESIAN_POINT('Ctrl Pts',(0.48541080221919,0.62992125984252,-8.99273901232452));
#8758=CARTESIAN_POINT('Ctrl Pts',(0.485096113486224,0.62992125984252,-8.97232882620055));
#8759=CARTESIAN_POINT('Ctrl Pts',(0.479678005244953,0.62992125984252,-8.95267434608342));
#8760=CARTESIAN_POINT('Ctrl Pts',(0.477280480654857,0.62992125984252,-8.94397719621339));
#8761=CARTESIAN_POINT('',(0.452777220008101,0.62992125984252,-8.91005178047038));
#8762=CARTESIAN_POINT('Ctrl Pts',(0.477280480654857,0.62992125984252,-8.94397719621339));
#8763=CARTESIAN_POINT('Ctrl Pts',(0.474335212860323,0.62992125984252,-8.93709402626754));
#8764=CARTESIAN_POINT('Ctrl Pts',(0.468701647946459,0.62992125984252,-8.92392823374602));
#8765=CARTESIAN_POINT('Ctrl Pts',(0.457921452582844,0.62992125984252,-8.91453443461901));
#8766=CARTESIAN_POINT('Ctrl Pts',(0.452777220008101,0.62992125984252,-8.91005178047038));
#8767=CARTESIAN_POINT('Ctrl Pts',(0.452777220008101,0.62992125984252,-8.91005178047038));
#8768=CARTESIAN_POINT('Ctrl Pts',(0.447081732702911,0.62992125984252,-8.90665590281569));
#8769=CARTESIAN_POINT('Ctrl Pts',(0.435411659108326,0.62992125984252,-8.89969773751307));
#8770=CARTESIAN_POINT('Ctrl Pts',(0.421837968998467,0.62992125984252,-8.89886717543268));
#8771=CARTESIAN_POINT('Ctrl Pts',(0.414888811208708,0.62992125984252,-8.89844196261995));
#8772=CARTESIAN_POINT('',(0.346589942456734,0.62992125984252,-10.0995857321901));
#8773=CARTESIAN_POINT('',(0.362166086130205,0.62992125984252,-10.0995559934745));
#8774=CARTESIAN_POINT('',(0.182936872910208,0.62992125984252,-10.0998981864275));
#8775=CARTESIAN_POINT('',(0.361788712441432,0.62992125984252,-9.90190028826381));
#8776=CARTESIAN_POINT('',(0.352524184463898,0.62992125984252,-5.04945067314257));
#8777=CARTESIAN_POINT('',(0.337618838373348,0.62992125984252,-9.90194643453892));
#8778=CARTESIAN_POINT('',(0.190347571057758,0.62992125984252,-9.90222761185898));
#8779=CARTESIAN_POINT('',(0.337912892448651,0.62992125984252,-10.0559621154226));
#8780=CARTESIAN_POINT('',(0.328165623551428,0.62992125984252,-4.9506689668123));
#8781=CARTESIAN_POINT('',(0.314919745929038,0.62992125984252,-10.0393556148994));
#8782=CARTESIAN_POINT('Ctrl Pts',(0.337912892448651,0.62992125984252,-10.0559621154226));
#8783=CARTESIAN_POINT('Ctrl Pts',(0.334607290634893,0.62992125984252,-10.0531004865577));
#8784=CARTESIAN_POINT('Ctrl Pts',(0.327434350247695,0.62992125984252,-10.0468909385192));
#8785=CARTESIAN_POINT('Ctrl Pts',(0.31930353117445,0.62992125984252,-10.0419951902038));
#8786=CARTESIAN_POINT('Ctrl Pts',(0.314919745929038,0.62992125984252,-10.0393556148994));
#8787=CARTESIAN_POINT('',(0.289517559396738,0.62992125984252,-10.0269163079971));
#8788=CARTESIAN_POINT('Ctrl Pts',(0.314919745929038,0.62992125984252,-10.0393556148994));
#8789=CARTESIAN_POINT('Ctrl Pts',(0.310503277370908,0.62992125984252,-10.0368270497378));
#8790=CARTESIAN_POINT('Ctrl Pts',(0.302302336124383,0.62992125984252,-10.032131756642));
#8791=CARTESIAN_POINT('Ctrl Pts',(0.293554436105021,0.62992125984252,-10.0285631199522));
#8792=CARTESIAN_POINT('Ctrl Pts',(0.289517559396738,0.62992125984252,-10.0269163079971));
#8793=CARTESIAN_POINT('',(0.289562167447668,0.62992125984252,-10.0502805117741));
#8794=CARTESIAN_POINT('',(0.279945133461392,0.62992125984252,-5.01320004977162));
#8795=CARTESIAN_POINT('',(0.32505538007208,0.62992125984252,-10.0733084619995));
#8796=CARTESIAN_POINT('Ctrl Pts',(0.289562167447668,0.62992125984252,-10.0502805117741));
#8797=CARTESIAN_POINT('Ctrl Pts',(0.296049376118117,0.62992125984252,-10.0535561454972));
#8798=CARTESIAN_POINT('Ctrl Pts',(0.308714670401806,0.62992125984252,-10.059951325177));
#8799=CARTESIAN_POINT('Ctrl Pts',(0.319697832547365,0.62992125984252,-10.0689291237232));
#8800=CARTESIAN_POINT('Ctrl Pts',(0.32505538007208,0.62992125984252,-10.0733084619995));
#8801=CARTESIAN_POINT('Ctrl Pts',(0.32505538007208,0.62992125984252,-10.0733084619995));
#8802=CARTESIAN_POINT('Ctrl Pts',(0.329630622223523,0.62992125984252,-10.0775544228458));
#8803=CARTESIAN_POINT('Ctrl Pts',(0.338018928597569,0.62992125984252,-10.085339020743));
#8804=CARTESIAN_POINT('Ctrl Pts',(0.343911405153163,0.62992125984252,-10.0951334761687));
#8805=CARTESIAN_POINT('Ctrl Pts',(0.346589942456734,0.62992125984252,-10.0995857321901));
#8806=CARTESIAN_POINT('',(0.365254445890931,0.62992125984252,-11.0995500970309));
#8807=CARTESIAN_POINT('',(0.380830566098048,0.62992125984252,-11.0995203583601));
#8808=CARTESIAN_POINT('',(0.193223744969108,0.62992125984252,-11.0998785462412));
#8809=CARTESIAN_POINT('',(0.380453192409275,0.62992125984252,-10.9018646531494));
#8810=CARTESIAN_POINT('',(0.37023404409138,0.62992125984252,-5.54941686063484));
#8811=CARTESIAN_POINT('',(0.356283341807545,0.62992125984252,-10.9019107993797));
#8812=CARTESIAN_POINT('',(0.200634431383506,0.62992125984252,-10.9022079716951));
#8813=CARTESIAN_POINT('',(0.356577395882847,0.62992125984252,-11.0559264802634));
#8814=CARTESIAN_POINT('',(0.345875506645262,0.62992125984252,-5.45063515425976));
#8815=CARTESIAN_POINT('',(0.333584249363235,0.62992125984252,-11.0393199797402));
#8816=CARTESIAN_POINT('Ctrl Pts',(0.356577395882847,0.62992125984252,-11.0559264802634));
#8817=CARTESIAN_POINT('Ctrl Pts',(0.353271789663286,0.62992125984252,-11.0530648520695));
#8818=CARTESIAN_POINT('Ctrl Pts',(0.346098844877372,0.62992125984252,-11.0468553099555));
#8819=CARTESIAN_POINT('Ctrl Pts',(0.337968029772656,0.62992125984252,-11.0419595563002));
#8820=CARTESIAN_POINT('Ctrl Pts',(0.333584249363235,0.62992125984252,-11.0393199797402));
#8821=CARTESIAN_POINT('',(0.308182062830935,0.62992125984252,-11.0268806728379));
#8822=CARTESIAN_POINT('Ctrl Pts',(0.333584249363235,0.62992125984252,-11.0393199797402));
#8823=CARTESIAN_POINT('Ctrl Pts',(0.329167780805105,0.62992125984252,-11.0367914145786));
#8824=CARTESIAN_POINT('Ctrl Pts',(0.320966839558579,0.62992125984252,-11.0320961214828));
#8825=CARTESIAN_POINT('Ctrl Pts',(0.312218939539217,0.62992125984252,-11.028527484793));
#8826=CARTESIAN_POINT('Ctrl Pts',(0.308182062830935,0.62992125984252,-11.0268806728379));
#8827=CARTESIAN_POINT('',(0.308226670881864,0.62992125984252,-11.0502448766149));
#8828=CARTESIAN_POINT('',(0.297655016555226,0.62992125984252,-5.51316623721908));
#8829=CARTESIAN_POINT('',(0.343719883506276,0.62992125984252,-11.0732728268403));
#8830=CARTESIAN_POINT('Ctrl Pts',(0.308226670881864,0.62992125984252,-11.0502448766149));
#8831=CARTESIAN_POINT('Ctrl Pts',(0.314713879552313,0.62992125984252,-11.053520510338));
#8832=CARTESIAN_POINT('Ctrl Pts',(0.327379173836002,0.62992125984252,-11.0599156900179));
#8833=CARTESIAN_POINT('Ctrl Pts',(0.338362335981561,0.62992125984252,-11.068893488564));
#8834=CARTESIAN_POINT('Ctrl Pts',(0.343719883506276,0.62992125984252,-11.0732728268403));
#8835=CARTESIAN_POINT('Ctrl Pts',(0.343719883506276,0.62992125984252,-11.0732728268403));
#8836=CARTESIAN_POINT('Ctrl Pts',(0.34829512565772,0.62992125984252,-11.0775187876866));
#8837=CARTESIAN_POINT('Ctrl Pts',(0.356683432031765,0.62992125984252,-11.0853033855838));
#8838=CARTESIAN_POINT('Ctrl Pts',(0.36257590858736,0.62992125984252,-11.0950978410095));
#8839=CARTESIAN_POINT('Ctrl Pts',(0.365254445890931,0.62992125984252,-11.0995500970309));
#8840=CARTESIAN_POINT('',(0.346419977226042,0.62992125984252,-12.1010770203286));
#8841=CARTESIAN_POINT('',(0.361996109180601,0.62992125984252,-12.1010997893705));
#8842=CARTESIAN_POINT('',(0.164365757819656,0.62992125984252,-12.1008108951972));
#8843=CARTESIAN_POINT('',(0.362285040633873,0.62992125984252,-11.9034439350888));
#8844=CARTESIAN_POINT('',(0.370840339973823,0.62992125984252,-6.05082740433762));
#8845=CARTESIAN_POINT('',(0.338115171803347,0.62992125984252,-11.9034086038037));
#8846=CARTESIAN_POINT('',(0.172442755250261,0.62992125984252,-11.9031664254364));
#8847=CARTESIAN_POINT('',(0.337890032971878,0.62992125984252,-12.0574244008454));
#8848=CARTESIAN_POINT('',(0.346814936869933,0.62992125984252,-5.95196414591171));
#8849=CARTESIAN_POINT('',(0.314952998082838,0.62992125984252,-12.040740484129));
#8850=CARTESIAN_POINT('Ctrl Pts',(0.337890032971878,0.62992125984252,-12.0574244008454));
#8851=CARTESIAN_POINT('Ctrl Pts',(0.334594093916589,0.62992125984252,-12.0545516354353));
#8852=CARTESIAN_POINT('Ctrl Pts',(0.327442133837536,0.62992125984252,-12.0483179329351));
#8853=CARTESIAN_POINT('Ctrl Pts',(0.319327857522454,0.62992125984252,-12.0433948129864));
#8854=CARTESIAN_POINT('Ctrl Pts',(0.314952998082838,0.62992125984252,-12.040740484129));
#8855=CARTESIAN_POINT('',(0.289592889141025,0.62992125984252,-12.0282156164134));
#8856=CARTESIAN_POINT('Ctrl Pts',(0.314952998082838,0.62992125984252,-12.040740484129));
#8857=CARTESIAN_POINT('Ctrl Pts',(0.310545080357349,0.62992125984252,-12.0381970336276));
#8858=CARTESIAN_POINT('Ctrl Pts',(0.302360022632784,0.62992125984252,-12.0334741031036));
#8859=CARTESIAN_POINT('Ctrl Pts',(0.293624192727486,0.62992125984252,-12.0298760170246));
#8860=CARTESIAN_POINT('Ctrl Pts',(0.289592889141025,0.62992125984252,-12.0282156164134));
#8861=CARTESIAN_POINT('',(0.289558735560916,0.62992125984252,-12.0515798260784));
#8862=CARTESIAN_POINT('',(0.298383926708241,0.62992125984252,-6.01433232093149));
#8863=CARTESIAN_POINT('',(0.324974118623688,0.62992125984252,-12.0747273058219));
#8864=CARTESIAN_POINT('Ctrl Pts',(0.289558735560916,0.62992125984252,-12.0515798260784));
#8865=CARTESIAN_POINT('Ctrl Pts',(0.29603486474303,0.62992125984252,-12.0548773143428));
#8866=CARTESIAN_POINT('Ctrl Pts',(0.308678526384924,0.62992125984252,-12.0613151608883));
#8867=CARTESIAN_POINT('Ctrl Pts',(0.319631364009563,0.62992125984252,-12.0703299327054));
#8868=CARTESIAN_POINT('Ctrl Pts',(0.324974118623688,0.62992125984252,-12.0747273058219));
#8869=CARTESIAN_POINT('Ctrl Pts',(0.324974118623688,0.62992125984252,-12.0747273058219));
#8870=CARTESIAN_POINT('Ctrl Pts',(0.329535019737995,0.62992125984252,-12.0789886750652));
#8871=CARTESIAN_POINT('Ctrl Pts',(0.337897024830578,0.62992125984252,-12.0868015152082));
#8872=CARTESIAN_POINT('Ctrl Pts',(0.34375646183139,0.62992125984252,-12.0966157695917));
#8873=CARTESIAN_POINT('Ctrl Pts',(0.346419977226042,0.62992125984252,-12.1010770203286));
#8874=CARTESIAN_POINT('',(-0.561023622047244,0.62992125984252,6.87055782986212E-17));
#8875=CARTESIAN_POINT('Origin',(0.,0.62992125984252,0.));
#8876=CARTESIAN_POINT('',(-0.242007874015748,0.62992125984252,-2.));
#8877=CARTESIAN_POINT('Origin',(0.,0.62992125984252,-2.));
#8878=CARTESIAN_POINT('',(-0.242007874015748,0.62992125984252,-4.));
#8879=CARTESIAN_POINT('Origin',(0.,0.62992125984252,-4.));
#8880=CARTESIAN_POINT('',(-0.242007874015748,0.62992125984252,-6.));
#8881=CARTESIAN_POINT('Origin',(0.,0.62992125984252,-6.));
#8882=CARTESIAN_POINT('',(-0.242007874015748,0.62992125984252,-8.));
#8883=CARTESIAN_POINT('Origin',(0.,0.62992125984252,-8.));
#8884=CARTESIAN_POINT('',(-0.242007874015748,0.62992125984252,-10.));
#8885=CARTESIAN_POINT('Origin',(0.,0.62992125984252,-10.));
#8886=CARTESIAN_POINT('Origin',(0.,0.,-12.));
#8887=CARTESIAN_POINT('',(-0.187007874015748,0.25,-12.));
#8888=CARTESIAN_POINT('Origin',(0.,0.25,-12.));
#8889=CARTESIAN_POINT('',(-0.187007874015748,0.,-12.));
#8890=CARTESIAN_POINT('Origin',(0.,0.60492125984252,-11.));
#8891=CARTESIAN_POINT('',(-0.192007874015748,0.57992125984252,-11.));
#8892=CARTESIAN_POINT('',(-0.217007874015748,0.60492125984252,-11.));
#8893=CARTESIAN_POINT('Origin',(0.,0.57992125984252,-11.));
#8894=CARTESIAN_POINT('Origin',(0.,0.,-11.));
#8895=CARTESIAN_POINT('',(0.0214046426566771,0.25,-10.8091889286315));
#8896=CARTESIAN_POINT('',(-0.192007874015748,0.25,-11.));
#8897=CARTESIAN_POINT('Origin',(0.,0.25,-11.));
#8898=CARTESIAN_POINT('',(-0.0214046426566771,0.25,-10.8091889286315));
#8899=CARTESIAN_POINT('Ctrl Pts',(-0.0214046426562123,0.25,-10.8091889286315));
#8900=CARTESIAN_POINT('Ctrl Pts',(-0.0142234504763967,0.25,-10.808383362941));
#8901=CARTESIAN_POINT('Ctrl Pts',(-0.00706142215200473,0.24999590756193,
-10.8079921259842));
#8902=CARTESIAN_POINT('Ctrl Pts',(0.,0.24999590756193,-10.8079921259842));
#8903=CARTESIAN_POINT('Ctrl Pts',(0.00706142215215708,0.24999590756193,
-10.8079921259842));
#8904=CARTESIAN_POINT('Ctrl Pts',(0.0142234504767057,0.25,-10.808383362941));
#8905=CARTESIAN_POINT('Ctrl Pts',(0.0214046426566771,0.25,-10.8091889286315));
#8906=CARTESIAN_POINT('Origin',(0.,0.25,-11.));
#8907=CARTESIAN_POINT('',(-0.192007874015748,0.,-11.));
#8908=CARTESIAN_POINT('Origin',(0.,0.60492125984252,-10.));
#8909=CARTESIAN_POINT('',(-0.192007874015748,0.57992125984252,-10.));
#8910=CARTESIAN_POINT('',(-0.217007874015748,0.60492125984252,-10.));
#8911=CARTESIAN_POINT('Origin',(0.,0.57992125984252,-10.));
#8912=CARTESIAN_POINT('Origin',(0.,0.,-10.));
#8913=CARTESIAN_POINT('',(-0.0996513900539156,0.25,-10.1641238073662));
#8914=CARTESIAN_POINT('',(-0.192007874015748,0.25,-10.));
#8915=CARTESIAN_POINT('Origin',(0.,0.25,-10.));
#8916=CARTESIAN_POINT('',(0.0996513900539156,0.25,-10.1641238073662));
#8917=CARTESIAN_POINT('Ctrl Pts',(0.0996513900539158,0.25,-10.1641238073662));
#8918=CARTESIAN_POINT('Ctrl Pts',(0.0954561445586519,0.25,-10.1666710432117));
#8919=CARTESIAN_POINT('Ctrl Pts',(0.0911557214197981,0.249944465615655,
-10.1690616841164));
#8920=CARTESIAN_POINT('Ctrl Pts',(0.0597666230527412,0.249293297621501,
-10.1849624954951));
#8921=CARTESIAN_POINT('Ctrl Pts',(0.0292147590962477,0.247764229014811,
-10.1920078740157));
#8922=CARTESIAN_POINT('Ctrl Pts',(0.,0.247764229014811,-10.1920078740157));
#8923=CARTESIAN_POINT('Ctrl Pts',(-0.0292147590962477,0.247764229014811,
-10.1920078740157));
#8924=CARTESIAN_POINT('Ctrl Pts',(-0.0597666230527412,0.249293297621501,
-10.1849624954951));
#8925=CARTESIAN_POINT('Ctrl Pts',(-0.0911557214197981,0.249944465615655,
-10.1690616841164));
#8926=CARTESIAN_POINT('Ctrl Pts',(-0.0954561445586528,0.25,-10.1666710432117));
#8927=CARTESIAN_POINT('Ctrl Pts',(-0.0996513900539154,0.25,-10.1641238073662));
#8928=CARTESIAN_POINT('Origin',(0.,0.25,-10.));
#8929=CARTESIAN_POINT('',(-0.192007874015748,0.,-10.));
#8930=CARTESIAN_POINT('Origin',(0.,0.60492125984252,-9.));
#8931=CARTESIAN_POINT('',(-0.192007874015748,0.57992125984252,-9.));
#8932=CARTESIAN_POINT('',(-0.217007874015748,0.60492125984252,-9.));
#8933=CARTESIAN_POINT('Origin',(0.,0.57992125984252,-9.));
#8934=CARTESIAN_POINT('Origin',(0.,0.,-9.));
#8935=CARTESIAN_POINT('',(-0.192007874015748,0.25,-9.));
#8936=CARTESIAN_POINT('Origin',(0.,0.25,-9.));
#8937=CARTESIAN_POINT('',(-0.192007874015748,0.,-9.));
#8938=CARTESIAN_POINT('Origin',(0.,0.60492125984252,-8.));
#8939=CARTESIAN_POINT('',(-0.192007874015748,0.57992125984252,-8.));
#8940=CARTESIAN_POINT('',(-0.217007874015748,0.60492125984252,-8.));
#8941=CARTESIAN_POINT('Origin',(0.,0.57992125984252,-8.));
#8942=CARTESIAN_POINT('Origin',(0.,0.,-8.));
#8943=CARTESIAN_POINT('',(-0.192007874015748,0.25,-8.));
#8944=CARTESIAN_POINT('Origin',(0.,0.25,-8.));
#8945=CARTESIAN_POINT('',(-0.192007874015748,0.,-8.));
#8946=CARTESIAN_POINT('Origin',(0.,0.60492125984252,-7.));
#8947=CARTESIAN_POINT('',(-0.192007874015748,0.57992125984252,-7.));
#8948=CARTESIAN_POINT('',(-0.217007874015748,0.60492125984252,-7.));
#8949=CARTESIAN_POINT('Origin',(0.,0.57992125984252,-7.));
#8950=CARTESIAN_POINT('Origin',(0.,0.,-7.));
#8951=CARTESIAN_POINT('',(-0.192007874015748,0.25,-7.));
#8952=CARTESIAN_POINT('Origin',(0.,0.25,-7.));
#8953=CARTESIAN_POINT('',(-0.192007874015748,0.,-7.));
#8954=CARTESIAN_POINT('Origin',(0.,0.60492125984252,-6.));
#8955=CARTESIAN_POINT('',(-0.192007874015748,0.57992125984252,-6.));
#8956=CARTESIAN_POINT('',(-0.217007874015748,0.60492125984252,-6.));
#8957=CARTESIAN_POINT('Origin',(0.,0.57992125984252,-6.));
#8958=CARTESIAN_POINT('Origin',(0.,0.,-6.));
#8959=CARTESIAN_POINT('',(-0.192007874015748,0.25,-6.));
#8960=CARTESIAN_POINT('Origin',(0.,0.25,-6.));
#8961=CARTESIAN_POINT('',(-0.192007874015748,0.,-6.));
#8962=CARTESIAN_POINT('Origin',(0.,0.60492125984252,-5.));
#8963=CARTESIAN_POINT('',(-0.192007874015748,0.57992125984252,-5.));
#8964=CARTESIAN_POINT('',(-0.217007874015748,0.60492125984252,-5.));
#8965=CARTESIAN_POINT('Origin',(0.,0.57992125984252,-5.));
#8966=CARTESIAN_POINT('Origin',(0.,0.,-5.));
#8967=CARTESIAN_POINT('',(-0.192007874015748,0.25,-5.));
#8968=CARTESIAN_POINT('Origin',(0.,0.25,-5.));
#8969=CARTESIAN_POINT('',(-0.192007874015748,0.,-5.));
#8970=CARTESIAN_POINT('Origin',(0.,0.60492125984252,-4.));
#8971=CARTESIAN_POINT('',(-0.192007874015748,0.57992125984252,-4.));
#8972=CARTESIAN_POINT('',(-0.217007874015748,0.60492125984252,-4.));
#8973=CARTESIAN_POINT('Origin',(0.,0.57992125984252,-4.));
#8974=CARTESIAN_POINT('Origin',(0.,0.,-4.));
#8975=CARTESIAN_POINT('',(-0.192007874015748,0.25,-4.));
#8976=CARTESIAN_POINT('Origin',(0.,0.25,-4.));
#8977=CARTESIAN_POINT('',(-0.192007874015748,0.,-4.));
#8978=CARTESIAN_POINT('Origin',(0.,0.60492125984252,-3.));
#8979=CARTESIAN_POINT('',(-0.192007874015748,0.57992125984252,-3.));
#8980=CARTESIAN_POINT('',(-0.217007874015748,0.60492125984252,-3.));
#8981=CARTESIAN_POINT('Origin',(0.,0.57992125984252,-3.));
#8982=CARTESIAN_POINT('Origin',(0.,0.,-3.));
#8983=CARTESIAN_POINT('',(-0.192007874015748,0.25,-3.));
#8984=CARTESIAN_POINT('Origin',(0.,0.25,-3.));
#8985=CARTESIAN_POINT('',(-0.192007874015748,0.,-3.));
#8986=CARTESIAN_POINT('Origin',(0.,0.60492125984252,-2.));
#8987=CARTESIAN_POINT('',(-0.192007874015748,0.57992125984252,-2.));
#8988=CARTESIAN_POINT('',(-0.217007874015748,0.60492125984252,-2.));
#8989=CARTESIAN_POINT('Origin',(0.,0.57992125984252,-2.));
#8990=CARTESIAN_POINT('Origin',(0.,0.,-2.));
#8991=CARTESIAN_POINT('',(-0.192007874015748,0.25,-2.));
#8992=CARTESIAN_POINT('Origin',(0.,0.25,-2.));
#8993=CARTESIAN_POINT('',(-0.192007874015748,0.,-2.));
#8994=CARTESIAN_POINT('Origin',(0.,0.60492125984252,-1.));
#8995=CARTESIAN_POINT('',(-0.192007874015748,0.57992125984252,-1.));
#8996=CARTESIAN_POINT('',(-0.217007874015748,0.60492125984252,-1.));
#8997=CARTESIAN_POINT('Origin',(0.,0.57992125984252,-1.));
#8998=CARTESIAN_POINT('Origin',(0.,0.,-1.));
#8999=CARTESIAN_POINT('',(0.0912008466970314,0.25,-0.831034236468473));
#9000=CARTESIAN_POINT('',(-0.192007874015748,0.25,-1.));
#9001=CARTESIAN_POINT('Origin',(0.,0.25,-1.));
#9002=CARTESIAN_POINT('',(-0.0912008466970314,0.25,-0.831034236468473));
#9003=CARTESIAN_POINT('Ctrl Pts',(-0.0912008466970315,0.25,-0.831034236468473));
#9004=CARTESIAN_POINT('Ctrl Pts',(-0.0866278325482638,0.25,-0.828565909432225));
#9005=CARTESIAN_POINT('Ctrl Pts',(-0.0819423087174117,0.249912965827762,
-0.826276616242404));
#9006=CARTESIAN_POINT('Ctrl Pts',(-0.0640244278418735,0.249390118978698,
-0.818413915856232));
#9007=CARTESIAN_POINT('Ctrl Pts',(-0.0502841378689734,0.248636889153127,
-0.814135318669404));
#9008=CARTESIAN_POINT('Ctrl Pts',(-0.0256416928352813,0.247702537983703,
-0.809411482358951));
#9009=CARTESIAN_POINT('Ctrl Pts',(-0.014987097612962,0.247424681261959,
-0.80827803190661));
#9010=CARTESIAN_POINT('Ctrl Pts',(0.0060540744970878,0.247314723212976,
-0.807809934413967));
#9011=CARTESIAN_POINT('Ctrl Pts',(0.0163585733745077,0.247466641276338,
-0.808412210894856));
#9012=CARTESIAN_POINT('Ctrl Pts',(0.0393559956476048,0.248157788371593,
-0.811626391114429));
#9013=CARTESIAN_POINT('Ctrl Pts',(0.0519145867260051,0.248785416602821,
-0.814696731275373));
#9014=CARTESIAN_POINT('Ctrl Pts',(0.0734203914940283,0.249687277293282,
-0.822305052846026));
#9015=CARTESIAN_POINT('Ctrl Pts',(0.0825009278885995,0.25,-0.826338374153287));
#9016=CARTESIAN_POINT('Ctrl Pts',(0.0912008466970207,0.25,-0.831034236468467));
#9017=CARTESIAN_POINT('Origin',(0.,0.25,-1.));
#9018=CARTESIAN_POINT('',(-0.192007874015748,0.,-1.));
#9019=CARTESIAN_POINT('Origin',(0.,0.1,0.));
#9020=CARTESIAN_POINT('',(0.684583909308345,0.25,-0.479875366878835));
#9021=CARTESIAN_POINT('Origin',(0.,0.25,0.));
#9022=CARTESIAN_POINT('',(0.686020521276739,0.1,-0.00206261824164706));
#9023=CARTESIAN_POINT('Ctrl Pts',(0.684583909308345,0.25,-0.479875366878836));
#9024=CARTESIAN_POINT('Ctrl Pts',(0.685064423942523,0.25,-0.320057668594208));
#9025=CARTESIAN_POINT('Ctrl Pts',(0.685585243114333,0.167696028334609,-0.146834804313251));
#9026=CARTESIAN_POINT('Ctrl Pts',(0.68602052127674,0.1,-0.00206261824164711));
#9027=CARTESIAN_POINT('',(-0.686020521276739,0.1,-0.00206261824164684));
#9028=CARTESIAN_POINT('Origin',(0.,0.1,0.));
#9029=CARTESIAN_POINT('',(-0.684583909308345,0.25,-0.479875366878835));
#9030=CARTESIAN_POINT('Ctrl Pts',(-0.68602052127674,0.1,-0.00206261824164711));
#9031=CARTESIAN_POINT('Ctrl Pts',(-0.685585243114333,0.167696028334609,
-0.14683480431325));
#9032=CARTESIAN_POINT('Ctrl Pts',(-0.685064423942523,0.25,-0.320057668594208));
#9033=CARTESIAN_POINT('Ctrl Pts',(-0.684583909308345,0.25,-0.479875366878835));
#9034=CARTESIAN_POINT('Origin',(0.,0.25,0.));
#9035=CARTESIAN_POINT('Origin',(0.,0.25,-6.32600334855036));
#9036=CARTESIAN_POINT('',(-0.649941141165135,0.25,-12.0019541404553));
#9037=CARTESIAN_POINT('',(-0.649941141165135,0.25,-12.0019541404553));
#9038=CARTESIAN_POINT('',(0.649941141165135,0.25,-12.0019541404553));
#9039=CARTESIAN_POINT('Origin',(0.,0.25,-12.));
#9040=CARTESIAN_POINT('',(0.649941141165135,0.25,-12.0019541404553));
#9041=CARTESIAN_POINT('',(-0.329697529541284,0.25,-10.8091889286315));
#9042=CARTESIAN_POINT('',(-0.227348764770642,0.25,-10.8091889286315));
#9043=CARTESIAN_POINT('',(-0.629697529541283,0.25,-10.5091889286315));
#9044=CARTESIAN_POINT('Origin',(-0.329697529541284,0.25,-10.5091889286315));
#9045=CARTESIAN_POINT('',(-0.629697529541283,0.25,-10.4641238073662));
#9046=CARTESIAN_POINT('',(-0.629697529541283,0.25,-8.33256357795826));
#9047=CARTESIAN_POINT('',(-0.329697529541284,0.25,-10.1641238073662));
#9048=CARTESIAN_POINT('Origin',(-0.329697529541284,0.25,-10.4641238073662));
#9049=CARTESIAN_POINT('',(0.227348764770642,0.25,-10.1641238073662));
#9050=CARTESIAN_POINT('',(0.329697529541284,0.25,-10.1641238073662));
#9051=CARTESIAN_POINT('',(0.227348764770642,0.25,-10.1641238073662));
#9052=CARTESIAN_POINT('',(0.629697529541283,0.25,-10.4641238073662));
#9053=CARTESIAN_POINT('Origin',(0.329697529541284,0.25,-10.4641238073662));
#9054=CARTESIAN_POINT('',(0.629697529541283,0.25,-10.5091889286315));
#9055=CARTESIAN_POINT('',(0.629697529541283,0.25,-8.48009613859094));
#9056=CARTESIAN_POINT('',(0.329697529541284,0.25,-10.8091889286315));
#9057=CARTESIAN_POINT('Origin',(0.329697529541284,0.25,-10.5091889286315));
#9058=CARTESIAN_POINT('',(-0.227348764770642,0.25,-10.8091889286315));
#9059=CARTESIAN_POINT('Ctrl Pts',(0.464819717513445,0.62992125984252,-11.9398487117564));
#9060=CARTESIAN_POINT('Ctrl Pts',(0.464819717513445,0.598425196850394,-11.9398487117564));
#9061=CARTESIAN_POINT('Ctrl Pts',(0.462880197416857,0.62992125984252,-11.9377351980538));
#9062=CARTESIAN_POINT('Ctrl Pts',(0.462880197416857,0.598425196850394,-11.9377351980538));
#9063=CARTESIAN_POINT('Ctrl Pts',(0.459138617682661,0.62992125984252,-11.9336579626326));
#9064=CARTESIAN_POINT('Ctrl Pts',(0.459138617682661,0.598425196850394,-11.9336579626326));
#9065=CARTESIAN_POINT('Ctrl Pts',(0.456098105808407,0.62992125984252,-11.9290353126133));
#9066=CARTESIAN_POINT('Ctrl Pts',(0.456098105808407,0.598425196850394,-11.9290353126133));
#9067=CARTESIAN_POINT('Ctrl Pts',(0.454633701969519,0.62992125984252,-11.9268089024843));
#9068=CARTESIAN_POINT('Ctrl Pts',(0.454633701969519,0.598425196850394,-11.9268089024843));
#9069=CARTESIAN_POINT('',(0.464819717513445,0.598425196850394,-11.9398487117564));
#9070=CARTESIAN_POINT('',(0.464819717513445,0.62992125984252,-11.9398487117564));
#9071=CARTESIAN_POINT('',(0.454633701969519,0.598425196850394,-11.9268089024843));
#9072=CARTESIAN_POINT('Ctrl Pts',(0.464819717513445,0.598425196850394,-11.9398487117564));
#9073=CARTESIAN_POINT('Ctrl Pts',(0.462880197416857,0.598425196850394,-11.9377351980538));
#9074=CARTESIAN_POINT('Ctrl Pts',(0.459138617682661,0.598425196850394,-11.9336579626326));
#9075=CARTESIAN_POINT('Ctrl Pts',(0.456098105808407,0.598425196850394,-11.9290353126133));
#9076=CARTESIAN_POINT('Ctrl Pts',(0.454633701969519,0.598425196850394,-11.9268089024843));
#9077=CARTESIAN_POINT('',(0.454633701969519,0.62992125984252,-11.9268089024843));
#9078=CARTESIAN_POINT('Ctrl Pts',(0.492713032069042,0.62992125984252,-11.9647307807115));
#9079=CARTESIAN_POINT('Ctrl Pts',(0.492713032069042,0.598425196850394,-11.9647307807115));
#9080=CARTESIAN_POINT('Ctrl Pts',(0.486690501401924,0.62992125984252,-11.959693705177));
#9081=CARTESIAN_POINT('Ctrl Pts',(0.486690501401924,0.598425196850394,-11.959693705177));
#9082=CARTESIAN_POINT('Ctrl Pts',(0.477126441154671,0.62992125984252,-11.9516945937496));
#9083=CARTESIAN_POINT('Ctrl Pts',(0.477126441154671,0.598425196850394,-11.9516945937496));
#9084=CARTESIAN_POINT('Ctrl Pts',(0.468145369115852,0.62992125984252,-11.9430498299079));
#9085=CARTESIAN_POINT('Ctrl Pts',(0.468145369115852,0.598425196850394,-11.9430498299079));
#9086=CARTESIAN_POINT('Ctrl Pts',(0.464819717513445,0.62992125984252,-11.9398487117564));
#9087=CARTESIAN_POINT('Ctrl Pts',(0.464819717513445,0.598425196850394,-11.9398487117564));
#9088=CARTESIAN_POINT('',(0.492713032069042,0.598425196850394,-11.9647307807115));
#9089=CARTESIAN_POINT('',(0.492713032069042,0.62992125984252,-11.9647307807115));
#9090=CARTESIAN_POINT('Ctrl Pts',(0.492713032069042,0.598425196850394,-11.9647307807115));
#9091=CARTESIAN_POINT('Ctrl Pts',(0.486690501401924,0.598425196850394,-11.959693705177));
#9092=CARTESIAN_POINT('Ctrl Pts',(0.477126441154671,0.598425196850394,-11.9516945937496));
#9093=CARTESIAN_POINT('Ctrl Pts',(0.468145369115852,0.598425196850394,-11.9430498299079));
#9094=CARTESIAN_POINT('Ctrl Pts',(0.464819717513445,0.598425196850394,-11.9398487117564));
#9095=CARTESIAN_POINT('Ctrl Pts',(0.529857174450277,0.62992125984252,-11.9994286483418));
#9096=CARTESIAN_POINT('Ctrl Pts',(0.529857174450277,0.598425196850394,-11.9994286483418));
#9097=CARTESIAN_POINT('Ctrl Pts',(0.524973978012735,0.62992125984252,-11.994360303454));
#9098=CARTESIAN_POINT('Ctrl Pts',(0.524973978012735,0.598425196850394,-11.994360303454));
#9099=CARTESIAN_POINT('Ctrl Pts',(0.51320550306225,0.62992125984252,-11.9821456218176));
#9100=CARTESIAN_POINT('Ctrl Pts',(0.51320550306225,0.598425196850394,-11.9821456218176));
#9101=CARTESIAN_POINT('Ctrl Pts',(0.500276998778653,0.62992125984252,-11.971158764844));
#9102=CARTESIAN_POINT('Ctrl Pts',(0.500276998778653,0.598425196850394,-11.971158764844));
#9103=CARTESIAN_POINT('Ctrl Pts',(0.492713032069042,0.62992125984252,-11.9647307807115));
#9104=CARTESIAN_POINT('Ctrl Pts',(0.492713032069042,0.598425196850394,-11.9647307807115));
#9105=CARTESIAN_POINT('',(0.529857174450277,0.598425196850394,-11.9994286483418));
#9106=CARTESIAN_POINT('',(0.529857174450277,0.62992125984252,-11.9994286483418));
#9107=CARTESIAN_POINT('Ctrl Pts',(0.529857174450277,0.598425196850394,-11.9994286483418));
#9108=CARTESIAN_POINT('Ctrl Pts',(0.524973978012735,0.598425196850394,-11.994360303454));
#9109=CARTESIAN_POINT('Ctrl Pts',(0.51320550306225,0.598425196850394,-11.9821456218176));
#9110=CARTESIAN_POINT('Ctrl Pts',(0.500276998778653,0.598425196850394,-11.971158764844));
#9111=CARTESIAN_POINT('Ctrl Pts',(0.492713032069042,0.598425196850394,-11.9647307807115));
#9112=CARTESIAN_POINT('Ctrl Pts',(0.545935269689308,0.62992125984252,-12.0234877967674));
#9113=CARTESIAN_POINT('Ctrl Pts',(0.545935269689308,0.598425196850394,-12.0234877967674));
#9114=CARTESIAN_POINT('Ctrl Pts',(0.543931602276112,0.62992125984252,-12.0194877925457));
#9115=CARTESIAN_POINT('Ctrl Pts',(0.543931602276112,0.598425196850394,-12.0194877925457));
#9116=CARTESIAN_POINT('Ctrl Pts',(0.539581288182721,0.62992125984252,-12.01080308039));
#9117=CARTESIAN_POINT('Ctrl Pts',(0.539581288182721,0.598425196850394,-12.01080308039));
#9118=CARTESIAN_POINT('Ctrl Pts',(0.533264549822413,0.62992125984252,-12.0034143030451));
#9119=CARTESIAN_POINT('Ctrl Pts',(0.533264549822413,0.598425196850394,-12.0034143030451));
#9120=CARTESIAN_POINT('Ctrl Pts',(0.529857174450277,0.62992125984252,-11.9994286483418));
#9121=CARTESIAN_POINT('Ctrl Pts',(0.529857174450277,0.598425196850394,-11.9994286483418));
#9122=CARTESIAN_POINT('',(0.545935269689308,0.598425196850394,-12.0234877967674));
#9123=CARTESIAN_POINT('',(0.545935269689308,0.62992125984252,-12.0234877967674));
#9124=CARTESIAN_POINT('Ctrl Pts',(0.545935269689308,0.598425196850394,-12.0234877967674));
#9125=CARTESIAN_POINT('Ctrl Pts',(0.543931602276112,0.598425196850394,-12.0194877925457));
#9126=CARTESIAN_POINT('Ctrl Pts',(0.539581288182721,0.598425196850394,-12.01080308039));
#9127=CARTESIAN_POINT('Ctrl Pts',(0.533264549822413,0.598425196850394,-12.0034143030451));
#9128=CARTESIAN_POINT('Ctrl Pts',(0.529857174450277,0.598425196850394,-11.9994286483418));
#9129=CARTESIAN_POINT('Ctrl Pts',(0.550735290849875,0.62992125984252,-12.0467247981243));
#9130=CARTESIAN_POINT('Ctrl Pts',(0.550735290849875,0.598425196850394,-12.0467247981243));
#9131=CARTESIAN_POINT('Ctrl Pts',(0.550529888969546,0.62992125984252,-12.0427796314256));
#9132=CARTESIAN_POINT('Ctrl Pts',(0.550529888969546,0.598425196850394,-12.0427796314256));
#9133=CARTESIAN_POINT('Ctrl Pts',(0.550113962898184,0.62992125984252,-12.0347909134876));
#9134=CARTESIAN_POINT('Ctrl Pts',(0.550113962898184,0.598425196850394,-12.0347909134876));
#9135=CARTESIAN_POINT('Ctrl Pts',(0.547339556765526,0.62992125984252,-12.0272863098283));
#9136=CARTESIAN_POINT('Ctrl Pts',(0.547339556765526,0.598425196850394,-12.0272863098283));
#9137=CARTESIAN_POINT('Ctrl Pts',(0.545935269689308,0.62992125984252,-12.0234877967674));
#9138=CARTESIAN_POINT('Ctrl Pts',(0.545935269689308,0.598425196850394,-12.0234877967674));
#9139=CARTESIAN_POINT('',(0.550735290849875,0.598425196850394,-12.0467247981243));
#9140=CARTESIAN_POINT('',(0.550735290849875,0.62992125984252,-12.0467247981243));
#9141=CARTESIAN_POINT('Ctrl Pts',(0.550735290849875,0.598425196850394,-12.0467247981243));
#9142=CARTESIAN_POINT('Ctrl Pts',(0.550529888969546,0.598425196850394,-12.0427796314256));
#9143=CARTESIAN_POINT('Ctrl Pts',(0.550113962898184,0.598425196850394,-12.0347909134876));
#9144=CARTESIAN_POINT('Ctrl Pts',(0.547339556765526,0.598425196850394,-12.0272863098283));
#9145=CARTESIAN_POINT('Ctrl Pts',(0.545935269689308,0.598425196850394,-12.0234877967674));
#9146=CARTESIAN_POINT('Ctrl Pts',(0.534162267336126,0.62992125984252,-12.0856409966642));
#9147=CARTESIAN_POINT('Ctrl Pts',(0.534162267336126,0.598425196850394,-12.0856409966642));
#9148=CARTESIAN_POINT('Ctrl Pts',(0.538987555617641,0.62992125984252,-12.0800774036814));
#9149=CARTESIAN_POINT('Ctrl Pts',(0.538987555617641,0.598425196850394,-12.0800774036814));
#9150=CARTESIAN_POINT('Ctrl Pts',(0.548690064861051,0.62992125984252,-12.0688903389522));
#9151=CARTESIAN_POINT('Ctrl Pts',(0.548690064861051,0.598425196850394,-12.0688903389522));
#9152=CARTESIAN_POINT('Ctrl Pts',(0.550051120503508,0.62992125984252,-12.0541396294576));
#9153=CARTESIAN_POINT('Ctrl Pts',(0.550051120503508,0.598425196850394,-12.0541396294576));
#9154=CARTESIAN_POINT('Ctrl Pts',(0.550735290849875,0.62992125984252,-12.0467247981243));
#9155=CARTESIAN_POINT('Ctrl Pts',(0.550735290849875,0.598425196850394,-12.0467247981243));
#9156=CARTESIAN_POINT('',(0.534162267336126,0.598425196850394,-12.0856409966642));
#9157=CARTESIAN_POINT('',(0.534162267336126,0.62992125984252,-12.0856409966642));
#9158=CARTESIAN_POINT('Ctrl Pts',(0.534162267336126,0.598425196850394,-12.0856409966642));
#9159=CARTESIAN_POINT('Ctrl Pts',(0.538987555617641,0.598425196850394,-12.0800774036814));
#9160=CARTESIAN_POINT('Ctrl Pts',(0.548690064861051,0.598425196850394,-12.0688903389522));
#9161=CARTESIAN_POINT('Ctrl Pts',(0.550051120503508,0.598425196850394,-12.0541396294576));
#9162=CARTESIAN_POINT('Ctrl Pts',(0.550735290849875,0.598425196850394,-12.0467247981243));
#9163=CARTESIAN_POINT('Ctrl Pts',(0.489290773589985,0.62992125984252,-12.1012858675037));
#9164=CARTESIAN_POINT('Ctrl Pts',(0.489290773589985,0.598425196850394,-12.1012858675037));
#9165=CARTESIAN_POINT('Ctrl Pts',(0.498052051836736,0.62992125984252,-12.1008172701941));
#9166=CARTESIAN_POINT('Ctrl Pts',(0.498052051836736,0.598425196850394,-12.1008172701941));
#9167=CARTESIAN_POINT('Ctrl Pts',(0.514577524718298,0.62992125984252,-12.0999334046308));
#9168=CARTESIAN_POINT('Ctrl Pts',(0.514577524718298,0.598425196850394,-12.0999334046308));
#9169=CARTESIAN_POINT('Ctrl Pts',(0.527902002412574,0.62992125984252,-12.0902095662907));
#9170=CARTESIAN_POINT('Ctrl Pts',(0.527902002412574,0.598425196850394,-12.0902095662907));
#9171=CARTESIAN_POINT('Ctrl Pts',(0.534162267336126,0.62992125984252,-12.0856409966642));
#9172=CARTESIAN_POINT('Ctrl Pts',(0.534162267336126,0.598425196850394,-12.0856409966642));
#9173=CARTESIAN_POINT('',(0.489290773589985,0.598425196850394,-12.1012858675037));
#9174=CARTESIAN_POINT('',(0.489290773589985,0.62992125984252,-12.1012858675037));
#9175=CARTESIAN_POINT('Ctrl Pts',(0.489290773589985,0.598425196850394,-12.1012858675037));
#9176=CARTESIAN_POINT('Ctrl Pts',(0.498052051836736,0.598425196850394,-12.1008172701941));
#9177=CARTESIAN_POINT('Ctrl Pts',(0.514577524718298,0.598425196850394,-12.0999334046308));
#9178=CARTESIAN_POINT('Ctrl Pts',(0.527902002412574,0.598425196850394,-12.0902095662907));
#9179=CARTESIAN_POINT('Ctrl Pts',(0.534162267336126,0.598425196850394,-12.0856409966642));
#9180=CARTESIAN_POINT('Ctrl Pts',(0.444597914846366,0.62992125984252,-12.0865842946814));
#9181=CARTESIAN_POINT('Ctrl Pts',(0.444597914846366,0.598425196850394,-12.0865842946814));
#9182=CARTESIAN_POINT('Ctrl Pts',(0.450886775394098,0.62992125984252,-12.0908576082948));
#9183=CARTESIAN_POINT('Ctrl Pts',(0.450886775394098,0.598425196850394,-12.0908576082948));
#9184=CARTESIAN_POINT('Ctrl Pts',(0.464333893336492,0.62992125984252,-12.0999949952233));
#9185=CARTESIAN_POINT('Ctrl Pts',(0.464333893336492,0.598425196850394,-12.0999949952233));
#9186=CARTESIAN_POINT('Ctrl Pts',(0.48062081394596,0.62992125984252,-12.1008374216057));
#9187=CARTESIAN_POINT('Ctrl Pts',(0.48062081394596,0.598425196850394,-12.1008374216057));
#9188=CARTESIAN_POINT('Ctrl Pts',(0.489290773589985,0.62992125984252,-12.1012858675037));
#9189=CARTESIAN_POINT('Ctrl Pts',(0.489290773589985,0.598425196850394,-12.1012858675037));
#9190=CARTESIAN_POINT('',(0.444597914846366,0.598425196850394,-12.0865842946814));
#9191=CARTESIAN_POINT('',(0.444597914846366,0.62992125984252,-12.0865842946814));
#9192=CARTESIAN_POINT('Ctrl Pts',(0.444597914846366,0.598425196850394,-12.0865842946814));
#9193=CARTESIAN_POINT('Ctrl Pts',(0.450886775394098,0.598425196850394,-12.0908576082948));
#9194=CARTESIAN_POINT('Ctrl Pts',(0.464333893336492,0.598425196850394,-12.0999949952233));
#9195=CARTESIAN_POINT('Ctrl Pts',(0.48062081394596,0.598425196850394,-12.1008374216057));
#9196=CARTESIAN_POINT('Ctrl Pts',(0.489290773589985,0.598425196850394,-12.1012858675037));
#9197=CARTESIAN_POINT('Ctrl Pts',(0.425458105321138,0.62992125984252,-12.0442589613204));
#9198=CARTESIAN_POINT('Ctrl Pts',(0.425458105321138,0.598425196850394,-12.0442589613204));
#9199=CARTESIAN_POINT('Ctrl Pts',(0.426683319310356,0.62992125984252,-12.0527879845372));
#9200=CARTESIAN_POINT('Ctrl Pts',(0.426683319310356,0.598425196850394,-12.0527879845372));
#9201=CARTESIAN_POINT('Ctrl Pts',(0.428984159068294,0.62992125984252,-12.0688047096858));
#9202=CARTESIAN_POINT('Ctrl Pts',(0.428984159068294,0.598425196850394,-12.0688047096858));
#9203=CARTESIAN_POINT('Ctrl Pts',(0.439623909357847,0.62992125984252,-12.0809203305072));
#9204=CARTESIAN_POINT('Ctrl Pts',(0.439623909357847,0.598425196850394,-12.0809203305072));
#9205=CARTESIAN_POINT('Ctrl Pts',(0.444597914846366,0.62992125984252,-12.0865842946814));
#9206=CARTESIAN_POINT('Ctrl Pts',(0.444597914846366,0.598425196850394,-12.0865842946814));
#9207=CARTESIAN_POINT('',(0.425458105321138,0.598425196850394,-12.0442589613204));
#9208=CARTESIAN_POINT('',(0.425458105321138,0.62992125984252,-12.0442589613204));
#9209=CARTESIAN_POINT('Ctrl Pts',(0.425458105321138,0.598425196850394,-12.0442589613204));
#9210=CARTESIAN_POINT('Ctrl Pts',(0.426683319310356,0.598425196850394,-12.0527879845372));
#9211=CARTESIAN_POINT('Ctrl Pts',(0.428984159068294,0.598425196850394,-12.0688047096858));
#9212=CARTESIAN_POINT('Ctrl Pts',(0.439623909357847,0.598425196850394,-12.0809203305072));
#9213=CARTESIAN_POINT('Ctrl Pts',(0.444597914846366,0.598425196850394,-12.0865842946814));
#9214=CARTESIAN_POINT('Origin',(0.450303099891529,0.62992125984252,-12.0417440102444));
#9215=CARTESIAN_POINT('',(0.450303099891529,0.598425196850394,-12.0417440102444));
#9216=CARTESIAN_POINT('',(0.450303099891529,0.62992125984252,-12.0417440102444));
#9217=CARTESIAN_POINT('',(0.450303099891529,0.598425196850394,-12.0417440102444));
#9218=CARTESIAN_POINT('Ctrl Pts',(0.460868581282904,0.62992125984252,-12.070763352298));
#9219=CARTESIAN_POINT('Ctrl Pts',(0.460868581282904,0.598425196850394,-12.070763352298));
#9220=CARTESIAN_POINT('Ctrl Pts',(0.457815966444399,0.62992125984252,-12.0667593358534));
#9221=CARTESIAN_POINT('Ctrl Pts',(0.457815966444399,0.598425196850394,-12.0667593358534));
#9222=CARTESIAN_POINT('Ctrl Pts',(0.451304104907431,0.62992125984252,-12.0582179370664));
#9223=CARTESIAN_POINT('Ctrl Pts',(0.451304104907431,0.598425196850394,-12.0582179370664));
#9224=CARTESIAN_POINT('Ctrl Pts',(0.45065037556186,0.62992125984252,-12.0474592603073));
#9225=CARTESIAN_POINT('Ctrl Pts',(0.45065037556186,0.598425196850394,-12.0474592603073));
#9226=CARTESIAN_POINT('Ctrl Pts',(0.450303099891529,0.62992125984252,-12.0417440102444));
#9227=CARTESIAN_POINT('Ctrl Pts',(0.450303099891529,0.598425196850394,-12.0417440102444));
#9228=CARTESIAN_POINT('',(0.460868581282904,0.598425196850394,-12.070763352298));
#9229=CARTESIAN_POINT('',(0.460868581282904,0.62992125984252,-12.070763352298));
#9230=CARTESIAN_POINT('Ctrl Pts',(0.460868581282904,0.598425196850394,-12.070763352298));
#9231=CARTESIAN_POINT('Ctrl Pts',(0.457815966444399,0.598425196850394,-12.0667593358534));
#9232=CARTESIAN_POINT('Ctrl Pts',(0.451304104907431,0.598425196850394,-12.0582179370664));
#9233=CARTESIAN_POINT('Ctrl Pts',(0.45065037556186,0.598425196850394,-12.0474592603073));
#9234=CARTESIAN_POINT('Ctrl Pts',(0.450303099891529,0.598425196850394,-12.0417440102444));
#9235=CARTESIAN_POINT('Ctrl Pts',(0.488782921763725,0.62992125984252,-12.0812777956808));
#9236=CARTESIAN_POINT('Ctrl Pts',(0.488782921763725,0.598425196850394,-12.0812777956808));
#9237=CARTESIAN_POINT('Ctrl Pts',(0.483345019099057,0.62992125984252,-12.080919549751));
#9238=CARTESIAN_POINT('Ctrl Pts',(0.483345019099057,0.598425196850394,-12.080919549751));
#9239=CARTESIAN_POINT('Ctrl Pts',(0.472947487906146,0.62992125984252,-12.0802345663191));
#9240=CARTESIAN_POINT('Ctrl Pts',(0.472947487906146,0.598425196850394,-12.0802345663191));
#9241=CARTESIAN_POINT('Ctrl Pts',(0.464769490758768,0.62992125984252,-12.0738221017093));
#9242=CARTESIAN_POINT('Ctrl Pts',(0.464769490758768,0.598425196850394,-12.0738221017093));
#9243=CARTESIAN_POINT('Ctrl Pts',(0.460868581282904,0.62992125984252,-12.070763352298));
#9244=CARTESIAN_POINT('Ctrl Pts',(0.460868581282904,0.598425196850394,-12.070763352298));
#9245=CARTESIAN_POINT('',(0.488782921763725,0.598425196850394,-12.0812777956808));
#9246=CARTESIAN_POINT('',(0.488782921763725,0.62992125984252,-12.0812777956808));
#9247=CARTESIAN_POINT('Ctrl Pts',(0.488782921763725,0.598425196850394,-12.0812777956808));
#9248=CARTESIAN_POINT('Ctrl Pts',(0.483345019099057,0.598425196850394,-12.080919549751));
#9249=CARTESIAN_POINT('Ctrl Pts',(0.472947487906146,0.598425196850394,-12.0802345663191));
#9250=CARTESIAN_POINT('Ctrl Pts',(0.464769490758768,0.598425196850394,-12.0738221017093));
#9251=CARTESIAN_POINT('Ctrl Pts',(0.460868581282904,0.598425196850394,-12.070763352298));
#9252=CARTESIAN_POINT('Ctrl Pts',(0.515518556019951,0.62992125984252,-12.0713803502819));
#9253=CARTESIAN_POINT('Ctrl Pts',(0.515518556019951,0.598425196850394,-12.0713803502819));
#9254=CARTESIAN_POINT('Ctrl Pts',(0.51174410691072,0.62992125984252,-12.0742716292592));
#9255=CARTESIAN_POINT('Ctrl Pts',(0.51174410691072,0.598425196850394,-12.0742716292592));
#9256=CARTESIAN_POINT('Ctrl Pts',(0.503869881512267,0.62992125984252,-12.0803033922262));
#9257=CARTESIAN_POINT('Ctrl Pts',(0.503869881512267,0.598425196850394,-12.0803033922262));
#9258=CARTESIAN_POINT('Ctrl Pts',(0.493948543204817,0.62992125984252,-12.0809441698568));
#9259=CARTESIAN_POINT('Ctrl Pts',(0.493948543204817,0.598425196850394,-12.0809441698568));
#9260=CARTESIAN_POINT('Ctrl Pts',(0.488782921763725,0.62992125984252,-12.0812777956808));
#9261=CARTESIAN_POINT('Ctrl Pts',(0.488782921763725,0.598425196850394,-12.0812777956808));
#9262=CARTESIAN_POINT('',(0.515518556019951,0.598425196850394,-12.0713803502819));
#9263=CARTESIAN_POINT('',(0.515518556019951,0.62992125984252,-12.0713803502819));
#9264=CARTESIAN_POINT('Ctrl Pts',(0.515518556019951,0.598425196850394,-12.0713803502819));
#9265=CARTESIAN_POINT('Ctrl Pts',(0.51174410691072,0.598425196850394,-12.0742716292592));
#9266=CARTESIAN_POINT('Ctrl Pts',(0.503869881512267,0.598425196850394,-12.0803033922262));
#9267=CARTESIAN_POINT('Ctrl Pts',(0.493948543204817,0.598425196850394,-12.0809441698568));
#9268=CARTESIAN_POINT('Ctrl Pts',(0.488782921763725,0.598425196850394,-12.0812777956808));
#9269=CARTESIAN_POINT('Ctrl Pts',(0.525893240550379,0.62992125984252,-12.0472255954199));
#9270=CARTESIAN_POINT('Ctrl Pts',(0.525893240550379,0.598425196850394,-12.0472255954199));
#9271=CARTESIAN_POINT('Ctrl Pts',(0.525459820943062,0.62992125984252,-12.0518200445798));
#9272=CARTESIAN_POINT('Ctrl Pts',(0.525459820943062,0.598425196850394,-12.0518200445798));
#9273=CARTESIAN_POINT('Ctrl Pts',(0.524595041174086,0.62992125984252,-12.0609871118191));
#9274=CARTESIAN_POINT('Ctrl Pts',(0.524595041174086,0.598425196850394,-12.0609871118191));
#9275=CARTESIAN_POINT('Ctrl Pts',(0.518539243841412,0.62992125984252,-12.0679214420903));
#9276=CARTESIAN_POINT('Ctrl Pts',(0.518539243841412,0.598425196850394,-12.0679214420903));
#9277=CARTESIAN_POINT('Ctrl Pts',(0.515518556019951,0.62992125984252,-12.0713803502819));
#9278=CARTESIAN_POINT('Ctrl Pts',(0.515518556019951,0.598425196850394,-12.0713803502819));
#9279=CARTESIAN_POINT('',(0.525893240550379,0.598425196850394,-12.0472255954199));
#9280=CARTESIAN_POINT('',(0.525893240550379,0.62992125984252,-12.0472255954199));
#9281=CARTESIAN_POINT('Ctrl Pts',(0.525893240550379,0.598425196850394,-12.0472255954199));
#9282=CARTESIAN_POINT('Ctrl Pts',(0.525459820943062,0.598425196850394,-12.0518200445798));
#9283=CARTESIAN_POINT('Ctrl Pts',(0.524595041174086,0.598425196850394,-12.0609871118191));
#9284=CARTESIAN_POINT('Ctrl Pts',(0.518539243841412,0.598425196850394,-12.0679214420903));
#9285=CARTESIAN_POINT('Ctrl Pts',(0.515518556019951,0.598425196850394,-12.0713803502819));
#9286=CARTESIAN_POINT('Ctrl Pts',(0.51465655916512,0.62992125984252,-12.0180709621539));
#9287=CARTESIAN_POINT('Ctrl Pts',(0.51465655916512,0.598425196850394,-12.0180709621539));
#9288=CARTESIAN_POINT('Ctrl Pts',(0.517931124111541,0.62992125984252,-12.0229063167925));
#9289=CARTESIAN_POINT('Ctrl Pts',(0.517931124111541,0.598425196850394,-12.0229063167925));
#9290=CARTESIAN_POINT('Ctrl Pts',(0.523945220989594,0.62992125984252,-12.0317869747462));
#9291=CARTESIAN_POINT('Ctrl Pts',(0.523945220989594,0.598425196850394,-12.0317869747462));
#9292=CARTESIAN_POINT('Ctrl Pts',(0.525283589181074,0.62992125984252,-12.0423939312911));
#9293=CARTESIAN_POINT('Ctrl Pts',(0.525283589181074,0.598425196850394,-12.0423939312911));
#9294=CARTESIAN_POINT('Ctrl Pts',(0.525893240550379,0.62992125984252,-12.0472255954199));
#9295=CARTESIAN_POINT('Ctrl Pts',(0.525893240550379,0.598425196850394,-12.0472255954199));
#9296=CARTESIAN_POINT('',(0.51465655916512,0.598425196850394,-12.0180709621539));
#9297=CARTESIAN_POINT('',(0.51465655916512,0.62992125984252,-12.0180709621539));
#9298=CARTESIAN_POINT('Ctrl Pts',(0.51465655916512,0.598425196850394,-12.0180709621539));
#9299=CARTESIAN_POINT('Ctrl Pts',(0.517931124111541,0.598425196850394,-12.0229063167925));
#9300=CARTESIAN_POINT('Ctrl Pts',(0.523945220989594,0.598425196850394,-12.0317869747462));
#9301=CARTESIAN_POINT('Ctrl Pts',(0.525283589181074,0.598425196850394,-12.0423939312911));
#9302=CARTESIAN_POINT('Ctrl Pts',(0.525893240550379,0.598425196850394,-12.0472255954199));
#9303=CARTESIAN_POINT('Ctrl Pts',(0.471345922834953,0.62992125984252,-11.9763816938688));
#9304=CARTESIAN_POINT('Ctrl Pts',(0.471345922834953,0.598425196850394,-11.9763816938688));
#9305=CARTESIAN_POINT('Ctrl Pts',(0.48057368241691,0.62992125984252,-11.9839689502068));
#9306=CARTESIAN_POINT('Ctrl Pts',(0.48057368241691,0.598425196850394,-11.9839689502068));
#9307=CARTESIAN_POINT('Ctrl Pts',(0.496111966527253,0.62992125984252,-11.9967448513939));
#9308=CARTESIAN_POINT('Ctrl Pts',(0.496111966527253,0.598425196850394,-11.9967448513939));
#9309=CARTESIAN_POINT('Ctrl Pts',(0.509300381231337,0.62992125984252,-12.0119114068541));
#9310=CARTESIAN_POINT('Ctrl Pts',(0.509300381231337,0.598425196850394,-12.0119114068541));
#9311=CARTESIAN_POINT('Ctrl Pts',(0.51465655916512,0.62992125984252,-12.0180709621539));
#9312=CARTESIAN_POINT('Ctrl Pts',(0.51465655916512,0.598425196850394,-12.0180709621539));
#9313=CARTESIAN_POINT('',(0.471345922834953,0.598425196850394,-11.9763816938688));
#9314=CARTESIAN_POINT('',(0.471345922834953,0.62992125984252,-11.9763816938688));
#9315=CARTESIAN_POINT('Ctrl Pts',(0.471345922834953,0.598425196850394,-11.9763816938688));
#9316=CARTESIAN_POINT('Ctrl Pts',(0.48057368241691,0.598425196850394,-11.9839689502068));
#9317=CARTESIAN_POINT('Ctrl Pts',(0.496111966527253,0.598425196850394,-11.9967448513939));
#9318=CARTESIAN_POINT('Ctrl Pts',(0.509300381231337,0.598425196850394,-12.0119114068541));
#9319=CARTESIAN_POINT('Ctrl Pts',(0.51465655916512,0.598425196850394,-12.0180709621539));
#9320=CARTESIAN_POINT('Ctrl Pts',(0.439700112442235,0.62992125984252,-11.9465258524368));
#9321=CARTESIAN_POINT('Ctrl Pts',(0.439700112442235,0.598425196850394,-11.9465258524368));
#9322=CARTESIAN_POINT('Ctrl Pts',(0.444084625637842,0.62992125984252,-11.9512537757493));
#9323=CARTESIAN_POINT('Ctrl Pts',(0.444084625637842,0.598425196850394,-11.9512537757493));
#9324=CARTESIAN_POINT('Ctrl Pts',(0.453964615307686,0.62992125984252,-11.9619076001085));
#9325=CARTESIAN_POINT('Ctrl Pts',(0.453964615307686,0.598425196850394,-11.9619076001085));
#9326=CARTESIAN_POINT('Ctrl Pts',(0.465133521486436,0.62992125984252,-11.9712083845851));
#9327=CARTESIAN_POINT('Ctrl Pts',(0.465133521486436,0.598425196850394,-11.9712083845851));
#9328=CARTESIAN_POINT('Ctrl Pts',(0.471345922834953,0.62992125984252,-11.9763816938688));
#9329=CARTESIAN_POINT('Ctrl Pts',(0.471345922834953,0.598425196850394,-11.9763816938688));
#9330=CARTESIAN_POINT('',(0.439700112442235,0.598425196850394,-11.9465258524368));
#9331=CARTESIAN_POINT('',(0.439700112442235,0.62992125984252,-11.9465258524368));
#9332=CARTESIAN_POINT('Ctrl Pts',(0.439700112442235,0.598425196850394,-11.9465258524368));
#9333=CARTESIAN_POINT('Ctrl Pts',(0.444084625637842,0.598425196850394,-11.9512537757493));
#9334=CARTESIAN_POINT('Ctrl Pts',(0.453964615307686,0.598425196850394,-11.9619076001085));
#9335=CARTESIAN_POINT('Ctrl Pts',(0.465133521486436,0.598425196850394,-11.9712083845851));
#9336=CARTESIAN_POINT('Ctrl Pts',(0.471345922834953,0.598425196850394,-11.9763816938688));
#9337=CARTESIAN_POINT('Ctrl Pts',(0.423893683450281,0.62992125984252,-11.9203186564539));
#9338=CARTESIAN_POINT('Ctrl Pts',(0.423893683450281,0.598425196850394,-11.9203186564539));
#9339=CARTESIAN_POINT('Ctrl Pts',(0.425863335689898,0.62992125984252,-11.9248224330708));
#9340=CARTESIAN_POINT('Ctrl Pts',(0.425863335689898,0.598425196850394,-11.9248224330708));
#9341=CARTESIAN_POINT('Ctrl Pts',(0.429984015357688,0.62992125984252,-11.9342447160305));
#9342=CARTESIAN_POINT('Ctrl Pts',(0.429984015357688,0.598425196850394,-11.9342447160305));
#9343=CARTESIAN_POINT('Ctrl Pts',(0.436367751570805,0.62992125984252,-11.9423137518309));
#9344=CARTESIAN_POINT('Ctrl Pts',(0.436367751570805,0.598425196850394,-11.9423137518309));
#9345=CARTESIAN_POINT('Ctrl Pts',(0.439700112442235,0.62992125984252,-11.9465258524368));
#9346=CARTESIAN_POINT('Ctrl Pts',(0.439700112442235,0.598425196850394,-11.9465258524368));
#9347=CARTESIAN_POINT('',(0.423893683450281,0.598425196850394,-11.9203186564539));
#9348=CARTESIAN_POINT('',(0.423893683450281,0.62992125984252,-11.9203186564539));
#9349=CARTESIAN_POINT('Ctrl Pts',(0.423893683450281,0.598425196850394,-11.9203186564539));
#9350=CARTESIAN_POINT('Ctrl Pts',(0.425863335689898,0.598425196850394,-11.9248224330708));
#9351=CARTESIAN_POINT('Ctrl Pts',(0.429984015357688,0.598425196850394,-11.9342447160305));
#9352=CARTESIAN_POINT('Ctrl Pts',(0.436367751570805,0.598425196850394,-11.9423137518309));
#9353=CARTESIAN_POINT('Ctrl Pts',(0.439700112442235,0.598425196850394,-11.9465258524368));
#9354=CARTESIAN_POINT('Ctrl Pts',(0.421098382646001,0.62992125984252,-11.9035299078744));
#9355=CARTESIAN_POINT('Ctrl Pts',(0.421098382646001,0.598425196850394,-11.9035299078744));
#9356=CARTESIAN_POINT('Ctrl Pts',(0.421142937027488,0.62992125984252,-11.9064071761424));
#9357=CARTESIAN_POINT('Ctrl Pts',(0.421142937027488,0.598425196850394,-11.9064071761424));
#9358=CARTESIAN_POINT('Ctrl Pts',(0.421231772141984,0.62992125984252,-11.9121440407895));
#9359=CARTESIAN_POINT('Ctrl Pts',(0.421231772141984,0.598425196850394,-11.9121440407895));
#9360=CARTESIAN_POINT('Ctrl Pts',(0.423008203726071,0.62992125984252,-11.9175993861305));
#9361=CARTESIAN_POINT('Ctrl Pts',(0.423008203726071,0.598425196850394,-11.9175993861305));
#9362=CARTESIAN_POINT('Ctrl Pts',(0.423893683450281,0.62992125984252,-11.9203186564539));
#9363=CARTESIAN_POINT('Ctrl Pts',(0.423893683450281,0.598425196850394,-11.9203186564539));
#9364=CARTESIAN_POINT('',(0.421098382646001,0.598425196850394,-11.9035299078744));
#9365=CARTESIAN_POINT('',(0.421098382646001,0.62992125984252,-11.9035299078744));
#9366=CARTESIAN_POINT('Ctrl Pts',(0.421098382646001,0.598425196850394,-11.9035299078744));
#9367=CARTESIAN_POINT('Ctrl Pts',(0.421142937027488,0.598425196850394,-11.9064071761424));
#9368=CARTESIAN_POINT('Ctrl Pts',(0.421231772141984,0.598425196850394,-11.9121440407895));
#9369=CARTESIAN_POINT('Ctrl Pts',(0.423008203726071,0.598425196850394,-11.9175993861305));
#9370=CARTESIAN_POINT('Ctrl Pts',(0.423893683450281,0.598425196850394,-11.9203186564539));
#9371=CARTESIAN_POINT('Origin',(0.551212883467603,0.62992125984252,-11.9037201080177));
#9372=CARTESIAN_POINT('',(0.551212883467603,0.598425196850394,-11.9037201080177));
#9373=CARTESIAN_POINT('',(0.551212883467603,0.62992125984252,-11.9037201080177));
#9374=CARTESIAN_POINT('',(0.551212883467603,0.598425196850394,-11.9037201080177));
#9375=CARTESIAN_POINT('Origin',(0.551178926185942,0.62992125984252,-11.9269500313775));
#9376=CARTESIAN_POINT('',(0.551178926185942,0.598425196850394,-11.9269500313775));
#9377=CARTESIAN_POINT('',(0.551178926185942,0.62992125984252,-11.9269500313775));
#9378=CARTESIAN_POINT('',(0.551178926185942,0.598425196850394,-11.9269500313775));
#9379=CARTESIAN_POINT('Origin',(0.454633701969519,0.62992125984252,-11.9268089024843));
#9380=CARTESIAN_POINT('',(0.454633701969519,0.598425196850394,-11.9268089024843));
#9381=CARTESIAN_POINT('Origin',(0.42038580951426,0.598425196850394,-12.0023472356537));
#9382=CARTESIAN_POINT('Origin',(0.518195907542009,0.62992125984252,-11.0992580939057));
#9383=CARTESIAN_POINT('',(0.518195907542009,0.598425196850394,-11.0992580939057));
#9384=CARTESIAN_POINT('',(0.518195907542009,0.62992125984252,-11.0992580939057));
#9385=CARTESIAN_POINT('',(0.533772027749127,0.598425196850394,-11.0992283552349));
#9386=CARTESIAN_POINT('',(0.518195907542009,0.598425196850394,-11.0992580939057));
#9387=CARTESIAN_POINT('',(0.533772027749127,0.62992125984252,-11.0992283552349));
#9388=CARTESIAN_POINT('Ctrl Pts',(0.496661345157355,0.62992125984252,-11.072980823715));
#9389=CARTESIAN_POINT('Ctrl Pts',(0.496661345157355,0.598425196850394,-11.072980823715));
#9390=CARTESIAN_POINT('Ctrl Pts',(0.501236598421643,0.62992125984252,-11.0772267819696));
#9391=CARTESIAN_POINT('Ctrl Pts',(0.501236598421643,0.598425196850394,-11.0772267819696));
#9392=CARTESIAN_POINT('Ctrl Pts',(0.509624918652113,0.62992125984252,-11.0850113690662));
#9393=CARTESIAN_POINT('Ctrl Pts',(0.509624918652113,0.598425196850394,-11.0850113690662));
#9394=CARTESIAN_POINT('Ctrl Pts',(0.5155173797585,0.62992125984252,-11.0948058365528));
#9395=CARTESIAN_POINT('Ctrl Pts',(0.5155173797585,0.598425196850394,-11.0948058365528));
#9396=CARTESIAN_POINT('Ctrl Pts',(0.518195907542009,0.62992125984252,-11.0992580939057));
#9397=CARTESIAN_POINT('Ctrl Pts',(0.518195907542009,0.598425196850394,-11.0992580939057));
#9398=CARTESIAN_POINT('',(0.496661345157355,0.598425196850394,-11.072980823715));
#9399=CARTESIAN_POINT('',(0.496661345157355,0.62992125984252,-11.072980823715));
#9400=CARTESIAN_POINT('Ctrl Pts',(0.496661345157355,0.598425196850394,-11.072980823715));
#9401=CARTESIAN_POINT('Ctrl Pts',(0.501236598421643,0.598425196850394,-11.0772267819696));
#9402=CARTESIAN_POINT('Ctrl Pts',(0.509624918652113,0.598425196850394,-11.0850113690662));
#9403=CARTESIAN_POINT('Ctrl Pts',(0.5155173797585,0.598425196850394,-11.0948058365528));
#9404=CARTESIAN_POINT('Ctrl Pts',(0.518195907542009,0.598425196850394,-11.0992580939057));
#9405=CARTESIAN_POINT('Ctrl Pts',(0.461168132532943,0.62992125984252,-11.0499528734897));
#9406=CARTESIAN_POINT('Ctrl Pts',(0.461168132532943,0.598425196850394,-11.0499528734897));
#9407=CARTESIAN_POINT('Ctrl Pts',(0.467655341203391,0.62992125984252,-11.0532285072128));
#9408=CARTESIAN_POINT('Ctrl Pts',(0.467655341203391,0.598425196850394,-11.0532285072128));
#9409=CARTESIAN_POINT('Ctrl Pts',(0.480320635487081,0.62992125984252,-11.0596236868926));
#9410=CARTESIAN_POINT('Ctrl Pts',(0.480320635487081,0.598425196850394,-11.0596236868926));
#9411=CARTESIAN_POINT('Ctrl Pts',(0.49130379763264,0.62992125984252,-11.0686014854388));
#9412=CARTESIAN_POINT('Ctrl Pts',(0.49130379763264,0.598425196850394,-11.0686014854388));
#9413=CARTESIAN_POINT('Ctrl Pts',(0.496661345157355,0.62992125984252,-11.072980823715));
#9414=CARTESIAN_POINT('Ctrl Pts',(0.496661345157355,0.598425196850394,-11.072980823715));
#9415=CARTESIAN_POINT('',(0.461168132532943,0.598425196850394,-11.0499528734897));
#9416=CARTESIAN_POINT('',(0.461168132532943,0.62992125984252,-11.0499528734897));
#9417=CARTESIAN_POINT('Ctrl Pts',(0.461168132532943,0.598425196850394,-11.0499528734897));
#9418=CARTESIAN_POINT('Ctrl Pts',(0.467655341203391,0.598425196850394,-11.0532285072128));
#9419=CARTESIAN_POINT('Ctrl Pts',(0.480320635487081,0.598425196850394,-11.0596236868926));
#9420=CARTESIAN_POINT('Ctrl Pts',(0.49130379763264,0.598425196850394,-11.0686014854388));
#9421=CARTESIAN_POINT('Ctrl Pts',(0.496661345157355,0.598425196850394,-11.072980823715));
#9422=CARTESIAN_POINT('Origin',(0.461123524482013,0.62992125984252,-11.0265886697127));
#9423=CARTESIAN_POINT('',(0.461123524482013,0.598425196850394,-11.0265886697127));
#9424=CARTESIAN_POINT('',(0.461123524482013,0.62992125984252,-11.0265886697127));
#9425=CARTESIAN_POINT('',(0.461123524482013,0.598425196850394,-11.0265886697127));
#9426=CARTESIAN_POINT('Ctrl Pts',(0.486525711014313,0.62992125984252,-11.039027976615));
#9427=CARTESIAN_POINT('Ctrl Pts',(0.486525711014313,0.598425196850394,-11.039027976615));
#9428=CARTESIAN_POINT('Ctrl Pts',(0.482109242456183,0.62992125984252,-11.0364994114534));
#9429=CARTESIAN_POINT('Ctrl Pts',(0.482109242456183,0.598425196850394,-11.0364994114534));
#9430=CARTESIAN_POINT('Ctrl Pts',(0.473908301209657,0.62992125984252,-11.0318041183576));
#9431=CARTESIAN_POINT('Ctrl Pts',(0.473908301209657,0.598425196850394,-11.0318041183576));
#9432=CARTESIAN_POINT('Ctrl Pts',(0.465160401190295,0.62992125984252,-11.0282354816677));
#9433=CARTESIAN_POINT('Ctrl Pts',(0.465160401190295,0.598425196850394,-11.0282354816677));
#9434=CARTESIAN_POINT('Ctrl Pts',(0.461123524482013,0.62992125984252,-11.0265886697127));
#9435=CARTESIAN_POINT('Ctrl Pts',(0.461123524482013,0.598425196850394,-11.0265886697127));
#9436=CARTESIAN_POINT('',(0.486525711014313,0.598425196850394,-11.039027976615));
#9437=CARTESIAN_POINT('',(0.486525711014313,0.62992125984252,-11.039027976615));
#9438=CARTESIAN_POINT('Ctrl Pts',(0.486525711014313,0.598425196850394,-11.039027976615));
#9439=CARTESIAN_POINT('Ctrl Pts',(0.482109242456183,0.598425196850394,-11.0364994114534));
#9440=CARTESIAN_POINT('Ctrl Pts',(0.473908301209657,0.598425196850394,-11.0318041183576));
#9441=CARTESIAN_POINT('Ctrl Pts',(0.465160401190295,0.598425196850394,-11.0282354816677));
#9442=CARTESIAN_POINT('Ctrl Pts',(0.461123524482013,0.598425196850394,-11.0265886697127));
#9443=CARTESIAN_POINT('Ctrl Pts',(0.509518857533926,0.62992125984252,-11.0556344771382));
#9444=CARTESIAN_POINT('Ctrl Pts',(0.509518857533926,0.598425196850394,-11.0556344771382));
#9445=CARTESIAN_POINT('Ctrl Pts',(0.50621326012597,0.62992125984252,-11.0527728476022));
#9446=CARTESIAN_POINT('Ctrl Pts',(0.50621326012597,0.598425196850394,-11.0527728476022));
#9447=CARTESIAN_POINT('Ctrl Pts',(0.499040324137493,0.62992125984252,-11.0465632936393));
#9448=CARTESIAN_POINT('Ctrl Pts',(0.499040324137493,0.598425196850394,-11.0465632936393));
#9449=CARTESIAN_POINT('Ctrl Pts',(0.490909501095719,0.62992125984252,-11.0416675506638));
#9450=CARTESIAN_POINT('Ctrl Pts',(0.490909501095719,0.598425196850394,-11.0416675506638));
#9451=CARTESIAN_POINT('Ctrl Pts',(0.486525711014313,0.62992125984252,-11.039027976615));
#9452=CARTESIAN_POINT('Ctrl Pts',(0.486525711014313,0.598425196850394,-11.039027976615));
#9453=CARTESIAN_POINT('',(0.509518857533926,0.598425196850394,-11.0556344771382));
#9454=CARTESIAN_POINT('',(0.509518857533926,0.62992125984252,-11.0556344771382));
#9455=CARTESIAN_POINT('Ctrl Pts',(0.509518857533926,0.598425196850394,-11.0556344771382));
#9456=CARTESIAN_POINT('Ctrl Pts',(0.50621326012597,0.598425196850394,-11.0527728476022));
#9457=CARTESIAN_POINT('Ctrl Pts',(0.499040324137493,0.598425196850394,-11.0465632936393));
#9458=CARTESIAN_POINT('Ctrl Pts',(0.490909501095719,0.598425196850394,-11.0416675506638));
#9459=CARTESIAN_POINT('Ctrl Pts',(0.486525711014313,0.598425196850394,-11.039027976615));
#9460=CARTESIAN_POINT('Origin',(0.509224803458623,0.62992125984252,-10.9016187962545));
#9461=CARTESIAN_POINT('',(0.509224803458623,0.598425196850394,-10.9016187962545));
#9462=CARTESIAN_POINT('',(0.509224803458623,0.62992125984252,-10.9016187962545));
#9463=CARTESIAN_POINT('',(0.509224803458623,0.598425196850394,-10.9016187962545));
#9464=CARTESIAN_POINT('Origin',(0.533394654060354,0.62992125984252,-10.9015726500242));
#9465=CARTESIAN_POINT('',(0.533394654060354,0.598425196850394,-10.9015726500242));
#9466=CARTESIAN_POINT('',(0.533394654060354,0.62992125984252,-10.9015726500242));
#9467=CARTESIAN_POINT('',(0.533394654060354,0.598425196850394,-10.9015726500242));
#9468=CARTESIAN_POINT('Origin',(0.533772027749127,0.62992125984252,-11.0992283552349));
#9469=CARTESIAN_POINT('',(0.533772027749127,0.598425196850394,-11.0992283552349));
#9470=CARTESIAN_POINT('Origin',(0.420977045290031,0.598425196850394,-11.0005613735275));
#9471=CARTESIAN_POINT('Ctrl Pts',(0.48794538958715,0.62992125984252,-10.0793085050964));
#9472=CARTESIAN_POINT('Ctrl Pts',(0.48794538958715,0.598425196850394,-10.0793085050964));
#9473=CARTESIAN_POINT('Ctrl Pts',(0.482656892813051,0.62992125984252,-10.0787068673603));
#9474=CARTESIAN_POINT('Ctrl Pts',(0.482656892813051,0.598425196850394,-10.0787068673603));
#9475=CARTESIAN_POINT('Ctrl Pts',(0.471967733099579,0.62992125984252,-10.0774908314763));
#9476=CARTESIAN_POINT('Ctrl Pts',(0.471967733099579,0.598425196850394,-10.0774908314763));
#9477=CARTESIAN_POINT('Ctrl Pts',(0.464901715300549,0.62992125984252,-10.0693654903742));
#9478=CARTESIAN_POINT('Ctrl Pts',(0.464901715300549,0.598425196850394,-10.0693654903742));
#9479=CARTESIAN_POINT('Ctrl Pts',(0.461331632948044,0.62992125984252,-10.065260188392));
#9480=CARTESIAN_POINT('Ctrl Pts',(0.461331632948044,0.598425196850394,-10.065260188392));
#9481=CARTESIAN_POINT('',(0.48794538958715,0.62992125984252,-10.0793085050964));
#9482=CARTESIAN_POINT('',(0.461331632948044,0.62992125984252,-10.065260188392));
#9483=CARTESIAN_POINT('Ctrl Pts',(0.48794538958715,0.62992125984252,-10.0793085050964));
#9484=CARTESIAN_POINT('Ctrl Pts',(0.482656892813051,0.62992125984252,-10.0787068673603));
#9485=CARTESIAN_POINT('Ctrl Pts',(0.471967733099579,0.62992125984252,-10.0774908314763));
#9486=CARTESIAN_POINT('Ctrl Pts',(0.464901715300549,0.62992125984252,-10.0693654903742));
#9487=CARTESIAN_POINT('Ctrl Pts',(0.461331632948044,0.62992125984252,-10.065260188392));
#9488=CARTESIAN_POINT('',(0.48794538958715,0.598425196850394,-10.0793085050964));
#9489=CARTESIAN_POINT('',(0.48794538958715,0.62992125984252,-10.0793085050964));
#9490=CARTESIAN_POINT('',(0.461331632948044,0.598425196850394,-10.065260188392));
#9491=CARTESIAN_POINT('Ctrl Pts',(0.48794538958715,0.598425196850394,-10.0793085050964));
#9492=CARTESIAN_POINT('Ctrl Pts',(0.482656892813051,0.598425196850394,-10.0787068673603));
#9493=CARTESIAN_POINT('Ctrl Pts',(0.471967733099579,0.598425196850394,-10.0774908314763));
#9494=CARTESIAN_POINT('Ctrl Pts',(0.464901715300549,0.598425196850394,-10.0693654903742));
#9495=CARTESIAN_POINT('Ctrl Pts',(0.461331632948044,0.598425196850394,-10.065260188392));
#9496=CARTESIAN_POINT('',(0.461331632948044,0.62992125984252,-10.065260188392));
#9497=CARTESIAN_POINT('Ctrl Pts',(0.516113060372592,0.62992125984252,-10.0632757007045));
#9498=CARTESIAN_POINT('Ctrl Pts',(0.516113060372592,0.598425196850394,-10.0632757007045));
#9499=CARTESIAN_POINT('Ctrl Pts',(0.51225839410422,0.62992125984252,-10.0679410353794));
#9500=CARTESIAN_POINT('Ctrl Pts',(0.51225839410422,0.598425196850394,-10.0679410353794));
#9501=CARTESIAN_POINT('Ctrl Pts',(0.504866788404835,0.62992125984252,-10.0768871572928));
#9502=CARTESIAN_POINT('Ctrl Pts',(0.504866788404835,0.598425196850394,-10.0768871572928));
#9503=CARTESIAN_POINT('Ctrl Pts',(0.493421869941309,0.62992125984252,-10.0785248545354));
#9504=CARTESIAN_POINT('Ctrl Pts',(0.493421869941309,0.598425196850394,-10.0785248545354));
#9505=CARTESIAN_POINT('Ctrl Pts',(0.48794538958715,0.62992125984252,-10.0793085050964));
#9506=CARTESIAN_POINT('Ctrl Pts',(0.48794538958715,0.598425196850394,-10.0793085050964));
#9507=CARTESIAN_POINT('',(0.516113060372592,0.62992125984252,-10.0632757007045));
#9508=CARTESIAN_POINT('Ctrl Pts',(0.516113060372592,0.62992125984252,-10.0632757007045));
#9509=CARTESIAN_POINT('Ctrl Pts',(0.51225839410422,0.62992125984252,-10.0679410353794));
#9510=CARTESIAN_POINT('Ctrl Pts',(0.504866788404835,0.62992125984252,-10.0768871572928));
#9511=CARTESIAN_POINT('Ctrl Pts',(0.493421869941309,0.62992125984252,-10.0785248545354));
#9512=CARTESIAN_POINT('Ctrl Pts',(0.48794538958715,0.62992125984252,-10.0793085050964));
#9513=CARTESIAN_POINT('',(0.516113060372592,0.598425196850394,-10.0632757007045));
#9514=CARTESIAN_POINT('',(0.516113060372592,0.62992125984252,-10.0632757007045));
#9515=CARTESIAN_POINT('Ctrl Pts',(0.516113060372592,0.598425196850394,-10.0632757007045));
#9516=CARTESIAN_POINT('Ctrl Pts',(0.51225839410422,0.598425196850394,-10.0679410353794));
#9517=CARTESIAN_POINT('Ctrl Pts',(0.504866788404835,0.598425196850394,-10.0768871572928));
#9518=CARTESIAN_POINT('Ctrl Pts',(0.493421869941309,0.598425196850394,-10.0785248545354));
#9519=CARTESIAN_POINT('Ctrl Pts',(0.48794538958715,0.598425196850394,-10.0793085050964));
#9520=CARTESIAN_POINT('Ctrl Pts',(0.527403265127917,0.62992125984252,-9.9986666922418));
#9521=CARTESIAN_POINT('Ctrl Pts',(0.527403265127917,0.598425196850394,-9.9986666922418));
#9522=CARTESIAN_POINT('Ctrl Pts',(0.527571505346928,0.62992125984252,-10.0123780738836));
#9523=CARTESIAN_POINT('Ctrl Pts',(0.527571505346928,0.598425196850394,-10.0123780738836));
#9524=CARTESIAN_POINT('Ctrl Pts',(0.527845993592442,0.62992125984252,-10.034748545775));
#9525=CARTESIAN_POINT('Ctrl Pts',(0.527845993592442,0.598425196850394,-10.034748545775));
#9526=CARTESIAN_POINT('Ctrl Pts',(0.519387245395968,0.62992125984252,-10.0553149306499));
#9527=CARTESIAN_POINT('Ctrl Pts',(0.519387245395968,0.598425196850394,-10.0553149306499));
#9528=CARTESIAN_POINT('Ctrl Pts',(0.516113060372592,0.62992125984252,-10.0632757007045));
#9529=CARTESIAN_POINT('Ctrl Pts',(0.516113060372592,0.598425196850394,-10.0632757007045));
#9530=CARTESIAN_POINT('',(0.527403265127917,0.62992125984252,-9.9986666922418));
#9531=CARTESIAN_POINT('Ctrl Pts',(0.527403265127917,0.62992125984252,-9.9986666922418));
#9532=CARTESIAN_POINT('Ctrl Pts',(0.527571505346928,0.62992125984252,-10.0123780738836));
#9533=CARTESIAN_POINT('Ctrl Pts',(0.527845993592442,0.62992125984252,-10.034748545775));
#9534=CARTESIAN_POINT('Ctrl Pts',(0.519387245395968,0.62992125984252,-10.0553149306499));
#9535=CARTESIAN_POINT('Ctrl Pts',(0.516113060372592,0.62992125984252,-10.0632757007045));
#9536=CARTESIAN_POINT('',(0.527403265127917,0.598425196850394,-9.9986666922418));
#9537=CARTESIAN_POINT('',(0.527403265127917,0.62992125984252,-9.9986666922418));
#9538=CARTESIAN_POINT('Ctrl Pts',(0.527403265127917,0.598425196850394,-9.9986666922418));
#9539=CARTESIAN_POINT('Ctrl Pts',(0.527571505346928,0.598425196850394,-10.0123780738836));
#9540=CARTESIAN_POINT('Ctrl Pts',(0.527845993592442,0.598425196850394,-10.034748545775));
#9541=CARTESIAN_POINT('Ctrl Pts',(0.519387245395968,0.598425196850394,-10.0553149306499));
#9542=CARTESIAN_POINT('Ctrl Pts',(0.516113060372592,0.598425196850394,-10.0632757007045));
#9543=CARTESIAN_POINT('Ctrl Pts',(0.515866690751621,0.62992125984252,-9.9342355407136));
#9544=CARTESIAN_POINT('Ctrl Pts',(0.515866690751621,0.598425196850394,-9.9342355407136));
#9545=CARTESIAN_POINT('Ctrl Pts',(0.519172079350684,0.62992125984252,-9.94219480675287));
#9546=CARTESIAN_POINT('Ctrl Pts',(0.519172079350684,0.598425196850394,-9.94219480675287));
#9547=CARTESIAN_POINT('Ctrl Pts',(0.527683395699481,0.62992125984252,-9.96268977402653));
#9548=CARTESIAN_POINT('Ctrl Pts',(0.527683395699481,0.598425196850394,-9.96268977402653));
#9549=CARTESIAN_POINT('Ctrl Pts',(0.527509579450647,0.62992125984252,-9.98501283906682));
#9550=CARTESIAN_POINT('Ctrl Pts',(0.527509579450647,0.598425196850394,-9.98501283906682));
#9551=CARTESIAN_POINT('Ctrl Pts',(0.527403265127917,0.62992125984252,-9.9986666922418));
#9552=CARTESIAN_POINT('Ctrl Pts',(0.527403265127917,0.598425196850394,-9.9986666922418));
#9553=CARTESIAN_POINT('',(0.515866690751621,0.62992125984252,-9.9342355407136));
#9554=CARTESIAN_POINT('Ctrl Pts',(0.515866690751621,0.62992125984252,-9.9342355407136));
#9555=CARTESIAN_POINT('Ctrl Pts',(0.519172079350684,0.62992125984252,-9.94219480675287));
#9556=CARTESIAN_POINT('Ctrl Pts',(0.527683395699481,0.62992125984252,-9.96268977402653));
#9557=CARTESIAN_POINT('Ctrl Pts',(0.527509579450647,0.62992125984252,-9.98501283906682));
#9558=CARTESIAN_POINT('Ctrl Pts',(0.527403265127917,0.62992125984252,-9.9986666922418));
#9559=CARTESIAN_POINT('',(0.515866690751621,0.598425196850394,-9.9342355407136));
#9560=CARTESIAN_POINT('',(0.515866690751621,0.62992125984252,-9.9342355407136));
#9561=CARTESIAN_POINT('Ctrl Pts',(0.515866690751621,0.598425196850394,-9.9342355407136));
#9562=CARTESIAN_POINT('Ctrl Pts',(0.519172079350684,0.598425196850394,-9.94219480675287));
#9563=CARTESIAN_POINT('Ctrl Pts',(0.527683395699481,0.598425196850394,-9.96268977402653));
#9564=CARTESIAN_POINT('Ctrl Pts',(0.527509579450647,0.598425196850394,-9.98501283906682));
#9565=CARTESIAN_POINT('Ctrl Pts',(0.527403265127917,0.598425196850394,-9.9986666922418));
#9566=CARTESIAN_POINT('Ctrl Pts',(0.487906296934121,0.62992125984252,-9.91817562373658));
#9567=CARTESIAN_POINT('Ctrl Pts',(0.487906296934121,0.598425196850394,-9.91817562373658));
#9568=CARTESIAN_POINT('Ctrl Pts',(0.493317243714012,0.62992125984252,-9.91896002373833));
#9569=CARTESIAN_POINT('Ctrl Pts',(0.493317243714012,0.598425196850394,-9.91896002373833));
#9570=CARTESIAN_POINT('Ctrl Pts',(0.504701767765708,0.62992125984252,-9.92061038568962));
#9571=CARTESIAN_POINT('Ctrl Pts',(0.504701767765708,0.598425196850394,-9.92061038568962));
#9572=CARTESIAN_POINT('Ctrl Pts',(0.51202441970209,0.62992125984252,-9.92954661103983));
#9573=CARTESIAN_POINT('Ctrl Pts',(0.51202441970209,0.598425196850394,-9.92954661103983));
#9574=CARTESIAN_POINT('Ctrl Pts',(0.515866690751621,0.62992125984252,-9.9342355407136));
#9575=CARTESIAN_POINT('Ctrl Pts',(0.515866690751621,0.598425196850394,-9.9342355407136));
#9576=CARTESIAN_POINT('',(0.487906296934121,0.62992125984252,-9.91817562373658));
#9577=CARTESIAN_POINT('Ctrl Pts',(0.487906296934121,0.62992125984252,-9.91817562373658));
#9578=CARTESIAN_POINT('Ctrl Pts',(0.493317243714012,0.62992125984252,-9.91896002373833));
#9579=CARTESIAN_POINT('Ctrl Pts',(0.504701767765708,0.62992125984252,-9.92061038568962));
#9580=CARTESIAN_POINT('Ctrl Pts',(0.51202441970209,0.62992125984252,-9.92954661103983));
#9581=CARTESIAN_POINT('Ctrl Pts',(0.515866690751621,0.62992125984252,-9.9342355407136));
#9582=CARTESIAN_POINT('',(0.487906296934121,0.598425196850394,-9.91817562373658));
#9583=CARTESIAN_POINT('',(0.487906296934121,0.62992125984252,-9.91817562373658));
#9584=CARTESIAN_POINT('Ctrl Pts',(0.487906296934121,0.598425196850394,-9.91817562373658));
#9585=CARTESIAN_POINT('Ctrl Pts',(0.493317243714012,0.598425196850394,-9.91896002373833));
#9586=CARTESIAN_POINT('Ctrl Pts',(0.504701767765708,0.598425196850394,-9.92061038568962));
#9587=CARTESIAN_POINT('Ctrl Pts',(0.51202441970209,0.598425196850394,-9.92954661103983));
#9588=CARTESIAN_POINT('Ctrl Pts',(0.515866690751621,0.598425196850394,-9.9342355407136));
#9589=CARTESIAN_POINT('Ctrl Pts',(0.459872924085815,0.62992125984252,-9.9342081717204));
#9590=CARTESIAN_POINT('Ctrl Pts',(0.459872924085815,0.598425196850394,-9.9342081717204));
#9591=CARTESIAN_POINT('Ctrl Pts',(0.4637386162647,0.62992125984252,-9.92954357460685));
#9592=CARTESIAN_POINT('Ctrl Pts',(0.4637386162647,0.598425196850394,-9.92954357460685));
#9593=CARTESIAN_POINT('Ctrl Pts',(0.471110480321422,0.62992125984252,-9.92064820109823));
#9594=CARTESIAN_POINT('Ctrl Pts',(0.471110480321422,0.598425196850394,-9.92064820109823));
#9595=CARTESIAN_POINT('Ctrl Pts',(0.482492725934078,0.62992125984252,-9.91897257653793));
#9596=CARTESIAN_POINT('Ctrl Pts',(0.482492725934078,0.598425196850394,-9.91897257653793));
#9597=CARTESIAN_POINT('Ctrl Pts',(0.487906296934121,0.62992125984252,-9.91817562373658));
#9598=CARTESIAN_POINT('Ctrl Pts',(0.487906296934121,0.598425196850394,-9.91817562373658));
#9599=CARTESIAN_POINT('',(0.459872924085815,0.62992125984252,-9.9342081717204));
#9600=CARTESIAN_POINT('Ctrl Pts',(0.459872924085815,0.62992125984252,-9.9342081717204));
#9601=CARTESIAN_POINT('Ctrl Pts',(0.4637386162647,0.62992125984252,-9.92954357460685));
#9602=CARTESIAN_POINT('Ctrl Pts',(0.471110480321422,0.62992125984252,-9.92064820109823));
#9603=CARTESIAN_POINT('Ctrl Pts',(0.482492725934078,0.62992125984252,-9.91897257653793));
#9604=CARTESIAN_POINT('Ctrl Pts',(0.487906296934121,0.62992125984252,-9.91817562373658));
#9605=CARTESIAN_POINT('',(0.459872924085815,0.598425196850394,-9.9342081717204));
#9606=CARTESIAN_POINT('',(0.459872924085815,0.62992125984252,-9.9342081717204));
#9607=CARTESIAN_POINT('Ctrl Pts',(0.459872924085815,0.598425196850394,-9.9342081717204));
#9608=CARTESIAN_POINT('Ctrl Pts',(0.4637386162647,0.598425196850394,-9.92954357460685));
#9609=CARTESIAN_POINT('Ctrl Pts',(0.471110480321422,0.598425196850394,-9.92064820109823));
#9610=CARTESIAN_POINT('Ctrl Pts',(0.482492725934078,0.598425196850394,-9.91897257653793));
#9611=CARTESIAN_POINT('Ctrl Pts',(0.487906296934121,0.598425196850394,-9.91817562373658));
#9612=CARTESIAN_POINT('Ctrl Pts',(0.448716970334921,0.62992125984252,-9.9988169238647));
#9613=CARTESIAN_POINT('Ctrl Pts',(0.448716970334921,0.598425196850394,-9.9988169238647));
#9614=CARTESIAN_POINT('Ctrl Pts',(0.448555593377831,0.62992125984252,-9.98513463335427));
#9615=CARTESIAN_POINT('Ctrl Pts',(0.448555593377831,0.598425196850394,-9.98513463335427));
#9616=CARTESIAN_POINT('Ctrl Pts',(0.448292008918467,0.62992125984252,-9.96278671446869));
#9617=CARTESIAN_POINT('Ctrl Pts',(0.448292008918467,0.598425196850394,-9.96278671446869));
#9618=CARTESIAN_POINT('Ctrl Pts',(0.456637050864327,0.62992125984252,-9.94219342503174));
#9619=CARTESIAN_POINT('Ctrl Pts',(0.456637050864327,0.598425196850394,-9.94219342503174));
#9620=CARTESIAN_POINT('Ctrl Pts',(0.459872924085815,0.62992125984252,-9.9342081717204));
#9621=CARTESIAN_POINT('Ctrl Pts',(0.459872924085815,0.598425196850394,-9.9342081717204));
#9622=CARTESIAN_POINT('',(0.448716970334921,0.62992125984252,-9.9988169238647));
#9623=CARTESIAN_POINT('Ctrl Pts',(0.448716970334921,0.62992125984252,-9.9988169238647));
#9624=CARTESIAN_POINT('Ctrl Pts',(0.448555593377831,0.62992125984252,-9.98513463335427));
#9625=CARTESIAN_POINT('Ctrl Pts',(0.448292008918467,0.62992125984252,-9.96278671446869));
#9626=CARTESIAN_POINT('Ctrl Pts',(0.456637050864327,0.62992125984252,-9.94219342503174));
#9627=CARTESIAN_POINT('Ctrl Pts',(0.459872924085815,0.62992125984252,-9.9342081717204));
#9628=CARTESIAN_POINT('',(0.448716970334921,0.598425196850394,-9.9988169238647));
#9629=CARTESIAN_POINT('',(0.448716970334921,0.62992125984252,-9.9988169238647));
#9630=CARTESIAN_POINT('Ctrl Pts',(0.448716970334921,0.598425196850394,-9.9988169238647));
#9631=CARTESIAN_POINT('Ctrl Pts',(0.448555593377831,0.598425196850394,-9.98513463335427));
#9632=CARTESIAN_POINT('Ctrl Pts',(0.448292008918467,0.598425196850394,-9.96278671446869));
#9633=CARTESIAN_POINT('Ctrl Pts',(0.456637050864327,0.598425196850394,-9.94219342503174));
#9634=CARTESIAN_POINT('Ctrl Pts',(0.459872924085815,0.598425196850394,-9.9342081717204));
#9635=CARTESIAN_POINT('Ctrl Pts',(0.461331632948044,0.62992125984252,-10.065260188392));
#9636=CARTESIAN_POINT('Ctrl Pts',(0.461331632948044,0.598425196850394,-10.065260188392));
#9637=CARTESIAN_POINT('Ctrl Pts',(0.457708200044834,0.62992125984252,-10.0568344884031));
#9638=CARTESIAN_POINT('Ctrl Pts',(0.457708200044834,0.598425196850394,-10.0568344884031));
#9639=CARTESIAN_POINT('Ctrl Pts',(0.448640995934903,0.62992125984252,-10.0357501897256));
#9640=CARTESIAN_POINT('Ctrl Pts',(0.448640995934903,0.598425196850394,-10.0357501897256));
#9641=CARTESIAN_POINT('Ctrl Pts',(0.448688468649663,0.62992125984252,-10.0126723846367));
#9642=CARTESIAN_POINT('Ctrl Pts',(0.448688468649663,0.598425196850394,-10.0126723846367));
#9643=CARTESIAN_POINT('Ctrl Pts',(0.448716970334921,0.62992125984252,-9.9988169238647));
#9644=CARTESIAN_POINT('Ctrl Pts',(0.448716970334921,0.598425196850394,-9.9988169238647));
#9645=CARTESIAN_POINT('Ctrl Pts',(0.461331632948044,0.62992125984252,-10.065260188392));
#9646=CARTESIAN_POINT('Ctrl Pts',(0.457708200044834,0.62992125984252,-10.0568344884031));
#9647=CARTESIAN_POINT('Ctrl Pts',(0.448640995934903,0.62992125984252,-10.0357501897256));
#9648=CARTESIAN_POINT('Ctrl Pts',(0.448688468649663,0.62992125984252,-10.0126723846367));
#9649=CARTESIAN_POINT('Ctrl Pts',(0.448716970334921,0.62992125984252,-9.9988169238647));
#9650=CARTESIAN_POINT('Ctrl Pts',(0.461331632948044,0.598425196850394,-10.065260188392));
#9651=CARTESIAN_POINT('Ctrl Pts',(0.457708200044834,0.598425196850394,-10.0568344884031));
#9652=CARTESIAN_POINT('Ctrl Pts',(0.448640995934903,0.598425196850394,-10.0357501897256));
#9653=CARTESIAN_POINT('Ctrl Pts',(0.448688468649663,0.598425196850394,-10.0126723846367));
#9654=CARTESIAN_POINT('Ctrl Pts',(0.448716970334921,0.598425196850394,-9.9988169238647));
#9655=CARTESIAN_POINT('Ctrl Pts',(0.48786835446123,0.62992125984252,-9.89830262659898));
#9656=CARTESIAN_POINT('Ctrl Pts',(0.48786835446123,0.598425196850394,-9.89830262659898));
#9657=CARTESIAN_POINT('Ctrl Pts',(0.478963050989744,0.62992125984252,-9.899080292308));
#9658=CARTESIAN_POINT('Ctrl Pts',(0.478963050989744,0.598425196850394,-9.899080292308));
#9659=CARTESIAN_POINT('Ctrl Pts',(0.461593523747781,0.62992125984252,-9.90059710594171));
#9660=CARTESIAN_POINT('Ctrl Pts',(0.461593523747781,0.598425196850394,-9.90059710594171));
#9661=CARTESIAN_POINT('Ctrl Pts',(0.449221854578349,0.62992125984252,-9.91283469904356));
#9662=CARTESIAN_POINT('Ctrl Pts',(0.449221854578349,0.598425196850394,-9.91283469904356));
#9663=CARTESIAN_POINT('Ctrl Pts',(0.443193102338542,0.62992125984252,-9.91879811560541));
#9664=CARTESIAN_POINT('Ctrl Pts',(0.443193102338542,0.598425196850394,-9.91879811560541));
#9665=CARTESIAN_POINT('',(0.48786835446123,0.598425196850394,-9.89830262659898));
#9666=CARTESIAN_POINT('',(0.48786835446123,0.62992125984252,-9.89830262659898));
#9667=CARTESIAN_POINT('',(0.443193102338542,0.598425196850394,-9.91879811560541));
#9668=CARTESIAN_POINT('Ctrl Pts',(0.48786835446123,0.598425196850394,-9.89830262659898));
#9669=CARTESIAN_POINT('Ctrl Pts',(0.478963050989744,0.598425196850394,-9.899080292308));
#9670=CARTESIAN_POINT('Ctrl Pts',(0.461593523747781,0.598425196850394,-9.90059710594171));
#9671=CARTESIAN_POINT('Ctrl Pts',(0.449221854578349,0.598425196850394,-9.91283469904356));
#9672=CARTESIAN_POINT('Ctrl Pts',(0.443193102338542,0.598425196850394,-9.91879811560541));
#9673=CARTESIAN_POINT('',(0.443193102338542,0.62992125984252,-9.91879811560541));
#9674=CARTESIAN_POINT('Ctrl Pts',(0.523608091853715,0.62992125984252,-9.90978224836855));
#9675=CARTESIAN_POINT('Ctrl Pts',(0.523608091853715,0.598425196850394,-9.90978224836855));
#9676=CARTESIAN_POINT('Ctrl Pts',(0.518434636629092,0.62992125984252,-9.90642599905448));
#9677=CARTESIAN_POINT('Ctrl Pts',(0.518434636629092,0.598425196850394,-9.90642599905448));
#9678=CARTESIAN_POINT('Ctrl Pts',(0.50758291311045,0.62992125984252,-9.89938600585176));
#9679=CARTESIAN_POINT('Ctrl Pts',(0.50758291311045,0.598425196850394,-9.89938600585176));
#9680=CARTESIAN_POINT('Ctrl Pts',(0.494640563097334,0.62992125984252,-9.89867478153597));
#9681=CARTESIAN_POINT('Ctrl Pts',(0.494640563097334,0.598425196850394,-9.89867478153597));
#9682=CARTESIAN_POINT('Ctrl Pts',(0.48786835446123,0.62992125984252,-9.89830262659898));
#9683=CARTESIAN_POINT('Ctrl Pts',(0.48786835446123,0.598425196850394,-9.89830262659898));
#9684=CARTESIAN_POINT('',(0.523608091853715,0.598425196850394,-9.90978224836855));
#9685=CARTESIAN_POINT('',(0.523608091853715,0.62992125984252,-9.90978224836855));
#9686=CARTESIAN_POINT('Ctrl Pts',(0.523608091853715,0.598425196850394,-9.90978224836855));
#9687=CARTESIAN_POINT('Ctrl Pts',(0.518434636629092,0.598425196850394,-9.90642599905448));
#9688=CARTESIAN_POINT('Ctrl Pts',(0.50758291311045,0.598425196850394,-9.89938600585176));
#9689=CARTESIAN_POINT('Ctrl Pts',(0.494640563097334,0.598425196850394,-9.89867478153597));
#9690=CARTESIAN_POINT('Ctrl Pts',(0.48786835446123,0.598425196850394,-9.89830262659898));
#9691=CARTESIAN_POINT('Ctrl Pts',(0.545020918322857,0.62992125984252,-9.94263934136734));
#9692=CARTESIAN_POINT('Ctrl Pts',(0.545020918322857,0.598425196850394,-9.94263934136734));
#9693=CARTESIAN_POINT('Ctrl Pts',(0.542473458941031,0.62992125984252,-9.93608292874315));
#9694=CARTESIAN_POINT('Ctrl Pts',(0.542473458941031,0.598425196850394,-9.93608292874315));
#9695=CARTESIAN_POINT('Ctrl Pts',(0.537628161754095,0.62992125984252,-9.92361255615507));
#9696=CARTESIAN_POINT('Ctrl Pts',(0.537628161754095,0.598425196850394,-9.92361255615507));
#9697=CARTESIAN_POINT('Ctrl Pts',(0.528118134948695,0.62992125984252,-9.91423124787977));
#9698=CARTESIAN_POINT('Ctrl Pts',(0.528118134948695,0.598425196850394,-9.91423124787977));
#9699=CARTESIAN_POINT('Ctrl Pts',(0.523608091853715,0.62992125984252,-9.90978224836855));
#9700=CARTESIAN_POINT('Ctrl Pts',(0.523608091853715,0.598425196850394,-9.90978224836855));
#9701=CARTESIAN_POINT('',(0.545020918322857,0.598425196850394,-9.94263934136734));
#9702=CARTESIAN_POINT('',(0.545020918322857,0.62992125984252,-9.94263934136734));
#9703=CARTESIAN_POINT('Ctrl Pts',(0.545020918322857,0.598425196850394,-9.94263934136734));
#9704=CARTESIAN_POINT('Ctrl Pts',(0.542473458941031,0.598425196850394,-9.93608292874315));
#9705=CARTESIAN_POINT('Ctrl Pts',(0.537628161754095,0.598425196850394,-9.92361255615507));
#9706=CARTESIAN_POINT('Ctrl Pts',(0.528118134948695,0.598425196850394,-9.91423124787977));
#9707=CARTESIAN_POINT('Ctrl Pts',(0.523608091853715,0.598425196850394,-9.90978224836855));
#9708=CARTESIAN_POINT('Ctrl Pts',(0.552244511549918,0.62992125984252,-9.99861926415061));
#9709=CARTESIAN_POINT('Ctrl Pts',(0.552244511549918,0.598425196850394,-9.99861926415061));
#9710=CARTESIAN_POINT('Ctrl Pts',(0.5520796495048,0.62992125984252,-9.98811867381682));
#9711=CARTESIAN_POINT('Ctrl Pts',(0.5520796495048,0.598425196850394,-9.98811867381682));
#9712=CARTESIAN_POINT('Ctrl Pts',(0.551782121788748,0.62992125984252,-9.96916818307777));
#9713=CARTESIAN_POINT('Ctrl Pts',(0.551782121788748,0.598425196850394,-9.96916818307777));
#9714=CARTESIAN_POINT('Ctrl Pts',(0.547105979649374,0.62992125984252,-9.95082046802131));
#9715=CARTESIAN_POINT('Ctrl Pts',(0.547105979649374,0.598425196850394,-9.95082046802131));
#9716=CARTESIAN_POINT('Ctrl Pts',(0.545020918322857,0.62992125984252,-9.94263934136734));
#9717=CARTESIAN_POINT('Ctrl Pts',(0.545020918322857,0.598425196850394,-9.94263934136734));
#9718=CARTESIAN_POINT('',(0.552244511549918,0.598425196850394,-9.99861926415061));
#9719=CARTESIAN_POINT('',(0.552244511549918,0.62992125984252,-9.99861926415061));
#9720=CARTESIAN_POINT('Ctrl Pts',(0.552244511549918,0.598425196850394,-9.99861926415061));
#9721=CARTESIAN_POINT('Ctrl Pts',(0.5520796495048,0.598425196850394,-9.98811867381682));
#9722=CARTESIAN_POINT('Ctrl Pts',(0.551782121788748,0.598425196850394,-9.96916818307777));
#9723=CARTESIAN_POINT('Ctrl Pts',(0.547105979649374,0.598425196850394,-9.95082046802131));
#9724=CARTESIAN_POINT('Ctrl Pts',(0.545020918322857,0.598425196850394,-9.94263934136734));
#9725=CARTESIAN_POINT('Ctrl Pts',(0.547902063479275,0.62992125984252,-10.0450875594621));
#9726=CARTESIAN_POINT('Ctrl Pts',(0.547902063479275,0.598425196850394,-10.0450875594621));
#9727=CARTESIAN_POINT('Ctrl Pts',(0.549176605208211,0.62992125984252,-10.0383673610701));
#9728=CARTESIAN_POINT('Ctrl Pts',(0.549176605208211,0.598425196850394,-10.0383673610701));
#9729=CARTESIAN_POINT('Ctrl Pts',(0.552086291543988,0.62992125984252,-10.0230256354986));
#9730=CARTESIAN_POINT('Ctrl Pts',(0.552086291543988,0.598425196850394,-10.0230256354986));
#9731=CARTESIAN_POINT('Ctrl Pts',(0.552187586970619,0.62992125984252,-10.0074002170587));
#9732=CARTESIAN_POINT('Ctrl Pts',(0.552187586970619,0.598425196850394,-10.0074002170587));
#9733=CARTESIAN_POINT('Ctrl Pts',(0.552244511549918,0.62992125984252,-9.99861926415061));
#9734=CARTESIAN_POINT('Ctrl Pts',(0.552244511549918,0.598425196850394,-9.99861926415061));
#9735=CARTESIAN_POINT('',(0.547902063479275,0.598425196850394,-10.0450875594621));
#9736=CARTESIAN_POINT('',(0.547902063479275,0.62992125984252,-10.0450875594621));
#9737=CARTESIAN_POINT('Ctrl Pts',(0.547902063479275,0.598425196850394,-10.0450875594621));
#9738=CARTESIAN_POINT('Ctrl Pts',(0.549176605208211,0.598425196850394,-10.0383673610701));
#9739=CARTESIAN_POINT('Ctrl Pts',(0.552086291543988,0.598425196850394,-10.0230256354986));
#9740=CARTESIAN_POINT('Ctrl Pts',(0.552187586970619,0.598425196850394,-10.0074002170587));
#9741=CARTESIAN_POINT('Ctrl Pts',(0.552244511549918,0.598425196850394,-9.99861926415061));
#9742=CARTESIAN_POINT('Ctrl Pts',(0.535738787118823,0.62992125984252,-10.0743832632302));
#9743=CARTESIAN_POINT('Ctrl Pts',(0.535738787118823,0.598425196850394,-10.0743832632302));
#9744=CARTESIAN_POINT('Ctrl Pts',(0.538223508398743,0.62992125984252,-10.0700221311581));
#9745=CARTESIAN_POINT('Ctrl Pts',(0.538223508398743,0.598425196850394,-10.0700221311581));
#9746=CARTESIAN_POINT('Ctrl Pts',(0.543495370036809,0.62992125984252,-10.0607690672207));
#9747=CARTESIAN_POINT('Ctrl Pts',(0.543495370036809,0.598425196850394,-10.0607690672207));
#9748=CARTESIAN_POINT('Ctrl Pts',(0.546378044358142,0.62992125984252,-10.0505108815026));
#9749=CARTESIAN_POINT('Ctrl Pts',(0.546378044358142,0.598425196850394,-10.0505108815026));
#9750=CARTESIAN_POINT('Ctrl Pts',(0.547902063479275,0.62992125984252,-10.0450875594621));
#9751=CARTESIAN_POINT('Ctrl Pts',(0.547902063479275,0.598425196850394,-10.0450875594621));
#9752=CARTESIAN_POINT('',(0.535738787118823,0.598425196850394,-10.0743832632302));
#9753=CARTESIAN_POINT('',(0.535738787118823,0.62992125984252,-10.0743832632302));
#9754=CARTESIAN_POINT('Ctrl Pts',(0.535738787118823,0.598425196850394,-10.0743832632302));
#9755=CARTESIAN_POINT('Ctrl Pts',(0.538223508398743,0.598425196850394,-10.0700221311581));
#9756=CARTESIAN_POINT('Ctrl Pts',(0.543495370036809,0.598425196850394,-10.0607690672207));
#9757=CARTESIAN_POINT('Ctrl Pts',(0.546378044358142,0.598425196850394,-10.0505108815026));
#9758=CARTESIAN_POINT('Ctrl Pts',(0.547902063479275,0.598425196850394,-10.0450875594621));
#9759=CARTESIAN_POINT('Ctrl Pts',(0.51603516341836,0.62992125984252,-10.0928169038774));
#9760=CARTESIAN_POINT('Ctrl Pts',(0.51603516341836,0.598425196850394,-10.0928169038774));
#9761=CARTESIAN_POINT('Ctrl Pts',(0.519861049420415,0.62992125984252,-10.0904335431412));
#9762=CARTESIAN_POINT('Ctrl Pts',(0.519861049420415,0.598425196850394,-10.0904335431412));
#9763=CARTESIAN_POINT('Ctrl Pts',(0.5276391492666,0.62992125984252,-10.0855881249123));
#9764=CARTESIAN_POINT('Ctrl Pts',(0.5276391492666,0.598425196850394,-10.0855881249123));
#9765=CARTESIAN_POINT('Ctrl Pts',(0.533009831892466,0.62992125984252,-10.0781584401462));
#9766=CARTESIAN_POINT('Ctrl Pts',(0.533009831892466,0.598425196850394,-10.0781584401462));
#9767=CARTESIAN_POINT('Ctrl Pts',(0.535738787118823,0.62992125984252,-10.0743832632302));
#9768=CARTESIAN_POINT('Ctrl Pts',(0.535738787118823,0.598425196850394,-10.0743832632302));
#9769=CARTESIAN_POINT('',(0.51603516341836,0.598425196850394,-10.0928169038774));
#9770=CARTESIAN_POINT('',(0.51603516341836,0.62992125984252,-10.0928169038774));
#9771=CARTESIAN_POINT('Ctrl Pts',(0.51603516341836,0.598425196850394,-10.0928169038774));
#9772=CARTESIAN_POINT('Ctrl Pts',(0.519861049420415,0.598425196850394,-10.0904335431412));
#9773=CARTESIAN_POINT('Ctrl Pts',(0.5276391492666,0.598425196850394,-10.0855881249123));
#9774=CARTESIAN_POINT('Ctrl Pts',(0.533009831892466,0.598425196850394,-10.0781584401462));
#9775=CARTESIAN_POINT('Ctrl Pts',(0.535738787118823,0.598425196850394,-10.0743832632302));
#9776=CARTESIAN_POINT('Ctrl Pts',(0.488252137364825,0.62992125984252,-10.0993152639783));
#9777=CARTESIAN_POINT('Ctrl Pts',(0.488252137364825,0.598425196850394,-10.0993152639783));
#9778=CARTESIAN_POINT('Ctrl Pts',(0.493283401344987,0.62992125984252,-10.0990831540204));
#9779=CARTESIAN_POINT('Ctrl Pts',(0.493283401344987,0.598425196850394,-10.0990831540204));
#9780=CARTESIAN_POINT('Ctrl Pts',(0.502955889535506,0.62992125984252,-10.0986369280153));
#9781=CARTESIAN_POINT('Ctrl Pts',(0.502955889535506,0.598425196850394,-10.0986369280153));
#9782=CARTESIAN_POINT('Ctrl Pts',(0.511794206153124,0.62992125984252,-10.0947040479094));
#9783=CARTESIAN_POINT('Ctrl Pts',(0.511794206153124,0.598425196850394,-10.0947040479094));
#9784=CARTESIAN_POINT('Ctrl Pts',(0.51603516341836,0.62992125984252,-10.0928169038774));
#9785=CARTESIAN_POINT('Ctrl Pts',(0.51603516341836,0.598425196850394,-10.0928169038774));
#9786=CARTESIAN_POINT('',(0.488252137364825,0.598425196850394,-10.0993152639783));
#9787=CARTESIAN_POINT('',(0.488252137364825,0.62992125984252,-10.0993152639783));
#9788=CARTESIAN_POINT('Ctrl Pts',(0.488252137364825,0.598425196850394,-10.0993152639783));
#9789=CARTESIAN_POINT('Ctrl Pts',(0.493283401344987,0.598425196850394,-10.0990831540204));
#9790=CARTESIAN_POINT('Ctrl Pts',(0.502955889535506,0.598425196850394,-10.0986369280153));
#9791=CARTESIAN_POINT('Ctrl Pts',(0.511794206153124,0.598425196850394,-10.0947040479094));
#9792=CARTESIAN_POINT('Ctrl Pts',(0.51603516341836,0.598425196850394,-10.0928169038774));
#9793=CARTESIAN_POINT('Ctrl Pts',(0.452512399949938,0.62992125984252,-10.0878356304756));
#9794=CARTESIAN_POINT('Ctrl Pts',(0.452512399949938,0.598425196850394,-10.0878356304756));
#9795=CARTESIAN_POINT('Ctrl Pts',(0.45770847385487,0.62992125984252,-10.0911921183477));
#9796=CARTESIAN_POINT('Ctrl Pts',(0.45770847385487,0.598425196850394,-10.0911921183477));
#9797=CARTESIAN_POINT('Ctrl Pts',(0.468570249399829,0.62992125984252,-10.0982084577135));
#9798=CARTESIAN_POINT('Ctrl Pts',(0.468570249399829,0.598425196850394,-10.0982084577135));
#9799=CARTESIAN_POINT('Ctrl Pts',(0.481505087971018,0.62992125984252,-10.0989358452685));
#9800=CARTESIAN_POINT('Ctrl Pts',(0.481505087971018,0.598425196850394,-10.0989358452685));
#9801=CARTESIAN_POINT('Ctrl Pts',(0.488252137364825,0.62992125984252,-10.0993152639783));
#9802=CARTESIAN_POINT('Ctrl Pts',(0.488252137364825,0.598425196850394,-10.0993152639783));
#9803=CARTESIAN_POINT('',(0.452512399949938,0.598425196850394,-10.0878356304756));
#9804=CARTESIAN_POINT('',(0.452512399949938,0.62992125984252,-10.0878356304756));
#9805=CARTESIAN_POINT('Ctrl Pts',(0.452512399949938,0.598425196850394,-10.0878356304756));
#9806=CARTESIAN_POINT('Ctrl Pts',(0.45770847385487,0.598425196850394,-10.0911921183477));
#9807=CARTESIAN_POINT('Ctrl Pts',(0.468570249399829,0.598425196850394,-10.0982084577135));
#9808=CARTESIAN_POINT('Ctrl Pts',(0.481505087971018,0.598425196850394,-10.0989358452685));
#9809=CARTESIAN_POINT('Ctrl Pts',(0.488252137364825,0.598425196850394,-10.0993152639783));
#9810=CARTESIAN_POINT('Ctrl Pts',(0.431099573503198,0.62992125984252,-10.05497854921));
#9811=CARTESIAN_POINT('Ctrl Pts',(0.431099573503198,0.598425196850394,-10.05497854921));
#9812=CARTESIAN_POINT('Ctrl Pts',(0.433668656770361,0.62992125984252,-10.0615582005253));
#9813=CARTESIAN_POINT('Ctrl Pts',(0.433668656770361,0.598425196850394,-10.0615582005253));
#9814=CARTESIAN_POINT('Ctrl Pts',(0.438533539899312,0.62992125984252,-10.0740175999879));
#9815=CARTESIAN_POINT('Ctrl Pts',(0.438533539899312,0.598425196850394,-10.0740175999879));
#9816=CARTESIAN_POINT('Ctrl Pts',(0.448030611688443,0.62992125984252,-10.0834054060787));
#9817=CARTESIAN_POINT('Ctrl Pts',(0.448030611688443,0.598425196850394,-10.0834054060787));
#9818=CARTESIAN_POINT('Ctrl Pts',(0.452512399949938,0.62992125984252,-10.0878356304756));
#9819=CARTESIAN_POINT('Ctrl Pts',(0.452512399949938,0.598425196850394,-10.0878356304756));
#9820=CARTESIAN_POINT('',(0.431099573503198,0.598425196850394,-10.05497854921));
#9821=CARTESIAN_POINT('',(0.431099573503198,0.62992125984252,-10.05497854921));
#9822=CARTESIAN_POINT('Ctrl Pts',(0.431099573503198,0.598425196850394,-10.05497854921));
#9823=CARTESIAN_POINT('Ctrl Pts',(0.433668656770361,0.598425196850394,-10.0615582005253));
#9824=CARTESIAN_POINT('Ctrl Pts',(0.438533539899312,0.598425196850394,-10.0740175999879));
#9825=CARTESIAN_POINT('Ctrl Pts',(0.448030611688443,0.598425196850394,-10.0834054060787));
#9826=CARTESIAN_POINT('Ctrl Pts',(0.452512399949938,0.598425196850394,-10.0878356304756));
#9827=CARTESIAN_POINT('Ctrl Pts',(0.42387572391292,0.62992125984252,-9.99886435195589));
#9828=CARTESIAN_POINT('Ctrl Pts',(0.42387572391292,0.598425196850394,-9.99886435195589));
#9829=CARTESIAN_POINT('Ctrl Pts',(0.424035283687391,0.62992125984252,-10.0094216338584));
#9830=CARTESIAN_POINT('Ctrl Pts',(0.424035283687391,0.598425196850394,-10.0094216338584));
#9831=CARTESIAN_POINT('Ctrl Pts',(0.424322394031793,0.62992125984252,-10.0284183067545));
#9832=CARTESIAN_POINT('Ctrl Pts',(0.424322394031793,0.598425196850394,-10.0284183067545));
#9833=CARTESIAN_POINT('Ctrl Pts',(0.429014898834753,0.62992125984252,-10.0468085627328));
#9834=CARTESIAN_POINT('Ctrl Pts',(0.429014898834753,0.598425196850394,-10.0468085627328));
#9835=CARTESIAN_POINT('Ctrl Pts',(0.431099573503198,0.62992125984252,-10.05497854921));
#9836=CARTESIAN_POINT('Ctrl Pts',(0.431099573503198,0.598425196850394,-10.05497854921));
#9837=CARTESIAN_POINT('',(0.42387572391292,0.598425196850394,-9.99886435195589));
#9838=CARTESIAN_POINT('',(0.42387572391292,0.62992125984252,-9.99886435195589));
#9839=CARTESIAN_POINT('Ctrl Pts',(0.42387572391292,0.598425196850394,-9.99886435195589));
#9840=CARTESIAN_POINT('Ctrl Pts',(0.424035283687391,0.598425196850394,-10.0094216338584));
#9841=CARTESIAN_POINT('Ctrl Pts',(0.424322394031793,0.598425196850394,-10.0284183067545));
#9842=CARTESIAN_POINT('Ctrl Pts',(0.429014898834753,0.598425196850394,-10.0468085627328));
#9843=CARTESIAN_POINT('Ctrl Pts',(0.431099573503198,0.598425196850394,-10.05497854921));
#9844=CARTESIAN_POINT('Ctrl Pts',(0.443193102338542,0.62992125984252,-9.91879811560541));
#9845=CARTESIAN_POINT('Ctrl Pts',(0.443193102338542,0.598425196850394,-9.91879811560541));
#9846=CARTESIAN_POINT('Ctrl Pts',(0.437566323266635,0.62992125984252,-9.9293634793027));
#9847=CARTESIAN_POINT('Ctrl Pts',(0.437566323266635,0.598425196850394,-9.9293634793027));
#9848=CARTESIAN_POINT('Ctrl Pts',(0.424321696760813,0.62992125984252,-9.95423282183074));
#9849=CARTESIAN_POINT('Ctrl Pts',(0.424321696760813,0.598425196850394,-9.95423282183074));
#9850=CARTESIAN_POINT('Ctrl Pts',(0.4240385690829,0.62992125984252,-9.98256733041292));
#9851=CARTESIAN_POINT('Ctrl Pts',(0.4240385690829,0.598425196850394,-9.98256733041292));
#9852=CARTESIAN_POINT('Ctrl Pts',(0.42387572391292,0.62992125984252,-9.99886435195589));
#9853=CARTESIAN_POINT('Ctrl Pts',(0.42387572391292,0.598425196850394,-9.99886435195589));
#9854=CARTESIAN_POINT('Ctrl Pts',(0.443193102338542,0.598425196850394,-9.91879811560541));
#9855=CARTESIAN_POINT('Ctrl Pts',(0.437566323266635,0.598425196850394,-9.9293634793027));
#9856=CARTESIAN_POINT('Ctrl Pts',(0.424321696760813,0.598425196850394,-9.95423282183074));
#9857=CARTESIAN_POINT('Ctrl Pts',(0.4240385690829,0.598425196850394,-9.98256733041292));
#9858=CARTESIAN_POINT('Ctrl Pts',(0.42387572391292,0.598425196850394,-9.99886435195589));
#9859=CARTESIAN_POINT('Origin',(0.420881035473328,0.598425196850394,-9.99894417939454));
#9860=CARTESIAN_POINT('Ctrl Pts',(0.420315839614027,0.62992125984252,-7.9980654754287));
#9861=CARTESIAN_POINT('Ctrl Pts',(0.420315839614027,0.598425196850394,-7.9980654754287));
#9862=CARTESIAN_POINT('Ctrl Pts',(0.41490797664339,0.62992125984252,-7.99764207904898));
#9863=CARTESIAN_POINT('Ctrl Pts',(0.41490797664339,0.598425196850394,-7.99764207904898));
#9864=CARTESIAN_POINT('Ctrl Pts',(0.404291316381525,0.62992125984252,-7.99681087168592));
#9865=CARTESIAN_POINT('Ctrl Pts',(0.404291316381525,0.598425196850394,-7.99681087168592));
#9866=CARTESIAN_POINT('Ctrl Pts',(0.396019992231393,0.62992125984252,-7.99012201941578));
#9867=CARTESIAN_POINT('Ctrl Pts',(0.396019992231393,0.598425196850394,-7.99012201941578));
#9868=CARTESIAN_POINT('Ctrl Pts',(0.391961875105536,0.62992125984252,-7.98684030231014));
#9869=CARTESIAN_POINT('Ctrl Pts',(0.391961875105536,0.598425196850394,-7.98684030231014));
#9870=CARTESIAN_POINT('',(0.420315839614027,0.62992125984252,-7.9980654754287));
#9871=CARTESIAN_POINT('',(0.391961875105536,0.62992125984252,-7.98684030231014));
#9872=CARTESIAN_POINT('Ctrl Pts',(0.420315839614027,0.62992125984252,-7.9980654754287));
#9873=CARTESIAN_POINT('Ctrl Pts',(0.41490797664339,0.62992125984252,-7.99764207904898));
#9874=CARTESIAN_POINT('Ctrl Pts',(0.404291316381525,0.62992125984252,-7.99681087168592));
#9875=CARTESIAN_POINT('Ctrl Pts',(0.396019992231393,0.62992125984252,-7.99012201941578));
#9876=CARTESIAN_POINT('Ctrl Pts',(0.391961875105536,0.62992125984252,-7.98684030231014));
#9877=CARTESIAN_POINT('',(0.420315839614027,0.598425196850394,-7.9980654754287));
#9878=CARTESIAN_POINT('',(0.420315839614027,0.62992125984252,-7.9980654754287));
#9879=CARTESIAN_POINT('',(0.391961875105536,0.598425196850394,-7.98684030231014));
#9880=CARTESIAN_POINT('Ctrl Pts',(0.420315839614027,0.598425196850394,-7.9980654754287));
#9881=CARTESIAN_POINT('Ctrl Pts',(0.41490797664339,0.598425196850394,-7.99764207904898));
#9882=CARTESIAN_POINT('Ctrl Pts',(0.404291316381525,0.598425196850394,-7.99681087168592));
#9883=CARTESIAN_POINT('Ctrl Pts',(0.396019992231393,0.598425196850394,-7.99012201941578));
#9884=CARTESIAN_POINT('Ctrl Pts',(0.391961875105536,0.598425196850394,-7.98684030231014));
#9885=CARTESIAN_POINT('',(0.391961875105536,0.62992125984252,-7.98684030231014));
#9886=CARTESIAN_POINT('Ctrl Pts',(0.449297873752744,0.62992125984252,-7.9865965587296));
#9887=CARTESIAN_POINT('Ctrl Pts',(0.449297873752744,0.598425196850394,-7.9865965587296));
#9888=CARTESIAN_POINT('Ctrl Pts',(0.445151891449287,0.62992125984252,-7.98993306082455));
#9889=CARTESIAN_POINT('Ctrl Pts',(0.445151891449287,0.598425196850394,-7.98993306082455));
#9890=CARTESIAN_POINT('Ctrl Pts',(0.436688158919129,0.62992125984252,-7.99674429619678));
#9891=CARTESIAN_POINT('Ctrl Pts',(0.436688158919129,0.598425196850394,-7.99674429619678));
#9892=CARTESIAN_POINT('Ctrl Pts',(0.425846620880644,0.62992125984252,-7.99761916399233));
#9893=CARTESIAN_POINT('Ctrl Pts',(0.425846620880644,0.598425196850394,-7.99761916399233));
#9894=CARTESIAN_POINT('Ctrl Pts',(0.420315839614027,0.62992125984252,-7.9980654754287));
#9895=CARTESIAN_POINT('Ctrl Pts',(0.420315839614027,0.598425196850394,-7.9980654754287));
#9896=CARTESIAN_POINT('',(0.449297873752744,0.62992125984252,-7.9865965587296));
#9897=CARTESIAN_POINT('Ctrl Pts',(0.449297873752744,0.62992125984252,-7.9865965587296));
#9898=CARTESIAN_POINT('Ctrl Pts',(0.445151891449287,0.62992125984252,-7.98993306082455));
#9899=CARTESIAN_POINT('Ctrl Pts',(0.436688158919129,0.62992125984252,-7.99674429619678));
#9900=CARTESIAN_POINT('Ctrl Pts',(0.425846620880644,0.62992125984252,-7.99761916399233));
#9901=CARTESIAN_POINT('Ctrl Pts',(0.420315839614027,0.62992125984252,-7.9980654754287));
#9902=CARTESIAN_POINT('',(0.449297873752744,0.598425196850394,-7.9865965587296));
#9903=CARTESIAN_POINT('',(0.449297873752744,0.62992125984252,-7.9865965587296));
#9904=CARTESIAN_POINT('Ctrl Pts',(0.449297873752744,0.598425196850394,-7.9865965587296));
#9905=CARTESIAN_POINT('Ctrl Pts',(0.445151891449287,0.598425196850394,-7.98993306082455));
#9906=CARTESIAN_POINT('Ctrl Pts',(0.436688158919129,0.598425196850394,-7.99674429619678));
#9907=CARTESIAN_POINT('Ctrl Pts',(0.425846620880644,0.598425196850394,-7.99761916399233));
#9908=CARTESIAN_POINT('Ctrl Pts',(0.420315839614027,0.598425196850394,-7.9980654754287));
#9909=CARTESIAN_POINT('Ctrl Pts',(0.460924868252416,0.62992125984252,-7.95770470373714));
#9910=CARTESIAN_POINT('Ctrl Pts',(0.460924868252416,0.598425196850394,-7.95770470373714));
#9911=CARTESIAN_POINT('Ctrl Pts',(0.460486217077938,0.62992125984252,-7.96323526690195));
#9912=CARTESIAN_POINT('Ctrl Pts',(0.460486217077938,0.598425196850394,-7.96323526690195));
#9913=CARTESIAN_POINT('Ctrl Pts',(0.459625058529166,0.62992125984252,-7.9740928503897));
#9914=CARTESIAN_POINT('Ctrl Pts',(0.459625058529166,0.598425196850394,-7.9740928503897));
#9915=CARTESIAN_POINT('Ctrl Pts',(0.452696975999928,0.62992125984252,-7.98248107285069));
#9916=CARTESIAN_POINT('Ctrl Pts',(0.452696975999928,0.598425196850394,-7.98248107285069));
#9917=CARTESIAN_POINT('Ctrl Pts',(0.449297873752744,0.62992125984252,-7.9865965587296));
#9918=CARTESIAN_POINT('Ctrl Pts',(0.449297873752744,0.598425196850394,-7.9865965587296));
#9919=CARTESIAN_POINT('',(0.460924868252416,0.62992125984252,-7.95770470373714));
#9920=CARTESIAN_POINT('Ctrl Pts',(0.460924868252416,0.62992125984252,-7.95770470373714));
#9921=CARTESIAN_POINT('Ctrl Pts',(0.460486217077938,0.62992125984252,-7.96323526690195));
#9922=CARTESIAN_POINT('Ctrl Pts',(0.459625058529166,0.62992125984252,-7.9740928503897));
#9923=CARTESIAN_POINT('Ctrl Pts',(0.452696975999928,0.62992125984252,-7.98248107285069));
#9924=CARTESIAN_POINT('Ctrl Pts',(0.449297873752744,0.62992125984252,-7.9865965587296));
#9925=CARTESIAN_POINT('',(0.460924868252416,0.598425196850394,-7.95770470373714));
#9926=CARTESIAN_POINT('',(0.460924868252416,0.62992125984252,-7.95770470373714));
#9927=CARTESIAN_POINT('Ctrl Pts',(0.460924868252416,0.598425196850394,-7.95770470373714));
#9928=CARTESIAN_POINT('Ctrl Pts',(0.460486217077938,0.598425196850394,-7.96323526690195));
#9929=CARTESIAN_POINT('Ctrl Pts',(0.459625058529166,0.598425196850394,-7.9740928503897));
#9930=CARTESIAN_POINT('Ctrl Pts',(0.452696975999928,0.598425196850394,-7.98248107285069));
#9931=CARTESIAN_POINT('Ctrl Pts',(0.449297873752744,0.598425196850394,-7.9865965587296));
#9932=CARTESIAN_POINT('Ctrl Pts',(0.449591507885079,0.62992125984252,-7.92939380905551));
#9933=CARTESIAN_POINT('Ctrl Pts',(0.449591507885079,0.598425196850394,-7.92939380905551));
#9934=CARTESIAN_POINT('Ctrl Pts',(0.452888517443345,0.62992125984252,-7.93341657462857));
#9935=CARTESIAN_POINT('Ctrl Pts',(0.452888517443345,0.598425196850394,-7.93341657462857));
#9936=CARTESIAN_POINT('Ctrl Pts',(0.459635416302378,0.62992125984252,-7.94164863825331));
#9937=CARTESIAN_POINT('Ctrl Pts',(0.459635416302378,0.598425196850394,-7.94164863825331));
#9938=CARTESIAN_POINT('Ctrl Pts',(0.460488606714315,0.62992125984252,-7.95227243941459));
#9939=CARTESIAN_POINT('Ctrl Pts',(0.460488606714315,0.598425196850394,-7.95227243941459));
#9940=CARTESIAN_POINT('Ctrl Pts',(0.460924868252416,0.62992125984252,-7.95770470373714));
#9941=CARTESIAN_POINT('Ctrl Pts',(0.460924868252416,0.598425196850394,-7.95770470373714));
#9942=CARTESIAN_POINT('',(0.449591507885079,0.62992125984252,-7.92939380905551));
#9943=CARTESIAN_POINT('Ctrl Pts',(0.449591507885079,0.62992125984252,-7.92939380905551));
#9944=CARTESIAN_POINT('Ctrl Pts',(0.452888517443345,0.62992125984252,-7.93341657462857));
#9945=CARTESIAN_POINT('Ctrl Pts',(0.459635416302378,0.62992125984252,-7.94164863825331));
#9946=CARTESIAN_POINT('Ctrl Pts',(0.460488606714315,0.62992125984252,-7.95227243941459));
#9947=CARTESIAN_POINT('Ctrl Pts',(0.460924868252416,0.62992125984252,-7.95770470373714));
#9948=CARTESIAN_POINT('',(0.449591507885079,0.598425196850394,-7.92939380905551));
#9949=CARTESIAN_POINT('',(0.449591507885079,0.62992125984252,-7.92939380905551));
#9950=CARTESIAN_POINT('Ctrl Pts',(0.449591507885079,0.598425196850394,-7.92939380905551));
#9951=CARTESIAN_POINT('Ctrl Pts',(0.452888517443345,0.598425196850394,-7.93341657462857));
#9952=CARTESIAN_POINT('Ctrl Pts',(0.459635416302378,0.598425196850394,-7.94164863825331));
#9953=CARTESIAN_POINT('Ctrl Pts',(0.460488606714315,0.598425196850394,-7.95227243941459));
#9954=CARTESIAN_POINT('Ctrl Pts',(0.460924868252416,0.598425196850394,-7.95770470373714));
#9955=CARTESIAN_POINT('Ctrl Pts',(0.420969227331885,0.62992125984252,-7.91830342317898));
#9956=CARTESIAN_POINT('Ctrl Pts',(0.420969227331885,0.598425196850394,-7.91830342317898));
#9957=CARTESIAN_POINT('Ctrl Pts',(0.426442947761206,0.62992125984252,-7.91870960753467));
#9958=CARTESIAN_POINT('Ctrl Pts',(0.426442947761206,0.598425196850394,-7.91870960753467));
#9959=CARTESIAN_POINT('Ctrl Pts',(0.437125936350123,0.62992125984252,-7.9195023522305));
#9960=CARTESIAN_POINT('Ctrl Pts',(0.437125936350123,0.598425196850394,-7.9195023522305));
#9961=CARTESIAN_POINT('Ctrl Pts',(0.445505461081545,0.62992125984252,-7.92615152245607));
#9962=CARTESIAN_POINT('Ctrl Pts',(0.445505461081545,0.598425196850394,-7.92615152245607));
#9963=CARTESIAN_POINT('Ctrl Pts',(0.449591507885079,0.62992125984252,-7.92939380905551));
#9964=CARTESIAN_POINT('Ctrl Pts',(0.449591507885079,0.598425196850394,-7.92939380905551));
#9965=CARTESIAN_POINT('',(0.420969227331885,0.62992125984252,-7.91830342317898));
#9966=CARTESIAN_POINT('Ctrl Pts',(0.420969227331885,0.62992125984252,-7.91830342317898));
#9967=CARTESIAN_POINT('Ctrl Pts',(0.426442947761206,0.62992125984252,-7.91870960753467));
#9968=CARTESIAN_POINT('Ctrl Pts',(0.437125936350123,0.62992125984252,-7.9195023522305));
#9969=CARTESIAN_POINT('Ctrl Pts',(0.445505461081545,0.62992125984252,-7.92615152245607));
#9970=CARTESIAN_POINT('Ctrl Pts',(0.449591507885079,0.62992125984252,-7.92939380905551));
#9971=CARTESIAN_POINT('',(0.420969227331885,0.598425196850394,-7.91830342317898));
#9972=CARTESIAN_POINT('',(0.420969227331885,0.62992125984252,-7.91830342317898));
#9973=CARTESIAN_POINT('Ctrl Pts',(0.420969227331885,0.598425196850394,-7.91830342317898));
#9974=CARTESIAN_POINT('Ctrl Pts',(0.426442947761206,0.598425196850394,-7.91870960753467));
#9975=CARTESIAN_POINT('Ctrl Pts',(0.437125936350123,0.598425196850394,-7.9195023522305));
#9976=CARTESIAN_POINT('Ctrl Pts',(0.445505461081545,0.598425196850394,-7.92615152245607));
#9977=CARTESIAN_POINT('Ctrl Pts',(0.449591507885079,0.598425196850394,-7.92939380905551));
#9978=CARTESIAN_POINT('Ctrl Pts',(0.400166283777103,0.62992125984252,-7.92357995846522));
#9979=CARTESIAN_POINT('Ctrl Pts',(0.400166283777103,0.598425196850394,-7.92357995846522));
#9980=CARTESIAN_POINT('Ctrl Pts',(0.403454102144457,0.62992125984252,-7.92204628747051));
#9981=CARTESIAN_POINT('Ctrl Pts',(0.403454102144457,0.598425196850394,-7.92204628747051));
#9982=CARTESIAN_POINT('Ctrl Pts',(0.410053126770954,0.62992125984252,-7.91896803571443));
#9983=CARTESIAN_POINT('Ctrl Pts',(0.410053126770954,0.598425196850394,-7.91896803571443));
#9984=CARTESIAN_POINT('Ctrl Pts',(0.417321939905397,0.62992125984252,-7.91852548351366));
#9985=CARTESIAN_POINT('Ctrl Pts',(0.417321939905397,0.598425196850394,-7.91852548351366));
#9986=CARTESIAN_POINT('Ctrl Pts',(0.420969227331885,0.62992125984252,-7.91830342317898));
#9987=CARTESIAN_POINT('Ctrl Pts',(0.420969227331885,0.598425196850394,-7.91830342317898));
#9988=CARTESIAN_POINT('',(0.400166283777103,0.62992125984252,-7.92357995846522));
#9989=CARTESIAN_POINT('Ctrl Pts',(0.400166283777103,0.62992125984252,-7.92357995846522));
#9990=CARTESIAN_POINT('Ctrl Pts',(0.403454102144457,0.62992125984252,-7.92204628747051));
#9991=CARTESIAN_POINT('Ctrl Pts',(0.410053126770954,0.62992125984252,-7.91896803571443));
#9992=CARTESIAN_POINT('Ctrl Pts',(0.417321939905397,0.62992125984252,-7.91852548351366));
#9993=CARTESIAN_POINT('Ctrl Pts',(0.420969227331885,0.62992125984252,-7.91830342317898));
#9994=CARTESIAN_POINT('',(0.400166283777103,0.598425196850394,-7.92357995846522));
#9995=CARTESIAN_POINT('',(0.400166283777103,0.62992125984252,-7.92357995846522));
#9996=CARTESIAN_POINT('Ctrl Pts',(0.400166283777103,0.598425196850394,-7.92357995846522));
#9997=CARTESIAN_POINT('Ctrl Pts',(0.403454102144457,0.598425196850394,-7.92204628747051));
#9998=CARTESIAN_POINT('Ctrl Pts',(0.410053126770954,0.598425196850394,-7.91896803571443));
#9999=CARTESIAN_POINT('Ctrl Pts',(0.417321939905397,0.598425196850394,-7.91852548351366));
#10000=CARTESIAN_POINT('Ctrl Pts',(0.420969227331885,0.598425196850394,
-7.91830342317898));
#10001=CARTESIAN_POINT('Ctrl Pts',(0.385558821549707,0.62992125984252,-7.93864692487268));
#10002=CARTESIAN_POINT('Ctrl Pts',(0.385558821549707,0.598425196850394,
-7.93864692487268));
#10003=CARTESIAN_POINT('Ctrl Pts',(0.387412290486044,0.62992125984252,-7.93559566964618));
#10004=CARTESIAN_POINT('Ctrl Pts',(0.387412290486044,0.598425196850394,
-7.93559566964618));
#10005=CARTESIAN_POINT('Ctrl Pts',(0.391136442315534,0.62992125984252,-7.92946482088404));
#10006=CARTESIAN_POINT('Ctrl Pts',(0.391136442315534,0.598425196850394,
-7.92946482088404));
#10007=CARTESIAN_POINT('Ctrl Pts',(0.397147075741935,0.62992125984252,-7.92554761470552));
#10008=CARTESIAN_POINT('Ctrl Pts',(0.397147075741935,0.598425196850394,
-7.92554761470552));
#10009=CARTESIAN_POINT('Ctrl Pts',(0.400166283777103,0.62992125984252,-7.92357995846522));
#10010=CARTESIAN_POINT('Ctrl Pts',(0.400166283777103,0.598425196850394,
-7.92357995846522));
#10011=CARTESIAN_POINT('',(0.385558821549707,0.62992125984252,-7.93864692487268));
#10012=CARTESIAN_POINT('Ctrl Pts',(0.385558821549707,0.62992125984252,-7.93864692487268));
#10013=CARTESIAN_POINT('Ctrl Pts',(0.387412290486044,0.62992125984252,-7.93559566964618));
#10014=CARTESIAN_POINT('Ctrl Pts',(0.391136442315534,0.62992125984252,-7.92946482088404));
#10015=CARTESIAN_POINT('Ctrl Pts',(0.397147075741935,0.62992125984252,-7.92554761470552));
#10016=CARTESIAN_POINT('Ctrl Pts',(0.400166283777103,0.62992125984252,-7.92357995846522));
#10017=CARTESIAN_POINT('',(0.385558821549707,0.598425196850394,-7.93864692487268));
#10018=CARTESIAN_POINT('',(0.385558821549707,0.62992125984252,-7.93864692487268));
#10019=CARTESIAN_POINT('Ctrl Pts',(0.385558821549707,0.598425196850394,
-7.93864692487268));
#10020=CARTESIAN_POINT('Ctrl Pts',(0.387412290486044,0.598425196850394,
-7.93559566964618));
#10021=CARTESIAN_POINT('Ctrl Pts',(0.391136442315534,0.598425196850394,
-7.92946482088404));
#10022=CARTESIAN_POINT('Ctrl Pts',(0.397147075741935,0.598425196850394,
-7.92554761470552));
#10023=CARTESIAN_POINT('Ctrl Pts',(0.400166283777103,0.598425196850394,
-7.92357995846522));
#10024=CARTESIAN_POINT('Ctrl Pts',(0.380763045572199,0.62992125984252,-7.95866342573608));
#10025=CARTESIAN_POINT('Ctrl Pts',(0.380763045572199,0.598425196850394,
-7.95866342573608));
#10026=CARTESIAN_POINT('Ctrl Pts',(0.38096705600987,0.62992125984252,-7.95522635240036));
#10027=CARTESIAN_POINT('Ctrl Pts',(0.38096705600987,0.598425196850394,-7.95522635240036));
#10028=CARTESIAN_POINT('Ctrl Pts',(0.381379850094343,0.62992125984252,-7.94827178891294));
#10029=CARTESIAN_POINT('Ctrl Pts',(0.381379850094343,0.598425196850394,
-7.94827178891294));
#10030=CARTESIAN_POINT('Ctrl Pts',(0.384155134035772,0.62992125984252,-7.94187984991678));
#10031=CARTESIAN_POINT('Ctrl Pts',(0.384155134035772,0.598425196850394,
-7.94187984991678));
#10032=CARTESIAN_POINT('Ctrl Pts',(0.385558821549707,0.62992125984252,-7.93864692487268));
#10033=CARTESIAN_POINT('Ctrl Pts',(0.385558821549707,0.598425196850394,
-7.93864692487268));
#10034=CARTESIAN_POINT('',(0.380763045572199,0.62992125984252,-7.95866342573608));
#10035=CARTESIAN_POINT('Ctrl Pts',(0.380763045572199,0.62992125984252,-7.95866342573608));
#10036=CARTESIAN_POINT('Ctrl Pts',(0.38096705600987,0.62992125984252,-7.95522635240036));
#10037=CARTESIAN_POINT('Ctrl Pts',(0.381379850094343,0.62992125984252,-7.94827178891294));
#10038=CARTESIAN_POINT('Ctrl Pts',(0.384155134035772,0.62992125984252,-7.94187984991678));
#10039=CARTESIAN_POINT('Ctrl Pts',(0.385558821549707,0.62992125984252,-7.93864692487268));
#10040=CARTESIAN_POINT('',(0.380763045572199,0.598425196850394,-7.95866342573608));
#10041=CARTESIAN_POINT('',(0.380763045572199,0.62992125984252,-7.95866342573608));
#10042=CARTESIAN_POINT('Ctrl Pts',(0.380763045572199,0.598425196850394,
-7.95866342573608));
#10043=CARTESIAN_POINT('Ctrl Pts',(0.38096705600987,0.598425196850394,-7.95522635240036));
#10044=CARTESIAN_POINT('Ctrl Pts',(0.381379850094343,0.598425196850394,
-7.94827178891294));
#10045=CARTESIAN_POINT('Ctrl Pts',(0.384155134035772,0.598425196850394,
-7.94187984991678));
#10046=CARTESIAN_POINT('Ctrl Pts',(0.385558821549707,0.598425196850394,
-7.93864692487268));
#10047=CARTESIAN_POINT('Ctrl Pts',(0.391961875105536,0.62992125984252,-7.98684030231014));
#10048=CARTESIAN_POINT('Ctrl Pts',(0.391961875105536,0.598425196850394,
-7.98684030231014));
#10049=CARTESIAN_POINT('Ctrl Pts',(0.388703834861925,0.62992125984252,-7.98280220654561));
#10050=CARTESIAN_POINT('Ctrl Pts',(0.388703834861925,0.598425196850394,
-7.98280220654561));
#10051=CARTESIAN_POINT('Ctrl Pts',(0.382067161289964,0.62992125984252,-7.97457654896077));
#10052=CARTESIAN_POINT('Ctrl Pts',(0.382067161289964,0.598425196850394,
-7.97457654896077));
#10053=CARTESIAN_POINT('Ctrl Pts',(0.381202985044041,0.62992125984252,-7.96403166946742));
#10054=CARTESIAN_POINT('Ctrl Pts',(0.381202985044041,0.598425196850394,
-7.96403166946742));
#10055=CARTESIAN_POINT('Ctrl Pts',(0.380763045572199,0.62992125984252,-7.95866342573608));
#10056=CARTESIAN_POINT('Ctrl Pts',(0.380763045572199,0.598425196850394,
-7.95866342573608));
#10057=CARTESIAN_POINT('Ctrl Pts',(0.391961875105536,0.62992125984252,-7.98684030231014));
#10058=CARTESIAN_POINT('Ctrl Pts',(0.388703834861925,0.62992125984252,-7.98280220654561));
#10059=CARTESIAN_POINT('Ctrl Pts',(0.382067161289964,0.62992125984252,-7.97457654896077));
#10060=CARTESIAN_POINT('Ctrl Pts',(0.381202985044041,0.62992125984252,-7.96403166946742));
#10061=CARTESIAN_POINT('Ctrl Pts',(0.380763045572199,0.62992125984252,-7.95866342573608));
#10062=CARTESIAN_POINT('Ctrl Pts',(0.391961875105536,0.598425196850394,
-7.98684030231014));
#10063=CARTESIAN_POINT('Ctrl Pts',(0.388703834861925,0.598425196850394,
-7.98280220654561));
#10064=CARTESIAN_POINT('Ctrl Pts',(0.382067161289964,0.598425196850394,
-7.97457654896077));
#10065=CARTESIAN_POINT('Ctrl Pts',(0.381202985044041,0.598425196850394,
-7.96403166946742));
#10066=CARTESIAN_POINT('Ctrl Pts',(0.380763045572199,0.598425196850394,
-7.95866342573608));
#10067=CARTESIAN_POINT('Ctrl Pts',(0.420874301877346,0.62992125984252,-8.07957083537275));
#10068=CARTESIAN_POINT('Ctrl Pts',(0.420874301877346,0.598425196850394,
-8.07957083537275));
#10069=CARTESIAN_POINT('Ctrl Pts',(0.416496655515366,0.62992125984252,-8.07924555767005));
#10070=CARTESIAN_POINT('Ctrl Pts',(0.416496655515366,0.598425196850394,
-8.07924555767005));
#10071=CARTESIAN_POINT('Ctrl Pts',(0.407940628721938,0.62992125984252,-8.07860980856893));
#10072=CARTESIAN_POINT('Ctrl Pts',(0.407940628721938,0.598425196850394,
-8.07860980856893));
#10073=CARTESIAN_POINT('Ctrl Pts',(0.401191818160038,0.62992125984252,-8.07333054901225));
#10074=CARTESIAN_POINT('Ctrl Pts',(0.401191818160038,0.598425196850394,
-8.07333054901225));
#10075=CARTESIAN_POINT('Ctrl Pts',(0.397896001226757,0.62992125984252,-8.07075239499792));
#10076=CARTESIAN_POINT('Ctrl Pts',(0.397896001226757,0.598425196850394,
-8.07075239499792));
#10077=CARTESIAN_POINT('',(0.420874301877346,0.62992125984252,-8.07957083537275));
#10078=CARTESIAN_POINT('',(0.397896001226757,0.62992125984252,-8.07075239499792));
#10079=CARTESIAN_POINT('Ctrl Pts',(0.420874301877346,0.62992125984252,-8.07957083537275));
#10080=CARTESIAN_POINT('Ctrl Pts',(0.416496655515366,0.62992125984252,-8.07924555767005));
#10081=CARTESIAN_POINT('Ctrl Pts',(0.407940628721938,0.62992125984252,-8.07860980856893));
#10082=CARTESIAN_POINT('Ctrl Pts',(0.401191818160038,0.62992125984252,-8.07333054901225));
#10083=CARTESIAN_POINT('Ctrl Pts',(0.397896001226757,0.62992125984252,-8.07075239499792));
#10084=CARTESIAN_POINT('',(0.420874301877346,0.598425196850394,-8.07957083537275));
#10085=CARTESIAN_POINT('',(0.420874301877346,0.62992125984252,-8.07957083537275));
#10086=CARTESIAN_POINT('',(0.397896001226757,0.598425196850394,-8.07075239499792));
#10087=CARTESIAN_POINT('Ctrl Pts',(0.420874301877346,0.598425196850394,
-8.07957083537275));
#10088=CARTESIAN_POINT('Ctrl Pts',(0.416496655515366,0.598425196850394,
-8.07924555767005));
#10089=CARTESIAN_POINT('Ctrl Pts',(0.407940628721938,0.598425196850394,
-8.07860980856893));
#10090=CARTESIAN_POINT('Ctrl Pts',(0.401191818160038,0.598425196850394,
-8.07333054901225));
#10091=CARTESIAN_POINT('Ctrl Pts',(0.397896001226757,0.598425196850394,
-8.07075239499792));
#10092=CARTESIAN_POINT('',(0.397896001226757,0.62992125984252,-8.07075239499792));
#10093=CARTESIAN_POINT('Ctrl Pts',(0.443683951292546,0.62992125984252,-8.07039642454167));
#10094=CARTESIAN_POINT('Ctrl Pts',(0.443683951292546,0.598425196850394,
-8.07039642454167));
#10095=CARTESIAN_POINT('Ctrl Pts',(0.440418575500449,0.62992125984252,-8.0730656194241));
#10096=CARTESIAN_POINT('Ctrl Pts',(0.440418575500449,0.598425196850394,
-8.0730656194241));
#10097=CARTESIAN_POINT('Ctrl Pts',(0.433778041532105,0.62992125984252,-8.07849374788875));
#10098=CARTESIAN_POINT('Ctrl Pts',(0.433778041532105,0.598425196850394,
-8.07849374788875));
#10099=CARTESIAN_POINT('Ctrl Pts',(0.425222694556672,0.62992125984252,-8.07920787087907));
#10100=CARTESIAN_POINT('Ctrl Pts',(0.425222694556672,0.598425196850394,
-8.07920787087907));
#10101=CARTESIAN_POINT('Ctrl Pts',(0.420874301877346,0.62992125984252,-8.07957083537275));
#10102=CARTESIAN_POINT('Ctrl Pts',(0.420874301877346,0.598425196850394,
-8.07957083537275));
#10103=CARTESIAN_POINT('',(0.443683951292546,0.62992125984252,-8.07039642454167));
#10104=CARTESIAN_POINT('Ctrl Pts',(0.443683951292546,0.62992125984252,-8.07039642454167));
#10105=CARTESIAN_POINT('Ctrl Pts',(0.440418575500449,0.62992125984252,-8.0730656194241));
#10106=CARTESIAN_POINT('Ctrl Pts',(0.433778041532105,0.62992125984252,-8.07849374788875));
#10107=CARTESIAN_POINT('Ctrl Pts',(0.425222694556672,0.62992125984252,-8.07920787087907));
#10108=CARTESIAN_POINT('Ctrl Pts',(0.420874301877346,0.62992125984252,-8.07957083537275));
#10109=CARTESIAN_POINT('',(0.443683951292546,0.598425196850394,-8.07039642454167));
#10110=CARTESIAN_POINT('',(0.443683951292546,0.62992125984252,-8.07039642454167));
#10111=CARTESIAN_POINT('Ctrl Pts',(0.443683951292546,0.598425196850394,
-8.07039642454167));
#10112=CARTESIAN_POINT('Ctrl Pts',(0.440418575500449,0.598425196850394,
-8.0730656194241));
#10113=CARTESIAN_POINT('Ctrl Pts',(0.433778041532105,0.598425196850394,
-8.07849374788875));
#10114=CARTESIAN_POINT('Ctrl Pts',(0.425222694556672,0.598425196850394,
-8.07920787087907));
#10115=CARTESIAN_POINT('Ctrl Pts',(0.420874301877346,0.598425196850394,
-8.07957083537275));
#10116=CARTESIAN_POINT('Ctrl Pts',(0.452906496940681,0.62992125984252,-8.04808875062168));
#10117=CARTESIAN_POINT('Ctrl Pts',(0.452906496940681,0.598425196850394,
-8.04808875062168));
#10118=CARTESIAN_POINT('Ctrl Pts',(0.452541305346896,0.62992125984252,-8.05232910886505));
#10119=CARTESIAN_POINT('Ctrl Pts',(0.452541305346896,0.598425196850394,
-8.05232910886505));
#10120=CARTESIAN_POINT('Ctrl Pts',(0.451816834224681,0.62992125984252,-8.06074117844017));
#10121=CARTESIAN_POINT('Ctrl Pts',(0.451816834224681,0.598425196850394,
-8.06074117844017));
#10122=CARTESIAN_POINT('Ctrl Pts',(0.446380123463603,0.62992125984252,-8.06719556624077));
#10123=CARTESIAN_POINT('Ctrl Pts',(0.446380123463603,0.598425196850394,
-8.06719556624077));
#10124=CARTESIAN_POINT('Ctrl Pts',(0.443683951292546,0.62992125984252,-8.07039642454167));
#10125=CARTESIAN_POINT('Ctrl Pts',(0.443683951292546,0.598425196850394,
-8.07039642454167));
#10126=CARTESIAN_POINT('',(0.452906496940681,0.62992125984252,-8.04808875062168));
#10127=CARTESIAN_POINT('Ctrl Pts',(0.452906496940681,0.62992125984252,-8.04808875062168));
#10128=CARTESIAN_POINT('Ctrl Pts',(0.452541305346896,0.62992125984252,-8.05232910886505));
#10129=CARTESIAN_POINT('Ctrl Pts',(0.451816834224681,0.62992125984252,-8.06074117844017));
#10130=CARTESIAN_POINT('Ctrl Pts',(0.446380123463603,0.62992125984252,-8.06719556624077));
#10131=CARTESIAN_POINT('Ctrl Pts',(0.443683951292546,0.62992125984252,-8.07039642454167));
#10132=CARTESIAN_POINT('',(0.452906496940681,0.598425196850394,-8.04808875062168));
#10133=CARTESIAN_POINT('',(0.452906496940681,0.62992125984252,-8.04808875062168));
#10134=CARTESIAN_POINT('Ctrl Pts',(0.452906496940681,0.598425196850394,
-8.04808875062168));
#10135=CARTESIAN_POINT('Ctrl Pts',(0.452541305346896,0.598425196850394,
-8.05232910886505));
#10136=CARTESIAN_POINT('Ctrl Pts',(0.451816834224681,0.598425196850394,
-8.06074117844017));
#10137=CARTESIAN_POINT('Ctrl Pts',(0.446380123463603,0.598425196850394,
-8.06719556624077));
#10138=CARTESIAN_POINT('Ctrl Pts',(0.443683951292546,0.598425196850394,
-8.07039642454167));
#10139=CARTESIAN_POINT('Ctrl Pts',(0.443868667894209,0.62992125984252,-8.02648733854669));
#10140=CARTESIAN_POINT('Ctrl Pts',(0.443868667894209,0.598425196850394,
-8.02648733854669));
#10141=CARTESIAN_POINT('Ctrl Pts',(0.446498609277568,0.62992125984252,-8.02960466884516));
#10142=CARTESIAN_POINT('Ctrl Pts',(0.446498609277568,0.598425196850394,
-8.02960466884516));
#10143=CARTESIAN_POINT('Ctrl Pts',(0.451773453275657,0.62992125984252,-8.03585706333538));
#10144=CARTESIAN_POINT('Ctrl Pts',(0.451773453275657,0.598425196850394,
-8.03585706333538));
#10145=CARTESIAN_POINT('Ctrl Pts',(0.452528102239596,0.62992125984252,-8.04400381921317));
#10146=CARTESIAN_POINT('Ctrl Pts',(0.452528102239596,0.598425196850394,
-8.04400381921317));
#10147=CARTESIAN_POINT('Ctrl Pts',(0.452906496940681,0.62992125984252,-8.04808875062168));
#10148=CARTESIAN_POINT('Ctrl Pts',(0.452906496940681,0.598425196850394,
-8.04808875062168));
#10149=CARTESIAN_POINT('',(0.443868667894209,0.62992125984252,-8.02648733854669));
#10150=CARTESIAN_POINT('Ctrl Pts',(0.443868667894209,0.62992125984252,-8.02648733854669));
#10151=CARTESIAN_POINT('Ctrl Pts',(0.446498609277568,0.62992125984252,-8.02960466884516));
#10152=CARTESIAN_POINT('Ctrl Pts',(0.451773453275657,0.62992125984252,-8.03585706333538));
#10153=CARTESIAN_POINT('Ctrl Pts',(0.452528102239596,0.62992125984252,-8.04400381921317));
#10154=CARTESIAN_POINT('Ctrl Pts',(0.452906496940681,0.62992125984252,-8.04808875062168));
#10155=CARTESIAN_POINT('',(0.443868667894209,0.598425196850394,-8.02648733854669));
#10156=CARTESIAN_POINT('',(0.443868667894209,0.62992125984252,-8.02648733854669));
#10157=CARTESIAN_POINT('Ctrl Pts',(0.443868667894209,0.598425196850394,
-8.02648733854669));
#10158=CARTESIAN_POINT('Ctrl Pts',(0.446498609277568,0.598425196850394,
-8.02960466884516));
#10159=CARTESIAN_POINT('Ctrl Pts',(0.451773453275657,0.598425196850394,
-8.03585706333538));
#10160=CARTESIAN_POINT('Ctrl Pts',(0.452528102239596,0.598425196850394,
-8.04400381921317));
#10161=CARTESIAN_POINT('Ctrl Pts',(0.452906496940681,0.598425196850394,
-8.04808875062168));
#10162=CARTESIAN_POINT('Ctrl Pts',(0.421024921543972,0.62992125984252,-8.01780291623463));
#10163=CARTESIAN_POINT('Ctrl Pts',(0.421024921543972,0.598425196850394,
-8.01780291623463));
#10164=CARTESIAN_POINT('Ctrl Pts',(0.42541635299648,0.62992125984252,-8.01810872183271));
#10165=CARTESIAN_POINT('Ctrl Pts',(0.42541635299648,0.598425196850394,-8.01810872183271));
#10166=CARTESIAN_POINT('Ctrl Pts',(0.433923702047983,0.62992125984252,-8.0187011471029));
#10167=CARTESIAN_POINT('Ctrl Pts',(0.433923702047983,0.598425196850394,
-8.0187011471029));
#10168=CARTESIAN_POINT('Ctrl Pts',(0.440626031809494,0.62992125984252,-8.02394858821527));
#10169=CARTESIAN_POINT('Ctrl Pts',(0.440626031809494,0.598425196850394,
-8.02394858821527));
#10170=CARTESIAN_POINT('Ctrl Pts',(0.443868667894209,0.62992125984252,-8.02648733854669));
#10171=CARTESIAN_POINT('Ctrl Pts',(0.443868667894209,0.598425196850394,
-8.02648733854669));
#10172=CARTESIAN_POINT('',(0.421024921543972,0.62992125984252,-8.01780291623463));
#10173=CARTESIAN_POINT('Ctrl Pts',(0.421024921543972,0.62992125984252,-8.01780291623463));
#10174=CARTESIAN_POINT('Ctrl Pts',(0.42541635299648,0.62992125984252,-8.01810872183271));
#10175=CARTESIAN_POINT('Ctrl Pts',(0.433923702047983,0.62992125984252,-8.0187011471029));
#10176=CARTESIAN_POINT('Ctrl Pts',(0.440626031809494,0.62992125984252,-8.02394858821527));
#10177=CARTESIAN_POINT('Ctrl Pts',(0.443868667894209,0.62992125984252,-8.02648733854669));
#10178=CARTESIAN_POINT('',(0.421024921543972,0.598425196850394,-8.01780291623463));
#10179=CARTESIAN_POINT('',(0.421024921543972,0.62992125984252,-8.01780291623463));
#10180=CARTESIAN_POINT('Ctrl Pts',(0.421024921543972,0.598425196850394,
-8.01780291623463));
#10181=CARTESIAN_POINT('Ctrl Pts',(0.42541635299648,0.598425196850394,-8.01810872183271));
#10182=CARTESIAN_POINT('Ctrl Pts',(0.433923702047983,0.598425196850394,
-8.0187011471029));
#10183=CARTESIAN_POINT('Ctrl Pts',(0.440626031809494,0.598425196850394,
-8.02394858821527));
#10184=CARTESIAN_POINT('Ctrl Pts',(0.443868667894209,0.598425196850394,
-8.02648733854669));
#10185=CARTESIAN_POINT('Ctrl Pts',(0.397677638052853,0.62992125984252,-8.02670980362181));
#10186=CARTESIAN_POINT('Ctrl Pts',(0.397677638052853,0.598425196850394,
-8.02670980362181));
#10187=CARTESIAN_POINT('Ctrl Pts',(0.400976327359061,0.62992125984252,-8.02411959607836));
#10188=CARTESIAN_POINT('Ctrl Pts',(0.400976327359061,0.598425196850394,
-8.02411959607836));
#10189=CARTESIAN_POINT('Ctrl Pts',(0.40782073228371,0.62992125984252,-8.01874521018732));
#10190=CARTESIAN_POINT('Ctrl Pts',(0.40782073228371,0.598425196850394,-8.01874521018732));
#10191=CARTESIAN_POINT('Ctrl Pts',(0.416518881417219,0.62992125984252,-8.0181244819346));
#10192=CARTESIAN_POINT('Ctrl Pts',(0.416518881417219,0.598425196850394,
-8.0181244819346));
#10193=CARTESIAN_POINT('Ctrl Pts',(0.421024921543972,0.62992125984252,-8.01780291623463));
#10194=CARTESIAN_POINT('Ctrl Pts',(0.421024921543972,0.598425196850394,
-8.01780291623463));
#10195=CARTESIAN_POINT('',(0.397677638052853,0.62992125984252,-8.02670980362181));
#10196=CARTESIAN_POINT('Ctrl Pts',(0.397677638052853,0.62992125984252,-8.02670980362181));
#10197=CARTESIAN_POINT('Ctrl Pts',(0.400976327359061,0.62992125984252,-8.02411959607836));
#10198=CARTESIAN_POINT('Ctrl Pts',(0.40782073228371,0.62992125984252,-8.01874521018732));
#10199=CARTESIAN_POINT('Ctrl Pts',(0.416518881417219,0.62992125984252,-8.0181244819346));
#10200=CARTESIAN_POINT('Ctrl Pts',(0.421024921543972,0.62992125984252,-8.01780291623463));
#10201=CARTESIAN_POINT('',(0.397677638052853,0.598425196850394,-8.02670980362181));
#10202=CARTESIAN_POINT('',(0.397677638052853,0.62992125984252,-8.02670980362181));
#10203=CARTESIAN_POINT('Ctrl Pts',(0.397677638052853,0.598425196850394,
-8.02670980362181));
#10204=CARTESIAN_POINT('Ctrl Pts',(0.400976327359061,0.598425196850394,
-8.02411959607836));
#10205=CARTESIAN_POINT('Ctrl Pts',(0.40782073228371,0.598425196850394,-8.01874521018732));
#10206=CARTESIAN_POINT('Ctrl Pts',(0.416518881417219,0.598425196850394,
-8.0181244819346));
#10207=CARTESIAN_POINT('Ctrl Pts',(0.421024921543972,0.598425196850394,
-8.01780291623463));
#10208=CARTESIAN_POINT('Ctrl Pts',(0.388724666843953,0.62992125984252,-8.04955408616486));
#10209=CARTESIAN_POINT('Ctrl Pts',(0.388724666843953,0.598425196850394,
-8.04955408616486));
#10210=CARTESIAN_POINT('Ctrl Pts',(0.389046862985308,0.62992125984252,-8.04515567421131));
#10211=CARTESIAN_POINT('Ctrl Pts',(0.389046862985308,0.598425196850394,
-8.04515567421131));
#10212=CARTESIAN_POINT('Ctrl Pts',(0.389673530817131,0.62992125984252,-8.03660081296807));
#10213=CARTESIAN_POINT('Ctrl Pts',(0.389673530817131,0.598425196850394,
-8.03660081296807));
#10214=CARTESIAN_POINT('Ctrl Pts',(0.39506038896997,0.62992125984252,-8.02994404753908));
#10215=CARTESIAN_POINT('Ctrl Pts',(0.39506038896997,0.598425196850394,-8.02994404753908));
#10216=CARTESIAN_POINT('Ctrl Pts',(0.397677638052853,0.62992125984252,-8.02670980362181));
#10217=CARTESIAN_POINT('Ctrl Pts',(0.397677638052853,0.598425196850394,
-8.02670980362181));
#10218=CARTESIAN_POINT('',(0.388724666843953,0.62992125984252,-8.04955408616486));
#10219=CARTESIAN_POINT('Ctrl Pts',(0.388724666843953,0.62992125984252,-8.04955408616486));
#10220=CARTESIAN_POINT('Ctrl Pts',(0.389046862985308,0.62992125984252,-8.04515567421131));
#10221=CARTESIAN_POINT('Ctrl Pts',(0.389673530817131,0.62992125984252,-8.03660081296807));
#10222=CARTESIAN_POINT('Ctrl Pts',(0.39506038896997,0.62992125984252,-8.02994404753908));
#10223=CARTESIAN_POINT('Ctrl Pts',(0.397677638052853,0.62992125984252,-8.02670980362181));
#10224=CARTESIAN_POINT('',(0.388724666843953,0.598425196850394,-8.04955408616486));
#10225=CARTESIAN_POINT('',(0.388724666843953,0.62992125984252,-8.04955408616486));
#10226=CARTESIAN_POINT('Ctrl Pts',(0.388724666843953,0.598425196850394,
-8.04955408616486));
#10227=CARTESIAN_POINT('Ctrl Pts',(0.389046862985308,0.598425196850394,
-8.04515567421131));
#10228=CARTESIAN_POINT('Ctrl Pts',(0.389673530817131,0.598425196850394,
-8.03660081296807));
#10229=CARTESIAN_POINT('Ctrl Pts',(0.39506038896997,0.598425196850394,-8.02994404753908));
#10230=CARTESIAN_POINT('Ctrl Pts',(0.397677638052853,0.598425196850394,
-8.02670980362181));
#10231=CARTESIAN_POINT('Ctrl Pts',(0.397896001226757,0.62992125984252,-8.07075239499792));
#10232=CARTESIAN_POINT('Ctrl Pts',(0.397896001226757,0.598425196850394,
-8.07075239499792));
#10233=CARTESIAN_POINT('Ctrl Pts',(0.395227014879653,0.62992125984252,-8.06767537844458));
#10234=CARTESIAN_POINT('Ctrl Pts',(0.395227014879653,0.598425196850394,
-8.06767537844458));
#10235=CARTESIAN_POINT('Ctrl Pts',(0.389933223246363,0.62992125984252,-8.06157228072614));
#10236=CARTESIAN_POINT('Ctrl Pts',(0.389933223246363,0.598425196850394,
-8.06157228072614));
#10237=CARTESIAN_POINT('Ctrl Pts',(0.389125271302793,0.62992125984252,-8.0535377995595));
#10238=CARTESIAN_POINT('Ctrl Pts',(0.389125271302793,0.598425196850394,
-8.0535377995595));
#10239=CARTESIAN_POINT('Ctrl Pts',(0.388724666843953,0.62992125984252,-8.04955408616486));
#10240=CARTESIAN_POINT('Ctrl Pts',(0.388724666843953,0.598425196850394,
-8.04955408616486));
#10241=CARTESIAN_POINT('Ctrl Pts',(0.397896001226757,0.62992125984252,-8.07075239499792));
#10242=CARTESIAN_POINT('Ctrl Pts',(0.395227014879653,0.62992125984252,-8.06767537844458));
#10243=CARTESIAN_POINT('Ctrl Pts',(0.389933223246363,0.62992125984252,-8.06157228072614));
#10244=CARTESIAN_POINT('Ctrl Pts',(0.389125271302793,0.62992125984252,-8.0535377995595));
#10245=CARTESIAN_POINT('Ctrl Pts',(0.388724666843953,0.62992125984252,-8.04955408616486));
#10246=CARTESIAN_POINT('Ctrl Pts',(0.397896001226757,0.598425196850394,
-8.07075239499792));
#10247=CARTESIAN_POINT('Ctrl Pts',(0.395227014879653,0.598425196850394,
-8.06767537844458));
#10248=CARTESIAN_POINT('Ctrl Pts',(0.389933223246363,0.598425196850394,
-8.06157228072614));
#10249=CARTESIAN_POINT('Ctrl Pts',(0.389125271302793,0.598425196850394,
-8.0535377995595));
#10250=CARTESIAN_POINT('Ctrl Pts',(0.388724666843953,0.598425196850394,
-8.04955408616486));
#10251=CARTESIAN_POINT('Ctrl Pts',(0.355922067246591,0.62992125984252,-7.95884512827565));
#10252=CARTESIAN_POINT('Ctrl Pts',(0.355922067246591,0.598425196850394,
-7.95884512827565));
#10253=CARTESIAN_POINT('Ctrl Pts',(0.35625459801136,0.62992125984252,-7.96486927326024));
#10254=CARTESIAN_POINT('Ctrl Pts',(0.35625459801136,0.598425196850394,-7.96486927326024));
#10255=CARTESIAN_POINT('Ctrl Pts',(0.356889653346733,0.62992125984252,-7.97637396942323));
#10256=CARTESIAN_POINT('Ctrl Pts',(0.356889653346733,0.598425196850394,
-7.97637396942323));
#10257=CARTESIAN_POINT('Ctrl Pts',(0.362824204477988,0.62992125984252,-7.98622572403767));
#10258=CARTESIAN_POINT('Ctrl Pts',(0.362824204477988,0.598425196850394,
-7.98622572403767));
#10259=CARTESIAN_POINT('Ctrl Pts',(0.365651277069468,0.62992125984252,-7.99091885496409));
#10260=CARTESIAN_POINT('Ctrl Pts',(0.365651277069468,0.598425196850394,
-7.99091885496409));
#10261=CARTESIAN_POINT('',(0.355922067246591,0.598425196850394,-7.95884512827565));
#10262=CARTESIAN_POINT('',(0.355922067246591,0.62992125984252,-7.95884512827565));
#10263=CARTESIAN_POINT('',(0.365651277069468,0.598425196850394,-7.99091885496409));
#10264=CARTESIAN_POINT('Ctrl Pts',(0.355922067246591,0.598425196850394,
-7.95884512827565));
#10265=CARTESIAN_POINT('Ctrl Pts',(0.35625459801136,0.598425196850394,-7.96486927326024));
#10266=CARTESIAN_POINT('Ctrl Pts',(0.356889653346733,0.598425196850394,
-7.97637396942323));
#10267=CARTESIAN_POINT('Ctrl Pts',(0.362824204477988,0.598425196850394,
-7.98622572403767));
#10268=CARTESIAN_POINT('Ctrl Pts',(0.365651277069468,0.598425196850394,
-7.99091885496409));
#10269=CARTESIAN_POINT('',(0.365651277069468,0.62992125984252,-7.99091885496409));
#10270=CARTESIAN_POINT('Ctrl Pts',(0.373698594540755,0.62992125984252,-7.91570812838547));
#10271=CARTESIAN_POINT('Ctrl Pts',(0.373698594540755,0.598425196850394,
-7.91570812838547));
#10272=CARTESIAN_POINT('Ctrl Pts',(0.368501705290081,0.62992125984252,-7.92188683603394));
#10273=CARTESIAN_POINT('Ctrl Pts',(0.368501705290081,0.598425196850394,
-7.92188683603394));
#10274=CARTESIAN_POINT('Ctrl Pts',(0.358002459295038,0.62992125984252,-7.93436964419159));
#10275=CARTESIAN_POINT('Ctrl Pts',(0.358002459295038,0.598425196850394,
-7.93436964419159));
#10276=CARTESIAN_POINT('Ctrl Pts',(0.356620159774984,0.62992125984252,-7.95063217986498));
#10277=CARTESIAN_POINT('Ctrl Pts',(0.356620159774984,0.598425196850394,
-7.95063217986498));
#10278=CARTESIAN_POINT('Ctrl Pts',(0.355922067246591,0.62992125984252,-7.95884512827565));
#10279=CARTESIAN_POINT('Ctrl Pts',(0.355922067246591,0.598425196850394,
-7.95884512827565));
#10280=CARTESIAN_POINT('',(0.373698594540755,0.598425196850394,-7.91570812838547));
#10281=CARTESIAN_POINT('',(0.373698594540755,0.62992125984252,-7.91570812838547));
#10282=CARTESIAN_POINT('Ctrl Pts',(0.373698594540755,0.598425196850394,
-7.91570812838547));
#10283=CARTESIAN_POINT('Ctrl Pts',(0.368501705290081,0.598425196850394,
-7.92188683603394));
#10284=CARTESIAN_POINT('Ctrl Pts',(0.358002459295038,0.598425196850394,
-7.93436964419159));
#10285=CARTESIAN_POINT('Ctrl Pts',(0.356620159774984,0.598425196850394,
-7.95063217986498));
#10286=CARTESIAN_POINT('Ctrl Pts',(0.355922067246591,0.598425196850394,
-7.95884512827565));
#10287=CARTESIAN_POINT('Ctrl Pts',(0.420662735917426,0.62992125984252,-7.89843093876781));
#10288=CARTESIAN_POINT('Ctrl Pts',(0.420662735917426,0.598425196850394,
-7.89843093876781));
#10289=CARTESIAN_POINT('Ctrl Pts',(0.411569858080616,0.62992125984252,-7.89902624870144));
#10290=CARTESIAN_POINT('Ctrl Pts',(0.411569858080616,0.598425196850394,
-7.89902624870144));
#10291=CARTESIAN_POINT('Ctrl Pts',(0.394168103463407,0.62992125984252,-7.90016554008664));
#10292=CARTESIAN_POINT('Ctrl Pts',(0.394168103463407,0.598425196850394,
-7.90016554008664));
#10293=CARTESIAN_POINT('Ctrl Pts',(0.380313703472285,0.62992125984252,-7.91068524703237));
#10294=CARTESIAN_POINT('Ctrl Pts',(0.380313703472285,0.598425196850394,
-7.91068524703237));
#10295=CARTESIAN_POINT('Ctrl Pts',(0.373698594540755,0.62992125984252,-7.91570812838547));
#10296=CARTESIAN_POINT('Ctrl Pts',(0.373698594540755,0.598425196850394,
-7.91570812838547));
#10297=CARTESIAN_POINT('',(0.420662735917426,0.598425196850394,-7.89843093876781));
#10298=CARTESIAN_POINT('',(0.420662735917426,0.62992125984252,-7.89843093876781));
#10299=CARTESIAN_POINT('Ctrl Pts',(0.420662735917426,0.598425196850394,
-7.89843093876781));
#10300=CARTESIAN_POINT('Ctrl Pts',(0.411569858080616,0.598425196850394,
-7.89902624870144));
#10301=CARTESIAN_POINT('Ctrl Pts',(0.394168103463407,0.598425196850394,
-7.90016554008664));
#10302=CARTESIAN_POINT('Ctrl Pts',(0.380313703472285,0.598425196850394,
-7.91068524703237));
#10303=CARTESIAN_POINT('Ctrl Pts',(0.373698594540755,0.598425196850394,
-7.91570812838547));
#10304=CARTESIAN_POINT('Ctrl Pts',(0.467692484065655,0.62992125984252,-7.9155286707734));
#10305=CARTESIAN_POINT('Ctrl Pts',(0.467692484065655,0.598425196850394,
-7.9155286707734));
#10306=CARTESIAN_POINT('Ctrl Pts',(0.461058250277568,0.62992125984252,-7.91053109718121));
#10307=CARTESIAN_POINT('Ctrl Pts',(0.461058250277568,0.598425196850394,
-7.91053109718121));
#10308=CARTESIAN_POINT('Ctrl Pts',(0.447163785346946,0.62992125984252,-7.90006438569153));
#10309=CARTESIAN_POINT('Ctrl Pts',(0.447163785346946,0.598425196850394,
-7.90006438569153));
#10310=CARTESIAN_POINT('Ctrl Pts',(0.42975782022933,0.62992125984252,-7.89899153307672));
#10311=CARTESIAN_POINT('Ctrl Pts',(0.42975782022933,0.598425196850394,-7.89899153307672));
#10312=CARTESIAN_POINT('Ctrl Pts',(0.420662735917426,0.62992125984252,-7.89843093876781));
#10313=CARTESIAN_POINT('Ctrl Pts',(0.420662735917426,0.598425196850394,
-7.89843093876781));
#10314=CARTESIAN_POINT('',(0.467692484065655,0.598425196850394,-7.9155286707734));
#10315=CARTESIAN_POINT('',(0.467692484065655,0.62992125984252,-7.9155286707734));
#10316=CARTESIAN_POINT('Ctrl Pts',(0.467692484065655,0.598425196850394,
-7.9155286707734));
#10317=CARTESIAN_POINT('Ctrl Pts',(0.461058250277568,0.598425196850394,
-7.91053109718121));
#10318=CARTESIAN_POINT('Ctrl Pts',(0.447163785346946,0.598425196850394,
-7.90006438569153));
#10319=CARTESIAN_POINT('Ctrl Pts',(0.42975782022933,0.598425196850394,-7.89899153307672));
#10320=CARTESIAN_POINT('Ctrl Pts',(0.420662735917426,0.598425196850394,
-7.89843093876781));
#10321=CARTESIAN_POINT('Ctrl Pts',(0.485632352930067,0.62992125984252,-7.95792608095073));
#10322=CARTESIAN_POINT('Ctrl Pts',(0.485632352930067,0.598425196850394,
-7.95792608095073));
#10323=CARTESIAN_POINT('Ctrl Pts',(0.484888355107199,0.62992125984252,-7.94986346578195));
#10324=CARTESIAN_POINT('Ctrl Pts',(0.484888355107199,0.598425196850394,
-7.94986346578195));
#10325=CARTESIAN_POINT('Ctrl Pts',(0.483408015805432,0.62992125984252,-7.93382120632566));
#10326=CARTESIAN_POINT('Ctrl Pts',(0.483408015805432,0.598425196850394,
-7.93382120632566));
#10327=CARTESIAN_POINT('Ctrl Pts',(0.472912900998882,0.62992125984252,-7.92160512201475));
#10328=CARTESIAN_POINT('Ctrl Pts',(0.472912900998882,0.598425196850394,
-7.92160512201475));
#10329=CARTESIAN_POINT('Ctrl Pts',(0.467692484065655,0.62992125984252,-7.9155286707734));
#10330=CARTESIAN_POINT('Ctrl Pts',(0.467692484065655,0.598425196850394,
-7.9155286707734));
#10331=CARTESIAN_POINT('',(0.485632352930067,0.598425196850394,-7.95792608095073));
#10332=CARTESIAN_POINT('',(0.485632352930067,0.62992125984252,-7.95792608095073));
#10333=CARTESIAN_POINT('Ctrl Pts',(0.485632352930067,0.598425196850394,
-7.95792608095073));
#10334=CARTESIAN_POINT('Ctrl Pts',(0.484888355107199,0.598425196850394,
-7.94986346578195));
#10335=CARTESIAN_POINT('Ctrl Pts',(0.483408015805432,0.598425196850394,
-7.93382120632566));
#10336=CARTESIAN_POINT('Ctrl Pts',(0.472912900998882,0.598425196850394,
-7.92160512201475));
#10337=CARTESIAN_POINT('Ctrl Pts',(0.467692484065655,0.598425196850394,
-7.9155286707734));
#10338=CARTESIAN_POINT('Ctrl Pts',(0.476158667931158,0.62992125984252,-7.98936511938606));
#10339=CARTESIAN_POINT('Ctrl Pts',(0.476158667931158,0.598425196850394,
-7.98936511938606));
#10340=CARTESIAN_POINT('Ctrl Pts',(0.478929606242043,0.62992125984252,-7.98467070626734));
#10341=CARTESIAN_POINT('Ctrl Pts',(0.478929606242043,0.598425196850394,
-7.98467070626734));
#10342=CARTESIAN_POINT('Ctrl Pts',(0.48465102246436,0.62992125984252,-7.97497771120275));
#10343=CARTESIAN_POINT('Ctrl Pts',(0.48465102246436,0.598425196850394,-7.97497771120275));
#10344=CARTESIAN_POINT('Ctrl Pts',(0.485298470410489,0.62992125984252,-7.96372763452559));
#10345=CARTESIAN_POINT('Ctrl Pts',(0.485298470410489,0.598425196850394,
-7.96372763452559));
#10346=CARTESIAN_POINT('Ctrl Pts',(0.485632352930067,0.62992125984252,-7.95792608095073));
#10347=CARTESIAN_POINT('Ctrl Pts',(0.485632352930067,0.598425196850394,
-7.95792608095073));
#10348=CARTESIAN_POINT('',(0.476158667931158,0.598425196850394,-7.98936511938606));
#10349=CARTESIAN_POINT('',(0.476158667931158,0.62992125984252,-7.98936511938606));
#10350=CARTESIAN_POINT('Ctrl Pts',(0.476158667931158,0.598425196850394,
-7.98936511938606));
#10351=CARTESIAN_POINT('Ctrl Pts',(0.478929606242043,0.598425196850394,
-7.98467070626734));
#10352=CARTESIAN_POINT('Ctrl Pts',(0.48465102246436,0.598425196850394,-7.97497771120275));
#10353=CARTESIAN_POINT('Ctrl Pts',(0.485298470410489,0.598425196850394,
-7.96372763452559));
#10354=CARTESIAN_POINT('Ctrl Pts',(0.485632352930067,0.598425196850394,
-7.95792608095073));
#10355=CARTESIAN_POINT('Ctrl Pts',(0.448668289409571,0.62992125984252,-8.00848500167774));
#10356=CARTESIAN_POINT('Ctrl Pts',(0.448668289409571,0.598425196850394,
-8.00848500167774));
#10357=CARTESIAN_POINT('Ctrl Pts',(0.454265622242075,0.62992125984252,-8.00630771329709));
#10358=CARTESIAN_POINT('Ctrl Pts',(0.454265622242075,0.598425196850394,
-8.00630771329709));
#10359=CARTESIAN_POINT('Ctrl Pts',(0.464985405958352,0.62992125984252,-8.00213785932788));
#10360=CARTESIAN_POINT('Ctrl Pts',(0.464985405958352,0.598425196850394,
-8.00213785932788));
#10361=CARTESIAN_POINT('Ctrl Pts',(0.472545889360952,0.62992125984252,-7.99349507545949));
#10362=CARTESIAN_POINT('Ctrl Pts',(0.472545889360952,0.598425196850394,
-7.99349507545949));
#10363=CARTESIAN_POINT('Ctrl Pts',(0.476158667931158,0.62992125984252,-7.98936511938606));
#10364=CARTESIAN_POINT('Ctrl Pts',(0.476158667931158,0.598425196850394,
-7.98936511938606));
#10365=CARTESIAN_POINT('',(0.448668289409571,0.598425196850394,-8.00848500167774));
#10366=CARTESIAN_POINT('',(0.448668289409571,0.62992125984252,-8.00848500167774));
#10367=CARTESIAN_POINT('Ctrl Pts',(0.448668289409571,0.598425196850394,
-8.00848500167774));
#10368=CARTESIAN_POINT('Ctrl Pts',(0.454265622242075,0.598425196850394,
-8.00630771329709));
#10369=CARTESIAN_POINT('Ctrl Pts',(0.464985405958352,0.598425196850394,
-8.00213785932788));
#10370=CARTESIAN_POINT('Ctrl Pts',(0.472545889360952,0.598425196850394,
-7.99349507545949));
#10371=CARTESIAN_POINT('Ctrl Pts',(0.476158667931158,0.598425196850394,
-7.98936511938606));
#10372=CARTESIAN_POINT('Ctrl Pts',(0.470450891275245,0.62992125984252,-8.02401959028207));
#10373=CARTESIAN_POINT('Ctrl Pts',(0.470450891275245,0.598425196850394,
-8.02401959028207));
#10374=CARTESIAN_POINT('Ctrl Pts',(0.467621144688412,0.62992125984252,-8.02080865957724));
#10375=CARTESIAN_POINT('Ctrl Pts',(0.467621144688412,0.598425196850394,
-8.02080865957724));
#10376=CARTESIAN_POINT('Ctrl Pts',(0.461580257883541,0.62992125984252,-8.01395402848891));
#10377=CARTESIAN_POINT('Ctrl Pts',(0.461580257883541,0.598425196850394,
-8.01395402848891));
#10378=CARTESIAN_POINT('Ctrl Pts',(0.453149701013552,0.62992125984252,-8.01038315998439));
#10379=CARTESIAN_POINT('Ctrl Pts',(0.453149701013552,0.598425196850394,
-8.01038315998439));
#10380=CARTESIAN_POINT('Ctrl Pts',(0.448668289409571,0.62992125984252,-8.00848500167774));
#10381=CARTESIAN_POINT('Ctrl Pts',(0.448668289409571,0.598425196850394,
-8.00848500167774));
#10382=CARTESIAN_POINT('',(0.470450891275245,0.598425196850394,-8.02401959028207));
#10383=CARTESIAN_POINT('',(0.470450891275245,0.62992125984252,-8.02401959028207));
#10384=CARTESIAN_POINT('Ctrl Pts',(0.470450891275245,0.598425196850394,
-8.02401959028207));
#10385=CARTESIAN_POINT('Ctrl Pts',(0.467621144688412,0.598425196850394,
-8.02080865957724));
#10386=CARTESIAN_POINT('Ctrl Pts',(0.461580257883541,0.598425196850394,
-8.01395402848891));
#10387=CARTESIAN_POINT('Ctrl Pts',(0.453149701013552,0.598425196850394,
-8.01038315998439));
#10388=CARTESIAN_POINT('Ctrl Pts',(0.448668289409571,0.598425196850394,
-8.00848500167774));
#10389=CARTESIAN_POINT('Ctrl Pts',(0.477747486999465,0.62992125984252,-8.0479070480597));
#10390=CARTESIAN_POINT('Ctrl Pts',(0.477747486999465,0.598425196850394,
-8.0479070480597));
#10391=CARTESIAN_POINT('Ctrl Pts',(0.477467241247605,0.62992125984252,-8.04353085966885));
#10392=CARTESIAN_POINT('Ctrl Pts',(0.477467241247605,0.598425196850394,
-8.04353085966885));
#10393=CARTESIAN_POINT('Ctrl Pts',(0.476919954642224,0.62992125984252,-8.03498468448856));
#10394=CARTESIAN_POINT('Ctrl Pts',(0.476919954642224,0.598425196850394,
-8.03498468448856));
#10395=CARTESIAN_POINT('Ctrl Pts',(0.472572278911277,0.62992125984252,-8.02761535275308));
#10396=CARTESIAN_POINT('Ctrl Pts',(0.472572278911277,0.598425196850394,
-8.02761535275308));
#10397=CARTESIAN_POINT('Ctrl Pts',(0.470450891275245,0.62992125984252,-8.02401959028207));
#10398=CARTESIAN_POINT('Ctrl Pts',(0.470450891275245,0.598425196850394,
-8.02401959028207));
#10399=CARTESIAN_POINT('',(0.477747486999465,0.598425196850394,-8.0479070480597));
#10400=CARTESIAN_POINT('',(0.477747486999465,0.62992125984252,-8.0479070480597));
#10401=CARTESIAN_POINT('Ctrl Pts',(0.477747486999465,0.598425196850394,
-8.0479070480597));
#10402=CARTESIAN_POINT('Ctrl Pts',(0.477467241247605,0.598425196850394,
-8.04353085966885));
#10403=CARTESIAN_POINT('Ctrl Pts',(0.476919954642224,0.598425196850394,
-8.03498468448856));
#10404=CARTESIAN_POINT('Ctrl Pts',(0.472572278911277,0.598425196850394,
-8.02761535275308));
#10405=CARTESIAN_POINT('Ctrl Pts',(0.470450891275245,0.598425196850394,
-8.02401959028207));
#10406=CARTESIAN_POINT('Ctrl Pts',(0.462106544586172,0.62992125984252,-8.08432610524508));
#10407=CARTESIAN_POINT('Ctrl Pts',(0.462106544586172,0.598425196850394,
-8.08432610524508));
#10408=CARTESIAN_POINT('Ctrl Pts',(0.466678746723241,0.62992125984252,-8.07908305154785));
#10409=CARTESIAN_POINT('Ctrl Pts',(0.466678746723241,0.598425196850394,
-8.07908305154785));
#10410=CARTESIAN_POINT('Ctrl Pts',(0.47580263804047,0.62992125984252,-8.06862046685237));
#10411=CARTESIAN_POINT('Ctrl Pts',(0.47580263804047,0.598425196850394,-8.06862046685237));
#10412=CARTESIAN_POINT('Ctrl Pts',(0.477100176417995,0.62992125984252,-8.05480116449013));
#10413=CARTESIAN_POINT('Ctrl Pts',(0.477100176417995,0.598425196850394,
-8.05480116449013));
#10414=CARTESIAN_POINT('Ctrl Pts',(0.477747486999465,0.62992125984252,-8.0479070480597));
#10415=CARTESIAN_POINT('Ctrl Pts',(0.477747486999465,0.598425196850394,
-8.0479070480597));
#10416=CARTESIAN_POINT('',(0.462106544586172,0.598425196850394,-8.08432610524508));
#10417=CARTESIAN_POINT('',(0.462106544586172,0.62992125984252,-8.08432610524508));
#10418=CARTESIAN_POINT('Ctrl Pts',(0.462106544586172,0.598425196850394,
-8.08432610524508));
#10419=CARTESIAN_POINT('Ctrl Pts',(0.466678746723241,0.598425196850394,
-8.07908305154785));
#10420=CARTESIAN_POINT('Ctrl Pts',(0.47580263804047,0.598425196850394,-8.06862046685237));
#10421=CARTESIAN_POINT('Ctrl Pts',(0.477100176417995,0.598425196850394,
-8.05480116449013));
#10422=CARTESIAN_POINT('Ctrl Pts',(0.477747486999465,0.598425196850394,
-8.0479070480597));
#10423=CARTESIAN_POINT('Ctrl Pts',(0.420643671942318,0.62992125984252,-8.09944434528159));
#10424=CARTESIAN_POINT('Ctrl Pts',(0.420643671942318,0.598425196850394,
-8.09944434528159));
#10425=CARTESIAN_POINT('Ctrl Pts',(0.428678625220589,0.62992125984252,-8.09892984005246));
#10426=CARTESIAN_POINT('Ctrl Pts',(0.428678625220589,0.598425196850394,
-8.09892984005246));
#10427=CARTESIAN_POINT('Ctrl Pts',(0.444022367450859,0.62992125984252,-8.09794732835158));
#10428=CARTESIAN_POINT('Ctrl Pts',(0.444022367450859,0.598425196850394,
-8.09794732835158));
#10429=CARTESIAN_POINT('Ctrl Pts',(0.456271724936701,0.62992125984252,-8.08872096267414));
#10430=CARTESIAN_POINT('Ctrl Pts',(0.456271724936701,0.598425196850394,
-8.08872096267414));
#10431=CARTESIAN_POINT('Ctrl Pts',(0.462106544586172,0.62992125984252,-8.08432610524508));
#10432=CARTESIAN_POINT('Ctrl Pts',(0.462106544586172,0.598425196850394,
-8.08432610524508));
#10433=CARTESIAN_POINT('',(0.420643671942318,0.598425196850394,-8.09944434528159));
#10434=CARTESIAN_POINT('',(0.420643671942318,0.62992125984252,-8.09944434528159));
#10435=CARTESIAN_POINT('Ctrl Pts',(0.420643671942318,0.598425196850394,
-8.09944434528159));
#10436=CARTESIAN_POINT('Ctrl Pts',(0.428678625220589,0.598425196850394,
-8.09892984005246));
#10437=CARTESIAN_POINT('Ctrl Pts',(0.444022367450859,0.598425196850394,
-8.09794732835158));
#10438=CARTESIAN_POINT('Ctrl Pts',(0.456271724936701,0.598425196850394,
-8.08872096267414));
#10439=CARTESIAN_POINT('Ctrl Pts',(0.462106544586172,0.598425196850394,
-8.08432610524508));
#10440=CARTESIAN_POINT('Ctrl Pts',(0.379526988853448,0.62992125984252,-8.0848866066812));
#10441=CARTESIAN_POINT('Ctrl Pts',(0.379526988853448,0.598425196850394,
-8.0848866066812));
#10442=CARTESIAN_POINT('Ctrl Pts',(0.385309672461049,0.62992125984252,-8.08914135340721));
#10443=CARTESIAN_POINT('Ctrl Pts',(0.385309672461049,0.598425196850394,
-8.08914135340721));
#10444=CARTESIAN_POINT('Ctrl Pts',(0.397507830938068,0.62992125984252,-8.09811643805047));
#10445=CARTESIAN_POINT('Ctrl Pts',(0.397507830938068,0.598425196850394,
-8.09811643805047));
#10446=CARTESIAN_POINT('Ctrl Pts',(0.412669548686364,0.62992125984252,-8.09898666164124));
#10447=CARTESIAN_POINT('Ctrl Pts',(0.412669548686364,0.598425196850394,
-8.09898666164124));
#10448=CARTESIAN_POINT('Ctrl Pts',(0.420643671942318,0.62992125984252,-8.09944434528159));
#10449=CARTESIAN_POINT('Ctrl Pts',(0.420643671942318,0.598425196850394,
-8.09944434528159));
#10450=CARTESIAN_POINT('',(0.379526988853448,0.598425196850394,-8.0848866066812));
#10451=CARTESIAN_POINT('',(0.379526988853448,0.62992125984252,-8.0848866066812));
#10452=CARTESIAN_POINT('Ctrl Pts',(0.379526988853448,0.598425196850394,
-8.0848866066812));
#10453=CARTESIAN_POINT('Ctrl Pts',(0.385309672461049,0.598425196850394,
-8.08914135340721));
#10454=CARTESIAN_POINT('Ctrl Pts',(0.397507830938068,0.598425196850394,
-8.09811643805047));
#10455=CARTESIAN_POINT('Ctrl Pts',(0.412669548686364,0.598425196850394,
-8.09898666164124));
#10456=CARTESIAN_POINT('Ctrl Pts',(0.420643671942318,0.598425196850394,
-8.09944434528159));
#10457=CARTESIAN_POINT('Ctrl Pts',(0.364016180090184,0.62992125984252,-8.04879556409062));
#10458=CARTESIAN_POINT('Ctrl Pts',(0.364016180090184,0.598425196850394,
-8.04879556409062));
#10459=CARTESIAN_POINT('Ctrl Pts',(0.364665570170506,0.62992125984252,-8.05566368581975));
#10460=CARTESIAN_POINT('Ctrl Pts',(0.364665570170506,0.598425196850394,
-8.05566368581975));
#10461=CARTESIAN_POINT('Ctrl Pts',(0.365960777153049,0.62992125984252,-8.06936213839868));
#10462=CARTESIAN_POINT('Ctrl Pts',(0.365960777153049,0.598425196850394,
-8.06936213839868));
#10463=CARTESIAN_POINT('Ctrl Pts',(0.375013242843419,0.62992125984252,-8.0797213101109));
#10464=CARTESIAN_POINT('Ctrl Pts',(0.375013242843419,0.598425196850394,
-8.0797213101109));
#10465=CARTESIAN_POINT('Ctrl Pts',(0.379526988853448,0.62992125984252,-8.0848866066812));
#10466=CARTESIAN_POINT('Ctrl Pts',(0.379526988853448,0.598425196850394,
-8.0848866066812));
#10467=CARTESIAN_POINT('',(0.364016180090184,0.598425196850394,-8.04879556409062));
#10468=CARTESIAN_POINT('',(0.364016180090184,0.62992125984252,-8.04879556409062));
#10469=CARTESIAN_POINT('Ctrl Pts',(0.364016180090184,0.598425196850394,
-8.04879556409062));
#10470=CARTESIAN_POINT('Ctrl Pts',(0.364665570170506,0.598425196850394,
-8.05566368581975));
#10471=CARTESIAN_POINT('Ctrl Pts',(0.365960777153049,0.598425196850394,
-8.06936213839868));
#10472=CARTESIAN_POINT('Ctrl Pts',(0.375013242843419,0.598425196850394,
-8.0797213101109));
#10473=CARTESIAN_POINT('Ctrl Pts',(0.379526988853448,0.598425196850394,
-8.0848866066812));
#10474=CARTESIAN_POINT('Ctrl Pts',(0.371220459932397,0.62992125984252,-8.02434334417595));
#10475=CARTESIAN_POINT('Ctrl Pts',(0.371220459932397,0.598425196850394,
-8.02434334417595));
#10476=CARTESIAN_POINT('Ctrl Pts',(0.369113253501744,0.62992125984252,-8.02799352344733));
#10477=CARTESIAN_POINT('Ctrl Pts',(0.369113253501744,0.598425196850394,
-8.02799352344733));
#10478=CARTESIAN_POINT('Ctrl Pts',(0.364748594270306,0.62992125984252,-8.03555414419218));
#10479=CARTESIAN_POINT('Ctrl Pts',(0.364748594270306,0.598425196850394,
-8.03555414419218));
#10480=CARTESIAN_POINT('Ctrl Pts',(0.36426585729803,0.62992125984252,-8.04428161441857));
#10481=CARTESIAN_POINT('Ctrl Pts',(0.36426585729803,0.598425196850394,-8.04428161441857));
#10482=CARTESIAN_POINT('Ctrl Pts',(0.364016180090184,0.62992125984252,-8.04879556409062));
#10483=CARTESIAN_POINT('Ctrl Pts',(0.364016180090184,0.598425196850394,
-8.04879556409062));
#10484=CARTESIAN_POINT('',(0.371220459932397,0.598425196850394,-8.02434334417595));
#10485=CARTESIAN_POINT('',(0.371220459932397,0.62992125984252,-8.02434334417595));
#10486=CARTESIAN_POINT('Ctrl Pts',(0.371220459932397,0.598425196850394,
-8.02434334417595));
#10487=CARTESIAN_POINT('Ctrl Pts',(0.369113253501744,0.598425196850394,
-8.02799352344733));
#10488=CARTESIAN_POINT('Ctrl Pts',(0.364748594270306,0.598425196850394,
-8.03555414419218));
#10489=CARTESIAN_POINT('Ctrl Pts',(0.36426585729803,0.598425196850394,-8.04428161441857));
#10490=CARTESIAN_POINT('Ctrl Pts',(0.364016180090184,0.598425196850394,
-8.04879556409062));
#10491=CARTESIAN_POINT('Ctrl Pts',(0.393480449398036,0.62992125984252,-8.00859036893123));
#10492=CARTESIAN_POINT('Ctrl Pts',(0.393480449398036,0.598425196850394,
-8.00859036893123));
#10493=CARTESIAN_POINT('Ctrl Pts',(0.38888887558137,0.62992125984252,-8.01050477227816));
#10494=CARTESIAN_POINT('Ctrl Pts',(0.38888887558137,0.598425196850394,-8.01050477227816));
#10495=CARTESIAN_POINT('Ctrl Pts',(0.380270574636155,0.62992125984252,-8.01409807270917));
#10496=CARTESIAN_POINT('Ctrl Pts',(0.380270574636155,0.598425196850394,
-8.01409807270917));
#10497=CARTESIAN_POINT('Ctrl Pts',(0.374102410227922,0.62992125984252,-8.02108080396536));
#10498=CARTESIAN_POINT('Ctrl Pts',(0.374102410227922,0.598425196850394,
-8.02108080396536));
#10499=CARTESIAN_POINT('Ctrl Pts',(0.371220459932397,0.62992125984252,-8.02434334417595));
#10500=CARTESIAN_POINT('Ctrl Pts',(0.371220459932397,0.598425196850394,
-8.02434334417595));
#10501=CARTESIAN_POINT('',(0.393480449398036,0.598425196850394,-8.00859036893123));
#10502=CARTESIAN_POINT('',(0.393480449398036,0.62992125984252,-8.00859036893123));
#10503=CARTESIAN_POINT('Ctrl Pts',(0.393480449398036,0.598425196850394,
-8.00859036893123));
#10504=CARTESIAN_POINT('Ctrl Pts',(0.38888887558137,0.598425196850394,-8.01050477227816));
#10505=CARTESIAN_POINT('Ctrl Pts',(0.380270574636155,0.598425196850394,
-8.01409807270917));
#10506=CARTESIAN_POINT('Ctrl Pts',(0.374102410227922,0.598425196850394,
-8.02108080396536));
#10507=CARTESIAN_POINT('Ctrl Pts',(0.371220459932397,0.598425196850394,
-8.02434334417595));
#10508=CARTESIAN_POINT('Ctrl Pts',(0.365651277069468,0.62992125984252,-7.99091885496409));
#10509=CARTESIAN_POINT('Ctrl Pts',(0.365651277069468,0.598425196850394,
-7.99091885496409));
#10510=CARTESIAN_POINT('Ctrl Pts',(0.369368378736306,0.62992125984252,-7.99493175871944));
#10511=CARTESIAN_POINT('Ctrl Pts',(0.369368378736306,0.598425196850394,
-7.99493175871944));
#10512=CARTESIAN_POINT('Ctrl Pts',(0.377078455007759,0.62992125984252,-8.00325539277544));
#10513=CARTESIAN_POINT('Ctrl Pts',(0.377078455007759,0.598425196850394,
-8.00325539277544));
#10514=CARTESIAN_POINT('Ctrl Pts',(0.387884237969156,0.62992125984252,-8.00677012354976));
#10515=CARTESIAN_POINT('Ctrl Pts',(0.387884237969156,0.598425196850394,
-8.00677012354976));
#10516=CARTESIAN_POINT('Ctrl Pts',(0.393480449398036,0.62992125984252,-8.00859036893123));
#10517=CARTESIAN_POINT('Ctrl Pts',(0.393480449398036,0.598425196850394,
-8.00859036893123));
#10518=CARTESIAN_POINT('Ctrl Pts',(0.365651277069468,0.598425196850394,
-7.99091885496409));
#10519=CARTESIAN_POINT('Ctrl Pts',(0.369368378736306,0.598425196850394,
-7.99493175871944));
#10520=CARTESIAN_POINT('Ctrl Pts',(0.377078455007759,0.598425196850394,
-8.00325539277544));
#10521=CARTESIAN_POINT('Ctrl Pts',(0.387884237969156,0.598425196850394,
-8.00677012354976));
#10522=CARTESIAN_POINT('Ctrl Pts',(0.393480449398036,0.598425196850394,
-8.00859036893123));
#10523=CARTESIAN_POINT('Origin',(0.420777210088329,0.598425196850394,-7.9989376420247));
#10524=CARTESIAN_POINT('Ctrl Pts',(0.422886344491075,0.62992125984252,-6.00813137744815));
#10525=CARTESIAN_POINT('Ctrl Pts',(0.422886344491075,0.598425196850394,
-6.00813137744815));
#10526=CARTESIAN_POINT('Ctrl Pts',(0.417630293156264,0.62992125984252,-6.00764748260302));
#10527=CARTESIAN_POINT('Ctrl Pts',(0.417630293156264,0.598425196850394,
-6.00764748260302));
#10528=CARTESIAN_POINT('Ctrl Pts',(0.407109726225958,0.62992125984252,-6.00667891365628));
#10529=CARTESIAN_POINT('Ctrl Pts',(0.407109726225958,0.598425196850394,
-6.00667891365628));
#10530=CARTESIAN_POINT('Ctrl Pts',(0.399084362603699,0.62992125984252,-5.99980686816918));
#10531=CARTESIAN_POINT('Ctrl Pts',(0.399084362603699,0.598425196850394,
-5.99980686816918));
#10532=CARTESIAN_POINT('Ctrl Pts',(0.395068452412852,0.62992125984252,-5.9963680809936));
#10533=CARTESIAN_POINT('Ctrl Pts',(0.395068452412852,0.598425196850394,
-5.9963680809936));
#10534=CARTESIAN_POINT('',(0.422886344491075,0.62992125984252,-6.00813137744815));
#10535=CARTESIAN_POINT('',(0.395068452412852,0.62992125984252,-5.9963680809936));
#10536=CARTESIAN_POINT('Ctrl Pts',(0.422886344491075,0.62992125984252,-6.00813137744815));
#10537=CARTESIAN_POINT('Ctrl Pts',(0.417630293156264,0.62992125984252,-6.00764748260302));
#10538=CARTESIAN_POINT('Ctrl Pts',(0.407109726225958,0.62992125984252,-6.00667891365628));
#10539=CARTESIAN_POINT('Ctrl Pts',(0.399084362603699,0.62992125984252,-5.99980686816918));
#10540=CARTESIAN_POINT('Ctrl Pts',(0.395068452412852,0.62992125984252,-5.9963680809936));
#10541=CARTESIAN_POINT('',(0.422886344491075,0.598425196850394,-6.00813137744815));
#10542=CARTESIAN_POINT('',(0.422886344491075,0.62992125984252,-6.00813137744815));
#10543=CARTESIAN_POINT('',(0.395068452412852,0.598425196850394,-5.9963680809936));
#10544=CARTESIAN_POINT('Ctrl Pts',(0.422886344491075,0.598425196850394,
-6.00813137744815));
#10545=CARTESIAN_POINT('Ctrl Pts',(0.417630293156264,0.598425196850394,
-6.00764748260302));
#10546=CARTESIAN_POINT('Ctrl Pts',(0.407109726225958,0.598425196850394,
-6.00667891365628));
#10547=CARTESIAN_POINT('Ctrl Pts',(0.399084362603699,0.598425196850394,
-5.99980686816918));
#10548=CARTESIAN_POINT('Ctrl Pts',(0.395068452412852,0.598425196850394,
-5.9963680809936));
#10549=CARTESIAN_POINT('',(0.395068452412852,0.62992125984252,-5.9963680809936));
#10550=CARTESIAN_POINT('Ctrl Pts',(0.450256268958035,0.62992125984252,-5.99626271378492));
#10551=CARTESIAN_POINT('Ctrl Pts',(0.450256268958035,0.598425196850394,
-5.99626271378492));
#10552=CARTESIAN_POINT('Ctrl Pts',(0.446380787083084,0.62992125984252,-5.99971650623691));
#10553=CARTESIAN_POINT('Ctrl Pts',(0.446380787083084,0.598425196850394,
-5.99971650623691));
#10554=CARTESIAN_POINT('Ctrl Pts',(0.43856759671811,0.62992125984252,-6.00667954690625));
#10555=CARTESIAN_POINT('Ctrl Pts',(0.43856759671811,0.598425196850394,-6.00667954690625));
#10556=CARTESIAN_POINT('Ctrl Pts',(0.428141108470457,0.62992125984252,-6.00764487122242));
#10557=CARTESIAN_POINT('Ctrl Pts',(0.428141108470457,0.598425196850394,
-6.00764487122242));
#10558=CARTESIAN_POINT('Ctrl Pts',(0.422886344491075,0.62992125984252,-6.00813137744815));
#10559=CARTESIAN_POINT('Ctrl Pts',(0.422886344491075,0.598425196850394,
-6.00813137744815));
#10560=CARTESIAN_POINT('',(0.450256268958035,0.62992125984252,-5.99626271378492));
#10561=CARTESIAN_POINT('Ctrl Pts',(0.450256268958035,0.62992125984252,-5.99626271378492));
#10562=CARTESIAN_POINT('Ctrl Pts',(0.446380787083084,0.62992125984252,-5.99971650623691));
#10563=CARTESIAN_POINT('Ctrl Pts',(0.43856759671811,0.62992125984252,-6.00667954690625));
#10564=CARTESIAN_POINT('Ctrl Pts',(0.428141108470457,0.62992125984252,-6.00764487122242));
#10565=CARTESIAN_POINT('Ctrl Pts',(0.422886344491075,0.62992125984252,-6.00813137744815));
#10566=CARTESIAN_POINT('',(0.450256268958035,0.598425196850394,-5.99626271378492));
#10567=CARTESIAN_POINT('',(0.450256268958035,0.62992125984252,-5.99626271378492));
#10568=CARTESIAN_POINT('Ctrl Pts',(0.450256268958035,0.598425196850394,
-5.99626271378492));
#10569=CARTESIAN_POINT('Ctrl Pts',(0.446380787083084,0.598425196850394,
-5.99971650623691));
#10570=CARTESIAN_POINT('Ctrl Pts',(0.43856759671811,0.598425196850394,-6.00667954690625));
#10571=CARTESIAN_POINT('Ctrl Pts',(0.428141108470457,0.598425196850394,
-6.00764487122242));
#10572=CARTESIAN_POINT('Ctrl Pts',(0.422886344491075,0.598425196850394,
-6.00813137744815));
#10573=CARTESIAN_POINT('Ctrl Pts',(0.461071440359852,0.62992125984252,-5.96414976278504));
#10574=CARTESIAN_POINT('Ctrl Pts',(0.461071440359852,0.598425196850394,
-5.96414976278504));
#10575=CARTESIAN_POINT('Ctrl Pts',(0.460766806181305,0.62992125984252,-5.97043498319316));
#10576=CARTESIAN_POINT('Ctrl Pts',(0.460766806181305,0.598425196850394,
-5.97043498319316));
#10577=CARTESIAN_POINT('Ctrl Pts',(0.460196281728827,0.62992125984252,-5.9822060587473));
#10578=CARTESIAN_POINT('Ctrl Pts',(0.460196281728827,0.598425196850394,
-5.9822060587473));
#10579=CARTESIAN_POINT('Ctrl Pts',(0.453416128098554,0.62992125984252,-5.99179420343891));
#10580=CARTESIAN_POINT('Ctrl Pts',(0.453416128098554,0.598425196850394,
-5.99179420343891));
#10581=CARTESIAN_POINT('Ctrl Pts',(0.450256268958035,0.62992125984252,-5.99626271378492));
#10582=CARTESIAN_POINT('Ctrl Pts',(0.450256268958035,0.598425196850394,
-5.99626271378492));
#10583=CARTESIAN_POINT('',(0.461071440359852,0.62992125984252,-5.96414976278504));
#10584=CARTESIAN_POINT('Ctrl Pts',(0.461071440359852,0.62992125984252,-5.96414976278504));
#10585=CARTESIAN_POINT('Ctrl Pts',(0.460766806181305,0.62992125984252,-5.97043498319316));
#10586=CARTESIAN_POINT('Ctrl Pts',(0.460196281728827,0.62992125984252,-5.9822060587473));
#10587=CARTESIAN_POINT('Ctrl Pts',(0.453416128098554,0.62992125984252,-5.99179420343891));
#10588=CARTESIAN_POINT('Ctrl Pts',(0.450256268958035,0.62992125984252,-5.99626271378492));
#10589=CARTESIAN_POINT('',(0.461071440359852,0.598425196850394,-5.96414976278504));
#10590=CARTESIAN_POINT('',(0.461071440359852,0.62992125984252,-5.96414976278504));
#10591=CARTESIAN_POINT('Ctrl Pts',(0.461071440359852,0.598425196850394,
-5.96414976278504));
#10592=CARTESIAN_POINT('Ctrl Pts',(0.460766806181305,0.598425196850394,
-5.97043498319316));
#10593=CARTESIAN_POINT('Ctrl Pts',(0.460196281728827,0.598425196850394,
-5.9822060587473));
#10594=CARTESIAN_POINT('Ctrl Pts',(0.453416128098554,0.598425196850394,
-5.99179420343891));
#10595=CARTESIAN_POINT('Ctrl Pts',(0.450256268958035,0.598425196850394,
-5.99626271378492));
#10596=CARTESIAN_POINT('Ctrl Pts',(0.449996630544622,0.62992125984252,-5.93060153368466));
#10597=CARTESIAN_POINT('Ctrl Pts',(0.449996630544622,0.598425196850394,
-5.93060153368466));
#10598=CARTESIAN_POINT('Ctrl Pts',(0.453213071063997,0.62992125984252,-5.93529610550264));
#10599=CARTESIAN_POINT('Ctrl Pts',(0.453213071063997,0.598425196850394,
-5.93529610550264));
#10600=CARTESIAN_POINT('Ctrl Pts',(0.460116859176734,0.62992125984252,-5.94537256390942));
#10601=CARTESIAN_POINT('Ctrl Pts',(0.460116859176734,0.598425196850394,
-5.94537256390942));
#10602=CARTESIAN_POINT('Ctrl Pts',(0.460739098982504,0.62992125984252,-5.95761240352486));
#10603=CARTESIAN_POINT('Ctrl Pts',(0.460739098982504,0.598425196850394,
-5.95761240352486));
#10604=CARTESIAN_POINT('Ctrl Pts',(0.461071440359852,0.62992125984252,-5.96414976278504));
#10605=CARTESIAN_POINT('Ctrl Pts',(0.461071440359852,0.598425196850394,
-5.96414976278504));
#10606=CARTESIAN_POINT('',(0.449996630544622,0.62992125984252,-5.93060153368466));
#10607=CARTESIAN_POINT('Ctrl Pts',(0.449996630544622,0.62992125984252,-5.93060153368466));
#10608=CARTESIAN_POINT('Ctrl Pts',(0.453213071063997,0.62992125984252,-5.93529610550264));
#10609=CARTESIAN_POINT('Ctrl Pts',(0.460116859176734,0.62992125984252,-5.94537256390942));
#10610=CARTESIAN_POINT('Ctrl Pts',(0.460739098982504,0.62992125984252,-5.95761240352486));
#10611=CARTESIAN_POINT('Ctrl Pts',(0.461071440359852,0.62992125984252,-5.96414976278504));
#10612=CARTESIAN_POINT('',(0.449996630544622,0.598425196850394,-5.93060153368466));
#10613=CARTESIAN_POINT('',(0.449996630544622,0.62992125984252,-5.93060153368466));
#10614=CARTESIAN_POINT('Ctrl Pts',(0.449996630544622,0.598425196850394,
-5.93060153368466));
#10615=CARTESIAN_POINT('Ctrl Pts',(0.453213071063997,0.598425196850394,
-5.93529610550264));
#10616=CARTESIAN_POINT('Ctrl Pts',(0.460116859176734,0.598425196850394,
-5.94537256390942));
#10617=CARTESIAN_POINT('Ctrl Pts',(0.460739098982504,0.598425196850394,
-5.95761240352486));
#10618=CARTESIAN_POINT('Ctrl Pts',(0.461071440359852,0.598425196850394,
-5.96414976278504));
#10619=CARTESIAN_POINT('Ctrl Pts',(0.423654779080054,0.62992125984252,-5.91829829579563));
#10620=CARTESIAN_POINT('Ctrl Pts',(0.423654779080054,0.598425196850394,
-5.91829829579563));
#10621=CARTESIAN_POINT('Ctrl Pts',(0.428618246965316,0.62992125984252,-5.91884788395811));
#10622=CARTESIAN_POINT('Ctrl Pts',(0.428618246965316,0.598425196850394,
-5.91884788395811));
#10623=CARTESIAN_POINT('Ctrl Pts',(0.438771216132372,0.62992125984252,-5.91997208820346));
#10624=CARTESIAN_POINT('Ctrl Pts',(0.438771216132372,0.598425196850394,
-5.91997208820346));
#10625=CARTESIAN_POINT('Ctrl Pts',(0.446199699491357,0.62992125984252,-5.92700618565167));
#10626=CARTESIAN_POINT('Ctrl Pts',(0.446199699491357,0.598425196850394,
-5.92700618565167));
#10627=CARTESIAN_POINT('Ctrl Pts',(0.449996630544622,0.62992125984252,-5.93060153368466));
#10628=CARTESIAN_POINT('Ctrl Pts',(0.449996630544622,0.598425196850394,
-5.93060153368466));
#10629=CARTESIAN_POINT('',(0.423654779080054,0.62992125984252,-5.91829829579563));
#10630=CARTESIAN_POINT('Ctrl Pts',(0.423654779080054,0.62992125984252,-5.91829829579563));
#10631=CARTESIAN_POINT('Ctrl Pts',(0.428618246965316,0.62992125984252,-5.91884788395811));
#10632=CARTESIAN_POINT('Ctrl Pts',(0.438771216132372,0.62992125984252,-5.91997208820346));
#10633=CARTESIAN_POINT('Ctrl Pts',(0.446199699491357,0.62992125984252,-5.92700618565167));
#10634=CARTESIAN_POINT('Ctrl Pts',(0.449996630544622,0.62992125984252,-5.93060153368466));
#10635=CARTESIAN_POINT('',(0.423654779080054,0.598425196850394,-5.91829829579563));
#10636=CARTESIAN_POINT('',(0.423654779080054,0.62992125984252,-5.91829829579563));
#10637=CARTESIAN_POINT('Ctrl Pts',(0.423654779080054,0.598425196850394,
-5.91829829579563));
#10638=CARTESIAN_POINT('Ctrl Pts',(0.428618246965316,0.598425196850394,
-5.91884788395811));
#10639=CARTESIAN_POINT('Ctrl Pts',(0.438771216132372,0.598425196850394,
-5.91997208820346));
#10640=CARTESIAN_POINT('Ctrl Pts',(0.446199699491357,0.598425196850394,
-5.92700618565167));
#10641=CARTESIAN_POINT('Ctrl Pts',(0.449996630544622,0.598425196850394,
-5.93060153368466));
#10642=CARTESIAN_POINT('Ctrl Pts',(0.403658787677211,0.62992125984252,-5.92424468867804));
#10643=CARTESIAN_POINT('Ctrl Pts',(0.403658787677211,0.598425196850394,
-5.92424468867804));
#10644=CARTESIAN_POINT('Ctrl Pts',(0.406839755335807,0.62992125984252,-5.92251555962401));
#10645=CARTESIAN_POINT('Ctrl Pts',(0.406839755335807,0.598425196850394,
-5.92251555962401));
#10646=CARTESIAN_POINT('Ctrl Pts',(0.41308839760055,0.62992125984252,-5.91911888601778));
#10647=CARTESIAN_POINT('Ctrl Pts',(0.41308839760055,0.598425196850394,-5.91911888601778));
#10648=CARTESIAN_POINT('Ctrl Pts',(0.420175483496536,0.62992125984252,-5.91856849954905));
#10649=CARTESIAN_POINT('Ctrl Pts',(0.420175483496536,0.598425196850394,
-5.91856849954905));
#10650=CARTESIAN_POINT('Ctrl Pts',(0.423654779080054,0.62992125984252,-5.91829829579563));
#10651=CARTESIAN_POINT('Ctrl Pts',(0.423654779080054,0.598425196850394,
-5.91829829579563));
#10652=CARTESIAN_POINT('',(0.403658787677211,0.62992125984252,-5.92424468867804));
#10653=CARTESIAN_POINT('Ctrl Pts',(0.403658787677211,0.62992125984252,-5.92424468867804));
#10654=CARTESIAN_POINT('Ctrl Pts',(0.406839755335807,0.62992125984252,-5.92251555962401));
#10655=CARTESIAN_POINT('Ctrl Pts',(0.41308839760055,0.62992125984252,-5.91911888601778));
#10656=CARTESIAN_POINT('Ctrl Pts',(0.420175483496536,0.62992125984252,-5.91856849954905));
#10657=CARTESIAN_POINT('Ctrl Pts',(0.423654779080054,0.62992125984252,-5.91829829579563));
#10658=CARTESIAN_POINT('',(0.403658787677211,0.598425196850394,-5.92424468867804));
#10659=CARTESIAN_POINT('',(0.403658787677211,0.62992125984252,-5.92424468867804));
#10660=CARTESIAN_POINT('Ctrl Pts',(0.403658787677211,0.598425196850394,
-5.92424468867804));
#10661=CARTESIAN_POINT('Ctrl Pts',(0.406839755335807,0.598425196850394,
-5.92251555962401));
#10662=CARTESIAN_POINT('Ctrl Pts',(0.41308839760055,0.598425196850394,-5.91911888601778));
#10663=CARTESIAN_POINT('Ctrl Pts',(0.420175483496536,0.598425196850394,
-5.91856849954905));
#10664=CARTESIAN_POINT('Ctrl Pts',(0.423654779080054,0.598425196850394,
-5.91829829579563));
#10665=CARTESIAN_POINT('Ctrl Pts',(0.388787367669399,0.62992125984252,-5.94172915526354));
#10666=CARTESIAN_POINT('Ctrl Pts',(0.388787367669399,0.598425196850394,
-5.94172915526354));
#10667=CARTESIAN_POINT('Ctrl Pts',(0.390695012658948,0.62992125984252,-5.93817667128106));
#10668=CARTESIAN_POINT('Ctrl Pts',(0.390695012658948,0.598425196850394,
-5.93817667128106));
#10669=CARTESIAN_POINT('Ctrl Pts',(0.394401057752647,0.62992125984252,-5.93127514300624));
#10670=CARTESIAN_POINT('Ctrl Pts',(0.394401057752647,0.598425196850394,
-5.93127514300624));
#10671=CARTESIAN_POINT('Ctrl Pts',(0.400634122726957,0.62992125984252,-5.92654166309446));
#10672=CARTESIAN_POINT('Ctrl Pts',(0.400634122726957,0.598425196850394,
-5.92654166309446));
#10673=CARTESIAN_POINT('Ctrl Pts',(0.403658787677211,0.62992125984252,-5.92424468867804));
#10674=CARTESIAN_POINT('Ctrl Pts',(0.403658787677211,0.598425196850394,
-5.92424468867804));
#10675=CARTESIAN_POINT('',(0.388787367669399,0.62992125984252,-5.94172915526354));
#10676=CARTESIAN_POINT('Ctrl Pts',(0.388787367669399,0.62992125984252,-5.94172915526354));
#10677=CARTESIAN_POINT('Ctrl Pts',(0.390695012658948,0.62992125984252,-5.93817667128106));
#10678=CARTESIAN_POINT('Ctrl Pts',(0.394401057752647,0.62992125984252,-5.93127514300624));
#10679=CARTESIAN_POINT('Ctrl Pts',(0.400634122726957,0.62992125984252,-5.92654166309446));
#10680=CARTESIAN_POINT('Ctrl Pts',(0.403658787677211,0.62992125984252,-5.92424468867804));
#10681=CARTESIAN_POINT('',(0.388787367669399,0.598425196850394,-5.94172915526354));
#10682=CARTESIAN_POINT('',(0.388787367669399,0.62992125984252,-5.94172915526354));
#10683=CARTESIAN_POINT('Ctrl Pts',(0.388787367669399,0.598425196850394,
-5.94172915526354));
#10684=CARTESIAN_POINT('Ctrl Pts',(0.390695012658948,0.598425196850394,
-5.93817667128106));
#10685=CARTESIAN_POINT('Ctrl Pts',(0.394401057752647,0.598425196850394,
-5.93127514300624));
#10686=CARTESIAN_POINT('Ctrl Pts',(0.400634122726957,0.598425196850394,
-5.92654166309446));
#10687=CARTESIAN_POINT('Ctrl Pts',(0.403658787677211,0.598425196850394,
-5.92424468867804));
#10688=CARTESIAN_POINT('Ctrl Pts',(0.383596202902425,0.62992125984252,-5.96564043180203));
#10689=CARTESIAN_POINT('Ctrl Pts',(0.383596202902425,0.598425196850394,
-5.96564043180203));
#10690=CARTESIAN_POINT('Ctrl Pts',(0.383807785762285,0.62992125984252,-5.96151944502854));
#10691=CARTESIAN_POINT('Ctrl Pts',(0.383807785762285,0.598425196850394,
-5.96151944502854));
#10692=CARTESIAN_POINT('Ctrl Pts',(0.384231562626895,0.62992125984252,-5.95326556824894));
#10693=CARTESIAN_POINT('Ctrl Pts',(0.384231562626895,0.598425196850394,
-5.95326556824894));
#10694=CARTESIAN_POINT('Ctrl Pts',(0.387267306667549,0.62992125984252,-5.94557832161652));
#10695=CARTESIAN_POINT('Ctrl Pts',(0.387267306667549,0.598425196850394,
-5.94557832161652));
#10696=CARTESIAN_POINT('Ctrl Pts',(0.388787367669399,0.62992125984252,-5.94172915526354));
#10697=CARTESIAN_POINT('Ctrl Pts',(0.388787367669399,0.598425196850394,
-5.94172915526354));
#10698=CARTESIAN_POINT('',(0.383596202902425,0.62992125984252,-5.96564043180203));
#10699=CARTESIAN_POINT('Ctrl Pts',(0.383596202902425,0.62992125984252,-5.96564043180203));
#10700=CARTESIAN_POINT('Ctrl Pts',(0.383807785762285,0.62992125984252,-5.96151944502854));
#10701=CARTESIAN_POINT('Ctrl Pts',(0.384231562626895,0.62992125984252,-5.95326556824894));
#10702=CARTESIAN_POINT('Ctrl Pts',(0.387267306667549,0.62992125984252,-5.94557832161652));
#10703=CARTESIAN_POINT('Ctrl Pts',(0.388787367669399,0.62992125984252,-5.94172915526354));
#10704=CARTESIAN_POINT('',(0.383596202902425,0.598425196850394,-5.96564043180203));
#10705=CARTESIAN_POINT('',(0.383596202902425,0.62992125984252,-5.96564043180203));
#10706=CARTESIAN_POINT('Ctrl Pts',(0.383596202902425,0.598425196850394,
-5.96564043180203));
#10707=CARTESIAN_POINT('Ctrl Pts',(0.383807785762285,0.598425196850394,
-5.96151944502854));
#10708=CARTESIAN_POINT('Ctrl Pts',(0.384231562626895,0.598425196850394,
-5.95326556824894));
#10709=CARTESIAN_POINT('Ctrl Pts',(0.387267306667549,0.598425196850394,
-5.94557832161652));
#10710=CARTESIAN_POINT('Ctrl Pts',(0.388787367669399,0.598425196850394,
-5.94172915526354));
#10711=CARTESIAN_POINT('Ctrl Pts',(0.395068452412852,0.62992125984252,-5.9963680809936));
#10712=CARTESIAN_POINT('Ctrl Pts',(0.395068452412852,0.598425196850394,
-5.9963680809936));
#10713=CARTESIAN_POINT('Ctrl Pts',(0.391732944673998,0.62992125984252,-5.99204559308213));
#10714=CARTESIAN_POINT('Ctrl Pts',(0.391732944673998,0.598425196850394,
-5.99204559308213));
#10715=CARTESIAN_POINT('Ctrl Pts',(0.384760518909094,0.62992125984252,-5.98301001935781));
#10716=CARTESIAN_POINT('Ctrl Pts',(0.384760518909094,0.598425196850394,
-5.98301001935781));
#10717=CARTESIAN_POINT('Ctrl Pts',(0.383995334267767,0.62992125984252,-5.97159478367632));
#10718=CARTESIAN_POINT('Ctrl Pts',(0.383995334267767,0.598425196850394,
-5.97159478367632));
#10719=CARTESIAN_POINT('Ctrl Pts',(0.383596202902425,0.62992125984252,-5.96564043180203));
#10720=CARTESIAN_POINT('Ctrl Pts',(0.383596202902425,0.598425196850394,
-5.96564043180203));
#10721=CARTESIAN_POINT('Ctrl Pts',(0.395068452412852,0.62992125984252,-5.9963680809936));
#10722=CARTESIAN_POINT('Ctrl Pts',(0.391732944673998,0.62992125984252,-5.99204559308213));
#10723=CARTESIAN_POINT('Ctrl Pts',(0.384760518909094,0.62992125984252,-5.98301001935781));
#10724=CARTESIAN_POINT('Ctrl Pts',(0.383995334267767,0.62992125984252,-5.97159478367632));
#10725=CARTESIAN_POINT('Ctrl Pts',(0.383596202902425,0.62992125984252,-5.96564043180203));
#10726=CARTESIAN_POINT('Ctrl Pts',(0.395068452412852,0.598425196850394,
-5.9963680809936));
#10727=CARTESIAN_POINT('Ctrl Pts',(0.391732944673998,0.598425196850394,
-5.99204559308213));
#10728=CARTESIAN_POINT('Ctrl Pts',(0.384760518909094,0.598425196850394,
-5.98301001935781));
#10729=CARTESIAN_POINT('Ctrl Pts',(0.383995334267767,0.598425196850394,
-5.97159478367632));
#10730=CARTESIAN_POINT('Ctrl Pts',(0.383596202902425,0.598425196850394,
-5.96564043180203));
#10731=CARTESIAN_POINT('Ctrl Pts',(0.426686155859133,0.62992125984252,-6.09943280868341));
#10732=CARTESIAN_POINT('Ctrl Pts',(0.426686155859133,0.598425196850394,
-6.09943280868341));
#10733=CARTESIAN_POINT('Ctrl Pts',(0.433952113673111,0.62992125984252,-6.09898191575357));
#10734=CARTESIAN_POINT('Ctrl Pts',(0.433952113673111,0.598425196850394,
-6.09898191575357));
#10735=CARTESIAN_POINT('Ctrl Pts',(0.447852414026897,0.62992125984252,-6.09811932512027));
#10736=CARTESIAN_POINT('Ctrl Pts',(0.447852414026897,0.598425196850394,
-6.09811932512027));
#10737=CARTESIAN_POINT('Ctrl Pts',(0.459230925527097,0.62992125984252,-6.09014254718395));
#10738=CARTESIAN_POINT('Ctrl Pts',(0.459230925527097,0.598425196850394,
-6.09014254718395));
#10739=CARTESIAN_POINT('Ctrl Pts',(0.46466166737901,0.62992125984252,-6.08633538648623));
#10740=CARTESIAN_POINT('Ctrl Pts',(0.46466166737901,0.598425196850394,-6.08633538648623));
#10741=CARTESIAN_POINT('',(0.426686155859133,0.598425196850394,-6.09943280868341));
#10742=CARTESIAN_POINT('',(0.426686155859133,0.62992125984252,-6.09943280868341));
#10743=CARTESIAN_POINT('',(0.46466166737901,0.598425196850394,-6.08633538648623));
#10744=CARTESIAN_POINT('Ctrl Pts',(0.426686155859133,0.598425196850394,
-6.09943280868341));
#10745=CARTESIAN_POINT('Ctrl Pts',(0.433952113673111,0.598425196850394,
-6.09898191575357));
#10746=CARTESIAN_POINT('Ctrl Pts',(0.447852414026897,0.598425196850394,
-6.09811932512027));
#10747=CARTESIAN_POINT('Ctrl Pts',(0.459230925527097,0.598425196850394,
-6.09014254718395));
#10748=CARTESIAN_POINT('Ctrl Pts',(0.46466166737901,0.598425196850394,-6.08633538648623));
#10749=CARTESIAN_POINT('',(0.46466166737901,0.62992125984252,-6.08633538648623));
#10750=CARTESIAN_POINT('Ctrl Pts',(0.377094867659087,0.62992125984252,-6.0769688750166));
#10751=CARTESIAN_POINT('Ctrl Pts',(0.377094867659087,0.598425196850394,
-6.0769688750166));
#10752=CARTESIAN_POINT('Ctrl Pts',(0.383869522940071,0.62992125984252,-6.08353481757587));
#10753=CARTESIAN_POINT('Ctrl Pts',(0.383869522940071,0.598425196850394,
-6.08353481757587));
#10754=CARTESIAN_POINT('Ctrl Pts',(0.397690714128551,0.62992125984252,-6.09693020725702));
#10755=CARTESIAN_POINT('Ctrl Pts',(0.397690714128551,0.598425196850394,
-6.09693020725702));
#10756=CARTESIAN_POINT('Ctrl Pts',(0.416895083723267,0.62992125984252,-6.09858773960942));
#10757=CARTESIAN_POINT('Ctrl Pts',(0.416895083723267,0.598425196850394,
-6.09858773960942));
#10758=CARTESIAN_POINT('Ctrl Pts',(0.426686155859133,0.62992125984252,-6.09943280868341));
#10759=CARTESIAN_POINT('Ctrl Pts',(0.426686155859133,0.598425196850394,
-6.09943280868341));
#10760=CARTESIAN_POINT('',(0.377094867659087,0.598425196850394,-6.0769688750166));
#10761=CARTESIAN_POINT('',(0.377094867659087,0.62992125984252,-6.0769688750166));
#10762=CARTESIAN_POINT('Ctrl Pts',(0.377094867659087,0.598425196850394,
-6.0769688750166));
#10763=CARTESIAN_POINT('Ctrl Pts',(0.383869522940071,0.598425196850394,
-6.08353481757587));
#10764=CARTESIAN_POINT('Ctrl Pts',(0.397690714128551,0.598425196850394,
-6.09693020725702));
#10765=CARTESIAN_POINT('Ctrl Pts',(0.416895083723267,0.598425196850394,
-6.09858773960942));
#10766=CARTESIAN_POINT('Ctrl Pts',(0.426686155859133,0.598425196850394,
-6.09943280868341));
#10767=CARTESIAN_POINT('Ctrl Pts',(0.355854953126458,0.62992125984252,-5.99402595305742));
#10768=CARTESIAN_POINT('Ctrl Pts',(0.355854953126458,0.598425196850394,
-5.99402595305742));
#10769=CARTESIAN_POINT('Ctrl Pts',(0.356142176855611,0.62992125984252,-6.01087182559429));
#10770=CARTESIAN_POINT('Ctrl Pts',(0.356142176855611,0.598425196850394,
-6.01087182559429));
#10771=CARTESIAN_POINT('Ctrl Pts',(0.356645151196718,0.62992125984252,-6.04037162237139));
#10772=CARTESIAN_POINT('Ctrl Pts',(0.356645151196718,0.598425196850394,
-6.04037162237139));
#10773=CARTESIAN_POINT('Ctrl Pts',(0.370956164915795,0.62992125984252,-6.06598292048644));
#10774=CARTESIAN_POINT('Ctrl Pts',(0.370956164915795,0.598425196850394,
-6.06598292048644));
#10775=CARTESIAN_POINT('Ctrl Pts',(0.377094867659087,0.62992125984252,-6.0769688750166));
#10776=CARTESIAN_POINT('Ctrl Pts',(0.377094867659087,0.598425196850394,
-6.0769688750166));
#10777=CARTESIAN_POINT('',(0.355854953126458,0.598425196850394,-5.99402595305742));
#10778=CARTESIAN_POINT('',(0.355854953126458,0.62992125984252,-5.99402595305742));
#10779=CARTESIAN_POINT('Ctrl Pts',(0.355854953126458,0.598425196850394,
-5.99402595305742));
#10780=CARTESIAN_POINT('Ctrl Pts',(0.356142176855611,0.598425196850394,
-6.01087182559429));
#10781=CARTESIAN_POINT('Ctrl Pts',(0.356645151196718,0.598425196850394,
-6.04037162237139));
#10782=CARTESIAN_POINT('Ctrl Pts',(0.370956164915795,0.598425196850394,
-6.06598292048644));
#10783=CARTESIAN_POINT('Ctrl Pts',(0.377094867659087,0.598425196850394,
-6.0769688750166));
#10784=CARTESIAN_POINT('Ctrl Pts',(0.374782314791393,0.62992125984252,-5.92067432668993));
#10785=CARTESIAN_POINT('Ctrl Pts',(0.374782314791393,0.598425196850394,
-5.92067432668993));
#10786=CARTESIAN_POINT('Ctrl Pts',(0.369269483199678,0.62992125984252,-5.93028968041051));
#10787=CARTESIAN_POINT('Ctrl Pts',(0.369269483199678,0.598425196850394,
-5.93028968041051));
#10788=CARTESIAN_POINT('Ctrl Pts',(0.356335531743881,0.62992125984252,-5.95284878024574));
#10789=CARTESIAN_POINT('Ctrl Pts',(0.356335531743881,0.598425196850394,
-5.95284878024574));
#10790=CARTESIAN_POINT('Ctrl Pts',(0.356030164083372,0.62992125984252,-5.97901344190984));
#10791=CARTESIAN_POINT('Ctrl Pts',(0.356030164083372,0.598425196850394,
-5.97901344190984));
#10792=CARTESIAN_POINT('Ctrl Pts',(0.355854953126458,0.62992125984252,-5.99402595305742));
#10793=CARTESIAN_POINT('Ctrl Pts',(0.355854953126458,0.598425196850394,
-5.99402595305742));
#10794=CARTESIAN_POINT('',(0.374782314791393,0.598425196850394,-5.92067432668993));
#10795=CARTESIAN_POINT('',(0.374782314791393,0.62992125984252,-5.92067432668993));
#10796=CARTESIAN_POINT('Ctrl Pts',(0.374782314791393,0.598425196850394,
-5.92067432668993));
#10797=CARTESIAN_POINT('Ctrl Pts',(0.369269483199678,0.598425196850394,
-5.93028968041051));
#10798=CARTESIAN_POINT('Ctrl Pts',(0.356335531743881,0.598425196850394,
-5.95284878024574));
#10799=CARTESIAN_POINT('Ctrl Pts',(0.356030164083372,0.598425196850394,
-5.97901344190984));
#10800=CARTESIAN_POINT('Ctrl Pts',(0.355854953126458,0.598425196850394,
-5.99402595305742));
#10801=CARTESIAN_POINT('Ctrl Pts',(0.424019660019513,0.62992125984252,-5.89842452956838));
#10802=CARTESIAN_POINT('Ctrl Pts',(0.424019660019513,0.598425196850394,
-5.89842452956838));
#10803=CARTESIAN_POINT('Ctrl Pts',(0.414445791540834,0.62992125984252,-5.89933040619304));
#10804=CARTESIAN_POINT('Ctrl Pts',(0.414445791540834,0.598425196850394,
-5.89933040619304));
#10805=CARTESIAN_POINT('Ctrl Pts',(0.395478125230836,0.62992125984252,-5.90112512121057));
#10806=CARTESIAN_POINT('Ctrl Pts',(0.395478125230836,0.598425196850394,
-5.90112512121057));
#10807=CARTESIAN_POINT('Ctrl Pts',(0.381637118134927,0.62992125984252,-5.91419929835144));
#10808=CARTESIAN_POINT('Ctrl Pts',(0.381637118134927,0.598425196850394,
-5.91419929835144));
#10809=CARTESIAN_POINT('Ctrl Pts',(0.374782314791393,0.62992125984252,-5.92067432668993));
#10810=CARTESIAN_POINT('Ctrl Pts',(0.374782314791393,0.598425196850394,
-5.92067432668993));
#10811=CARTESIAN_POINT('',(0.424019660019513,0.598425196850394,-5.89842452956838));
#10812=CARTESIAN_POINT('',(0.424019660019513,0.62992125984252,-5.89842452956838));
#10813=CARTESIAN_POINT('Ctrl Pts',(0.424019660019513,0.598425196850394,
-5.89842452956838));
#10814=CARTESIAN_POINT('Ctrl Pts',(0.414445791540834,0.598425196850394,
-5.89933040619304));
#10815=CARTESIAN_POINT('Ctrl Pts',(0.395478125230836,0.598425196850394,
-5.90112512121057));
#10816=CARTESIAN_POINT('Ctrl Pts',(0.381637118134927,0.598425196850394,
-5.91419929835144));
#10817=CARTESIAN_POINT('Ctrl Pts',(0.374782314791393,0.598425196850394,
-5.92067432668993));
#10818=CARTESIAN_POINT('Ctrl Pts',(0.455725172979497,0.62992125984252,-5.90682348265294));
#10819=CARTESIAN_POINT('Ctrl Pts',(0.455725172979497,0.598425196850394,
-5.90682348265294));
#10820=CARTESIAN_POINT('Ctrl Pts',(0.450847361838601,0.62992125984252,-5.90436577868404));
#10821=CARTESIAN_POINT('Ctrl Pts',(0.450847361838601,0.598425196850394,
-5.90436577868404));
#10822=CARTESIAN_POINT('Ctrl Pts',(0.440875414059039,0.62992125984252,-5.89934137430929));
#10823=CARTESIAN_POINT('Ctrl Pts',(0.440875414059039,0.598425196850394,
-5.89934137430929));
#10824=CARTESIAN_POINT('Ctrl Pts',(0.429718918821037,0.62992125984252,-5.898734532636));
#10825=CARTESIAN_POINT('Ctrl Pts',(0.429718918821037,0.598425196850394,
-5.898734532636));
#10826=CARTESIAN_POINT('Ctrl Pts',(0.424019660019513,0.62992125984252,-5.89842452956838));
#10827=CARTESIAN_POINT('Ctrl Pts',(0.424019660019513,0.598425196850394,
-5.89842452956838));
#10828=CARTESIAN_POINT('',(0.455725172979497,0.598425196850394,-5.90682348265294));
#10829=CARTESIAN_POINT('',(0.455725172979497,0.62992125984252,-5.90682348265294));
#10830=CARTESIAN_POINT('Ctrl Pts',(0.455725172979497,0.598425196850394,
-5.90682348265294));
#10831=CARTESIAN_POINT('Ctrl Pts',(0.450847361838601,0.598425196850394,
-5.90436577868404));
#10832=CARTESIAN_POINT('Ctrl Pts',(0.440875414059039,0.598425196850394,
-5.89934137430929));
#10833=CARTESIAN_POINT('Ctrl Pts',(0.429718918821037,0.598425196850394,
-5.898734532636));
#10834=CARTESIAN_POINT('Ctrl Pts',(0.424019660019513,0.598425196850394,
-5.89842452956838));
#10835=CARTESIAN_POINT('Ctrl Pts',(0.477658713238648,0.62992125984252,-5.93108581975944));
#10836=CARTESIAN_POINT('Ctrl Pts',(0.477658713238648,0.598425196850394,
-5.93108581975944));
#10837=CARTESIAN_POINT('Ctrl Pts',(0.474809055115971,0.62992125984252,-5.92614954482638));
#10838=CARTESIAN_POINT('Ctrl Pts',(0.474809055115971,0.598425196850394,
-5.92614954482638));
#10839=CARTESIAN_POINT('Ctrl Pts',(0.469230403283739,0.62992125984252,-5.9164860139696));
#10840=CARTESIAN_POINT('Ctrl Pts',(0.469230403283739,0.598425196850394,
-5.9164860139696));
#10841=CARTESIAN_POINT('Ctrl Pts',(0.460161530833354,0.62992125984252,-5.9099975452738));
#10842=CARTESIAN_POINT('Ctrl Pts',(0.460161530833354,0.598425196850394,
-5.9099975452738));
#10843=CARTESIAN_POINT('Ctrl Pts',(0.455725172979497,0.62992125984252,-5.90682348265294));
#10844=CARTESIAN_POINT('Ctrl Pts',(0.455725172979497,0.598425196850394,
-5.90682348265294));
#10845=CARTESIAN_POINT('',(0.477658713238648,0.598425196850394,-5.93108581975944));
#10846=CARTESIAN_POINT('',(0.477658713238648,0.62992125984252,-5.93108581975944));
#10847=CARTESIAN_POINT('Ctrl Pts',(0.477658713238648,0.598425196850394,
-5.93108581975944));
#10848=CARTESIAN_POINT('Ctrl Pts',(0.474809055115971,0.598425196850394,
-5.92614954482638));
#10849=CARTESIAN_POINT('Ctrl Pts',(0.469230403283739,0.598425196850394,
-5.9164860139696));
#10850=CARTESIAN_POINT('Ctrl Pts',(0.460161530833354,0.598425196850394,
-5.9099975452738));
#10851=CARTESIAN_POINT('Ctrl Pts',(0.455725172979497,0.598425196850394,
-5.90682348265294));
#10852=CARTESIAN_POINT('Ctrl Pts',(0.48578123230645,0.62992125984252,-5.96557961023569));
#10853=CARTESIAN_POINT('Ctrl Pts',(0.48578123230645,0.598425196850394,-5.96557961023569));
#10854=CARTESIAN_POINT('Ctrl Pts',(0.485446357108323,0.62992125984252,-5.95953443498014));
#10855=CARTESIAN_POINT('Ctrl Pts',(0.485446357108323,0.598425196850394,
-5.95953443498014));
#10856=CARTESIAN_POINT('Ctrl Pts',(0.484782635105545,0.62992125984252,-5.94755290917532));
#10857=CARTESIAN_POINT('Ctrl Pts',(0.484782635105545,0.598425196850394,
-5.94755290917532));
#10858=CARTESIAN_POINT('Ctrl Pts',(0.480018931416949,0.62992125984252,-5.93654151179386));
#10859=CARTESIAN_POINT('Ctrl Pts',(0.480018931416949,0.598425196850394,
-5.93654151179386));
#10860=CARTESIAN_POINT('Ctrl Pts',(0.477658713238648,0.62992125984252,-5.93108581975944));
#10861=CARTESIAN_POINT('Ctrl Pts',(0.477658713238648,0.598425196850394,
-5.93108581975944));
#10862=CARTESIAN_POINT('',(0.48578123230645,0.598425196850394,-5.96557961023569));
#10863=CARTESIAN_POINT('',(0.48578123230645,0.62992125984252,-5.96557961023569));
#10864=CARTESIAN_POINT('Ctrl Pts',(0.48578123230645,0.598425196850394,-5.96557961023569));
#10865=CARTESIAN_POINT('Ctrl Pts',(0.485446357108323,0.598425196850394,
-5.95953443498014));
#10866=CARTESIAN_POINT('Ctrl Pts',(0.484782635105545,0.598425196850394,
-5.94755290917532));
#10867=CARTESIAN_POINT('Ctrl Pts',(0.480018931416949,0.598425196850394,
-5.93654151179386));
#10868=CARTESIAN_POINT('Ctrl Pts',(0.477658713238648,0.598425196850394,
-5.93108581975944));
#10869=CARTESIAN_POINT('Ctrl Pts',(0.468815747376922,0.62992125984252,-6.01153492967604));
#10870=CARTESIAN_POINT('Ctrl Pts',(0.468815747376922,0.598425196850394,
-6.01153492967604));
#10871=CARTESIAN_POINT('Ctrl Pts',(0.473775165004274,0.62992125984252,-6.00501374475961));
#10872=CARTESIAN_POINT('Ctrl Pts',(0.473775165004274,0.598425196850394,
-6.00501374475961));
#10873=CARTESIAN_POINT('Ctrl Pts',(0.48408677967061,0.62992125984252,-5.99145490558154));
#10874=CARTESIAN_POINT('Ctrl Pts',(0.48408677967061,0.598425196850394,-5.99145490558154));
#10875=CARTESIAN_POINT('Ctrl Pts',(0.485202251624682,0.62992125984252,-5.97442098816708));
#10876=CARTESIAN_POINT('Ctrl Pts',(0.485202251624682,0.598425196850394,
-5.97442098816708));
#10877=CARTESIAN_POINT('Ctrl Pts',(0.48578123230645,0.62992125984252,-5.96557961023569));
#10878=CARTESIAN_POINT('Ctrl Pts',(0.48578123230645,0.598425196850394,-5.96557961023569));
#10879=CARTESIAN_POINT('',(0.468815747376922,0.598425196850394,-6.01153492967604));
#10880=CARTESIAN_POINT('',(0.468815747376922,0.62992125984252,-6.01153492967604));
#10881=CARTESIAN_POINT('Ctrl Pts',(0.468815747376922,0.598425196850394,
-6.01153492967604));
#10882=CARTESIAN_POINT('Ctrl Pts',(0.473775165004274,0.598425196850394,
-6.00501374475961));
#10883=CARTESIAN_POINT('Ctrl Pts',(0.48408677967061,0.598425196850394,-5.99145490558154));
#10884=CARTESIAN_POINT('Ctrl Pts',(0.485202251624682,0.598425196850394,
-5.97442098816708));
#10885=CARTESIAN_POINT('Ctrl Pts',(0.48578123230645,0.598425196850394,-5.96557961023569));
#10886=CARTESIAN_POINT('Ctrl Pts',(0.427761081862571,0.62992125984252,-6.02947221144206));
#10887=CARTESIAN_POINT('Ctrl Pts',(0.427761081862571,0.598425196850394,
-6.02947221144206));
#10888=CARTESIAN_POINT('Ctrl Pts',(0.43552807692286,0.62992125984252,-6.02869848717354));
#10889=CARTESIAN_POINT('Ctrl Pts',(0.43552807692286,0.598425196850394,-6.02869848717354));
#10890=CARTESIAN_POINT('Ctrl Pts',(0.451140143557445,0.62992125984252,-6.02714326089323));
#10891=CARTESIAN_POINT('Ctrl Pts',(0.451140143557445,0.598425196850394,
-6.02714326089323));
#10892=CARTESIAN_POINT('Ctrl Pts',(0.46290426849796,0.62992125984252,-6.01675502406538));
#10893=CARTESIAN_POINT('Ctrl Pts',(0.46290426849796,0.598425196850394,-6.01675502406538));
#10894=CARTESIAN_POINT('Ctrl Pts',(0.468815747376922,0.62992125984252,-6.01153492967604));
#10895=CARTESIAN_POINT('Ctrl Pts',(0.468815747376922,0.598425196850394,
-6.01153492967604));
#10896=CARTESIAN_POINT('',(0.427761081862571,0.598425196850394,-6.02947221144206));
#10897=CARTESIAN_POINT('',(0.427761081862571,0.62992125984252,-6.02947221144206));
#10898=CARTESIAN_POINT('Ctrl Pts',(0.427761081862571,0.598425196850394,
-6.02947221144206));
#10899=CARTESIAN_POINT('Ctrl Pts',(0.43552807692286,0.598425196850394,-6.02869848717354));
#10900=CARTESIAN_POINT('Ctrl Pts',(0.451140143557445,0.598425196850394,
-6.02714326089323));
#10901=CARTESIAN_POINT('Ctrl Pts',(0.46290426849796,0.598425196850394,-6.01675502406538));
#10902=CARTESIAN_POINT('Ctrl Pts',(0.468815747376922,0.598425196850394,
-6.01153492967604));
#10903=CARTESIAN_POINT('Ctrl Pts',(0.401296212621605,0.62992125984252,-6.02307740054093));
#10904=CARTESIAN_POINT('Ctrl Pts',(0.401296212621605,0.598425196850394,
-6.02307740054093));
#10905=CARTESIAN_POINT('Ctrl Pts',(0.40554264515043,0.62992125984252,-6.02494915576038));
#10906=CARTESIAN_POINT('Ctrl Pts',(0.40554264515043,0.598425196850394,-6.02494915576038));
#10907=CARTESIAN_POINT('Ctrl Pts',(0.413981785597782,0.62992125984252,-6.02866898530502));
#10908=CARTESIAN_POINT('Ctrl Pts',(0.413981785597782,0.598425196850394,
-6.02866898530502));
#10909=CARTESIAN_POINT('Ctrl Pts',(0.423187518050868,0.62992125984252,-6.0292056081321));
#10910=CARTESIAN_POINT('Ctrl Pts',(0.423187518050868,0.598425196850394,
-6.0292056081321));
#10911=CARTESIAN_POINT('Ctrl Pts',(0.427761081862571,0.62992125984252,-6.02947221144206));
#10912=CARTESIAN_POINT('Ctrl Pts',(0.427761081862571,0.598425196850394,
-6.02947221144206));
#10913=CARTESIAN_POINT('',(0.401296212621605,0.598425196850394,-6.02307740054093));
#10914=CARTESIAN_POINT('',(0.401296212621605,0.62992125984252,-6.02307740054093));
#10915=CARTESIAN_POINT('Ctrl Pts',(0.401296212621605,0.598425196850394,
-6.02307740054093));
#10916=CARTESIAN_POINT('Ctrl Pts',(0.40554264515043,0.598425196850394,-6.02494915576038));
#10917=CARTESIAN_POINT('Ctrl Pts',(0.413981785597782,0.598425196850394,
-6.02866898530502));
#10918=CARTESIAN_POINT('Ctrl Pts',(0.423187518050868,0.598425196850394,
-6.0292056081321));
#10919=CARTESIAN_POINT('Ctrl Pts',(0.427761081862571,0.598425196850394,
-6.02947221144206));
#10920=CARTESIAN_POINT('Ctrl Pts',(0.379908486729358,0.62992125984252,-6.00337944038725));
#10921=CARTESIAN_POINT('Ctrl Pts',(0.379908486729358,0.598425196850394,
-6.00337944038725));
#10922=CARTESIAN_POINT('Ctrl Pts',(0.382920625161257,0.62992125984252,-6.0074844517156));
#10923=CARTESIAN_POINT('Ctrl Pts',(0.382920625161257,0.598425196850394,
-6.0074844517156));
#10924=CARTESIAN_POINT('Ctrl Pts',(0.388768034691954,0.62992125984252,-6.01545343551488));
#10925=CARTESIAN_POINT('Ctrl Pts',(0.388768034691954,0.598425196850394,
-6.01545343551488));
#10926=CARTESIAN_POINT('Ctrl Pts',(0.397205220182717,0.62992125984252,-6.02058784591846));
#10927=CARTESIAN_POINT('Ctrl Pts',(0.397205220182717,0.598425196850394,
-6.02058784591846));
#10928=CARTESIAN_POINT('Ctrl Pts',(0.401296212621605,0.62992125984252,-6.02307740054093));
#10929=CARTESIAN_POINT('Ctrl Pts',(0.401296212621605,0.598425196850394,
-6.02307740054093));
#10930=CARTESIAN_POINT('',(0.379908486729358,0.598425196850394,-6.00337944038725));
#10931=CARTESIAN_POINT('',(0.379908486729358,0.62992125984252,-6.00337944038725));
#10932=CARTESIAN_POINT('Ctrl Pts',(0.379908486729358,0.598425196850394,
-6.00337944038725));
#10933=CARTESIAN_POINT('Ctrl Pts',(0.382920625161257,0.598425196850394,
-6.0074844517156));
#10934=CARTESIAN_POINT('Ctrl Pts',(0.388768034691954,0.598425196850394,
-6.01545343551488));
#10935=CARTESIAN_POINT('Ctrl Pts',(0.397205220182717,0.598425196850394,
-6.02058784591846));
#10936=CARTESIAN_POINT('Ctrl Pts',(0.401296212621605,0.598425196850394,
-6.02307740054093));
#10937=CARTESIAN_POINT('Ctrl Pts',(0.386843510859188,0.62992125984252,-6.04888627948983));
#10938=CARTESIAN_POINT('Ctrl Pts',(0.386843510859188,0.598425196850394,
-6.04888627948983));
#10939=CARTESIAN_POINT('Ctrl Pts',(0.384904819065544,0.62992125984252,-6.04247572320285));
#10940=CARTESIAN_POINT('Ctrl Pts',(0.384904819065544,0.598425196850394,
-6.04247572320285));
#10941=CARTESIAN_POINT('Ctrl Pts',(0.380425548941798,0.62992125984252,-6.02766438839088));
#10942=CARTESIAN_POINT('Ctrl Pts',(0.380425548941798,0.598425196850394,
-6.02766438839088));
#10943=CARTESIAN_POINT('Ctrl Pts',(0.380095618554336,0.62992125984252,-6.01216849232353));
#10944=CARTESIAN_POINT('Ctrl Pts',(0.380095618554336,0.598425196850394,
-6.01216849232353));
#10945=CARTESIAN_POINT('Ctrl Pts',(0.379908486729358,0.62992125984252,-6.00337944038725));
#10946=CARTESIAN_POINT('Ctrl Pts',(0.379908486729358,0.598425196850394,
-6.00337944038725));
#10947=CARTESIAN_POINT('',(0.386843510859188,0.598425196850394,-6.04888627948983));
#10948=CARTESIAN_POINT('',(0.386843510859188,0.62992125984252,-6.04888627948983));
#10949=CARTESIAN_POINT('Ctrl Pts',(0.386843510859188,0.598425196850394,
-6.04888627948983));
#10950=CARTESIAN_POINT('Ctrl Pts',(0.384904819065544,0.598425196850394,
-6.04247572320285));
#10951=CARTESIAN_POINT('Ctrl Pts',(0.380425548941798,0.598425196850394,
-6.02766438839088));
#10952=CARTESIAN_POINT('Ctrl Pts',(0.380095618554336,0.598425196850394,
-6.01216849232353));
#10953=CARTESIAN_POINT('Ctrl Pts',(0.379908486729358,0.598425196850394,
-6.00337944038725));
#10954=CARTESIAN_POINT('Ctrl Pts',(0.404883021066559,0.62992125984252,-6.07315605126403));
#10955=CARTESIAN_POINT('Ctrl Pts',(0.404883021066559,0.598425196850394,
-6.07315605126403));
#10956=CARTESIAN_POINT('Ctrl Pts',(0.401222477109666,0.62992125984252,-6.06994017221046));
#10957=CARTESIAN_POINT('Ctrl Pts',(0.401222477109666,0.598425196850394,
-6.06994017221046));
#10958=CARTESIAN_POINT('Ctrl Pts',(0.393490702134428,0.62992125984252,-6.06314761528925));
#10959=CARTESIAN_POINT('Ctrl Pts',(0.393490702134428,0.598425196850394,
-6.06314761528925));
#10960=CARTESIAN_POINT('Ctrl Pts',(0.389136337899972,0.62992125984252,-6.05380546640723));
#10961=CARTESIAN_POINT('Ctrl Pts',(0.389136337899972,0.598425196850394,
-6.05380546640723));
#10962=CARTESIAN_POINT('Ctrl Pts',(0.386843510859188,0.62992125984252,-6.04888627948983));
#10963=CARTESIAN_POINT('Ctrl Pts',(0.386843510859188,0.598425196850394,
-6.04888627948983));
#10964=CARTESIAN_POINT('',(0.404883021066559,0.598425196850394,-6.07315605126403));
#10965=CARTESIAN_POINT('',(0.404883021066559,0.62992125984252,-6.07315605126403));
#10966=CARTESIAN_POINT('Ctrl Pts',(0.404883021066559,0.598425196850394,
-6.07315605126403));
#10967=CARTESIAN_POINT('Ctrl Pts',(0.401222477109666,0.598425196850394,
-6.06994017221046));
#10968=CARTESIAN_POINT('Ctrl Pts',(0.393490702134428,0.598425196850394,
-6.06314761528925));
#10969=CARTESIAN_POINT('Ctrl Pts',(0.389136337899972,0.598425196850394,
-6.05380546640723));
#10970=CARTESIAN_POINT('Ctrl Pts',(0.386843510859188,0.598425196850394,
-6.04888627948983));
#10971=CARTESIAN_POINT('Ctrl Pts',(0.425171147274917,0.62992125984252,-6.0795626316308));
#10972=CARTESIAN_POINT('Ctrl Pts',(0.425171147274917,0.598425196850394,
-6.0795626316308));
#10973=CARTESIAN_POINT('Ctrl Pts',(0.421464250742456,0.62992125984252,-6.07931968075854));
#10974=CARTESIAN_POINT('Ctrl Pts',(0.421464250742456,0.598425196850394,
-6.07931968075854));
#10975=CARTESIAN_POINT('Ctrl Pts',(0.414173041323848,0.62992125984252,-6.07884181317509));
#10976=CARTESIAN_POINT('Ctrl Pts',(0.414173041323848,0.598425196850394,
-6.07884181317509));
#10977=CARTESIAN_POINT('Ctrl Pts',(0.407944790275216,0.62992125984252,-6.07502994284499));
#10978=CARTESIAN_POINT('Ctrl Pts',(0.407944790275216,0.598425196850394,
-6.07502994284499));
#10979=CARTESIAN_POINT('Ctrl Pts',(0.404883021066559,0.62992125984252,-6.07315605126403));
#10980=CARTESIAN_POINT('Ctrl Pts',(0.404883021066559,0.598425196850394,
-6.07315605126403));
#10981=CARTESIAN_POINT('',(0.425171147274917,0.598425196850394,-6.0795626316308));
#10982=CARTESIAN_POINT('',(0.425171147274917,0.62992125984252,-6.0795626316308));
#10983=CARTESIAN_POINT('Ctrl Pts',(0.425171147274917,0.598425196850394,
-6.0795626316308));
#10984=CARTESIAN_POINT('Ctrl Pts',(0.421464250742456,0.598425196850394,
-6.07931968075854));
#10985=CARTESIAN_POINT('Ctrl Pts',(0.414173041323848,0.598425196850394,
-6.07884181317509));
#10986=CARTESIAN_POINT('Ctrl Pts',(0.407944790275216,0.598425196850394,
-6.07502994284499));
#10987=CARTESIAN_POINT('Ctrl Pts',(0.404883021066559,0.598425196850394,
-6.07315605126403));
#10988=CARTESIAN_POINT('Ctrl Pts',(0.449321281016906,0.62992125984252,-6.06917716337455));
#10989=CARTESIAN_POINT('Ctrl Pts',(0.449321281016906,0.598425196850394,
-6.06917716337455));
#10990=CARTESIAN_POINT('Ctrl Pts',(0.445863725109445,0.62992125984252,-6.07219940054046));
#10991=CARTESIAN_POINT('Ctrl Pts',(0.445863725109445,0.598425196850394,
-6.07219940054046));
#10992=CARTESIAN_POINT('Ctrl Pts',(0.438932101085879,0.62992125984252,-6.0782583081344));
#10993=CARTESIAN_POINT('Ctrl Pts',(0.438932101085879,0.598425196850394,
-6.0782583081344));
#10994=CARTESIAN_POINT('Ctrl Pts',(0.42976541070691,0.62992125984252,-6.07912716721276));
#10995=CARTESIAN_POINT('Ctrl Pts',(0.42976541070691,0.598425196850394,-6.07912716721276));
#10996=CARTESIAN_POINT('Ctrl Pts',(0.425171147274917,0.62992125984252,-6.0795626316308));
#10997=CARTESIAN_POINT('Ctrl Pts',(0.425171147274917,0.598425196850394,
-6.0795626316308));
#10998=CARTESIAN_POINT('',(0.449321281016906,0.598425196850394,-6.06917716337455));
#10999=CARTESIAN_POINT('',(0.449321281016906,0.62992125984252,-6.06917716337455));
#11000=CARTESIAN_POINT('Ctrl Pts',(0.449321281016906,0.598425196850394,
-6.06917716337455));
#11001=CARTESIAN_POINT('Ctrl Pts',(0.445863725109445,0.598425196850394,
-6.07219940054046));
#11002=CARTESIAN_POINT('Ctrl Pts',(0.438932101085879,0.598425196850394,
-6.0782583081344));
#11003=CARTESIAN_POINT('Ctrl Pts',(0.42976541070691,0.598425196850394,-6.07912716721276));
#11004=CARTESIAN_POINT('Ctrl Pts',(0.425171147274917,0.598425196850394,
-6.0795626316308));
#11005=CARTESIAN_POINT('Ctrl Pts',(0.458412628597659,0.62992125984252,-6.04848106293352));
#11006=CARTESIAN_POINT('Ctrl Pts',(0.458412628597659,0.598425196850394,
-6.04848106293352));
#11007=CARTESIAN_POINT('Ctrl Pts',(0.457398877685709,0.62992125984252,-6.05270593669398));
#11008=CARTESIAN_POINT('Ctrl Pts',(0.457398877685709,0.598425196850394,
-6.05270593669398));
#11009=CARTESIAN_POINT('Ctrl Pts',(0.455607063727633,0.62992125984252,-6.06017343949558));
#11010=CARTESIAN_POINT('Ctrl Pts',(0.455607063727633,0.598425196850394,
-6.06017343949558));
#11011=CARTESIAN_POINT('Ctrl Pts',(0.451224381918311,0.62992125984252,-6.06645117111254));
#11012=CARTESIAN_POINT('Ctrl Pts',(0.451224381918311,0.598425196850394,
-6.06645117111254));
#11013=CARTESIAN_POINT('Ctrl Pts',(0.449321281016906,0.62992125984252,-6.06917716337455));
#11014=CARTESIAN_POINT('Ctrl Pts',(0.449321281016906,0.598425196850394,
-6.06917716337455));
#11015=CARTESIAN_POINT('',(0.458412628597659,0.598425196850394,-6.04848106293352));
#11016=CARTESIAN_POINT('',(0.458412628597659,0.62992125984252,-6.04848106293352));
#11017=CARTESIAN_POINT('Ctrl Pts',(0.458412628597659,0.598425196850394,
-6.04848106293352));
#11018=CARTESIAN_POINT('Ctrl Pts',(0.457398877685709,0.598425196850394,
-6.05270593669398));
#11019=CARTESIAN_POINT('Ctrl Pts',(0.455607063727633,0.598425196850394,
-6.06017343949558));
#11020=CARTESIAN_POINT('Ctrl Pts',(0.451224381918311,0.598425196850394,
-6.06645117111254));
#11021=CARTESIAN_POINT('Ctrl Pts',(0.449321281016906,0.598425196850394,
-6.06917716337455));
#11022=CARTESIAN_POINT('Origin',(0.482451793903243,0.62992125984252,-6.05031506259011));
#11023=CARTESIAN_POINT('',(0.482451793903243,0.598425196850394,-6.05031506259011));
#11024=CARTESIAN_POINT('',(0.482451793903243,0.62992125984252,-6.05031506259011));
#11025=CARTESIAN_POINT('',(0.482451793903243,0.598425196850394,-6.05031506259011));
#11026=CARTESIAN_POINT('Ctrl Pts',(0.46466166737901,0.62992125984252,-6.08633538648623));
#11027=CARTESIAN_POINT('Ctrl Pts',(0.46466166737901,0.598425196850394,-6.08633538648623));
#11028=CARTESIAN_POINT('Ctrl Pts',(0.469140302966395,0.62992125984252,-6.0814182994757));
#11029=CARTESIAN_POINT('Ctrl Pts',(0.469140302966395,0.598425196850394,
-6.0814182994757));
#11030=CARTESIAN_POINT('Ctrl Pts',(0.478501289419301,0.62992125984252,-6.07114088708184));
#11031=CARTESIAN_POINT('Ctrl Pts',(0.478501289419301,0.598425196850394,
-6.07114088708184));
#11032=CARTESIAN_POINT('Ctrl Pts',(0.481097634512419,0.62992125984252,-6.05745376751293));
#11033=CARTESIAN_POINT('Ctrl Pts',(0.481097634512419,0.598425196850394,
-6.05745376751293));
#11034=CARTESIAN_POINT('Ctrl Pts',(0.482451793903243,0.62992125984252,-6.05031506259011));
#11035=CARTESIAN_POINT('Ctrl Pts',(0.482451793903243,0.598425196850394,
-6.05031506259011));
#11036=CARTESIAN_POINT('Ctrl Pts',(0.46466166737901,0.598425196850394,-6.08633538648623));
#11037=CARTESIAN_POINT('Ctrl Pts',(0.469140302966395,0.598425196850394,
-6.0814182994757));
#11038=CARTESIAN_POINT('Ctrl Pts',(0.478501289419301,0.598425196850394,
-6.07114088708184));
#11039=CARTESIAN_POINT('Ctrl Pts',(0.481097634512419,0.598425196850394,
-6.05745376751293));
#11040=CARTESIAN_POINT('Ctrl Pts',(0.482451793903243,0.598425196850394,
-6.05031506259011));
#11041=CARTESIAN_POINT('Origin',(0.420818092716454,0.598425196850394,-5.9989286691259));
#11042=CARTESIAN_POINT('Origin',(0.438292627376576,0.62992125984252,-4.05979880832335));
#11043=CARTESIAN_POINT('',(0.438292627376576,0.62992125984252,-4.05979880832335));
#11044=CARTESIAN_POINT('',(0.376490036168543,0.62992125984252,-3.97115938993633));
#11045=CARTESIAN_POINT('',(-0.585740292848969,0.62992125984252,-2.59109530117725));
#11046=CARTESIAN_POINT('',(0.438292627376576,0.598425196850394,-4.05979880832335));
#11047=CARTESIAN_POINT('',(0.438292627376576,0.62992125984252,-4.05979880832335));
#11048=CARTESIAN_POINT('',(0.376490036168543,0.598425196850394,-3.97115938993633));
#11049=CARTESIAN_POINT('',(0.438292627376576,0.598425196850394,-4.05979880832335));
#11050=CARTESIAN_POINT('',(0.376490036168543,0.62992125984252,-3.97115938993633));
#11051=CARTESIAN_POINT('Origin',(0.43812316810945,0.62992125984252,-3.97104171702441));
#11052=CARTESIAN_POINT('',(0.43812316810945,0.62992125984252,-3.97104171702441));
#11053=CARTESIAN_POINT('',(0.434331532387761,0.62992125984252,-1.98510985487132));
#11054=CARTESIAN_POINT('',(0.43812316810945,0.598425196850394,-3.97104171702441));
#11055=CARTESIAN_POINT('',(0.43812316810945,0.62992125984252,-3.97104171702441));
#11056=CARTESIAN_POINT('',(0.43812316810945,0.598425196850394,-3.97104171702441));
#11057=CARTESIAN_POINT('Origin',(0.376490036168543,0.62992125984252,-3.97115938993633));
#11058=CARTESIAN_POINT('',(0.192036653812021,0.62992125984252,-3.97151155712191));
#11059=CARTESIAN_POINT('',(0.376490036168543,0.598425196850394,-3.97115938993633));
#11060=CARTESIAN_POINT('Origin',(0.462250717974002,0.62992125984252,-3.94883986072049));
#11061=CARTESIAN_POINT('',(0.462250717974002,0.598425196850394,-3.94883986072049));
#11062=CARTESIAN_POINT('',(0.462250717974002,0.62992125984252,-3.94883986072049));
#11063=CARTESIAN_POINT('',(0.462160732827296,0.598425196850394,-3.90170865322043));
#11064=CARTESIAN_POINT('',(0.462250717974002,0.598425196850394,-3.94883986072049));
#11065=CARTESIAN_POINT('',(0.462160732827296,0.62992125984252,-3.90170865322043));
#11066=CARTESIAN_POINT('Origin',(0.488837555982541,0.62992125984252,-3.94878909986267));
#11067=CARTESIAN_POINT('',(0.488837555982541,0.598425196850394,-3.94878909986267));
#11068=CARTESIAN_POINT('',(0.488837555982541,0.62992125984252,-3.94878909986267));
#11069=CARTESIAN_POINT('',(0.488837555982541,0.598425196850394,-3.94878909986267));
#11070=CARTESIAN_POINT('Origin',(0.488879856719719,0.62992125984252,-3.9709448099363));
#11071=CARTESIAN_POINT('',(0.488879856719719,0.598425196850394,-3.9709448099363));
#11072=CARTESIAN_POINT('',(0.488879856719719,0.62992125984252,-3.9709448099363));
#11073=CARTESIAN_POINT('',(0.488879856719719,0.598425196850394,-3.9709448099363));
#11074=CARTESIAN_POINT('Origin',(0.46229301871118,0.62992125984252,-3.97099557079411));
#11075=CARTESIAN_POINT('',(0.46229301871118,0.598425196850394,-3.97099557079411));
#11076=CARTESIAN_POINT('',(0.46229301871118,0.62992125984252,-3.97099557079411));
#11077=CARTESIAN_POINT('',(0.46229301871118,0.598425196850394,-3.97099557079411));
#11078=CARTESIAN_POINT('Origin',(0.462536568291967,0.62992125984252,-4.09855868814005));
#11079=CARTESIAN_POINT('',(0.462536568291967,0.598425196850394,-4.09855868814005));
#11080=CARTESIAN_POINT('',(0.462536568291967,0.62992125984252,-4.09855868814005));
#11081=CARTESIAN_POINT('',(0.462536568291967,0.598425196850394,-4.09855868814005));
#11082=CARTESIAN_POINT('Origin',(0.44279784562515,0.62992125984252,-4.09859637424979));
#11083=CARTESIAN_POINT('',(0.44279784562515,0.598425196850394,-4.09859637424979));
#11084=CARTESIAN_POINT('',(0.44279784562515,0.62992125984252,-4.09859637424979));
#11085=CARTESIAN_POINT('',(0.44279784562515,0.598425196850394,-4.09859637424979));
#11086=CARTESIAN_POINT('Origin',(0.352723020712339,0.62992125984252,-3.97120476705458));
#11087=CARTESIAN_POINT('',(0.352723020712339,0.598425196850394,-3.97120476705458));
#11088=CARTESIAN_POINT('',(0.352723020712339,0.62992125984252,-3.97120476705458));
#11089=CARTESIAN_POINT('',(0.352723020712339,0.598425196850394,-3.97120476705458));
#11090=CARTESIAN_POINT('Origin',(0.352680719975161,0.62992125984252,-3.94904905698095));
#11091=CARTESIAN_POINT('',(0.352680719975161,0.598425196850394,-3.94904905698095));
#11092=CARTESIAN_POINT('',(0.352680719975161,0.62992125984252,-3.94904905698095));
#11093=CARTESIAN_POINT('',(0.352680719975161,0.598425196850394,-3.94904905698095));
#11094=CARTESIAN_POINT('Origin',(0.438080867372272,0.62992125984252,-3.94888600695079));
#11095=CARTESIAN_POINT('',(0.438080867372272,0.598425196850394,-3.94888600695079));
#11096=CARTESIAN_POINT('',(0.438080867372272,0.62992125984252,-3.94888600695079));
#11097=CARTESIAN_POINT('',(0.438080867372272,0.598425196850394,-3.94888600695079));
#11098=CARTESIAN_POINT('Origin',(0.437990882225566,0.62992125984252,-3.90175479945073));
#11099=CARTESIAN_POINT('',(0.437990882225566,0.598425196850394,-3.90175479945073));
#11100=CARTESIAN_POINT('',(0.437990882225566,0.62992125984252,-3.90175479945073));
#11101=CARTESIAN_POINT('',(0.437990882225566,0.598425196850394,-3.90175479945073));
#11102=CARTESIAN_POINT('Origin',(0.462160732827296,0.62992125984252,-3.90170865322043));
#11103=CARTESIAN_POINT('',(0.462160732827296,0.598425196850394,-3.90170865322043));
#11104=CARTESIAN_POINT('Origin',(0.42078028834744,0.598425196850394,-4.00015251373511));
#11105=CARTESIAN_POINT('Ctrl Pts',(0.399589747423449,0.62992125984252,-1.93808303651954));
#11106=CARTESIAN_POINT('Ctrl Pts',(0.399589747423449,0.598425196850394,
-1.93808303651954));
#11107=CARTESIAN_POINT('Ctrl Pts',(0.397643126035068,0.62992125984252,-1.93597606157797));
#11108=CARTESIAN_POINT('Ctrl Pts',(0.397643126035068,0.598425196850394,
-1.93597606157797));
#11109=CARTESIAN_POINT('Ctrl Pts',(0.393887848812813,0.62992125984252,-1.93191144220557));
#11110=CARTESIAN_POINT('Ctrl Pts',(0.393887848812813,0.598425196850394,
-1.93191144220557));
#11111=CARTESIAN_POINT('Ctrl Pts',(0.390831744880453,0.62992125984252,-1.92729908859934));
#11112=CARTESIAN_POINT('Ctrl Pts',(0.390831744880453,0.598425196850394,
-1.92729908859934));
#11113=CARTESIAN_POINT('Ctrl Pts',(0.389359832188247,0.62992125984252,-1.92507763868657));
#11114=CARTESIAN_POINT('Ctrl Pts',(0.389359832188247,0.598425196850394,
-1.92507763868657));
#11115=CARTESIAN_POINT('',(0.399589747423449,0.598425196850394,-1.93808303651954));
#11116=CARTESIAN_POINT('',(0.399589747423449,0.62992125984252,-1.93808303651954));
#11117=CARTESIAN_POINT('',(0.389359832188247,0.598425196850394,-1.92507763868657));
#11118=CARTESIAN_POINT('Ctrl Pts',(0.399589747423449,0.598425196850394,
-1.93808303651954));
#11119=CARTESIAN_POINT('Ctrl Pts',(0.397643126035068,0.598425196850394,
-1.93597606157797));
#11120=CARTESIAN_POINT('Ctrl Pts',(0.393887848812813,0.598425196850394,
-1.93191144220557));
#11121=CARTESIAN_POINT('Ctrl Pts',(0.390831744880453,0.598425196850394,
-1.92729908859934));
#11122=CARTESIAN_POINT('Ctrl Pts',(0.389359832188247,0.598425196850394,
-1.92507763868657));
#11123=CARTESIAN_POINT('',(0.389359832188247,0.62992125984252,-1.92507763868657));
#11124=CARTESIAN_POINT('Ctrl Pts',(0.427566781652487,0.62992125984252,-1.9628709349404));
#11125=CARTESIAN_POINT('Ctrl Pts',(0.427566781652487,0.598425196850394,
-1.9628709349404));
#11126=CARTESIAN_POINT('Ctrl Pts',(0.421527305080247,0.62992125984252,-1.9578541901483));
#11127=CARTESIAN_POINT('Ctrl Pts',(0.421527305080247,0.598425196850394,
-1.9578541901483));
#11128=CARTESIAN_POINT('Ctrl Pts',(0.411936333943454,0.62992125984252,-1.94988736489014));
#11129=CARTESIAN_POINT('Ctrl Pts',(0.411936333943454,0.598425196850394,
-1.94988736489014));
#11130=CARTESIAN_POINT('Ctrl Pts',(0.402926171189964,0.62992125984252,-1.94127292561639));
#11131=CARTESIAN_POINT('Ctrl Pts',(0.402926171189964,0.598425196850394,
-1.94127292561639));
#11132=CARTESIAN_POINT('Ctrl Pts',(0.399589747423449,0.62992125984252,-1.93808303651954));
#11133=CARTESIAN_POINT('Ctrl Pts',(0.399589747423449,0.598425196850394,
-1.93808303651954));
#11134=CARTESIAN_POINT('',(0.427566781652487,0.598425196850394,-1.9628709349404));
#11135=CARTESIAN_POINT('',(0.427566781652487,0.62992125984252,-1.9628709349404));
#11136=CARTESIAN_POINT('Ctrl Pts',(0.427566781652487,0.598425196850394,
-1.9628709349404));
#11137=CARTESIAN_POINT('Ctrl Pts',(0.421527305080247,0.598425196850394,
-1.9578541901483));
#11138=CARTESIAN_POINT('Ctrl Pts',(0.411936333943454,0.598425196850394,
-1.94988736489014));
#11139=CARTESIAN_POINT('Ctrl Pts',(0.402926171189964,0.598425196850394,
-1.94127292561639));
#11140=CARTESIAN_POINT('Ctrl Pts',(0.399589747423449,0.598425196850394,
-1.93808303651954));
#11141=CARTESIAN_POINT('Ctrl Pts',(0.46482765701444,0.62992125984252,-1.99744339150525));
#11142=CARTESIAN_POINT('Ctrl Pts',(0.46482765701444,0.598425196850394,-1.99744339150525));
#11143=CARTESIAN_POINT('Ctrl Pts',(0.459927400841445,0.62992125984252,-1.99239154674531));
#11144=CARTESIAN_POINT('Ctrl Pts',(0.459927400841445,0.598425196850394,
-1.99239154674531));
#11145=CARTESIAN_POINT('Ctrl Pts',(0.448117807062387,0.62992125984252,-1.98021662520174));
#11146=CARTESIAN_POINT('Ctrl Pts',(0.448117807062387,0.598425196850394,
-1.98021662520174));
#11147=CARTESIAN_POINT('Ctrl Pts',(0.435152362783504,0.62992125984252,-1.96927339604035));
#11148=CARTESIAN_POINT('Ctrl Pts',(0.435152362783504,0.598425196850394,
-1.96927339604035));
#11149=CARTESIAN_POINT('Ctrl Pts',(0.427566781652487,0.62992125984252,-1.9628709349404));
#11150=CARTESIAN_POINT('Ctrl Pts',(0.427566781652487,0.598425196850394,
-1.9628709349404));
#11151=CARTESIAN_POINT('',(0.46482765701444,0.598425196850394,-1.99744339150525));
#11152=CARTESIAN_POINT('',(0.46482765701444,0.62992125984252,-1.99744339150525));
#11153=CARTESIAN_POINT('Ctrl Pts',(0.46482765701444,0.598425196850394,-1.99744339150525));
#11154=CARTESIAN_POINT('Ctrl Pts',(0.459927400841445,0.598425196850394,
-1.99239154674531));
#11155=CARTESIAN_POINT('Ctrl Pts',(0.448117807062387,0.598425196850394,
-1.98021662520174));
#11156=CARTESIAN_POINT('Ctrl Pts',(0.435152362783504,0.598425196850394,
-1.96927339604035));
#11157=CARTESIAN_POINT('Ctrl Pts',(0.427566781652487,0.598425196850394,
-1.9628709349404));
#11158=CARTESIAN_POINT('Ctrl Pts',(0.480986764971704,0.62992125984252,-2.02144820351253));
#11159=CARTESIAN_POINT('Ctrl Pts',(0.480986764971704,0.598425196850394,
-2.02144820351253));
#11160=CARTESIAN_POINT('Ctrl Pts',(0.478969622907835,0.62992125984252,-2.01745498554464));
#11161=CARTESIAN_POINT('Ctrl Pts',(0.478969622907835,0.598425196850394,
-2.01745498554464));
#11162=CARTESIAN_POINT('Ctrl Pts',(0.474590046562308,0.62992125984252,-2.00878499483455));
#11163=CARTESIAN_POINT('Ctrl Pts',(0.474590046562308,0.598425196850394,
-2.00878499483455));
#11164=CARTESIAN_POINT('Ctrl Pts',(0.468248447193231,0.62992125984252,-2.00141754610033));
#11165=CARTESIAN_POINT('Ctrl Pts',(0.468248447193231,0.598425196850394,
-2.00141754610033));
#11166=CARTESIAN_POINT('Ctrl Pts',(0.46482765701444,0.62992125984252,-1.99744339150525));
#11167=CARTESIAN_POINT('Ctrl Pts',(0.46482765701444,0.598425196850394,-1.99744339150525));
#11168=CARTESIAN_POINT('',(0.480986764971704,0.598425196850394,-2.02144820351253));
#11169=CARTESIAN_POINT('',(0.480986764971704,0.62992125984252,-2.02144820351253));
#11170=CARTESIAN_POINT('Ctrl Pts',(0.480986764971704,0.598425196850394,
-2.02144820351253));
#11171=CARTESIAN_POINT('Ctrl Pts',(0.478969622907835,0.598425196850394,
-2.01745498554464));
#11172=CARTESIAN_POINT('Ctrl Pts',(0.474590046562308,0.598425196850394,
-2.00878499483455));
#11173=CARTESIAN_POINT('Ctrl Pts',(0.468248447193231,0.598425196850394,
-2.00141754610033));
#11174=CARTESIAN_POINT('Ctrl Pts',(0.46482765701444,0.598425196850394,-1.99744339150525));
#11175=CARTESIAN_POINT('Ctrl Pts',(0.485865091473034,0.62992125984252,-2.04466890356375));
#11176=CARTESIAN_POINT('Ctrl Pts',(0.485865091473034,0.598425196850394,
-2.04466890356375));
#11177=CARTESIAN_POINT('Ctrl Pts',(0.485646391867802,0.62992125984252,-2.04072444771566));
#11178=CARTESIAN_POINT('Ctrl Pts',(0.485646391867802,0.598425196850394,
-2.04072444771566));
#11179=CARTESIAN_POINT('Ctrl Pts',(0.485203538950184,0.62992125984252,-2.03273717321241));
#11180=CARTESIAN_POINT('Ctrl Pts',(0.485203538950184,0.598425196850394,
-2.03273717321241));
#11181=CARTESIAN_POINT('Ctrl Pts',(0.482403848969335,0.62992125984252,-2.02524196110852));
#11182=CARTESIAN_POINT('Ctrl Pts',(0.482403848969335,0.598425196850394,
-2.02524196110852));
#11183=CARTESIAN_POINT('Ctrl Pts',(0.480986764971704,0.62992125984252,-2.02144820351253));
#11184=CARTESIAN_POINT('Ctrl Pts',(0.480986764971704,0.598425196850394,
-2.02144820351253));
#11185=CARTESIAN_POINT('',(0.485865091473034,0.598425196850394,-2.04466890356375));
#11186=CARTESIAN_POINT('',(0.485865091473034,0.62992125984252,-2.04466890356375));
#11187=CARTESIAN_POINT('Ctrl Pts',(0.485865091473034,0.598425196850394,
-2.04466890356375));
#11188=CARTESIAN_POINT('Ctrl Pts',(0.485646391867802,0.598425196850394,
-2.04072444771566));
#11189=CARTESIAN_POINT('Ctrl Pts',(0.485203538950184,0.598425196850394,
-2.03273717321241));
#11190=CARTESIAN_POINT('Ctrl Pts',(0.482403848969335,0.598425196850394,
-2.02524196110852));
#11191=CARTESIAN_POINT('Ctrl Pts',(0.480986764971704,0.598425196850394,
-2.02144820351253));
#11192=CARTESIAN_POINT('Ctrl Pts',(0.469423373180956,0.62992125984252,-2.08364073733967));
#11193=CARTESIAN_POINT('Ctrl Pts',(0.469423373180956,0.598425196850394,
-2.08364073733967));
#11194=CARTESIAN_POINT('Ctrl Pts',(0.474229892646189,0.62992125984252,-2.07806090777794));
#11195=CARTESIAN_POINT('Ctrl Pts',(0.474229892646189,0.598425196850394,
-2.07806090777794));
#11196=CARTESIAN_POINT('Ctrl Pts',(0.483894649900071,0.62992125984252,-2.06684120948644));
#11197=CARTESIAN_POINT('Ctrl Pts',(0.483894649900071,0.598425196850394,
-2.06684120948644));
#11198=CARTESIAN_POINT('Ctrl Pts',(0.485205938613582,0.62992125984252,-2.05208599171806));
#11199=CARTESIAN_POINT('Ctrl Pts',(0.485205938613582,0.598425196850394,
-2.05208599171806));
#11200=CARTESIAN_POINT('Ctrl Pts',(0.485865091473034,0.62992125984252,-2.04466890356375));
#11201=CARTESIAN_POINT('Ctrl Pts',(0.485865091473034,0.598425196850394,
-2.04466890356375));
#11202=CARTESIAN_POINT('',(0.469423373180956,0.598425196850394,-2.08364073733967));
#11203=CARTESIAN_POINT('',(0.469423373180956,0.62992125984252,-2.08364073733967));
#11204=CARTESIAN_POINT('Ctrl Pts',(0.469423373180956,0.598425196850394,
-2.08364073733967));
#11205=CARTESIAN_POINT('Ctrl Pts',(0.474229892646189,0.598425196850394,
-2.07806090777794));
#11206=CARTESIAN_POINT('Ctrl Pts',(0.483894649900071,0.598425196850394,
-2.06684120948644));
#11207=CARTESIAN_POINT('Ctrl Pts',(0.485205938613582,0.598425196850394,
-2.05208599171806));
#11208=CARTESIAN_POINT('Ctrl Pts',(0.485865091473034,0.598425196850394,
-2.04466890356375));
#11209=CARTESIAN_POINT('Ctrl Pts',(0.424604873695695,0.62992125984252,-2.09943678236648));
#11210=CARTESIAN_POINT('Ctrl Pts',(0.424604873695695,0.598425196850394,
-2.09943678236648));
#11211=CARTESIAN_POINT('Ctrl Pts',(0.433364523123498,0.62992125984252,-2.09893865879135));
#11212=CARTESIAN_POINT('Ctrl Pts',(0.433364523123498,0.598425196850394,
-2.09893865879135));
#11213=CARTESIAN_POINT('Ctrl Pts',(0.449886926350654,0.62992125984252,-2.0979991008064));
#11214=CARTESIAN_POINT('Ctrl Pts',(0.449886926350654,0.598425196850394,
-2.0979991008064));
#11215=CARTESIAN_POINT('Ctrl Pts',(0.463178545252019,0.62992125984252,-2.08823039020591));
#11216=CARTESIAN_POINT('Ctrl Pts',(0.463178545252019,0.598425196850394,
-2.08823039020591));
#11217=CARTESIAN_POINT('Ctrl Pts',(0.469423373180956,0.62992125984252,-2.08364073733967));
#11218=CARTESIAN_POINT('Ctrl Pts',(0.469423373180956,0.598425196850394,
-2.08364073733967));
#11219=CARTESIAN_POINT('',(0.424604873695695,0.598425196850394,-2.09943678236648));
#11220=CARTESIAN_POINT('',(0.424604873695695,0.62992125984252,-2.09943678236648));
#11221=CARTESIAN_POINT('Ctrl Pts',(0.424604873695695,0.598425196850394,
-2.09943678236648));
#11222=CARTESIAN_POINT('Ctrl Pts',(0.433364523123498,0.598425196850394,
-2.09893865879135));
#11223=CARTESIAN_POINT('Ctrl Pts',(0.449886926350654,0.598425196850394,
-2.0979991008064));
#11224=CARTESIAN_POINT('Ctrl Pts',(0.463178545252019,0.598425196850394,
-2.08823039020591));
#11225=CARTESIAN_POINT('Ctrl Pts',(0.469423373180956,0.598425196850394,
-2.08364073733967));
#11226=CARTESIAN_POINT('Ctrl Pts',(0.379862686007858,0.62992125984252,-2.08488595401899));
#11227=CARTESIAN_POINT('Ctrl Pts',(0.379862686007858,0.598425196850394,
-2.08488595401899));
#11228=CARTESIAN_POINT('Ctrl Pts',(0.386165917516691,0.62992125984252,-2.08913803205211));
#11229=CARTESIAN_POINT('Ctrl Pts',(0.386165917516691,0.598425196850394,
-2.08913803205211));
#11230=CARTESIAN_POINT('Ctrl Pts',(0.399643775258983,0.62992125984252,-2.09823001967135));
#11231=CARTESIAN_POINT('Ctrl Pts',(0.399643775258983,0.598425196850394,
-2.09823001967135));
#11232=CARTESIAN_POINT('Ctrl Pts',(0.415933444541203,0.62992125984252,-2.09901755573494));
#11233=CARTESIAN_POINT('Ctrl Pts',(0.415933444541203,0.598425196850394,
-2.09901755573494));
#11234=CARTESIAN_POINT('Ctrl Pts',(0.424604873695695,0.62992125984252,-2.09943678236648));
#11235=CARTESIAN_POINT('Ctrl Pts',(0.424604873695695,0.598425196850394,
-2.09943678236648));
#11236=CARTESIAN_POINT('',(0.379862686007858,0.598425196850394,-2.08488595401899));
#11237=CARTESIAN_POINT('',(0.379862686007858,0.62992125984252,-2.08488595401899));
#11238=CARTESIAN_POINT('Ctrl Pts',(0.379862686007858,0.598425196850394,
-2.08488595401899));
#11239=CARTESIAN_POINT('Ctrl Pts',(0.386165917516691,0.598425196850394,
-2.08913803205211));
#11240=CARTESIAN_POINT('Ctrl Pts',(0.399643775258983,0.598425196850394,
-2.09823001967135));
#11241=CARTESIAN_POINT('Ctrl Pts',(0.415933444541203,0.598425196850394,
-2.09901755573494));
#11242=CARTESIAN_POINT('Ctrl Pts',(0.424604873695695,0.598425196850394,
-2.09943678236648));
#11243=CARTESIAN_POINT('Ctrl Pts',(0.360580328798828,0.62992125984252,-2.04262538194461));
#11244=CARTESIAN_POINT('Ctrl Pts',(0.360580328798828,0.598425196850394,
-2.04262538194461));
#11245=CARTESIAN_POINT('Ctrl Pts',(0.361834285750744,0.62992125984252,-2.0511502348631));
#11246=CARTESIAN_POINT('Ctrl Pts',(0.361834285750744,0.598425196850394,
-2.0511502348631));
#11247=CARTESIAN_POINT('Ctrl Pts',(0.364189099536485,0.62992125984252,-2.0671591107206));
#11248=CARTESIAN_POINT('Ctrl Pts',(0.364189099536485,0.598425196850394,
-2.0671591107206));
#11249=CARTESIAN_POINT('Ctrl Pts',(0.374869624840551,0.62992125984252,-2.07923879642338));
#11250=CARTESIAN_POINT('Ctrl Pts',(0.374869624840551,0.598425196850394,
-2.07923879642338));
#11251=CARTESIAN_POINT('Ctrl Pts',(0.379862686007858,0.62992125984252,-2.08488595401899));
#11252=CARTESIAN_POINT('Ctrl Pts',(0.379862686007858,0.598425196850394,
-2.08488595401899));
#11253=CARTESIAN_POINT('',(0.360580328798828,0.598425196850394,-2.04262538194461));
#11254=CARTESIAN_POINT('',(0.360580328798828,0.62992125984252,-2.04262538194461));
#11255=CARTESIAN_POINT('Ctrl Pts',(0.360580328798828,0.598425196850394,
-2.04262538194461));
#11256=CARTESIAN_POINT('Ctrl Pts',(0.361834285750744,0.598425196850394,
-2.0511502348631));
#11257=CARTESIAN_POINT('Ctrl Pts',(0.364189099536485,0.598425196850394,
-2.0671591107206));
#11258=CARTESIAN_POINT('Ctrl Pts',(0.374869624840551,0.598425196850394,
-2.07923879642338));
#11259=CARTESIAN_POINT('Ctrl Pts',(0.379862686007858,0.598425196850394,
-2.08488595401899));
#11260=CARTESIAN_POINT('Origin',(0.385416680763756,0.62992125984252,-2.04002669202063));
#11261=CARTESIAN_POINT('',(0.385416680763756,0.598425196850394,-2.04002669202063));
#11262=CARTESIAN_POINT('',(0.385416680763756,0.62992125984252,-2.04002669202063));
#11263=CARTESIAN_POINT('',(0.385416680763756,0.598425196850394,-2.04002669202063));
#11264=CARTESIAN_POINT('Ctrl Pts',(0.396079950593259,0.62992125984252,-2.06901024087226));
#11265=CARTESIAN_POINT('Ctrl Pts',(0.396079950593259,0.598425196850394,
-2.06901024087226));
#11266=CARTESIAN_POINT('Ctrl Pts',(0.393013834416322,0.62992125984252,-2.06501654006671));
#11267=CARTESIAN_POINT('Ctrl Pts',(0.393013834416322,0.598425196850394,
-2.06501654006671));
#11268=CARTESIAN_POINT('Ctrl Pts',(0.386473180810731,0.62992125984252,-2.05649715852143));
#11269=CARTESIAN_POINT('Ctrl Pts',(0.386473180810731,0.598425196850394,
-2.05649715852143));
#11270=CARTESIAN_POINT('Ctrl Pts',(0.385783208865321,0.62992125984252,-2.04574073702773));
#11271=CARTESIAN_POINT('Ctrl Pts',(0.385783208865321,0.598425196850394,
-2.04574073702773));
#11272=CARTESIAN_POINT('Ctrl Pts',(0.385416680763756,0.62992125984252,-2.04002669202063));
#11273=CARTESIAN_POINT('Ctrl Pts',(0.385416680763756,0.598425196850394,
-2.04002669202063));
#11274=CARTESIAN_POINT('',(0.396079950593259,0.598425196850394,-2.06901024087226));
#11275=CARTESIAN_POINT('',(0.396079950593259,0.62992125984252,-2.06901024087226));
#11276=CARTESIAN_POINT('Ctrl Pts',(0.396079950593259,0.598425196850394,
-2.06901024087226));
#11277=CARTESIAN_POINT('Ctrl Pts',(0.393013834416322,0.598425196850394,
-2.06501654006671));
#11278=CARTESIAN_POINT('Ctrl Pts',(0.386473180810731,0.598425196850394,
-2.05649715852143));
#11279=CARTESIAN_POINT('Ctrl Pts',(0.385783208865321,0.598425196850394,
-2.04574073702773));
#11280=CARTESIAN_POINT('Ctrl Pts',(0.385416680763756,0.598425196850394,
-2.04002669202063));
#11281=CARTESIAN_POINT('Ctrl Pts',(0.4240295535101,0.62992125984252,-2.07943053625576));
#11282=CARTESIAN_POINT('Ctrl Pts',(0.4240295535101,0.598425196850394,-2.07943053625576));
#11283=CARTESIAN_POINT('Ctrl Pts',(0.418590472835347,0.62992125984252,-2.07909062573174));
#11284=CARTESIAN_POINT('Ctrl Pts',(0.418590472835347,0.598425196850394,
-2.07909062573174));
#11285=CARTESIAN_POINT('Ctrl Pts',(0.408190693804766,0.62992125984252,-2.07844070076254));
#11286=CARTESIAN_POINT('Ctrl Pts',(0.408190693804766,0.598425196850394,
-2.07844070076254));
#11287=CARTESIAN_POINT('Ctrl Pts',(0.399991140488329,0.62992125984252,-2.0720558276529));
#11288=CARTESIAN_POINT('Ctrl Pts',(0.399991140488329,0.598425196850394,
-2.0720558276529));
#11289=CARTESIAN_POINT('Ctrl Pts',(0.396079950593259,0.62992125984252,-2.06901024087226));
#11290=CARTESIAN_POINT('Ctrl Pts',(0.396079950593259,0.598425196850394,
-2.06901024087226));
#11291=CARTESIAN_POINT('',(0.4240295535101,0.598425196850394,-2.07943053625576));
#11292=CARTESIAN_POINT('',(0.4240295535101,0.62992125984252,-2.07943053625576));
#11293=CARTESIAN_POINT('Ctrl Pts',(0.4240295535101,0.598425196850394,-2.07943053625576));
#11294=CARTESIAN_POINT('Ctrl Pts',(0.418590472835347,0.598425196850394,
-2.07909062573174));
#11295=CARTESIAN_POINT('Ctrl Pts',(0.408190693804766,0.598425196850394,
-2.07844070076254));
#11296=CARTESIAN_POINT('Ctrl Pts',(0.399991140488329,0.598425196850394,
-2.0720558276529));
#11297=CARTESIAN_POINT('Ctrl Pts',(0.396079950593259,0.598425196850394,
-2.06901024087226));
#11298=CARTESIAN_POINT('Ctrl Pts',(0.450731694752977,0.62992125984252,-2.06944302046593));
#11299=CARTESIAN_POINT('Ctrl Pts',(0.450731694752977,0.598425196850394,
-2.06944302046593));
#11300=CARTESIAN_POINT('Ctrl Pts',(0.446967013594573,0.62992125984252,-2.07234700674145));
#11301=CARTESIAN_POINT('Ctrl Pts',(0.446967013594573,0.598425196850394,
-2.07234700674145));
#11302=CARTESIAN_POINT('Ctrl Pts',(0.439113159765869,0.62992125984252,-2.07840528439336));
#11303=CARTESIAN_POINT('Ctrl Pts',(0.439113159765869,0.598425196850394,
-2.07840528439336));
#11304=CARTESIAN_POINT('Ctrl Pts',(0.429194029237906,0.62992125984252,-2.07907950028542));
#11305=CARTESIAN_POINT('Ctrl Pts',(0.429194029237906,0.598425196850394,
-2.07907950028542));
#11306=CARTESIAN_POINT('Ctrl Pts',(0.4240295535101,0.62992125984252,-2.07943053625576));
#11307=CARTESIAN_POINT('Ctrl Pts',(0.4240295535101,0.598425196850394,-2.07943053625576));
#11308=CARTESIAN_POINT('',(0.450731694752977,0.598425196850394,-2.06944302046593));
#11309=CARTESIAN_POINT('',(0.450731694752977,0.62992125984252,-2.06944302046593));
#11310=CARTESIAN_POINT('Ctrl Pts',(0.450731694752977,0.598425196850394,
-2.06944302046593));
#11311=CARTESIAN_POINT('Ctrl Pts',(0.446967013594573,0.598425196850394,
-2.07234700674145));
#11312=CARTESIAN_POINT('Ctrl Pts',(0.439113159765869,0.598425196850394,
-2.07840528439336));
#11313=CARTESIAN_POINT('Ctrl Pts',(0.429194029237906,0.598425196850394,
-2.07907950028542));
#11314=CARTESIAN_POINT('Ctrl Pts',(0.4240295535101,0.598425196850394,-2.07943053625576));
#11315=CARTESIAN_POINT('Ctrl Pts',(0.461024870503899,0.62992125984252,-2.04525342953808));
#11316=CARTESIAN_POINT('Ctrl Pts',(0.461024870503899,0.598425196850394,
-2.04525342953808));
#11317=CARTESIAN_POINT('Ctrl Pts',(0.460606961457244,0.62992125984252,-2.04984931501068));
#11318=CARTESIAN_POINT('Ctrl Pts',(0.460606961457244,0.598425196850394,
-2.04984931501068));
#11319=CARTESIAN_POINT('Ctrl Pts',(0.459773128410743,0.62992125984252,-2.05901925573263));
#11320=CARTESIAN_POINT('Ctrl Pts',(0.459773128410743,0.598425196850394,
-2.05901925573263));
#11321=CARTESIAN_POINT('Ctrl Pts',(0.453740718996747,0.62992125984252,-2.0659739510704));
#11322=CARTESIAN_POINT('Ctrl Pts',(0.453740718996747,0.598425196850394,
-2.0659739510704));
#11323=CARTESIAN_POINT('Ctrl Pts',(0.450731694752977,0.62992125984252,-2.06944302046593));
#11324=CARTESIAN_POINT('Ctrl Pts',(0.450731694752977,0.598425196850394,
-2.06944302046593));
#11325=CARTESIAN_POINT('',(0.461024870503899,0.598425196850394,-2.04525342953808));
#11326=CARTESIAN_POINT('',(0.461024870503899,0.62992125984252,-2.04525342953808));
#11327=CARTESIAN_POINT('Ctrl Pts',(0.461024870503899,0.598425196850394,
-2.04525342953808));
#11328=CARTESIAN_POINT('Ctrl Pts',(0.460606961457244,0.598425196850394,
-2.04984931501068));
#11329=CARTESIAN_POINT('Ctrl Pts',(0.459773128410743,0.598425196850394,
-2.05901925573263));
#11330=CARTESIAN_POINT('Ctrl Pts',(0.453740718996747,0.598425196850394,
-2.0659739510704));
#11331=CARTESIAN_POINT('Ctrl Pts',(0.450731694752977,0.598425196850394,
-2.06944302046593));
#11332=CARTESIAN_POINT('Ctrl Pts',(0.449689995334009,0.62992125984252,-2.01613684105424));
#11333=CARTESIAN_POINT('Ctrl Pts',(0.449689995334009,0.598425196850394,
-2.01613684105424));
#11334=CARTESIAN_POINT('Ctrl Pts',(0.452980831906771,0.62992125984252,-2.02096113066383));
#11335=CARTESIAN_POINT('Ctrl Pts',(0.452980831906771,0.598425196850394,
-2.02096113066383));
#11336=CARTESIAN_POINT('Ctrl Pts',(0.459024815249171,0.62992125984252,-2.02982146918098));
#11337=CARTESIAN_POINT('Ctrl Pts',(0.459024815249171,0.598425196850394,
-2.02982146918098));
#11338=CARTESIAN_POINT('Ctrl Pts',(0.460398933909405,0.62992125984252,-2.04042384861052));
#11339=CARTESIAN_POINT('Ctrl Pts',(0.460398933909405,0.598425196850394,
-2.04042384861052));
#11340=CARTESIAN_POINT('Ctrl Pts',(0.461024870503899,0.62992125984252,-2.04525342953808));
#11341=CARTESIAN_POINT('Ctrl Pts',(0.461024870503899,0.598425196850394,
-2.04525342953808));
#11342=CARTESIAN_POINT('',(0.449689995334009,0.598425196850394,-2.01613684105424));
#11343=CARTESIAN_POINT('',(0.449689995334009,0.62992125984252,-2.01613684105424));
#11344=CARTESIAN_POINT('Ctrl Pts',(0.449689995334009,0.598425196850394,
-2.01613684105424));
#11345=CARTESIAN_POINT('Ctrl Pts',(0.452980831906771,0.598425196850394,
-2.02096113066383));
#11346=CARTESIAN_POINT('Ctrl Pts',(0.459024815249171,0.598425196850394,
-2.02982146918098));
#11347=CARTESIAN_POINT('Ctrl Pts',(0.460398933909405,0.598425196850394,
-2.04042384861052));
#11348=CARTESIAN_POINT('Ctrl Pts',(0.461024870503899,0.598425196850394,
-2.04525342953808));
#11349=CARTESIAN_POINT('Ctrl Pts',(0.406239045917782,0.62992125984252,-1.97459381107524));
#11350=CARTESIAN_POINT('Ctrl Pts',(0.406239045917782,0.598425196850394,
-1.97459381107524));
#11351=CARTESIAN_POINT('Ctrl Pts',(0.415492341520225,0.62992125984252,-1.98214990546743));
#11352=CARTESIAN_POINT('Ctrl Pts',(0.415492341520225,0.598425196850394,
-1.98214990546743));
#11353=CARTESIAN_POINT('Ctrl Pts',(0.431073628893709,0.62992125984252,-1.99487333755089));
#11354=CARTESIAN_POINT('Ctrl Pts',(0.431073628893709,0.598425196850394,
-1.99487333755089));
#11355=CARTESIAN_POINT('Ctrl Pts',(0.444313085721247,0.62992125984252,-2.00999536673621));
#11356=CARTESIAN_POINT('Ctrl Pts',(0.444313085721247,0.598425196850394,
-2.00999536673621));
#11357=CARTESIAN_POINT('Ctrl Pts',(0.449689995334009,0.62992125984252,-2.01613684105424));
#11358=CARTESIAN_POINT('Ctrl Pts',(0.449689995334009,0.598425196850394,
-2.01613684105424));
#11359=CARTESIAN_POINT('',(0.406239045917782,0.598425196850394,-1.97459381107524));
#11360=CARTESIAN_POINT('',(0.406239045917782,0.62992125984252,-1.97459381107524));
#11361=CARTESIAN_POINT('Ctrl Pts',(0.406239045917782,0.598425196850394,
-1.97459381107524));
#11362=CARTESIAN_POINT('Ctrl Pts',(0.415492341520225,0.598425196850394,
-1.98214990546743));
#11363=CARTESIAN_POINT('Ctrl Pts',(0.431073628893709,0.598425196850394,
-1.99487333755089));
#11364=CARTESIAN_POINT('Ctrl Pts',(0.444313085721247,0.598425196850394,
-2.00999536673621));
#11365=CARTESIAN_POINT('Ctrl Pts',(0.449689995334009,0.598425196850394,
-2.01613684105424));
#11366=CARTESIAN_POINT('Ctrl Pts',(0.374492770444722,0.62992125984252,-1.9448448182081));
#11367=CARTESIAN_POINT('Ctrl Pts',(0.374492770444722,0.598425196850394,
-1.9448448182081));
#11368=CARTESIAN_POINT('Ctrl Pts',(0.378893205861095,0.62992125984252,-1.9495579329205));
#11369=CARTESIAN_POINT('Ctrl Pts',(0.378893205861095,0.598425196850394,
-1.9495579329205));
#11370=CARTESIAN_POINT('Ctrl Pts',(0.388809065718019,0.62992125984252,-1.96017837852545));
#11371=CARTESIAN_POINT('Ctrl Pts',(0.388809065718019,0.598425196850394,
-1.96017837852545));
#11372=CARTESIAN_POINT('Ctrl Pts',(0.400009250850898,0.62992125984252,-1.96944147070787));
#11373=CARTESIAN_POINT('Ctrl Pts',(0.400009250850898,0.598425196850394,
-1.96944147070787));
#11374=CARTESIAN_POINT('Ctrl Pts',(0.406239045917782,0.62992125984252,-1.97459381107524));
#11375=CARTESIAN_POINT('Ctrl Pts',(0.406239045917782,0.598425196850394,
-1.97459381107524));
#11376=CARTESIAN_POINT('',(0.374492770444722,0.598425196850394,-1.9448448182081));
#11377=CARTESIAN_POINT('',(0.374492770444722,0.62992125984252,-1.9448448182081));
#11378=CARTESIAN_POINT('Ctrl Pts',(0.374492770444722,0.598425196850394,
-1.9448448182081));
#11379=CARTESIAN_POINT('Ctrl Pts',(0.378893205861095,0.598425196850394,
-1.9495579329205));
#11380=CARTESIAN_POINT('Ctrl Pts',(0.388809065718019,0.598425196850394,
-1.96017837852545));
#11381=CARTESIAN_POINT('Ctrl Pts',(0.400009250850898,0.598425196850394,
-1.96944147070787));
#11382=CARTESIAN_POINT('Ctrl Pts',(0.406239045917782,0.598425196850394,
-1.97459381107524));
#11383=CARTESIAN_POINT('Ctrl Pts',(0.358598097794778,0.62992125984252,-1.91869105503155));
#11384=CARTESIAN_POINT('Ctrl Pts',(0.358598097794778,0.598425196850394,
-1.91869105503155));
#11385=CARTESIAN_POINT('Ctrl Pts',(0.360582916628755,0.62992125984252,-1.92318816662692));
#11386=CARTESIAN_POINT('Ctrl Pts',(0.360582916628755,0.598425196850394,
-1.92318816662692));
#11387=CARTESIAN_POINT('Ctrl Pts',(0.364735326859616,0.62992125984252,-1.93259650751842));
#11388=CARTESIAN_POINT('Ctrl Pts',(0.364735326859616,0.598425196850394,
-1.93259650751842));
#11389=CARTESIAN_POINT('Ctrl Pts',(0.371146228463181,0.62992125984252,-1.94064397548035));
#11390=CARTESIAN_POINT('Ctrl Pts',(0.371146228463181,0.598425196850394,
-1.94064397548035));
#11391=CARTESIAN_POINT('Ctrl Pts',(0.374492770444722,0.62992125984252,-1.9448448182081));
#11392=CARTESIAN_POINT('Ctrl Pts',(0.374492770444722,0.598425196850394,
-1.9448448182081));
#11393=CARTESIAN_POINT('',(0.358598097794778,0.598425196850394,-1.91869105503155));
#11394=CARTESIAN_POINT('',(0.358598097794778,0.62992125984252,-1.91869105503155));
#11395=CARTESIAN_POINT('Ctrl Pts',(0.358598097794778,0.598425196850394,
-1.91869105503155));
#11396=CARTESIAN_POINT('Ctrl Pts',(0.360582916628755,0.598425196850394,
-1.92318816662692));
#11397=CARTESIAN_POINT('Ctrl Pts',(0.364735326859616,0.598425196850394,
-1.93259650751842));
#11398=CARTESIAN_POINT('Ctrl Pts',(0.371146228463181,0.598425196850394,
-1.94064397548035));
#11399=CARTESIAN_POINT('Ctrl Pts',(0.374492770444722,0.598425196850394,
-1.9448448182081));
#11400=CARTESIAN_POINT('Ctrl Pts',(0.35574622925794,0.62992125984252,-1.90191182486059));
#11401=CARTESIAN_POINT('Ctrl Pts',(0.35574622925794,0.598425196850394,-1.90191182486059));
#11402=CARTESIAN_POINT('Ctrl Pts',(0.355800489391652,0.62992125984252,-1.90478892601796));
#11403=CARTESIAN_POINT('Ctrl Pts',(0.355800489391652,0.598425196850394,
-1.90478892601796));
#11404=CARTESIAN_POINT('Ctrl Pts',(0.355908676354799,0.62992125984252,-1.9105254551341));
#11405=CARTESIAN_POINT('Ctrl Pts',(0.355908676354799,0.598425196850394,
-1.9105254551341));
#11406=CARTESIAN_POINT('Ctrl Pts',(0.357703467122314,0.62992125984252,-1.91597478452863));
#11407=CARTESIAN_POINT('Ctrl Pts',(0.357703467122314,0.598425196850394,
-1.91597478452863));
#11408=CARTESIAN_POINT('Ctrl Pts',(0.358598097794778,0.62992125984252,-1.91869105503155));
#11409=CARTESIAN_POINT('Ctrl Pts',(0.358598097794778,0.598425196850394,
-1.91869105503155));
#11410=CARTESIAN_POINT('',(0.35574622925794,0.598425196850394,-1.90191182486059));
#11411=CARTESIAN_POINT('',(0.35574622925794,0.62992125984252,-1.90191182486059));
#11412=CARTESIAN_POINT('Ctrl Pts',(0.35574622925794,0.598425196850394,-1.90191182486059));
#11413=CARTESIAN_POINT('Ctrl Pts',(0.355800489391652,0.598425196850394,
-1.90478892601796));
#11414=CARTESIAN_POINT('Ctrl Pts',(0.355908676354799,0.598425196850394,
-1.9105254551341));
#11415=CARTESIAN_POINT('Ctrl Pts',(0.357703467122314,0.598425196850394,
-1.91597478452863));
#11416=CARTESIAN_POINT('Ctrl Pts',(0.358598097794778,0.598425196850394,
-1.91869105503155));
#11417=CARTESIAN_POINT('Origin',(0.485860608481476,0.62992125984252,-1.90166340428869));
#11418=CARTESIAN_POINT('',(0.485860608481476,0.598425196850394,-1.90166340428869));
#11419=CARTESIAN_POINT('',(0.485860608481476,0.62992125984252,-1.90166340428869));
#11420=CARTESIAN_POINT('',(0.485860608481476,0.598425196850394,-1.90166340428869));
#11421=CARTESIAN_POINT('Origin',(0.485904960124386,0.62992125984252,-1.92489331012858));
#11422=CARTESIAN_POINT('',(0.485904960124386,0.598425196850394,-1.92489331012858));
#11423=CARTESIAN_POINT('',(0.485904960124386,0.62992125984252,-1.92489331012858));
#11424=CARTESIAN_POINT('',(0.485904960124386,0.598425196850394,-1.92489331012858));
#11425=CARTESIAN_POINT('Origin',(0.389359832188247,0.62992125984252,-1.92507763868657));
#11426=CARTESIAN_POINT('',(0.389359832188247,0.598425196850394,-1.92507763868657));
#11427=CARTESIAN_POINT('Origin',(0.420825594691163,0.598425196850394,-2.00055009332758));
#11428=CARTESIAN_POINT('Origin',(0.441725164983293,0.62992125984252,-1.09940409549068));
#11429=CARTESIAN_POINT('',(0.441725164983293,0.598425196850394,-1.09940409549068));
#11430=CARTESIAN_POINT('',(0.441725164983293,0.62992125984252,-1.09940409549068));
#11431=CARTESIAN_POINT('',(0.457301308656764,0.598425196850394,-1.09937435677508));
#11432=CARTESIAN_POINT('',(0.441725164983293,0.598425196850394,-1.09940409549068));
#11433=CARTESIAN_POINT('',(0.457301308656764,0.62992125984252,-1.09937435677508));
#11434=CARTESIAN_POINT('Ctrl Pts',(0.420190602598639,0.62992125984252,-1.07312682530007));
#11435=CARTESIAN_POINT('Ctrl Pts',(0.420190602598639,0.598425196850394,
-1.07312682530007));
#11436=CARTESIAN_POINT('Ctrl Pts',(0.424765844750082,0.62992125984252,-1.0773727861464));
#11437=CARTESIAN_POINT('Ctrl Pts',(0.424765844750082,0.598425196850394,
-1.0773727861464));
#11438=CARTESIAN_POINT('Ctrl Pts',(0.433154151124128,0.62992125984252,-1.08515738404358));
#11439=CARTESIAN_POINT('Ctrl Pts',(0.433154151124128,0.598425196850394,
-1.08515738404358));
#11440=CARTESIAN_POINT('Ctrl Pts',(0.439046627679723,0.62992125984252,-1.09495183946925));
#11441=CARTESIAN_POINT('Ctrl Pts',(0.439046627679723,0.598425196850394,
-1.09495183946925));
#11442=CARTESIAN_POINT('Ctrl Pts',(0.441725164983293,0.62992125984252,-1.09940409549068));
#11443=CARTESIAN_POINT('Ctrl Pts',(0.441725164983293,0.598425196850394,
-1.09940409549068));
#11444=CARTESIAN_POINT('',(0.420190602598639,0.598425196850394,-1.07312682530007));
#11445=CARTESIAN_POINT('',(0.420190602598639,0.62992125984252,-1.07312682530007));
#11446=CARTESIAN_POINT('Ctrl Pts',(0.420190602598639,0.598425196850394,
-1.07312682530007));
#11447=CARTESIAN_POINT('Ctrl Pts',(0.424765844750082,0.598425196850394,
-1.0773727861464));
#11448=CARTESIAN_POINT('Ctrl Pts',(0.433154151124128,0.598425196850394,
-1.08515738404358));
#11449=CARTESIAN_POINT('Ctrl Pts',(0.439046627679723,0.598425196850394,
-1.09495183946925));
#11450=CARTESIAN_POINT('Ctrl Pts',(0.441725164983293,0.598425196850394,
-1.09940409549068));
#11451=CARTESIAN_POINT('Ctrl Pts',(0.384697389974227,0.62992125984252,-1.05009887507471));
#11452=CARTESIAN_POINT('Ctrl Pts',(0.384697389974227,0.598425196850394,
-1.05009887507471));
#11453=CARTESIAN_POINT('Ctrl Pts',(0.391184598644676,0.62992125984252,-1.05337450879778));
#11454=CARTESIAN_POINT('Ctrl Pts',(0.391184598644676,0.598425196850394,
-1.05337450879778));
#11455=CARTESIAN_POINT('Ctrl Pts',(0.403849892928365,0.62992125984252,-1.05976968847764));
#11456=CARTESIAN_POINT('Ctrl Pts',(0.403849892928365,0.598425196850394,
-1.05976968847764));
#11457=CARTESIAN_POINT('Ctrl Pts',(0.414833055073924,0.62992125984252,-1.06874748702381));
#11458=CARTESIAN_POINT('Ctrl Pts',(0.414833055073924,0.598425196850394,
-1.06874748702381));
#11459=CARTESIAN_POINT('Ctrl Pts',(0.420190602598639,0.62992125984252,-1.07312682530007));
#11460=CARTESIAN_POINT('Ctrl Pts',(0.420190602598639,0.598425196850394,
-1.07312682530007));
#11461=CARTESIAN_POINT('',(0.384697389974227,0.598425196850394,-1.05009887507471));
#11462=CARTESIAN_POINT('',(0.384697389974227,0.62992125984252,-1.05009887507471));
#11463=CARTESIAN_POINT('Ctrl Pts',(0.384697389974227,0.598425196850394,
-1.05009887507471));
#11464=CARTESIAN_POINT('Ctrl Pts',(0.391184598644676,0.598425196850394,
-1.05337450879778));
#11465=CARTESIAN_POINT('Ctrl Pts',(0.403849892928365,0.598425196850394,
-1.05976968847764));
#11466=CARTESIAN_POINT('Ctrl Pts',(0.414833055073924,0.598425196850394,
-1.06874748702381));
#11467=CARTESIAN_POINT('Ctrl Pts',(0.420190602598639,0.598425196850394,
-1.07312682530007));
#11468=CARTESIAN_POINT('Origin',(0.384652781923297,0.62992125984252,-1.02673467129768));
#11469=CARTESIAN_POINT('',(0.384652781923297,0.598425196850394,-1.02673467129768));
#11470=CARTESIAN_POINT('',(0.384652781923297,0.62992125984252,-1.02673467129768));
#11471=CARTESIAN_POINT('',(0.384652781923297,0.598425196850394,-1.02673467129768));
#11472=CARTESIAN_POINT('Ctrl Pts',(0.410054968455598,0.62992125984252,-1.03917397820001));
#11473=CARTESIAN_POINT('Ctrl Pts',(0.410054968455598,0.598425196850394,
-1.03917397820001));
#11474=CARTESIAN_POINT('Ctrl Pts',(0.405638499897468,0.62992125984252,-1.03664541303837));
#11475=CARTESIAN_POINT('Ctrl Pts',(0.405638499897468,0.598425196850394,
-1.03664541303837));
#11476=CARTESIAN_POINT('Ctrl Pts',(0.397437558650942,0.62992125984252,-1.03195011994261));
#11477=CARTESIAN_POINT('Ctrl Pts',(0.397437558650942,0.598425196850394,
-1.03195011994261));
#11478=CARTESIAN_POINT('Ctrl Pts',(0.38868965863158,0.62992125984252,-1.02838148325275));
#11479=CARTESIAN_POINT('Ctrl Pts',(0.38868965863158,0.598425196850394,-1.02838148325275));
#11480=CARTESIAN_POINT('Ctrl Pts',(0.384652781923297,0.62992125984252,-1.02673467129768));
#11481=CARTESIAN_POINT('Ctrl Pts',(0.384652781923297,0.598425196850394,
-1.02673467129768));
#11482=CARTESIAN_POINT('',(0.410054968455598,0.598425196850394,-1.03917397820001));
#11483=CARTESIAN_POINT('',(0.410054968455598,0.62992125984252,-1.03917397820001));
#11484=CARTESIAN_POINT('Ctrl Pts',(0.410054968455598,0.598425196850394,
-1.03917397820001));
#11485=CARTESIAN_POINT('Ctrl Pts',(0.405638499897468,0.598425196850394,
-1.03664541303837));
#11486=CARTESIAN_POINT('Ctrl Pts',(0.397437558650942,0.598425196850394,
-1.03195011994261));
#11487=CARTESIAN_POINT('Ctrl Pts',(0.38868965863158,0.598425196850394,-1.02838148325275));
#11488=CARTESIAN_POINT('Ctrl Pts',(0.384652781923297,0.598425196850394,
-1.02673467129768));
#11489=CARTESIAN_POINT('Ctrl Pts',(0.43304811497521,0.62992125984252,-1.0557804787232));
#11490=CARTESIAN_POINT('Ctrl Pts',(0.43304811497521,0.598425196850394,-1.0557804787232));
#11491=CARTESIAN_POINT('Ctrl Pts',(0.429742508755648,0.62992125984252,-1.05291885052931));
#11492=CARTESIAN_POINT('Ctrl Pts',(0.429742508755648,0.598425196850394,
-1.05291885052931));
#11493=CARTESIAN_POINT('Ctrl Pts',(0.422569563969735,0.62992125984252,-1.04670930841531));
#11494=CARTESIAN_POINT('Ctrl Pts',(0.422569563969735,0.598425196850394,
-1.04670930841531));
#11495=CARTESIAN_POINT('Ctrl Pts',(0.414438748865018,0.62992125984252,-1.04181355475996));
#11496=CARTESIAN_POINT('Ctrl Pts',(0.414438748865018,0.598425196850394,
-1.04181355475996));
#11497=CARTESIAN_POINT('Ctrl Pts',(0.410054968455598,0.62992125984252,-1.03917397820001));
#11498=CARTESIAN_POINT('Ctrl Pts',(0.410054968455598,0.598425196850394,
-1.03917397820001));
#11499=CARTESIAN_POINT('',(0.43304811497521,0.598425196850394,-1.0557804787232));
#11500=CARTESIAN_POINT('',(0.43304811497521,0.62992125984252,-1.0557804787232));
#11501=CARTESIAN_POINT('Ctrl Pts',(0.43304811497521,0.598425196850394,-1.0557804787232));
#11502=CARTESIAN_POINT('Ctrl Pts',(0.429742508755648,0.598425196850394,
-1.05291885052931));
#11503=CARTESIAN_POINT('Ctrl Pts',(0.422569563969735,0.598425196850394,
-1.04670930841531));
#11504=CARTESIAN_POINT('Ctrl Pts',(0.414438748865018,0.598425196850394,
-1.04181355475996));
#11505=CARTESIAN_POINT('Ctrl Pts',(0.410054968455598,0.598425196850394,
-1.03917397820001));
#11506=CARTESIAN_POINT('Origin',(0.432754060899908,0.62992125984252,-0.901764797839505));
#11507=CARTESIAN_POINT('',(0.432754060899908,0.598425196850394,-0.901764797839505));
#11508=CARTESIAN_POINT('',(0.432754060899908,0.62992125984252,-0.901764797839505));
#11509=CARTESIAN_POINT('',(0.432754060899908,0.598425196850394,-0.901764797839505));
#11510=CARTESIAN_POINT('Origin',(0.456923934967991,0.62992125984252,-0.901718651564399));
#11511=CARTESIAN_POINT('',(0.456923934967991,0.598425196850394,-0.901718651564399));
#11512=CARTESIAN_POINT('',(0.456923934967991,0.62992125984252,-0.901718651564399));
#11513=CARTESIAN_POINT('',(0.456923934967991,0.598425196850394,-0.901718651564399));
#11514=CARTESIAN_POINT('Origin',(0.457301308656764,0.62992125984252,-1.09937435677508));
#11515=CARTESIAN_POINT('',(0.457301308656764,0.598425196850394,-1.09937435677508));
#11516=CARTESIAN_POINT('Origin',(0.420977045290031,0.598425196850394,-1.00056137352754));
#11517=CARTESIAN_POINT('Ctrl Pts',(0.418782606163653,0.62992125984252,-2.89830025344087));
#11518=CARTESIAN_POINT('Ctrl Pts',(0.418782606163653,0.598425196850394,
-2.89830025344087));
#11519=CARTESIAN_POINT('Ctrl Pts',(0.410606361583631,0.62992125984252,-2.89887369341846));
#11520=CARTESIAN_POINT('Ctrl Pts',(0.410606361583631,0.598425196850394,
-2.89887369341846));
#11521=CARTESIAN_POINT('Ctrl Pts',(0.394756307962003,0.62992125984252,-2.89998533511468));
#11522=CARTESIAN_POINT('Ctrl Pts',(0.394756307962003,0.598425196850394,
-2.89998533511468));
#11523=CARTESIAN_POINT('Ctrl Pts',(0.381922620026379,0.62992125984252,-2.9093099012942));
#11524=CARTESIAN_POINT('Ctrl Pts',(0.381922620026379,0.598425196850394,
-2.9093099012942));
#11525=CARTESIAN_POINT('Ctrl Pts',(0.375709185493694,0.62992125984252,-2.91382439329313));
#11526=CARTESIAN_POINT('Ctrl Pts',(0.375709185493694,0.598425196850394,
-2.91382439329313));
#11527=CARTESIAN_POINT('',(0.418782606163653,0.598425196850394,-2.89830025344087));
#11528=CARTESIAN_POINT('',(0.418782606163653,0.62992125984252,-2.89830025344087));
#11529=CARTESIAN_POINT('',(0.375709185493694,0.598425196850394,-2.91382439329313));
#11530=CARTESIAN_POINT('Ctrl Pts',(0.418782606163653,0.598425196850394,
-2.89830025344087));
#11531=CARTESIAN_POINT('Ctrl Pts',(0.410606361583631,0.598425196850394,
-2.89887369341846));
#11532=CARTESIAN_POINT('Ctrl Pts',(0.394756307962003,0.598425196850394,
-2.89998533511468));
#11533=CARTESIAN_POINT('Ctrl Pts',(0.381922620026379,0.598425196850394,
-2.9093099012942));
#11534=CARTESIAN_POINT('Ctrl Pts',(0.375709185493694,0.598425196850394,
-2.91382439329313));
#11535=CARTESIAN_POINT('',(0.375709185493694,0.62992125984252,-2.91382439329313));
#11536=CARTESIAN_POINT('Ctrl Pts',(0.466350757477451,0.62992125984252,-2.91606833230271));
#11537=CARTESIAN_POINT('Ctrl Pts',(0.466350757477451,0.598425196850394,
-2.91606833230271));
#11538=CARTESIAN_POINT('Ctrl Pts',(0.459530480642135,0.62992125984252,-2.91087369283159));
#11539=CARTESIAN_POINT('Ctrl Pts',(0.459530480642135,0.598425196850394,
-2.91087369283159));
#11540=CARTESIAN_POINT('Ctrl Pts',(0.445488183509764,0.62992125984252,-2.90017842741785));
#11541=CARTESIAN_POINT('Ctrl Pts',(0.445488183509764,0.598425196850394,
-2.90017842741785));
#11542=CARTESIAN_POINT('Ctrl Pts',(0.427852646727066,0.62992125984252,-2.89893813945005));
#11543=CARTESIAN_POINT('Ctrl Pts',(0.427852646727066,0.598425196850394,
-2.89893813945005));
#11544=CARTESIAN_POINT('Ctrl Pts',(0.418782606163653,0.62992125984252,-2.89830025344087));
#11545=CARTESIAN_POINT('Ctrl Pts',(0.418782606163653,0.598425196850394,
-2.89830025344087));
#11546=CARTESIAN_POINT('',(0.466350757477451,0.598425196850394,-2.91606833230271));
#11547=CARTESIAN_POINT('',(0.466350757477451,0.62992125984252,-2.91606833230271));
#11548=CARTESIAN_POINT('Ctrl Pts',(0.466350757477451,0.598425196850394,
-2.91606833230271));
#11549=CARTESIAN_POINT('Ctrl Pts',(0.459530480642135,0.598425196850394,
-2.91087369283159));
#11550=CARTESIAN_POINT('Ctrl Pts',(0.445488183509764,0.598425196850394,
-2.90017842741785));
#11551=CARTESIAN_POINT('Ctrl Pts',(0.427852646727066,0.598425196850394,
-2.89893813945005));
#11552=CARTESIAN_POINT('Ctrl Pts',(0.418782606163653,0.598425196850394,
-2.89830025344087));
#11553=CARTESIAN_POINT('Ctrl Pts',(0.485233111359118,0.62992125984252,-2.95980673957806));
#11554=CARTESIAN_POINT('Ctrl Pts',(0.485233111359118,0.598425196850394,
-2.95980673957806));
#11555=CARTESIAN_POINT('Ctrl Pts',(0.484425829610106,0.62992125984252,-2.95153118802986));
#11556=CARTESIAN_POINT('Ctrl Pts',(0.484425829610106,0.598425196850394,
-2.95153118802986));
#11557=CARTESIAN_POINT('Ctrl Pts',(0.482807009944593,0.62992125984252,-2.93493645439992));
#11558=CARTESIAN_POINT('Ctrl Pts',(0.482807009944593,0.598425196850394,
-2.93493645439992));
#11559=CARTESIAN_POINT('Ctrl Pts',(0.471845781312389,0.62992125984252,-2.92236872061115));
#11560=CARTESIAN_POINT('Ctrl Pts',(0.471845781312389,0.598425196850394,
-2.92236872061115));
#11561=CARTESIAN_POINT('Ctrl Pts',(0.466350757477451,0.62992125984252,-2.91606833230271));
#11562=CARTESIAN_POINT('Ctrl Pts',(0.466350757477451,0.598425196850394,
-2.91606833230271));
#11563=CARTESIAN_POINT('',(0.485233111359118,0.598425196850394,-2.95980673957806));
#11564=CARTESIAN_POINT('',(0.485233111359118,0.62992125984252,-2.95980673957806));
#11565=CARTESIAN_POINT('Ctrl Pts',(0.485233111359118,0.598425196850394,
-2.95980673957806));
#11566=CARTESIAN_POINT('Ctrl Pts',(0.484425829610106,0.598425196850394,
-2.95153118802986));
#11567=CARTESIAN_POINT('Ctrl Pts',(0.482807009944593,0.598425196850394,
-2.93493645439992));
#11568=CARTESIAN_POINT('Ctrl Pts',(0.471845781312389,0.598425196850394,
-2.92236872061115));
#11569=CARTESIAN_POINT('Ctrl Pts',(0.466350757477451,0.598425196850394,
-2.91606833230271));
#11570=CARTESIAN_POINT('Ctrl Pts',(0.475625664571056,0.62992125984252,-2.99151455985182));
#11571=CARTESIAN_POINT('Ctrl Pts',(0.475625664571056,0.598425196850394,
-2.99151455985182));
#11572=CARTESIAN_POINT('Ctrl Pts',(0.478434815990255,0.62992125984252,-2.98689069276644));
#11573=CARTESIAN_POINT('Ctrl Pts',(0.478434815990255,0.598425196850394,
-2.98689069276644));
#11574=CARTESIAN_POINT('Ctrl Pts',(0.484343052032972,0.62992125984252,-2.97716572814406));
#11575=CARTESIAN_POINT('Ctrl Pts',(0.484343052032972,0.598425196850394,
-2.97716572814406));
#11576=CARTESIAN_POINT('Ctrl Pts',(0.484926874990514,0.62992125984252,-2.96577932305078));
#11577=CARTESIAN_POINT('Ctrl Pts',(0.484926874990514,0.598425196850394,
-2.96577932305078));
#11578=CARTESIAN_POINT('Ctrl Pts',(0.485233111359118,0.62992125984252,-2.95980673957806));
#11579=CARTESIAN_POINT('Ctrl Pts',(0.485233111359118,0.598425196850394,
-2.95980673957806));
#11580=CARTESIAN_POINT('',(0.475625664571056,0.598425196850394,-2.99151455985182));
#11581=CARTESIAN_POINT('',(0.475625664571056,0.62992125984252,-2.99151455985182));
#11582=CARTESIAN_POINT('Ctrl Pts',(0.475625664571056,0.598425196850394,
-2.99151455985182));
#11583=CARTESIAN_POINT('Ctrl Pts',(0.478434815990255,0.598425196850394,
-2.98689069276644));
#11584=CARTESIAN_POINT('Ctrl Pts',(0.484343052032972,0.598425196850394,
-2.97716572814406));
#11585=CARTESIAN_POINT('Ctrl Pts',(0.484926874990514,0.598425196850394,
-2.96577932305078));
#11586=CARTESIAN_POINT('Ctrl Pts',(0.485233111359118,0.598425196850394,
-2.95980673957806));
#11587=CARTESIAN_POINT('Ctrl Pts',(0.448533751197533,0.62992125984252,-3.00835096011783));
#11588=CARTESIAN_POINT('Ctrl Pts',(0.448533751197533,0.598425196850394,
-3.00835096011783));
#11589=CARTESIAN_POINT('Ctrl Pts',(0.453971353603335,0.62992125984252,-3.00670309404001));
#11590=CARTESIAN_POINT('Ctrl Pts',(0.453971353603335,0.598425196850394,
-3.00670309404001));
#11591=CARTESIAN_POINT('Ctrl Pts',(0.464521465850045,0.62992125984252,-3.00350588122614));
#11592=CARTESIAN_POINT('Ctrl Pts',(0.464521465850045,0.598425196850394,
-3.00350588122614));
#11593=CARTESIAN_POINT('Ctrl Pts',(0.472001091053353,0.62992125984252,-2.99542870323016));
#11594=CARTESIAN_POINT('Ctrl Pts',(0.472001091053353,0.598425196850394,
-2.99542870323016));
#11595=CARTESIAN_POINT('Ctrl Pts',(0.475625664571056,0.62992125984252,-2.99151455985182));
#11596=CARTESIAN_POINT('Ctrl Pts',(0.475625664571056,0.598425196850394,
-2.99151455985182));
#11597=CARTESIAN_POINT('',(0.448533751197533,0.598425196850394,-3.00835096011783));
#11598=CARTESIAN_POINT('',(0.448533751197533,0.62992125984252,-3.00835096011783));
#11599=CARTESIAN_POINT('Ctrl Pts',(0.448533751197533,0.598425196850394,
-3.00835096011783));
#11600=CARTESIAN_POINT('Ctrl Pts',(0.453971353603335,0.598425196850394,
-3.00670309404001));
#11601=CARTESIAN_POINT('Ctrl Pts',(0.464521465850045,0.598425196850394,
-3.00350588122614));
#11602=CARTESIAN_POINT('Ctrl Pts',(0.472001091053353,0.598425196850394,
-2.99542870323016));
#11603=CARTESIAN_POINT('Ctrl Pts',(0.475625664571056,0.598425196850394,
-2.99151455985182));
#11604=CARTESIAN_POINT('Ctrl Pts',(0.468841361413573,0.62992125984252,-3.02496261146132));
#11605=CARTESIAN_POINT('Ctrl Pts',(0.468841361413573,0.598425196850394,
-3.02496261146132));
#11606=CARTESIAN_POINT('Ctrl Pts',(0.466186851682576,0.62992125984252,-3.02161465422914));
#11607=CARTESIAN_POINT('Ctrl Pts',(0.466186851682576,0.598425196850394,
-3.02161465422914));
#11608=CARTESIAN_POINT('Ctrl Pts',(0.460633281154531,0.62992125984252,-3.01461030370947));
#11609=CARTESIAN_POINT('Ctrl Pts',(0.460633281154531,0.598425196850394,
-3.01461030370947));
#11610=CARTESIAN_POINT('Ctrl Pts',(0.452683615495637,0.62992125984252,-3.01049777297691));
#11611=CARTESIAN_POINT('Ctrl Pts',(0.452683615495637,0.598425196850394,
-3.01049777297691));
#11612=CARTESIAN_POINT('Ctrl Pts',(0.448533751197533,0.62992125984252,-3.00835096011783));
#11613=CARTESIAN_POINT('Ctrl Pts',(0.448533751197533,0.598425196850394,
-3.00835096011783));
#11614=CARTESIAN_POINT('',(0.468841361413573,0.598425196850394,-3.02496261146132));
#11615=CARTESIAN_POINT('',(0.468841361413573,0.62992125984252,-3.02496261146132));
#11616=CARTESIAN_POINT('Ctrl Pts',(0.468841361413573,0.598425196850394,
-3.02496261146132));
#11617=CARTESIAN_POINT('Ctrl Pts',(0.466186851682576,0.598425196850394,
-3.02161465422914));
#11618=CARTESIAN_POINT('Ctrl Pts',(0.460633281154531,0.598425196850394,
-3.01461030370947));
#11619=CARTESIAN_POINT('Ctrl Pts',(0.452683615495637,0.598425196850394,
-3.01049777297691));
#11620=CARTESIAN_POINT('Ctrl Pts',(0.448533751197533,0.598425196850394,
-3.00835096011783));
#11621=CARTESIAN_POINT('Ctrl Pts',(0.475733851864558,0.62992125984252,-3.04817944250833));
#11622=CARTESIAN_POINT('Ctrl Pts',(0.475733851864558,0.598425196850394,
-3.04817944250833));
#11623=CARTESIAN_POINT('Ctrl Pts',(0.475446484497509,0.62992125984252,-3.04403200599456));
#11624=CARTESIAN_POINT('Ctrl Pts',(0.475446484497509,0.598425196850394,
-3.04403200599456));
#11625=CARTESIAN_POINT('Ctrl Pts',(0.474874672812764,0.62992125984252,-3.03577931994789));
#11626=CARTESIAN_POINT('Ctrl Pts',(0.474874672812764,0.598425196850394,
-3.03577931994789));
#11627=CARTESIAN_POINT('Ctrl Pts',(0.470845599794967,0.62992125984252,-3.02855587242114));
#11628=CARTESIAN_POINT('Ctrl Pts',(0.470845599794967,0.598425196850394,
-3.02855587242114));
#11629=CARTESIAN_POINT('Ctrl Pts',(0.468841361413573,0.62992125984252,-3.02496261146132));
#11630=CARTESIAN_POINT('Ctrl Pts',(0.468841361413573,0.598425196850394,
-3.02496261146132));
#11631=CARTESIAN_POINT('',(0.475733851864558,0.598425196850394,-3.04817944250833));
#11632=CARTESIAN_POINT('',(0.475733851864558,0.62992125984252,-3.04817944250833));
#11633=CARTESIAN_POINT('Ctrl Pts',(0.475733851864558,0.598425196850394,
-3.04817944250833));
#11634=CARTESIAN_POINT('Ctrl Pts',(0.475446484497509,0.598425196850394,
-3.04403200599456));
#11635=CARTESIAN_POINT('Ctrl Pts',(0.474874672812764,0.598425196850394,
-3.03577931994789));
#11636=CARTESIAN_POINT('Ctrl Pts',(0.470845599794967,0.598425196850394,
-3.02855587242114));
#11637=CARTESIAN_POINT('Ctrl Pts',(0.468841361413573,0.598425196850394,
-3.02496261146132));
#11638=CARTESIAN_POINT('Ctrl Pts',(0.468531343188113,0.62992125984252,-3.073571630696));
#11639=CARTESIAN_POINT('Ctrl Pts',(0.468531343188113,0.598425196850394,
-3.073571630696));
#11640=CARTESIAN_POINT('Ctrl Pts',(0.470638467369741,0.62992125984252,-3.06954676686967));
#11641=CARTESIAN_POINT('Ctrl Pts',(0.470638467369741,0.598425196850394,
-3.06954676686967));
#11642=CARTESIAN_POINT('Ctrl Pts',(0.474808407331959,0.62992125984252,-3.06158167365959));
#11643=CARTESIAN_POINT('Ctrl Pts',(0.474808407331959,0.598425196850394,
-3.06158167365959));
#11644=CARTESIAN_POINT('Ctrl Pts',(0.475427563335907,0.62992125984252,-3.05261509425769));
#11645=CARTESIAN_POINT('Ctrl Pts',(0.475427563335907,0.598425196850394,
-3.05261509425769));
#11646=CARTESIAN_POINT('Ctrl Pts',(0.475733851864558,0.62992125984252,-3.04817944250833));
#11647=CARTESIAN_POINT('Ctrl Pts',(0.475733851864558,0.598425196850394,
-3.04817944250833));
#11648=CARTESIAN_POINT('',(0.468531343188113,0.598425196850394,-3.073571630696));
#11649=CARTESIAN_POINT('',(0.468531343188113,0.62992125984252,-3.073571630696));
#11650=CARTESIAN_POINT('Ctrl Pts',(0.468531343188113,0.598425196850394,
-3.073571630696));
#11651=CARTESIAN_POINT('Ctrl Pts',(0.470638467369741,0.598425196850394,
-3.06954676686967));
#11652=CARTESIAN_POINT('Ctrl Pts',(0.474808407331959,0.598425196850394,
-3.06158167365959));
#11653=CARTESIAN_POINT('Ctrl Pts',(0.475427563335907,0.598425196850394,
-3.05261509425769));
#11654=CARTESIAN_POINT('Ctrl Pts',(0.475733851864558,0.598425196850394,
-3.04817944250833));
#11655=CARTESIAN_POINT('Ctrl Pts',(0.447888590725767,0.62992125984252,-3.09240987752005));
#11656=CARTESIAN_POINT('Ctrl Pts',(0.447888590725767,0.598425196850394,
-3.09240987752005));
#11657=CARTESIAN_POINT('Ctrl Pts',(0.452106600973764,0.62992125984252,-3.0899551539778));
#11658=CARTESIAN_POINT('Ctrl Pts',(0.452106600973764,0.598425196850394,
-3.0899551539778));
#11659=CARTESIAN_POINT('Ctrl Pts',(0.460349541651783,0.62992125984252,-3.08515807209558));
#11660=CARTESIAN_POINT('Ctrl Pts',(0.460349541651783,0.598425196850394,
-3.08515807209558));
#11661=CARTESIAN_POINT('Ctrl Pts',(0.465846999532564,0.62992125984252,-3.07737299281939));
#11662=CARTESIAN_POINT('Ctrl Pts',(0.465846999532564,0.598425196850394,
-3.07737299281939));
#11663=CARTESIAN_POINT('Ctrl Pts',(0.468531343188113,0.62992125984252,-3.073571630696));
#11664=CARTESIAN_POINT('Ctrl Pts',(0.468531343188113,0.598425196850394,
-3.073571630696));
#11665=CARTESIAN_POINT('',(0.447888590725767,0.598425196850394,-3.09240987752005));
#11666=CARTESIAN_POINT('',(0.447888590725767,0.62992125984252,-3.09240987752005));
#11667=CARTESIAN_POINT('Ctrl Pts',(0.447888590725767,0.598425196850394,
-3.09240987752005));
#11668=CARTESIAN_POINT('Ctrl Pts',(0.452106600973764,0.598425196850394,
-3.0899551539778));
#11669=CARTESIAN_POINT('Ctrl Pts',(0.460349541651783,0.598425196850394,
-3.08515807209558));
#11670=CARTESIAN_POINT('Ctrl Pts',(0.465846999532564,0.598425196850394,
-3.07737299281939));
#11671=CARTESIAN_POINT('Ctrl Pts',(0.468531343188113,0.598425196850394,
-3.073571630696));
#11672=CARTESIAN_POINT('Ctrl Pts',(0.418226700623824,0.62992125984252,-3.09944893641195));
#11673=CARTESIAN_POINT('Ctrl Pts',(0.418226700623824,0.598425196850394,
-3.09944893641195));
#11674=CARTESIAN_POINT('Ctrl Pts',(0.423457669023288,0.62992125984252,-3.09916500765846));
#11675=CARTESIAN_POINT('Ctrl Pts',(0.423457669023288,0.598425196850394,
-3.09916500765846));
#11676=CARTESIAN_POINT('Ctrl Pts',(0.433772186250967,0.62992125984252,-3.09860515185442));
#11677=CARTESIAN_POINT('Ctrl Pts',(0.433772186250967,0.598425196850394,
-3.09860515185442));
#11678=CARTESIAN_POINT('Ctrl Pts',(0.44322817225724,0.62992125984252,-3.09445519798229));
#11679=CARTESIAN_POINT('Ctrl Pts',(0.44322817225724,0.598425196850394,-3.09445519798229));
#11680=CARTESIAN_POINT('Ctrl Pts',(0.447888590725767,0.62992125984252,-3.09240987752005));
#11681=CARTESIAN_POINT('Ctrl Pts',(0.447888590725767,0.598425196850394,
-3.09240987752005));
#11682=CARTESIAN_POINT('',(0.418226700623824,0.598425196850394,-3.09944893641195));
#11683=CARTESIAN_POINT('',(0.418226700623824,0.62992125984252,-3.09944893641195));
#11684=CARTESIAN_POINT('Ctrl Pts',(0.418226700623824,0.598425196850394,
-3.09944893641195));
#11685=CARTESIAN_POINT('Ctrl Pts',(0.423457669023288,0.598425196850394,
-3.09916500765846));
#11686=CARTESIAN_POINT('Ctrl Pts',(0.433772186250967,0.598425196850394,
-3.09860515185442));
#11687=CARTESIAN_POINT('Ctrl Pts',(0.44322817225724,0.598425196850394,-3.09445519798229));
#11688=CARTESIAN_POINT('Ctrl Pts',(0.447888590725767,0.598425196850394,
-3.09240987752005));
#11689=CARTESIAN_POINT('Ctrl Pts',(0.379126488843163,0.62992125984252,-3.08609584597711));
#11690=CARTESIAN_POINT('Ctrl Pts',(0.379126488843163,0.598425196850394,
-3.08609584597711));
#11691=CARTESIAN_POINT('Ctrl Pts',(0.384812862430991,0.62992125984252,-3.09000018997533));
#11692=CARTESIAN_POINT('Ctrl Pts',(0.384812862430991,0.598425196850394,
-3.09000018997533));
#11693=CARTESIAN_POINT('Ctrl Pts',(0.396581597625907,0.62992125984252,-3.0980807689094));
#11694=CARTESIAN_POINT('Ctrl Pts',(0.396581597625907,0.598425196850394,
-3.0980807689094));
#11695=CARTESIAN_POINT('Ctrl Pts',(0.410851616340979,0.62992125984252,-3.09898276396429));
#11696=CARTESIAN_POINT('Ctrl Pts',(0.410851616340979,0.598425196850394,
-3.09898276396429));
#11697=CARTESIAN_POINT('Ctrl Pts',(0.418226700623824,0.62992125984252,-3.09944893641195));
#11698=CARTESIAN_POINT('Ctrl Pts',(0.418226700623824,0.598425196850394,
-3.09944893641195));
#11699=CARTESIAN_POINT('',(0.379126488843163,0.598425196850394,-3.08609584597711));
#11700=CARTESIAN_POINT('',(0.379126488843163,0.62992125984252,-3.08609584597711));
#11701=CARTESIAN_POINT('Ctrl Pts',(0.379126488843163,0.598425196850394,
-3.08609584597711));
#11702=CARTESIAN_POINT('Ctrl Pts',(0.384812862430991,0.598425196850394,
-3.09000018997533));
#11703=CARTESIAN_POINT('Ctrl Pts',(0.396581597625907,0.598425196850394,
-3.0980807689094));
#11704=CARTESIAN_POINT('Ctrl Pts',(0.410851616340979,0.598425196850394,
-3.09898276396429));
#11705=CARTESIAN_POINT('Ctrl Pts',(0.418226700623824,0.598425196850394,
-3.09944893641195));
#11706=CARTESIAN_POINT('Ctrl Pts',(0.358913159741685,0.62992125984252,-3.04853675709971));
#11707=CARTESIAN_POINT('Ctrl Pts',(0.358913159741685,0.598425196850394,
-3.04853675709971));
#11708=CARTESIAN_POINT('Ctrl Pts',(0.360733026311375,0.62992125984252,-3.0560517059768));
#11709=CARTESIAN_POINT('Ctrl Pts',(0.360733026311375,0.598425196850394,
-3.0560517059768));
#11710=CARTESIAN_POINT('Ctrl Pts',(0.364200211065397,0.62992125984252,-3.07036908319987));
#11711=CARTESIAN_POINT('Ctrl Pts',(0.364200211065397,0.598425196850394,
-3.07036908319987));
#11712=CARTESIAN_POINT('Ctrl Pts',(0.374318919250562,0.62992125984252,-3.08103045005968));
#11713=CARTESIAN_POINT('Ctrl Pts',(0.374318919250562,0.598425196850394,
-3.08103045005968));
#11714=CARTESIAN_POINT('Ctrl Pts',(0.379126488843163,0.62992125984252,-3.08609584597711));
#11715=CARTESIAN_POINT('Ctrl Pts',(0.379126488843163,0.598425196850394,
-3.08609584597711));
#11716=CARTESIAN_POINT('',(0.358913159741685,0.598425196850394,-3.04853675709971));
#11717=CARTESIAN_POINT('',(0.358913159741685,0.62992125984252,-3.04853675709971));
#11718=CARTESIAN_POINT('Ctrl Pts',(0.358913159741685,0.598425196850394,
-3.04853675709971));
#11719=CARTESIAN_POINT('Ctrl Pts',(0.360733026311375,0.598425196850394,
-3.0560517059768));
#11720=CARTESIAN_POINT('Ctrl Pts',(0.364200211065397,0.598425196850394,
-3.07036908319987));
#11721=CARTESIAN_POINT('Ctrl Pts',(0.374318919250562,0.598425196850394,
-3.08103045005968));
#11722=CARTESIAN_POINT('Ctrl Pts',(0.379126488843163,0.598425196850394,
-3.08609584597711));
#11723=CARTESIAN_POINT('Origin',(0.383074806541275,0.62992125984252,-3.04419373393892));
#11724=CARTESIAN_POINT('',(0.383074806541275,0.598425196850394,-3.04419373393892));
#11725=CARTESIAN_POINT('',(0.383074806541275,0.62992125984252,-3.04419373393892));
#11726=CARTESIAN_POINT('',(0.383074806541275,0.598425196850394,-3.04419373393892));
#11727=CARTESIAN_POINT('Ctrl Pts',(0.395210481011499,0.62992125984252,-3.07075752232106));
#11728=CARTESIAN_POINT('Ctrl Pts',(0.395210481011499,0.598425196850394,
-3.07075752232106));
#11729=CARTESIAN_POINT('Ctrl Pts',(0.392321273738023,0.62992125984252,-3.06721634447631));
#11730=CARTESIAN_POINT('Ctrl Pts',(0.392321273738023,0.598425196850394,
-3.06721634447631));
#11731=CARTESIAN_POINT('Ctrl Pts',(0.385984773755913,0.62992125984252,-3.05944996732645));
#11732=CARTESIAN_POINT('Ctrl Pts',(0.385984773755913,0.598425196850394,
-3.05944996732645));
#11733=CARTESIAN_POINT('Ctrl Pts',(0.384100125564119,0.62992125984252,-3.04956922622299));
#11734=CARTESIAN_POINT('Ctrl Pts',(0.384100125564119,0.598425196850394,
-3.04956922622299));
#11735=CARTESIAN_POINT('Ctrl Pts',(0.383074806541275,0.62992125984252,-3.04419373393892));
#11736=CARTESIAN_POINT('Ctrl Pts',(0.383074806541275,0.598425196850394,
-3.04419373393892));
#11737=CARTESIAN_POINT('',(0.395210481011499,0.598425196850394,-3.07075752232106));
#11738=CARTESIAN_POINT('',(0.395210481011499,0.62992125984252,-3.07075752232106));
#11739=CARTESIAN_POINT('Ctrl Pts',(0.395210481011499,0.598425196850394,
-3.07075752232106));
#11740=CARTESIAN_POINT('Ctrl Pts',(0.392321273738023,0.598425196850394,
-3.06721634447631));
#11741=CARTESIAN_POINT('Ctrl Pts',(0.385984773755913,0.598425196850394,
-3.05944996732645));
#11742=CARTESIAN_POINT('Ctrl Pts',(0.384100125564119,0.598425196850394,
-3.04956922622299));
#11743=CARTESIAN_POINT('Ctrl Pts',(0.383074806541275,0.598425196850394,
-3.04419373393892));
#11744=CARTESIAN_POINT('Ctrl Pts',(0.418725879500419,0.62992125984252,-3.07957491377667));
#11745=CARTESIAN_POINT('Ctrl Pts',(0.418725879500419,0.598425196850394,
-3.07957491377667));
#11746=CARTESIAN_POINT('Ctrl Pts',(0.414261622887624,0.62992125984252,-3.07925146167102));
#11747=CARTESIAN_POINT('Ctrl Pts',(0.414261622887624,0.598425196850394,
-3.07925146167102));
#11748=CARTESIAN_POINT('Ctrl Pts',(0.405545179508642,0.62992125984252,-3.07861992271409));
#11749=CARTESIAN_POINT('Ctrl Pts',(0.405545179508642,0.598425196850394,
-3.07861992271409));
#11750=CARTESIAN_POINT('Ctrl Pts',(0.398599047705912,0.62992125984252,-3.07333546575283));
#11751=CARTESIAN_POINT('Ctrl Pts',(0.398599047705912,0.598425196850394,
-3.07333546575283));
#11752=CARTESIAN_POINT('Ctrl Pts',(0.395210481011499,0.62992125984252,-3.07075752232106));
#11753=CARTESIAN_POINT('Ctrl Pts',(0.395210481011499,0.598425196850394,
-3.07075752232106));
#11754=CARTESIAN_POINT('',(0.418725879500419,0.598425196850394,-3.07957491377667));
#11755=CARTESIAN_POINT('',(0.418725879500419,0.62992125984252,-3.07957491377667));
#11756=CARTESIAN_POINT('Ctrl Pts',(0.418725879500419,0.598425196850394,
-3.07957491377667));
#11757=CARTESIAN_POINT('Ctrl Pts',(0.414261622887624,0.598425196850394,
-3.07925146167102));
#11758=CARTESIAN_POINT('Ctrl Pts',(0.405545179508642,0.598425196850394,
-3.07861992271409));
#11759=CARTESIAN_POINT('Ctrl Pts',(0.398599047705912,0.598425196850394,
-3.07333546575283));
#11760=CARTESIAN_POINT('Ctrl Pts',(0.395210481011499,0.598425196850394,
-3.07075752232106));
#11761=CARTESIAN_POINT('Ctrl Pts',(0.441939121462422,0.62992125984252,-3.07080258073465));
#11762=CARTESIAN_POINT('Ctrl Pts',(0.441939121462422,0.598425196850394,
-3.07080258073465));
#11763=CARTESIAN_POINT('Ctrl Pts',(0.438648012669063,0.62992125984252,-3.07335365075105));
#11764=CARTESIAN_POINT('Ctrl Pts',(0.438648012669063,0.598425196850394,
-3.07335365075105));
#11765=CARTESIAN_POINT('Ctrl Pts',(0.431823692210697,0.62992125984252,-3.07864345439982));
#11766=CARTESIAN_POINT('Ctrl Pts',(0.431823692210697,0.598425196850394,
-3.07864345439982));
#11767=CARTESIAN_POINT('Ctrl Pts',(0.42319386898892,0.62992125984252,-3.07925716982989));
#11768=CARTESIAN_POINT('Ctrl Pts',(0.42319386898892,0.598425196850394,-3.07925716982989));
#11769=CARTESIAN_POINT('Ctrl Pts',(0.418725879500419,0.62992125984252,-3.07957491377667));
#11770=CARTESIAN_POINT('Ctrl Pts',(0.418725879500419,0.598425196850394,
-3.07957491377667));
#11771=CARTESIAN_POINT('',(0.441939121462422,0.598425196850394,-3.07080258073465));
#11772=CARTESIAN_POINT('',(0.441939121462422,0.62992125984252,-3.07080258073465));
#11773=CARTESIAN_POINT('Ctrl Pts',(0.441939121462422,0.598425196850394,
-3.07080258073465));
#11774=CARTESIAN_POINT('Ctrl Pts',(0.438648012669063,0.598425196850394,
-3.07335365075105));
#11775=CARTESIAN_POINT('Ctrl Pts',(0.431823692210697,0.598425196850394,
-3.07864345439982));
#11776=CARTESIAN_POINT('Ctrl Pts',(0.42319386898892,0.598425196850394,-3.07925716982989));
#11777=CARTESIAN_POINT('Ctrl Pts',(0.418725879500419,0.598425196850394,
-3.07957491377667));
#11778=CARTESIAN_POINT('Ctrl Pts',(0.450893630895423,0.62992125984252,-3.04876396848265));
#11779=CARTESIAN_POINT('Ctrl Pts',(0.450893630895423,0.598425196850394,
-3.04876396848265));
#11780=CARTESIAN_POINT('Ctrl Pts',(0.450552307738168,0.62992125984252,-3.05298051117134));
#11781=CARTESIAN_POINT('Ctrl Pts',(0.450552307738168,0.598425196850394,
-3.05298051117134));
#11782=CARTESIAN_POINT('Ctrl Pts',(0.449880791730302,0.62992125984252,-3.06127609807518));
#11783=CARTESIAN_POINT('Ctrl Pts',(0.449880791730302,0.598425196850394,
-3.06127609807518));
#11784=CARTESIAN_POINT('Ctrl Pts',(0.44455693074121,0.62992125984252,-3.067662370444));
#11785=CARTESIAN_POINT('Ctrl Pts',(0.44455693074121,0.598425196850394,-3.067662370444));
#11786=CARTESIAN_POINT('Ctrl Pts',(0.441939121462422,0.62992125984252,-3.07080258073465));
#11787=CARTESIAN_POINT('Ctrl Pts',(0.441939121462422,0.598425196850394,
-3.07080258073465));
#11788=CARTESIAN_POINT('',(0.450893630895423,0.598425196850394,-3.04876396848265));
#11789=CARTESIAN_POINT('',(0.450893630895423,0.62992125984252,-3.04876396848265));
#11790=CARTESIAN_POINT('Ctrl Pts',(0.450893630895423,0.598425196850394,
-3.04876396848265));
#11791=CARTESIAN_POINT('Ctrl Pts',(0.450552307738168,0.598425196850394,
-3.05298051117134));
#11792=CARTESIAN_POINT('Ctrl Pts',(0.449880791730302,0.598425196850394,
-3.06127609807518));
#11793=CARTESIAN_POINT('Ctrl Pts',(0.44455693074121,0.598425196850394,-3.067662370444));
#11794=CARTESIAN_POINT('Ctrl Pts',(0.441939121462422,0.598425196850394,
-3.07080258073465));
#11795=CARTESIAN_POINT('Ctrl Pts',(0.4384927168287,0.62992125984252,-3.02394630792464));
#11796=CARTESIAN_POINT('Ctrl Pts',(0.4384927168287,0.598425196850394,-3.02394630792464));
#11797=CARTESIAN_POINT('Ctrl Pts',(0.442100328910153,0.62992125984252,-3.02709032891054));
#11798=CARTESIAN_POINT('Ctrl Pts',(0.442100328910153,0.598425196850394,
-3.02709032891054));
#11799=CARTESIAN_POINT('Ctrl Pts',(0.449607447147435,0.62992125984252,-3.03363275552093));
#11800=CARTESIAN_POINT('Ctrl Pts',(0.449607447147435,0.598425196850394,
-3.03363275552093));
#11801=CARTESIAN_POINT('Ctrl Pts',(0.450453931886325,0.62992125984252,-3.04359116222061));
#11802=CARTESIAN_POINT('Ctrl Pts',(0.450453931886325,0.598425196850394,
-3.04359116222061));
#11803=CARTESIAN_POINT('Ctrl Pts',(0.450893630895423,0.62992125984252,-3.04876396848265));
#11804=CARTESIAN_POINT('Ctrl Pts',(0.450893630895423,0.598425196850394,
-3.04876396848265));
#11805=CARTESIAN_POINT('',(0.4384927168287,0.598425196850394,-3.02394630792464));
#11806=CARTESIAN_POINT('',(0.4384927168287,0.62992125984252,-3.02394630792464));
#11807=CARTESIAN_POINT('Ctrl Pts',(0.4384927168287,0.598425196850394,-3.02394630792464));
#11808=CARTESIAN_POINT('Ctrl Pts',(0.442100328910153,0.598425196850394,
-3.02709032891054));
#11809=CARTESIAN_POINT('Ctrl Pts',(0.449607447147435,0.598425196850394,
-3.03363275552093));
#11810=CARTESIAN_POINT('Ctrl Pts',(0.450453931886325,0.598425196850394,
-3.04359116222061));
#11811=CARTESIAN_POINT('Ctrl Pts',(0.450893630895423,0.598425196850394,
-3.04876396848265));
#11812=CARTESIAN_POINT('Ctrl Pts',(0.410682003054949,0.62992125984252,-3.01594276705108));
#11813=CARTESIAN_POINT('Ctrl Pts',(0.410682003054949,0.598425196850394,
-3.01594276705108));
#11814=CARTESIAN_POINT('Ctrl Pts',(0.41567537489164,0.62992125984252,-3.01625219733368));
#11815=CARTESIAN_POINT('Ctrl Pts',(0.41567537489164,0.598425196850394,-3.01625219733368));
#11816=CARTESIAN_POINT('Ctrl Pts',(0.425541481734023,0.62992125984252,-3.01686358225118));
#11817=CARTESIAN_POINT('Ctrl Pts',(0.425541481734023,0.598425196850394,
-3.01686358225118));
#11818=CARTESIAN_POINT('Ctrl Pts',(0.434210973577549,0.62992125984252,-3.02160472330893));
#11819=CARTESIAN_POINT('Ctrl Pts',(0.434210973577549,0.598425196850394,
-3.02160472330893));
#11820=CARTESIAN_POINT('Ctrl Pts',(0.4384927168287,0.62992125984252,-3.02394630792464));
#11821=CARTESIAN_POINT('Ctrl Pts',(0.4384927168287,0.598425196850394,-3.02394630792464));
#11822=CARTESIAN_POINT('',(0.410682003054949,0.598425196850394,-3.01594276705108));
#11823=CARTESIAN_POINT('',(0.410682003054949,0.62992125984252,-3.01594276705108));
#11824=CARTESIAN_POINT('Ctrl Pts',(0.410682003054949,0.598425196850394,
-3.01594276705108));
#11825=CARTESIAN_POINT('Ctrl Pts',(0.41567537489164,0.598425196850394,-3.01625219733368));
#11826=CARTESIAN_POINT('Ctrl Pts',(0.425541481734023,0.598425196850394,
-3.01686358225118));
#11827=CARTESIAN_POINT('Ctrl Pts',(0.434210973577549,0.598425196850394,
-3.02160472330893));
#11828=CARTESIAN_POINT('Ctrl Pts',(0.4384927168287,0.598425196850394,-3.02394630792464));
#11829=CARTESIAN_POINT('Ctrl Pts',(0.406788509195955,0.62992125984252,-3.01621875061554));
#11830=CARTESIAN_POINT('Ctrl Pts',(0.406788509195955,0.598425196850394,
-3.01621875061554));
#11831=CARTESIAN_POINT('Ctrl Pts',(0.407514982290716,0.62992125984252,-3.01613943143523));
#11832=CARTESIAN_POINT('Ctrl Pts',(0.407514982290716,0.598425196850394,
-3.01613943143523));
#11833=CARTESIAN_POINT('Ctrl Pts',(0.40880947628727,0.62992125984252,-3.01599809350617));
#11834=CARTESIAN_POINT('Ctrl Pts',(0.40880947628727,0.598425196850394,-3.01599809350617));
#11835=CARTESIAN_POINT('Ctrl Pts',(0.410110928781045,0.62992125984252,-3.01595964024922));
#11836=CARTESIAN_POINT('Ctrl Pts',(0.410110928781045,0.598425196850394,
-3.01595964024922));
#11837=CARTESIAN_POINT('Ctrl Pts',(0.410682003054949,0.62992125984252,-3.01594276705108));
#11838=CARTESIAN_POINT('Ctrl Pts',(0.410682003054949,0.598425196850394,
-3.01594276705108));
#11839=CARTESIAN_POINT('',(0.406788509195955,0.598425196850394,-3.01621875061554));
#11840=CARTESIAN_POINT('',(0.406788509195955,0.62992125984252,-3.01621875061554));
#11841=CARTESIAN_POINT('Ctrl Pts',(0.406788509195955,0.598425196850394,
-3.01621875061554));
#11842=CARTESIAN_POINT('Ctrl Pts',(0.407514982290716,0.598425196850394,
-3.01613943143523));
#11843=CARTESIAN_POINT('Ctrl Pts',(0.40880947628727,0.598425196850394,-3.01599809350617));
#11844=CARTESIAN_POINT('Ctrl Pts',(0.410110928781045,0.598425196850394,
-3.01595964024922));
#11845=CARTESIAN_POINT('Ctrl Pts',(0.410682003054949,0.598425196850394,
-3.01594276705108));
#11846=CARTESIAN_POINT('Origin',(0.404062443276171,0.62992125984252,-2.99500813616886));
#11847=CARTESIAN_POINT('',(0.404062443276171,0.598425196850394,-2.99500813616886));
#11848=CARTESIAN_POINT('',(0.404062443276171,0.62992125984252,-2.99500813616886));
#11849=CARTESIAN_POINT('',(0.404062443276171,0.598425196850394,-2.99500813616886));
#11850=CARTESIAN_POINT('Ctrl Pts',(0.421120756948549,0.62992125984252,-2.99766111376144));
#11851=CARTESIAN_POINT('Ctrl Pts',(0.421120756948549,0.598425196850394,
-2.99766111376144));
#11852=CARTESIAN_POINT('Ctrl Pts',(0.418547368063486,0.62992125984252,-2.997512949735));
#11853=CARTESIAN_POINT('Ctrl Pts',(0.418547368063486,0.598425196850394,
-2.997512949735));
#11854=CARTESIAN_POINT('Ctrl Pts',(0.412779180419341,0.62992125984252,-2.99718084372816));
#11855=CARTESIAN_POINT('Ctrl Pts',(0.412779180419341,0.598425196850394,
-2.99718084372816));
#11856=CARTESIAN_POINT('Ctrl Pts',(0.407169468072975,0.62992125984252,-2.99578258378063));
#11857=CARTESIAN_POINT('Ctrl Pts',(0.407169468072975,0.598425196850394,
-2.99578258378063));
#11858=CARTESIAN_POINT('Ctrl Pts',(0.404062443276171,0.62992125984252,-2.99500813616886));
#11859=CARTESIAN_POINT('Ctrl Pts',(0.404062443276171,0.598425196850394,
-2.99500813616886));
#11860=CARTESIAN_POINT('',(0.421120756948549,0.598425196850394,-2.99766111376144));
#11861=CARTESIAN_POINT('',(0.421120756948549,0.62992125984252,-2.99766111376144));
#11862=CARTESIAN_POINT('Ctrl Pts',(0.421120756948549,0.598425196850394,
-2.99766111376144));
#11863=CARTESIAN_POINT('Ctrl Pts',(0.418547368063486,0.598425196850394,
-2.997512949735));
#11864=CARTESIAN_POINT('Ctrl Pts',(0.412779180419341,0.598425196850394,
-2.99718084372816));
#11865=CARTESIAN_POINT('Ctrl Pts',(0.407169468072975,0.598425196850394,
-2.99578258378063));
#11866=CARTESIAN_POINT('Ctrl Pts',(0.404062443276171,0.598425196850394,
-2.99500813616886));
#11867=CARTESIAN_POINT('Ctrl Pts',(0.448761048365944,0.62992125984252,-2.98673185862245));
#11868=CARTESIAN_POINT('Ctrl Pts',(0.448761048365944,0.598425196850394,
-2.98673185862245));
#11869=CARTESIAN_POINT('Ctrl Pts',(0.44482991304543,0.62992125984252,-2.98991113793453));
#11870=CARTESIAN_POINT('Ctrl Pts',(0.44482991304543,0.598425196850394,-2.98991113793453));
#11871=CARTESIAN_POINT('Ctrl Pts',(0.436770216124526,0.62992125984252,-2.99642936373779));
#11872=CARTESIAN_POINT('Ctrl Pts',(0.436770216124526,0.598425196850394,
-2.99642936373779));
#11873=CARTESIAN_POINT('Ctrl Pts',(0.426421740358765,0.62992125984252,-2.99724387976201));
#11874=CARTESIAN_POINT('Ctrl Pts',(0.426421740358765,0.598425196850394,
-2.99724387976201));
#11875=CARTESIAN_POINT('Ctrl Pts',(0.421120756948549,0.62992125984252,-2.99766111376144));
#11876=CARTESIAN_POINT('Ctrl Pts',(0.421120756948549,0.598425196850394,
-2.99766111376144));
#11877=CARTESIAN_POINT('',(0.448761048365944,0.598425196850394,-2.98673185862245));
#11878=CARTESIAN_POINT('',(0.448761048365944,0.62992125984252,-2.98673185862245));
#11879=CARTESIAN_POINT('Ctrl Pts',(0.448761048365944,0.598425196850394,
-2.98673185862245));
#11880=CARTESIAN_POINT('Ctrl Pts',(0.44482991304543,0.598425196850394,-2.98991113793453));
#11881=CARTESIAN_POINT('Ctrl Pts',(0.436770216124526,0.598425196850394,
-2.99642936373779));
#11882=CARTESIAN_POINT('Ctrl Pts',(0.426421740358765,0.598425196850394,
-2.99724387976201));
#11883=CARTESIAN_POINT('Ctrl Pts',(0.421120756948549,0.598425196850394,
-2.99766111376144));
#11884=CARTESIAN_POINT('Ctrl Pts',(0.45958519265955,0.62992125984252,-2.95931860796541));
#11885=CARTESIAN_POINT('Ctrl Pts',(0.45958519265955,0.598425196850394,-2.95931860796541));
#11886=CARTESIAN_POINT('Ctrl Pts',(0.45918719044542,0.62992125984252,-2.9645779076952));
#11887=CARTESIAN_POINT('Ctrl Pts',(0.45918719044542,0.598425196850394,-2.9645779076952));
#11888=CARTESIAN_POINT('Ctrl Pts',(0.458409856240153,0.62992125984252,-2.97484979420881));
#11889=CARTESIAN_POINT('Ctrl Pts',(0.458409856240153,0.598425196850394,
-2.97484979420881));
#11890=CARTESIAN_POINT('Ctrl Pts',(0.451925402536923,0.62992125984252,-2.98283510157461));
#11891=CARTESIAN_POINT('Ctrl Pts',(0.451925402536923,0.598425196850394,
-2.98283510157461));
#11892=CARTESIAN_POINT('Ctrl Pts',(0.448761048365944,0.62992125984252,-2.98673185862245));
#11893=CARTESIAN_POINT('Ctrl Pts',(0.448761048365944,0.598425196850394,
-2.98673185862245));
#11894=CARTESIAN_POINT('',(0.45958519265955,0.598425196850394,-2.95931860796541));
#11895=CARTESIAN_POINT('',(0.45958519265955,0.62992125984252,-2.95931860796541));
#11896=CARTESIAN_POINT('Ctrl Pts',(0.45958519265955,0.598425196850394,-2.95931860796541));
#11897=CARTESIAN_POINT('Ctrl Pts',(0.45918719044542,0.598425196850394,-2.9645779076952));
#11898=CARTESIAN_POINT('Ctrl Pts',(0.458409856240153,0.598425196850394,
-2.97484979420881));
#11899=CARTESIAN_POINT('Ctrl Pts',(0.451925402536923,0.598425196850394,
-2.98283510157461));
#11900=CARTESIAN_POINT('Ctrl Pts',(0.448761048365944,0.598425196850394,
-2.98673185862245));
#11901=CARTESIAN_POINT('Ctrl Pts',(0.447712916310605,0.62992125984252,-2.93006877055327));
#11902=CARTESIAN_POINT('Ctrl Pts',(0.447712916310605,0.598425196850394,
-2.93006877055327));
#11903=CARTESIAN_POINT('Ctrl Pts',(0.451167258014032,0.62992125984252,-2.93427081364556));
#11904=CARTESIAN_POINT('Ctrl Pts',(0.451167258014032,0.598425196850394,
-2.93427081364556));
#11905=CARTESIAN_POINT('Ctrl Pts',(0.458161612839651,0.62992125984252,-2.94277911505386));
#11906=CARTESIAN_POINT('Ctrl Pts',(0.458161612839651,0.598425196850394,
-2.94277911505386));
#11907=CARTESIAN_POINT('Ctrl Pts',(0.459106806935044,0.62992125984252,-2.95376060750147));
#11908=CARTESIAN_POINT('Ctrl Pts',(0.459106806935044,0.598425196850394,
-2.95376060750147));
#11909=CARTESIAN_POINT('Ctrl Pts',(0.45958519265955,0.62992125984252,-2.95931860796541));
#11910=CARTESIAN_POINT('Ctrl Pts',(0.45958519265955,0.598425196850394,-2.95931860796541));
#11911=CARTESIAN_POINT('',(0.447712916310605,0.598425196850394,-2.93006877055327));
#11912=CARTESIAN_POINT('',(0.447712916310605,0.62992125984252,-2.93006877055327));
#11913=CARTESIAN_POINT('Ctrl Pts',(0.447712916310605,0.598425196850394,
-2.93006877055327));
#11914=CARTESIAN_POINT('Ctrl Pts',(0.451167258014032,0.598425196850394,
-2.93427081364556));
#11915=CARTESIAN_POINT('Ctrl Pts',(0.458161612839651,0.598425196850394,
-2.94277911505386));
#11916=CARTESIAN_POINT('Ctrl Pts',(0.459106806935044,0.598425196850394,
-2.95376060750147));
#11917=CARTESIAN_POINT('Ctrl Pts',(0.45958519265955,0.598425196850394,-2.95931860796541));
#11918=CARTESIAN_POINT('Ctrl Pts',(0.418955079470545,0.62992125984252,-2.91830726868603));
#11919=CARTESIAN_POINT('Ctrl Pts',(0.418955079470545,0.598425196850394,
-2.91830726868603));
#11920=CARTESIAN_POINT('Ctrl Pts',(0.424402142463509,0.62992125984252,-2.91877467535829));
#11921=CARTESIAN_POINT('Ctrl Pts',(0.424402142463509,0.598425196850394,
-2.91877467535829));
#11922=CARTESIAN_POINT('Ctrl Pts',(0.435217287281446,0.62992125984252,-2.91970271141292));
#11923=CARTESIAN_POINT('Ctrl Pts',(0.435217287281446,0.598425196850394,
-2.91970271141292));
#11924=CARTESIAN_POINT('Ctrl Pts',(0.443568034664742,0.62992125984252,-2.92663028112865));
#11925=CARTESIAN_POINT('Ctrl Pts',(0.443568034664742,0.598425196850394,
-2.92663028112865));
#11926=CARTESIAN_POINT('Ctrl Pts',(0.447712916310605,0.62992125984252,-2.93006877055327));
#11927=CARTESIAN_POINT('Ctrl Pts',(0.447712916310605,0.598425196850394,
-2.93006877055327));
#11928=CARTESIAN_POINT('',(0.418955079470545,0.598425196850394,-2.91830726868603));
#11929=CARTESIAN_POINT('',(0.418955079470545,0.62992125984252,-2.91830726868603));
#11930=CARTESIAN_POINT('Ctrl Pts',(0.418955079470545,0.598425196850394,
-2.91830726868603));
#11931=CARTESIAN_POINT('Ctrl Pts',(0.424402142463509,0.598425196850394,
-2.91877467535829));
#11932=CARTESIAN_POINT('Ctrl Pts',(0.435217287281446,0.598425196850394,
-2.91970271141292));
#11933=CARTESIAN_POINT('Ctrl Pts',(0.443568034664742,0.598425196850394,
-2.92663028112865));
#11934=CARTESIAN_POINT('Ctrl Pts',(0.447712916310605,0.598425196850394,
-2.93006877055327));
#11935=CARTESIAN_POINT('Ctrl Pts',(0.394533856576374,0.62992125984252,-2.92735048144973));
#11936=CARTESIAN_POINT('Ctrl Pts',(0.394533856576374,0.598425196850394,
-2.92735048144973));
#11937=CARTESIAN_POINT('Ctrl Pts',(0.398104538042498,0.62992125984252,-2.92471988455317));
#11938=CARTESIAN_POINT('Ctrl Pts',(0.398104538042498,0.598425196850394,
-2.92471988455317));
#11939=CARTESIAN_POINT('Ctrl Pts',(0.405370321387286,0.62992125984252,-2.91936702759875));
#11940=CARTESIAN_POINT('Ctrl Pts',(0.405370321387286,0.598425196850394,
-2.91936702759875));
#11941=CARTESIAN_POINT('Ctrl Pts',(0.414375425173349,0.62992125984252,-2.91866453154113));
#11942=CARTESIAN_POINT('Ctrl Pts',(0.414375425173349,0.598425196850394,
-2.91866453154113));
#11943=CARTESIAN_POINT('Ctrl Pts',(0.418955079470545,0.62992125984252,-2.91830726868603));
#11944=CARTESIAN_POINT('Ctrl Pts',(0.418955079470545,0.598425196850394,
-2.91830726868603));
#11945=CARTESIAN_POINT('',(0.394533856576374,0.598425196850394,-2.92735048144973));
#11946=CARTESIAN_POINT('',(0.394533856576374,0.62992125984252,-2.92735048144973));
#11947=CARTESIAN_POINT('Ctrl Pts',(0.394533856576374,0.598425196850394,
-2.92735048144973));
#11948=CARTESIAN_POINT('Ctrl Pts',(0.398104538042498,0.598425196850394,
-2.92471988455317));
#11949=CARTESIAN_POINT('Ctrl Pts',(0.405370321387286,0.598425196850394,
-2.91936702759875));
#11950=CARTESIAN_POINT('Ctrl Pts',(0.414375425173349,0.598425196850394,
-2.91866453154113));
#11951=CARTESIAN_POINT('Ctrl Pts',(0.418955079470545,0.598425196850394,
-2.91830726868603));
#11952=CARTESIAN_POINT('Ctrl Pts',(0.380491436360348,0.62992125984252,-2.95705262131596));
#11953=CARTESIAN_POINT('Ctrl Pts',(0.380491436360348,0.598425196850394,
-2.95705262131596));
#11954=CARTESIAN_POINT('Ctrl Pts',(0.381871686739794,0.62992125984252,-2.95091575738525));
#11955=CARTESIAN_POINT('Ctrl Pts',(0.381871686739794,0.598425196850394,
-2.95091575738525));
#11956=CARTESIAN_POINT('Ctrl Pts',(0.384344395291062,0.62992125984252,-2.93992161013096));
#11957=CARTESIAN_POINT('Ctrl Pts',(0.384344395291062,0.598425196850394,
-2.93992161013096));
#11958=CARTESIAN_POINT('Ctrl Pts',(0.391411545303943,0.62992125984252,-2.93120259646244));
#11959=CARTESIAN_POINT('Ctrl Pts',(0.391411545303943,0.598425196850394,
-2.93120259646244));
#11960=CARTESIAN_POINT('Ctrl Pts',(0.394533856576374,0.62992125984252,-2.92735048144973));
#11961=CARTESIAN_POINT('Ctrl Pts',(0.394533856576374,0.598425196850394,
-2.92735048144973));
#11962=CARTESIAN_POINT('',(0.380491436360348,0.598425196850394,-2.95705262131596));
#11963=CARTESIAN_POINT('',(0.380491436360348,0.62992125984252,-2.95705262131596));
#11964=CARTESIAN_POINT('Ctrl Pts',(0.380491436360348,0.598425196850394,
-2.95705262131596));
#11965=CARTESIAN_POINT('Ctrl Pts',(0.381871686739794,0.598425196850394,
-2.95091575738525));
#11966=CARTESIAN_POINT('Ctrl Pts',(0.384344395291062,0.598425196850394,
-2.93992161013096));
#11967=CARTESIAN_POINT('Ctrl Pts',(0.391411545303943,0.598425196850394,
-2.93120259646244));
#11968=CARTESIAN_POINT('Ctrl Pts',(0.394533856576374,0.598425196850394,
-2.92735048144973));
#11969=CARTESIAN_POINT('Origin',(0.356315432907012,0.62992125984252,-2.9538761098484));
#11970=CARTESIAN_POINT('',(0.356315432907012,0.598425196850394,-2.9538761098484));
#11971=CARTESIAN_POINT('',(0.356315432907012,0.62992125984252,-2.9538761098484));
#11972=CARTESIAN_POINT('',(0.356315432907012,0.598425196850394,-2.9538761098484));
#11973=CARTESIAN_POINT('Ctrl Pts',(0.375709185493694,0.62992125984252,-2.91382439329313));
#11974=CARTESIAN_POINT('Ctrl Pts',(0.375709185493694,0.598425196850394,
-2.91382439329313));
#11975=CARTESIAN_POINT('Ctrl Pts',(0.370638214068402,0.62992125984252,-2.91943920367302));
#11976=CARTESIAN_POINT('Ctrl Pts',(0.370638214068402,0.598425196850394,
-2.91943920367302));
#11977=CARTESIAN_POINT('Ctrl Pts',(0.36029381625458,0.62992125984252,-2.93089299178332));
#11978=CARTESIAN_POINT('Ctrl Pts',(0.36029381625458,0.598425196850394,-2.93089299178332));
#11979=CARTESIAN_POINT('Ctrl Pts',(0.35765875137807,0.62992125984252,-2.94611575989665));
#11980=CARTESIAN_POINT('Ctrl Pts',(0.35765875137807,0.598425196850394,-2.94611575989665));
#11981=CARTESIAN_POINT('Ctrl Pts',(0.356315432907012,0.62992125984252,-2.9538761098484));
#11982=CARTESIAN_POINT('Ctrl Pts',(0.356315432907012,0.598425196850394,
-2.9538761098484));
#11983=CARTESIAN_POINT('Ctrl Pts',(0.375709185493694,0.598425196850394,
-2.91382439329313));
#11984=CARTESIAN_POINT('Ctrl Pts',(0.370638214068402,0.598425196850394,
-2.91943920367302));
#11985=CARTESIAN_POINT('Ctrl Pts',(0.36029381625458,0.598425196850394,-2.93089299178332));
#11986=CARTESIAN_POINT('Ctrl Pts',(0.35765875137807,0.598425196850394,-2.94611575989665));
#11987=CARTESIAN_POINT('Ctrl Pts',(0.356315432907012,0.598425196850394,
-2.9538761098484));
#11988=CARTESIAN_POINT('Origin',(0.420774272133065,0.598425196850394,-2.99887459492641));
#11989=CARTESIAN_POINT('Ctrl Pts',(0.418651153977828,0.62992125984252,-4.89977757591121));
#11990=CARTESIAN_POINT('Ctrl Pts',(0.418651153977828,0.598425196850394,
-4.89977757591121));
#11991=CARTESIAN_POINT('Ctrl Pts',(0.410253174587621,0.62992125984252,-4.90029720066881));
#11992=CARTESIAN_POINT('Ctrl Pts',(0.410253174587621,0.598425196850394,
-4.90029720066881));
#11993=CARTESIAN_POINT('Ctrl Pts',(0.394192641909696,0.62992125984252,-4.90129094571295));
#11994=CARTESIAN_POINT('Ctrl Pts',(0.394192641909696,0.598425196850394,
-4.90129094571295));
#11995=CARTESIAN_POINT('Ctrl Pts',(0.381044386477223,0.62992125984252,-4.91050456896066));
#11996=CARTESIAN_POINT('Ctrl Pts',(0.381044386477223,0.598425196850394,
-4.91050456896066));
#11997=CARTESIAN_POINT('Ctrl Pts',(0.374771293927165,0.62992125984252,-4.91490043057523));
#11998=CARTESIAN_POINT('Ctrl Pts',(0.374771293927165,0.598425196850394,
-4.91490043057523));
#11999=CARTESIAN_POINT('',(0.418651153977828,0.598425196850394,-4.89977757591121));
#12000=CARTESIAN_POINT('',(0.418651153977828,0.62992125984252,-4.89977757591121));
#12001=CARTESIAN_POINT('',(0.374771293927165,0.598425196850394,-4.91490043057523));
#12002=CARTESIAN_POINT('Ctrl Pts',(0.418651153977828,0.598425196850394,
-4.89977757591121));
#12003=CARTESIAN_POINT('Ctrl Pts',(0.410253174587621,0.598425196850394,
-4.90029720066881));
#12004=CARTESIAN_POINT('Ctrl Pts',(0.394192641909696,0.598425196850394,
-4.90129094571295));
#12005=CARTESIAN_POINT('Ctrl Pts',(0.381044386477223,0.598425196850394,
-4.91050456896066));
#12006=CARTESIAN_POINT('Ctrl Pts',(0.374771293927165,0.598425196850394,
-4.91490043057523));
#12007=CARTESIAN_POINT('',(0.374771293927165,0.62992125984252,-4.91490043057523));
#12008=CARTESIAN_POINT('Ctrl Pts',(0.47039342085373,0.62992125984252,-4.92358017589593));
#12009=CARTESIAN_POINT('Ctrl Pts',(0.47039342085373,0.598425196850394,-4.92358017589593));
#12010=CARTESIAN_POINT('Ctrl Pts',(0.463382706057701,0.62992125984252,-4.91662318038236));
#12011=CARTESIAN_POINT('Ctrl Pts',(0.463382706057701,0.598425196850394,
-4.91662318038236));
#12012=CARTESIAN_POINT('Ctrl Pts',(0.44906150609653,0.62992125984252,-4.90241171596289));
#12013=CARTESIAN_POINT('Ctrl Pts',(0.44906150609653,0.598425196850394,-4.90241171596289));
#12014=CARTESIAN_POINT('Ctrl Pts',(0.428928412856754,0.62992125984252,-4.90066779050421));
#12015=CARTESIAN_POINT('Ctrl Pts',(0.428928412856754,0.598425196850394,
-4.90066779050421));
#12016=CARTESIAN_POINT('Ctrl Pts',(0.418651153977828,0.62992125984252,-4.89977757591121));
#12017=CARTESIAN_POINT('Ctrl Pts',(0.418651153977828,0.598425196850394,
-4.89977757591121));
#12018=CARTESIAN_POINT('',(0.47039342085373,0.598425196850394,-4.92358017589593));
#12019=CARTESIAN_POINT('',(0.47039342085373,0.62992125984252,-4.92358017589593));
#12020=CARTESIAN_POINT('Ctrl Pts',(0.47039342085373,0.598425196850394,-4.92358017589593));
#12021=CARTESIAN_POINT('Ctrl Pts',(0.463382706057701,0.598425196850394,
-4.91662318038236));
#12022=CARTESIAN_POINT('Ctrl Pts',(0.44906150609653,0.598425196850394,-4.90241171596289));
#12023=CARTESIAN_POINT('Ctrl Pts',(0.428928412856754,0.598425196850394,
-4.90066779050421));
#12024=CARTESIAN_POINT('Ctrl Pts',(0.418651153977828,0.598425196850394,
-4.89977757591121));
#12025=CARTESIAN_POINT('Ctrl Pts',(0.486057731665038,0.62992125984252,-4.96974172342971));
#12026=CARTESIAN_POINT('Ctrl Pts',(0.486057731665038,0.598425196850394,
-4.96974172342971));
#12027=CARTESIAN_POINT('Ctrl Pts',(0.485442754348516,0.62992125984252,-4.96120167327668));
#12028=CARTESIAN_POINT('Ctrl Pts',(0.485442754348516,0.598425196850394,
-4.96120167327668));
#12029=CARTESIAN_POINT('Ctrl Pts',(0.484235550993553,0.62992125984252,-4.94443751479585));
#12030=CARTESIAN_POINT('Ctrl Pts',(0.484235550993553,0.598425196850394,
-4.94443751479585));
#12031=CARTESIAN_POINT('Ctrl Pts',(0.474949126082477,0.62992125984252,-4.93044471819717));
#12032=CARTESIAN_POINT('Ctrl Pts',(0.474949126082477,0.598425196850394,
-4.93044471819717));
#12033=CARTESIAN_POINT('Ctrl Pts',(0.47039342085373,0.62992125984252,-4.92358017589593));
#12034=CARTESIAN_POINT('Ctrl Pts',(0.47039342085373,0.598425196850394,-4.92358017589593));
#12035=CARTESIAN_POINT('',(0.486057731665038,0.598425196850394,-4.96974172342971));
#12036=CARTESIAN_POINT('',(0.486057731665038,0.62992125984252,-4.96974172342971));
#12037=CARTESIAN_POINT('Ctrl Pts',(0.486057731665038,0.598425196850394,
-4.96974172342971));
#12038=CARTESIAN_POINT('Ctrl Pts',(0.485442754348516,0.598425196850394,
-4.96120167327668));
#12039=CARTESIAN_POINT('Ctrl Pts',(0.484235550993553,0.598425196850394,
-4.94443751479585));
#12040=CARTESIAN_POINT('Ctrl Pts',(0.474949126082477,0.598425196850394,
-4.93044471819717));
#12041=CARTESIAN_POINT('Ctrl Pts',(0.47039342085373,0.598425196850394,-4.92358017589593));
#12042=CARTESIAN_POINT('Ctrl Pts',(0.468420850870436,0.62992125984252,-5.01569830126459));
#12043=CARTESIAN_POINT('Ctrl Pts',(0.468420850870436,0.598425196850394,
-5.01569830126459));
#12044=CARTESIAN_POINT('Ctrl Pts',(0.473576742750592,0.62992125984252,-5.00917493245576));
#12045=CARTESIAN_POINT('Ctrl Pts',(0.473576742750592,0.598425196850394,
-5.00917493245576));
#12046=CARTESIAN_POINT('Ctrl Pts',(0.484213893682265,0.62992125984252,-4.99571653181133));
#12047=CARTESIAN_POINT('Ctrl Pts',(0.484213893682265,0.598425196850394,
-4.99571653181133));
#12048=CARTESIAN_POINT('Ctrl Pts',(0.485430712396814,0.62992125984252,-4.97857476922651));
#12049=CARTESIAN_POINT('Ctrl Pts',(0.485430712396814,0.598425196850394,
-4.97857476922651));
#12050=CARTESIAN_POINT('Ctrl Pts',(0.486057731665038,0.62992125984252,-4.96974172342971));
#12051=CARTESIAN_POINT('Ctrl Pts',(0.486057731665038,0.598425196850394,
-4.96974172342971));
#12052=CARTESIAN_POINT('',(0.468420850870436,0.598425196850394,-5.01569830126459));
#12053=CARTESIAN_POINT('',(0.468420850870436,0.62992125984252,-5.01569830126459));
#12054=CARTESIAN_POINT('Ctrl Pts',(0.468420850870436,0.598425196850394,
-5.01569830126459));
#12055=CARTESIAN_POINT('Ctrl Pts',(0.473576742750592,0.598425196850394,
-5.00917493245576));
#12056=CARTESIAN_POINT('Ctrl Pts',(0.484213893682265,0.598425196850394,
-4.99571653181133));
#12057=CARTESIAN_POINT('Ctrl Pts',(0.485430712396814,0.598425196850394,
-4.97857476922651));
#12058=CARTESIAN_POINT('Ctrl Pts',(0.486057731665038,0.598425196850394,
-4.96974172342971));
#12059=CARTESIAN_POINT('Ctrl Pts',(0.42494922141563,0.62992125984252,-5.03364019761332));
#12060=CARTESIAN_POINT('Ctrl Pts',(0.42494922141563,0.598425196850394,-5.03364019761332));
#12061=CARTESIAN_POINT('Ctrl Pts',(0.433185347668799,0.62992125984252,-5.03290092251826));
#12062=CARTESIAN_POINT('Ctrl Pts',(0.433185347668799,0.598425196850394,
-5.03290092251826));
#12063=CARTESIAN_POINT('Ctrl Pts',(0.449545690036264,0.62992125984252,-5.03143241738767));
#12064=CARTESIAN_POINT('Ctrl Pts',(0.449545690036264,0.598425196850394,
-5.03143241738767));
#12065=CARTESIAN_POINT('Ctrl Pts',(0.462157887790129,0.62992125984252,-5.02091903497096));
#12066=CARTESIAN_POINT('Ctrl Pts',(0.462157887790129,0.598425196850394,
-5.02091903497096));
#12067=CARTESIAN_POINT('Ctrl Pts',(0.468420850870436,0.62992125984252,-5.01569830126459));
#12068=CARTESIAN_POINT('Ctrl Pts',(0.468420850870436,0.598425196850394,
-5.01569830126459));
#12069=CARTESIAN_POINT('',(0.42494922141563,0.598425196850394,-5.03364019761332));
#12070=CARTESIAN_POINT('',(0.42494922141563,0.62992125984252,-5.03364019761332));
#12071=CARTESIAN_POINT('Ctrl Pts',(0.42494922141563,0.598425196850394,-5.03364019761332));
#12072=CARTESIAN_POINT('Ctrl Pts',(0.433185347668799,0.598425196850394,
-5.03290092251826));
#12073=CARTESIAN_POINT('Ctrl Pts',(0.449545690036264,0.598425196850394,
-5.03143241738767));
#12074=CARTESIAN_POINT('Ctrl Pts',(0.462157887790129,0.598425196850394,
-5.02091903497096));
#12075=CARTESIAN_POINT('Ctrl Pts',(0.468420850870436,0.598425196850394,
-5.01569830126459));
#12076=CARTESIAN_POINT('Ctrl Pts',(0.387730903154071,0.62992125984252,-5.02135772559288));
#12077=CARTESIAN_POINT('Ctrl Pts',(0.387730903154071,0.598425196850394,
-5.02135772559288));
#12078=CARTESIAN_POINT('Ctrl Pts',(0.393623237793955,0.62992125984252,-5.02494877305862));
#12079=CARTESIAN_POINT('Ctrl Pts',(0.393623237793955,0.598425196850394,
-5.02494877305862));
#12080=CARTESIAN_POINT('Ctrl Pts',(0.405088512996514,0.62992125984252,-5.03193621521463));
#12081=CARTESIAN_POINT('Ctrl Pts',(0.405088512996514,0.598425196850394,
-5.03193621521463));
#12082=CARTESIAN_POINT('Ctrl Pts',(0.418453086545792,0.62992125984252,-5.03308285095457));
#12083=CARTESIAN_POINT('Ctrl Pts',(0.418453086545792,0.598425196850394,
-5.03308285095457));
#12084=CARTESIAN_POINT('Ctrl Pts',(0.42494922141563,0.62992125984252,-5.03364019761332));
#12085=CARTESIAN_POINT('Ctrl Pts',(0.42494922141563,0.598425196850394,-5.03364019761332));
#12086=CARTESIAN_POINT('',(0.387730903154071,0.598425196850394,-5.02135772559288));
#12087=CARTESIAN_POINT('',(0.387730903154071,0.62992125984252,-5.02135772559288));
#12088=CARTESIAN_POINT('Ctrl Pts',(0.387730903154071,0.598425196850394,
-5.02135772559288));
#12089=CARTESIAN_POINT('Ctrl Pts',(0.393623237793955,0.598425196850394,
-5.02494877305862));
#12090=CARTESIAN_POINT('Ctrl Pts',(0.405088512996514,0.598425196850394,
-5.03193621521463));
#12091=CARTESIAN_POINT('Ctrl Pts',(0.418453086545792,0.598425196850394,
-5.03308285095457));
#12092=CARTESIAN_POINT('Ctrl Pts',(0.42494922141563,0.598425196850394,-5.03364019761332));
#12093=CARTESIAN_POINT('Origin',(0.39843978306582,0.62992125984252,-5.07424259961583));
#12094=CARTESIAN_POINT('',(0.39843978306582,0.598425196850394,-5.07424259961583));
#12095=CARTESIAN_POINT('',(0.39843978306582,0.62992125984252,-5.07424259961583));
#12096=CARTESIAN_POINT('',(0.39843978306582,0.598425196850394,-5.07424259961583));
#12097=CARTESIAN_POINT('Origin',(0.476991803388032,0.62992125984252,-5.07409262435615));
#12098=CARTESIAN_POINT('',(0.476991803388032,0.598425196850394,-5.07409262435615));
#12099=CARTESIAN_POINT('',(0.476991803388032,0.62992125984252,-5.07409262435615));
#12100=CARTESIAN_POINT('',(0.476991803388032,0.598425196850394,-5.07409262435615));
#12101=CARTESIAN_POINT('Origin',(0.477035898712529,0.62992125984252,-5.09718827919161));
#12102=CARTESIAN_POINT('',(0.477035898712529,0.598425196850394,-5.09718827919161));
#12103=CARTESIAN_POINT('',(0.477035898712529,0.62992125984252,-5.09718827919161));
#12104=CARTESIAN_POINT('',(0.477035898712529,0.598425196850394,-5.09718827919161));
#12105=CARTESIAN_POINT('Origin',(0.379148002602203,0.62992125984252,-5.09737517142658));
#12106=CARTESIAN_POINT('',(0.379148002602203,0.598425196850394,-5.09737517142658));
#12107=CARTESIAN_POINT('',(0.379148002602203,0.62992125984252,-5.09737517142658));
#12108=CARTESIAN_POINT('',(0.379148002602203,0.598425196850394,-5.09737517142658));
#12109=CARTESIAN_POINT('Origin',(0.359887630624581,0.62992125984252,-4.99630099840088));
#12110=CARTESIAN_POINT('',(0.359887630624581,0.598425196850394,-4.99630099840088));
#12111=CARTESIAN_POINT('',(0.359887630624581,0.62992125984252,-4.99630099840088));
#12112=CARTESIAN_POINT('',(0.359887630624581,0.598425196850394,-4.99630099840088));
#12113=CARTESIAN_POINT('Origin',(0.382574798500971,0.62992125984252,-4.99330358692083));
#12114=CARTESIAN_POINT('',(0.382574798500971,0.598425196850394,-4.99330358692083));
#12115=CARTESIAN_POINT('',(0.382574798500971,0.62992125984252,-4.99330358692083));
#12116=CARTESIAN_POINT('',(0.382574798500971,0.598425196850394,-4.99330358692083));
#12117=CARTESIAN_POINT('Ctrl Pts',(0.397371421424305,0.62992125984252,-5.00697164057913));
#12118=CARTESIAN_POINT('Ctrl Pts',(0.397371421424305,0.598425196850394,
-5.00697164057913));
#12119=CARTESIAN_POINT('Ctrl Pts',(0.394420028243495,0.62992125984252,-5.00512456030946));
#12120=CARTESIAN_POINT('Ctrl Pts',(0.394420028243495,0.598425196850394,
-5.00512456030946));
#12121=CARTESIAN_POINT('Ctrl Pts',(0.3886252086771,0.62992125984252,-5.00149796899084));
#12122=CARTESIAN_POINT('Ctrl Pts',(0.3886252086771,0.598425196850394,-5.00149796899084));
#12123=CARTESIAN_POINT('Ctrl Pts',(0.384566394484004,0.62992125984252,-4.99600090791874));
#12124=CARTESIAN_POINT('Ctrl Pts',(0.384566394484004,0.598425196850394,
-4.99600090791874));
#12125=CARTESIAN_POINT('Ctrl Pts',(0.382574798500971,0.62992125984252,-4.99330358692083));
#12126=CARTESIAN_POINT('Ctrl Pts',(0.382574798500971,0.598425196850394,
-4.99330358692083));
#12127=CARTESIAN_POINT('',(0.397371421424305,0.598425196850394,-5.00697164057913));
#12128=CARTESIAN_POINT('',(0.397371421424305,0.62992125984252,-5.00697164057913));
#12129=CARTESIAN_POINT('Ctrl Pts',(0.397371421424305,0.598425196850394,
-5.00697164057913));
#12130=CARTESIAN_POINT('Ctrl Pts',(0.394420028243495,0.598425196850394,
-5.00512456030946));
#12131=CARTESIAN_POINT('Ctrl Pts',(0.3886252086771,0.598425196850394,-5.00149796899084));
#12132=CARTESIAN_POINT('Ctrl Pts',(0.384566394484004,0.598425196850394,
-4.99600090791874));
#12133=CARTESIAN_POINT('Ctrl Pts',(0.382574798500971,0.598425196850394,
-4.99330358692083));
#12134=CARTESIAN_POINT('Ctrl Pts',(0.41846314350683,0.62992125984252,-5.01230246353397));
#12135=CARTESIAN_POINT('Ctrl Pts',(0.41846314350683,0.598425196850394,-5.01230246353397));
#12136=CARTESIAN_POINT('Ctrl Pts',(0.41469654088773,0.62992125984252,-5.01210432154344));
#12137=CARTESIAN_POINT('Ctrl Pts',(0.41469654088773,0.598425196850394,-5.01210432154344));
#12138=CARTESIAN_POINT('Ctrl Pts',(0.407311125020089,0.62992125984252,-5.01171581201672));
#12139=CARTESIAN_POINT('Ctrl Pts',(0.407311125020089,0.598425196850394,
-5.01171581201672));
#12140=CARTESIAN_POINT('Ctrl Pts',(0.400640158441612,0.62992125984252,-5.00853179261435));
#12141=CARTESIAN_POINT('Ctrl Pts',(0.400640158441612,0.598425196850394,
-5.00853179261435));
#12142=CARTESIAN_POINT('Ctrl Pts',(0.397371421424305,0.62992125984252,-5.00697164057913));
#12143=CARTESIAN_POINT('Ctrl Pts',(0.397371421424305,0.598425196850394,
-5.00697164057913));
#12144=CARTESIAN_POINT('',(0.41846314350683,0.598425196850394,-5.01230246353397));
#12145=CARTESIAN_POINT('',(0.41846314350683,0.62992125984252,-5.01230246353397));
#12146=CARTESIAN_POINT('Ctrl Pts',(0.41846314350683,0.598425196850394,-5.01230246353397));
#12147=CARTESIAN_POINT('Ctrl Pts',(0.41469654088773,0.598425196850394,-5.01210432154344));
#12148=CARTESIAN_POINT('Ctrl Pts',(0.407311125020089,0.598425196850394,
-5.01171581201672));
#12149=CARTESIAN_POINT('Ctrl Pts',(0.400640158441612,0.598425196850394,
-5.00853179261435));
#12150=CARTESIAN_POINT('Ctrl Pts',(0.397371421424305,0.598425196850394,
-5.00697164057913));
#12151=CARTESIAN_POINT('Ctrl Pts',(0.448786920322065,0.62992125984252,-5.00029386180842));
#12152=CARTESIAN_POINT('Ctrl Pts',(0.448786920322065,0.598425196850394,
-5.00029386180842));
#12153=CARTESIAN_POINT('Ctrl Pts',(0.444539914486962,0.62992125984252,-5.00378643106588));
#12154=CARTESIAN_POINT('Ctrl Pts',(0.444539914486962,0.598425196850394,
-5.00378643106588));
#12155=CARTESIAN_POINT('Ctrl Pts',(0.435740146545651,0.62992125984252,-5.01102301141871));
#12156=CARTESIAN_POINT('Ctrl Pts',(0.435740146545651,0.598425196850394,
-5.01102301141871));
#12157=CARTESIAN_POINT('Ctrl Pts',(0.424354018454429,0.62992125984252,-5.01186621354342));
#12158=CARTESIAN_POINT('Ctrl Pts',(0.424354018454429,0.598425196850394,
-5.01186621354342));
#12159=CARTESIAN_POINT('Ctrl Pts',(0.41846314350683,0.62992125984252,-5.01230246353397));
#12160=CARTESIAN_POINT('Ctrl Pts',(0.41846314350683,0.598425196850394,-5.01230246353397));
#12161=CARTESIAN_POINT('',(0.448786920322065,0.598425196850394,-5.00029386180842));
#12162=CARTESIAN_POINT('',(0.448786920322065,0.62992125984252,-5.00029386180842));
#12163=CARTESIAN_POINT('Ctrl Pts',(0.448786920322065,0.598425196850394,
-5.00029386180842));
#12164=CARTESIAN_POINT('Ctrl Pts',(0.444539914486962,0.598425196850394,
-5.00378643106588));
#12165=CARTESIAN_POINT('Ctrl Pts',(0.435740146545651,0.598425196850394,
-5.01102301141871));
#12166=CARTESIAN_POINT('Ctrl Pts',(0.424354018454429,0.598425196850394,
-5.01186621354342));
#12167=CARTESIAN_POINT('Ctrl Pts',(0.41846314350683,0.598425196850394,-5.01230246353397));
#12168=CARTESIAN_POINT('Ctrl Pts',(0.46040673656207,0.62992125984252,-4.96764227470131));
#12169=CARTESIAN_POINT('Ctrl Pts',(0.46040673656207,0.598425196850394,-4.96764227470131));
#12170=CARTESIAN_POINT('Ctrl Pts',(0.460058637472739,0.62992125984252,-4.97403637577435));
#12171=CARTESIAN_POINT('Ctrl Pts',(0.460058637472739,0.598425196850394,
-4.97403637577435));
#12172=CARTESIAN_POINT('Ctrl Pts',(0.459401432292268,0.62992125984252,-4.98610833022198));
#12173=CARTESIAN_POINT('Ctrl Pts',(0.459401432292268,0.598425196850394,
-4.98610833022198));
#12174=CARTESIAN_POINT('Ctrl Pts',(0.452182317230768,0.62992125984252,-4.99575615812199));
#12175=CARTESIAN_POINT('Ctrl Pts',(0.452182317230768,0.598425196850394,
-4.99575615812199));
#12176=CARTESIAN_POINT('Ctrl Pts',(0.448786920322065,0.62992125984252,-5.00029386180842));
#12177=CARTESIAN_POINT('Ctrl Pts',(0.448786920322065,0.598425196850394,
-5.00029386180842));
#12178=CARTESIAN_POINT('',(0.46040673656207,0.598425196850394,-4.96764227470131));
#12179=CARTESIAN_POINT('',(0.46040673656207,0.62992125984252,-4.96764227470131));
#12180=CARTESIAN_POINT('Ctrl Pts',(0.46040673656207,0.598425196850394,-4.96764227470131));
#12181=CARTESIAN_POINT('Ctrl Pts',(0.460058637472739,0.598425196850394,
-4.97403637577435));
#12182=CARTESIAN_POINT('Ctrl Pts',(0.459401432292268,0.598425196850394,
-4.98610833022198));
#12183=CARTESIAN_POINT('Ctrl Pts',(0.452182317230768,0.598425196850394,
-4.99575615812199));
#12184=CARTESIAN_POINT('Ctrl Pts',(0.448786920322065,0.598425196850394,
-5.00029386180842));
#12185=CARTESIAN_POINT('Ctrl Pts',(0.448255143837251,0.62992125984252,-4.93275332837728));
#12186=CARTESIAN_POINT('Ctrl Pts',(0.448255143837251,0.598425196850394,
-4.93275332837728));
#12187=CARTESIAN_POINT('Ctrl Pts',(0.4517864863524,0.62992125984252,-4.9376698915717));
#12188=CARTESIAN_POINT('Ctrl Pts',(0.4517864863524,0.598425196850394,-4.9376698915717));
#12189=CARTESIAN_POINT('Ctrl Pts',(0.459255356452742,0.62992125984252,-4.94806853505692));
#12190=CARTESIAN_POINT('Ctrl Pts',(0.459255356452742,0.598425196850394,
-4.94806853505692));
#12191=CARTESIAN_POINT('Ctrl Pts',(0.460009276201094,0.62992125984252,-4.96088535267211));
#12192=CARTESIAN_POINT('Ctrl Pts',(0.460009276201094,0.598425196850394,
-4.96088535267211));
#12193=CARTESIAN_POINT('Ctrl Pts',(0.46040673656207,0.62992125984252,-4.96764227470131));
#12194=CARTESIAN_POINT('Ctrl Pts',(0.46040673656207,0.598425196850394,-4.96764227470131));
#12195=CARTESIAN_POINT('',(0.448255143837251,0.598425196850394,-4.93275332837728));
#12196=CARTESIAN_POINT('',(0.448255143837251,0.62992125984252,-4.93275332837728));
#12197=CARTESIAN_POINT('Ctrl Pts',(0.448255143837251,0.598425196850394,
-4.93275332837728));
#12198=CARTESIAN_POINT('Ctrl Pts',(0.4517864863524,0.598425196850394,-4.9376698915717));
#12199=CARTESIAN_POINT('Ctrl Pts',(0.459255356452742,0.598425196850394,
-4.94806853505692));
#12200=CARTESIAN_POINT('Ctrl Pts',(0.460009276201094,0.598425196850394,
-4.96088535267211));
#12201=CARTESIAN_POINT('Ctrl Pts',(0.46040673656207,0.598425196850394,-4.96764227470131));
#12202=CARTESIAN_POINT('Ctrl Pts',(0.418689096450719,0.62992125984252,-4.91965057304881));
#12203=CARTESIAN_POINT('Ctrl Pts',(0.418689096450719,0.598425196850394,
-4.91965057304881));
#12204=CARTESIAN_POINT('Ctrl Pts',(0.424298161118087,0.62992125984252,-4.92020251588286));
#12205=CARTESIAN_POINT('Ctrl Pts',(0.424298161118087,0.598425196850394,
-4.92020251588286));
#12206=CARTESIAN_POINT('Ctrl Pts',(0.4355909687385,0.62992125984252,-4.921313750039));
#12207=CARTESIAN_POINT('Ctrl Pts',(0.4355909687385,0.598425196850394,-4.921313750039));
#12208=CARTESIAN_POINT('Ctrl Pts',(0.444015182623564,0.62992125984252,-4.92892336171328));
#12209=CARTESIAN_POINT('Ctrl Pts',(0.444015182623564,0.598425196850394,
-4.92892336171328));
#12210=CARTESIAN_POINT('Ctrl Pts',(0.448255143837251,0.62992125984252,-4.93275332837728));
#12211=CARTESIAN_POINT('Ctrl Pts',(0.448255143837251,0.598425196850394,
-4.93275332837728));
#12212=CARTESIAN_POINT('',(0.418689096450719,0.598425196850394,-4.91965057304881));
#12213=CARTESIAN_POINT('',(0.418689096450719,0.62992125984252,-4.91965057304881));
#12214=CARTESIAN_POINT('Ctrl Pts',(0.418689096450719,0.598425196850394,
-4.91965057304881));
#12215=CARTESIAN_POINT('Ctrl Pts',(0.424298161118087,0.598425196850394,
-4.92020251588286));
#12216=CARTESIAN_POINT('Ctrl Pts',(0.4355909687385,0.598425196850394,-4.921313750039));
#12217=CARTESIAN_POINT('Ctrl Pts',(0.444015182623564,0.598425196850394,
-4.92892336171328));
#12218=CARTESIAN_POINT('Ctrl Pts',(0.448255143837251,0.598425196850394,
-4.93275332837728));
#12219=CARTESIAN_POINT('Ctrl Pts',(0.393865539404279,0.62992125984252,-4.92896310388853));
#12220=CARTESIAN_POINT('Ctrl Pts',(0.393865539404279,0.598425196850394,
-4.92896310388853));
#12221=CARTESIAN_POINT('Ctrl Pts',(0.397508744544916,0.62992125984252,-4.9262539361811));
#12222=CARTESIAN_POINT('Ctrl Pts',(0.397508744544916,0.598425196850394,
-4.9262539361811));
#12223=CARTESIAN_POINT('Ctrl Pts',(0.404884048899908,0.62992125984252,-4.92076949717211));
#12224=CARTESIAN_POINT('Ctrl Pts',(0.404884048899908,0.598425196850394,
-4.92076949717211));
#12225=CARTESIAN_POINT('Ctrl Pts',(0.414050586037655,0.62992125984252,-4.9200265327243));
#12226=CARTESIAN_POINT('Ctrl Pts',(0.414050586037655,0.598425196850394,
-4.9200265327243));
#12227=CARTESIAN_POINT('Ctrl Pts',(0.418689096450719,0.62992125984252,-4.91965057304881));
#12228=CARTESIAN_POINT('Ctrl Pts',(0.418689096450719,0.598425196850394,
-4.91965057304881));
#12229=CARTESIAN_POINT('',(0.393865539404279,0.598425196850394,-4.92896310388853));
#12230=CARTESIAN_POINT('',(0.393865539404279,0.62992125984252,-4.92896310388853));
#12231=CARTESIAN_POINT('Ctrl Pts',(0.393865539404279,0.598425196850394,
-4.92896310388853));
#12232=CARTESIAN_POINT('Ctrl Pts',(0.397508744544916,0.598425196850394,
-4.9262539361811));
#12233=CARTESIAN_POINT('Ctrl Pts',(0.404884048899908,0.598425196850394,
-4.92076949717211));
#12234=CARTESIAN_POINT('Ctrl Pts',(0.414050586037655,0.598425196850394,
-4.9200265327243));
#12235=CARTESIAN_POINT('Ctrl Pts',(0.418689096450719,0.598425196850394,
-4.91965057304881));
#12236=CARTESIAN_POINT('Ctrl Pts',(0.380894005654256,0.62992125984252,-4.95691760121768));
#12237=CARTESIAN_POINT('Ctrl Pts',(0.380894005654256,0.598425196850394,
-4.95691760121768));
#12238=CARTESIAN_POINT('Ctrl Pts',(0.381972738495423,0.62992125984252,-4.95127443257406));
#12239=CARTESIAN_POINT('Ctrl Pts',(0.381972738495423,0.598425196850394,
-4.95127443257406));
#12240=CARTESIAN_POINT('Ctrl Pts',(0.383968133721861,0.62992125984252,-4.94083593349092));
#12241=CARTESIAN_POINT('Ctrl Pts',(0.383968133721861,0.598425196850394,
-4.94083593349092));
#12242=CARTESIAN_POINT('Ctrl Pts',(0.390750017422721,0.62992125984252,-4.93270045312897));
#12243=CARTESIAN_POINT('Ctrl Pts',(0.390750017422721,0.598425196850394,
-4.93270045312897));
#12244=CARTESIAN_POINT('Ctrl Pts',(0.393865539404279,0.62992125984252,-4.92896310388853));
#12245=CARTESIAN_POINT('Ctrl Pts',(0.393865539404279,0.598425196850394,
-4.92896310388853));
#12246=CARTESIAN_POINT('',(0.380894005654256,0.598425196850394,-4.95691760121768));
#12247=CARTESIAN_POINT('',(0.380894005654256,0.62992125984252,-4.95691760121768));
#12248=CARTESIAN_POINT('Ctrl Pts',(0.380894005654256,0.598425196850394,
-4.95691760121768));
#12249=CARTESIAN_POINT('Ctrl Pts',(0.381972738495423,0.598425196850394,
-4.95127443257406));
#12250=CARTESIAN_POINT('Ctrl Pts',(0.383968133721861,0.598425196850394,
-4.94083593349092));
#12251=CARTESIAN_POINT('Ctrl Pts',(0.390750017422721,0.598425196850394,
-4.93270045312897));
#12252=CARTESIAN_POINT('Ctrl Pts',(0.393865539404279,0.598425196850394,
-4.92896310388853));
#12253=CARTESIAN_POINT('Origin',(0.355511547714874,0.62992125984252,-4.9548176163189));
#12254=CARTESIAN_POINT('',(0.355511547714874,0.598425196850394,-4.9548176163189));
#12255=CARTESIAN_POINT('',(0.355511547714874,0.62992125984252,-4.9548176163189));
#12256=CARTESIAN_POINT('',(0.355511547714874,0.598425196850394,-4.9548176163189));
#12257=CARTESIAN_POINT('Ctrl Pts',(0.374771293927165,0.62992125984252,-4.91490043057523));
#12258=CARTESIAN_POINT('Ctrl Pts',(0.374771293927165,0.598425196850394,
-4.91490043057523));
#12259=CARTESIAN_POINT('Ctrl Pts',(0.369736982858362,0.62992125984252,-4.92043832824105));
#12260=CARTESIAN_POINT('Ctrl Pts',(0.369736982858362,0.598425196850394,
-4.92043832824105));
#12261=CARTESIAN_POINT('Ctrl Pts',(0.35938797105912,0.62992125984252,-4.93182256086064));
#12262=CARTESIAN_POINT('Ctrl Pts',(0.35938797105912,0.598425196850394,-4.93182256086064));
#12263=CARTESIAN_POINT('Ctrl Pts',(0.356826818915116,0.62992125984252,-4.9470153894963));
#12264=CARTESIAN_POINT('Ctrl Pts',(0.356826818915116,0.598425196850394,
-4.9470153894963));
#12265=CARTESIAN_POINT('Ctrl Pts',(0.355511547714874,0.62992125984252,-4.9548176163189));
#12266=CARTESIAN_POINT('Ctrl Pts',(0.355511547714874,0.598425196850394,
-4.9548176163189));
#12267=CARTESIAN_POINT('Ctrl Pts',(0.374771293927165,0.598425196850394,
-4.91490043057523));
#12268=CARTESIAN_POINT('Ctrl Pts',(0.369736982858362,0.598425196850394,
-4.92043832824105));
#12269=CARTESIAN_POINT('Ctrl Pts',(0.35938797105912,0.598425196850394,-4.93182256086064));
#12270=CARTESIAN_POINT('Ctrl Pts',(0.356826818915116,0.598425196850394,
-4.9470153894963));
#12271=CARTESIAN_POINT('Ctrl Pts',(0.355511547714874,0.598425196850394,
-4.9548176163189));
#12272=CARTESIAN_POINT('Origin',(0.420784639689956,0.598425196850394,-4.99857637366889));
#12273=CARTESIAN_POINT('Ctrl Pts',(0.418818435872081,0.62992125984252,-7.02257396045019));
#12274=CARTESIAN_POINT('Ctrl Pts',(0.418818435872081,0.598425196850394,
-7.02257396045019));
#12275=CARTESIAN_POINT('Ctrl Pts',(0.424192777394722,0.62992125984252,-7.0321481125649));
#12276=CARTESIAN_POINT('Ctrl Pts',(0.424192777394722,0.598425196850394,
-7.0321481125649));
#12277=CARTESIAN_POINT('Ctrl Pts',(0.434379139726721,0.62992125984252,-7.05029466727329));
#12278=CARTESIAN_POINT('Ctrl Pts',(0.434379139726721,0.598425196850394,
-7.05029466727329));
#12279=CARTESIAN_POINT('Ctrl Pts',(0.447497523367306,0.62992125984252,-7.06644197967398));
#12280=CARTESIAN_POINT('Ctrl Pts',(0.447497523367306,0.598425196850394,
-7.06644197967398));
#12281=CARTESIAN_POINT('Ctrl Pts',(0.453694626219748,0.62992125984252,-7.0740699434902));
#12282=CARTESIAN_POINT('Ctrl Pts',(0.453694626219748,0.598425196850394,
-7.0740699434902));
#12283=CARTESIAN_POINT('',(0.418818435872081,0.598425196850394,-7.02257396045019));
#12284=CARTESIAN_POINT('',(0.418818435872081,0.62992125984252,-7.02257396045019));
#12285=CARTESIAN_POINT('',(0.453694626219748,0.598425196850394,-7.0740699434902));
#12286=CARTESIAN_POINT('Ctrl Pts',(0.418818435872081,0.598425196850394,
-7.02257396045019));
#12287=CARTESIAN_POINT('Ctrl Pts',(0.424192777394722,0.598425196850394,
-7.0321481125649));
#12288=CARTESIAN_POINT('Ctrl Pts',(0.434379139726721,0.598425196850394,
-7.05029466727329));
#12289=CARTESIAN_POINT('Ctrl Pts',(0.447497523367306,0.598425196850394,
-7.06644197967398));
#12290=CARTESIAN_POINT('Ctrl Pts',(0.453694626219748,0.598425196850394,
-7.0740699434902));
#12291=CARTESIAN_POINT('',(0.453694626219748,0.62992125984252,-7.0740699434902));
#12292=CARTESIAN_POINT('Ctrl Pts',(0.393721932767307,0.62992125984252,-6.95924292133234));
#12293=CARTESIAN_POINT('Ctrl Pts',(0.393721932767307,0.598425196850394,
-6.95924292133234));
#12294=CARTESIAN_POINT('Ctrl Pts',(0.396975358397761,0.62992125984252,-6.97012073158413));
#12295=CARTESIAN_POINT('Ctrl Pts',(0.396975358397761,0.598425196850394,
-6.97012073158413));
#12296=CARTESIAN_POINT('Ctrl Pts',(0.403506490760924,0.62992125984252,-6.99195753581618));
#12297=CARTESIAN_POINT('Ctrl Pts',(0.403506490760924,0.598425196850394,
-6.99195753581618));
#12298=CARTESIAN_POINT('Ctrl Pts',(0.413701819614931,0.62992125984252,-7.01234322262551));
#12299=CARTESIAN_POINT('Ctrl Pts',(0.413701819614931,0.598425196850394,
-7.01234322262551));
#12300=CARTESIAN_POINT('Ctrl Pts',(0.418818435872081,0.62992125984252,-7.02257396045019));
#12301=CARTESIAN_POINT('Ctrl Pts',(0.418818435872081,0.598425196850394,
-7.02257396045019));
#12302=CARTESIAN_POINT('',(0.393721932767307,0.598425196850394,-6.95924292133234));
#12303=CARTESIAN_POINT('',(0.393721932767307,0.62992125984252,-6.95924292133234));
#12304=CARTESIAN_POINT('Ctrl Pts',(0.393721932767307,0.598425196850394,
-6.95924292133234));
#12305=CARTESIAN_POINT('Ctrl Pts',(0.396975358397761,0.598425196850394,
-6.97012073158413));
#12306=CARTESIAN_POINT('Ctrl Pts',(0.403506490760924,0.598425196850394,
-6.99195753581618));
#12307=CARTESIAN_POINT('Ctrl Pts',(0.413701819614931,0.598425196850394,
-7.01234322262551));
#12308=CARTESIAN_POINT('Ctrl Pts',(0.418818435872081,0.598425196850394,
-7.02257396045019));
#12309=CARTESIAN_POINT('Ctrl Pts',(0.384483942693727,0.62992125984252,-6.9031325930377));
#12310=CARTESIAN_POINT('Ctrl Pts',(0.384483942693727,0.598425196850394,
-6.9031325930377));
#12311=CARTESIAN_POINT('Ctrl Pts',(0.385101780678469,0.62992125984252,-6.91171596116096));
#12312=CARTESIAN_POINT('Ctrl Pts',(0.385101780678469,0.598425196850394,
-6.91171596116096));
#12313=CARTESIAN_POINT('Ctrl Pts',(0.386467662464434,0.62992125984252,-6.93069159307636));
#12314=CARTESIAN_POINT('Ctrl Pts',(0.386467662464434,0.598425196850394,
-6.93069159307636));
#12315=CARTESIAN_POINT('Ctrl Pts',(0.391154902042408,0.62992125984252,-6.94913961199732));
#12316=CARTESIAN_POINT('Ctrl Pts',(0.391154902042408,0.598425196850394,
-6.94913961199732));
#12317=CARTESIAN_POINT('Ctrl Pts',(0.393721932767307,0.62992125984252,-6.95924292133234));
#12318=CARTESIAN_POINT('Ctrl Pts',(0.393721932767307,0.598425196850394,
-6.95924292133234));
#12319=CARTESIAN_POINT('',(0.384483942693727,0.598425196850394,-6.9031325930377));
#12320=CARTESIAN_POINT('',(0.384483942693727,0.62992125984252,-6.9031325930377));
#12321=CARTESIAN_POINT('Ctrl Pts',(0.384483942693727,0.598425196850394,
-6.9031325930377));
#12322=CARTESIAN_POINT('Ctrl Pts',(0.385101780678469,0.598425196850394,
-6.91171596116096));
#12323=CARTESIAN_POINT('Ctrl Pts',(0.386467662464434,0.598425196850394,
-6.93069159307636));
#12324=CARTESIAN_POINT('Ctrl Pts',(0.391154902042408,0.598425196850394,
-6.94913961199732));
#12325=CARTESIAN_POINT('Ctrl Pts',(0.393721932767307,0.598425196850394,
-6.95924292133234));
#12326=CARTESIAN_POINT('Origin',(0.409325165649375,0.62992125984252,-6.90308516499131));
#12327=CARTESIAN_POINT('',(0.409325165649375,0.598425196850394,-6.90308516499131));
#12328=CARTESIAN_POINT('',(0.409325165649375,0.62992125984252,-6.90308516499131));
#12329=CARTESIAN_POINT('',(0.409325165649375,0.598425196850394,-6.90308516499131));
#12330=CARTESIAN_POINT('Ctrl Pts',(0.418693584700688,0.62992125984252,-6.95718109639464));
#12331=CARTESIAN_POINT('Ctrl Pts',(0.418693584700688,0.598425196850394,
-6.95718109639464));
#12332=CARTESIAN_POINT('Ctrl Pts',(0.416468219707652,0.62992125984252,-6.94859755649774));
#12333=CARTESIAN_POINT('Ctrl Pts',(0.416468219707652,0.598425196850394,
-6.94859755649774));
#12334=CARTESIAN_POINT('Ctrl Pts',(0.41186065397777,0.62992125984252,-6.93082553959543));
#12335=CARTESIAN_POINT('Ctrl Pts',(0.41186065397777,0.598425196850394,-6.93082553959543));
#12336=CARTESIAN_POINT('Ctrl Pts',(0.410189292110956,0.62992125984252,-6.91253943519288));
#12337=CARTESIAN_POINT('Ctrl Pts',(0.410189292110956,0.598425196850394,
-6.91253943519288));
#12338=CARTESIAN_POINT('Ctrl Pts',(0.409325165649375,0.62992125984252,-6.90308516499131));
#12339=CARTESIAN_POINT('Ctrl Pts',(0.409325165649375,0.598425196850394,
-6.90308516499131));
#12340=CARTESIAN_POINT('',(0.418693584700688,0.598425196850394,-6.95718109639464));
#12341=CARTESIAN_POINT('',(0.418693584700688,0.62992125984252,-6.95718109639464));
#12342=CARTESIAN_POINT('Ctrl Pts',(0.418693584700688,0.598425196850394,
-6.95718109639464));
#12343=CARTESIAN_POINT('Ctrl Pts',(0.416468219707652,0.598425196850394,
-6.94859755649774));
#12344=CARTESIAN_POINT('Ctrl Pts',(0.41186065397777,0.598425196850394,-6.93082553959543));
#12345=CARTESIAN_POINT('Ctrl Pts',(0.410189292110956,0.598425196850394,
-6.91253943519288));
#12346=CARTESIAN_POINT('Ctrl Pts',(0.409325165649375,0.598425196850394,
-6.90308516499131));
#12347=CARTESIAN_POINT('Ctrl Pts',(0.44729054716625,0.62992125984252,-7.02533944470324));
#12348=CARTESIAN_POINT('Ctrl Pts',(0.44729054716625,0.598425196850394,-7.02533944470324));
#12349=CARTESIAN_POINT('Ctrl Pts',(0.44150135931813,0.62992125984252,-7.0142757532033));
#12350=CARTESIAN_POINT('Ctrl Pts',(0.44150135931813,0.598425196850394,-7.0142757532033));
#12351=CARTESIAN_POINT('Ctrl Pts',(0.430036731422953,0.62992125984252,-6.99236575312703));
#12352=CARTESIAN_POINT('Ctrl Pts',(0.430036731422953,0.598425196850394,
-6.99236575312703));
#12353=CARTESIAN_POINT('Ctrl Pts',(0.422449541175549,0.62992125984252,-6.96883148252694));
#12354=CARTESIAN_POINT('Ctrl Pts',(0.422449541175549,0.598425196850394,
-6.96883148252694));
#12355=CARTESIAN_POINT('Ctrl Pts',(0.418693584700688,0.62992125984252,-6.95718109639464));
#12356=CARTESIAN_POINT('Ctrl Pts',(0.418693584700688,0.598425196850394,
-6.95718109639464));
#12357=CARTESIAN_POINT('',(0.44729054716625,0.598425196850394,-7.02533944470324));
#12358=CARTESIAN_POINT('',(0.44729054716625,0.62992125984252,-7.02533944470324));
#12359=CARTESIAN_POINT('Ctrl Pts',(0.44729054716625,0.598425196850394,-7.02533944470324));
#12360=CARTESIAN_POINT('Ctrl Pts',(0.44150135931813,0.598425196850394,-7.0142757532033));
#12361=CARTESIAN_POINT('Ctrl Pts',(0.430036731422953,0.598425196850394,
-6.99236575312703));
#12362=CARTESIAN_POINT('Ctrl Pts',(0.422449541175549,0.598425196850394,
-6.96883148252694));
#12363=CARTESIAN_POINT('Ctrl Pts',(0.418693584700688,0.598425196850394,
-6.95718109639464));
#12364=CARTESIAN_POINT('Ctrl Pts',(0.484721075750107,0.62992125984252,-7.07844185040193));
#12365=CARTESIAN_POINT('Ctrl Pts',(0.484721075750107,0.598425196850394,
-7.07844185040193));
#12366=CARTESIAN_POINT('Ctrl Pts',(0.478238059168867,0.62992125984252,-7.07084785408389));
#12367=CARTESIAN_POINT('Ctrl Pts',(0.478238059168867,0.598425196850394,
-7.07084785408389));
#12368=CARTESIAN_POINT('Ctrl Pts',(0.464122965373232,0.62992125984252,-7.05431388891976));
#12369=CARTESIAN_POINT('Ctrl Pts',(0.464122965373232,0.598425196850394,
-7.05431388891976));
#12370=CARTESIAN_POINT('Ctrl Pts',(0.453197812778013,0.62992125984252,-7.03550790272487));
#12371=CARTESIAN_POINT('Ctrl Pts',(0.453197812778013,0.598425196850394,
-7.03550790272487));
#12372=CARTESIAN_POINT('Ctrl Pts',(0.44729054716625,0.62992125984252,-7.02533944470324));
#12373=CARTESIAN_POINT('Ctrl Pts',(0.44729054716625,0.598425196850394,-7.02533944470324));
#12374=CARTESIAN_POINT('',(0.484721075750107,0.598425196850394,-7.07844185040193));
#12375=CARTESIAN_POINT('',(0.484721075750107,0.62992125984252,-7.07844185040193));
#12376=CARTESIAN_POINT('Ctrl Pts',(0.484721075750107,0.598425196850394,
-7.07844185040193));
#12377=CARTESIAN_POINT('Ctrl Pts',(0.478238059168867,0.598425196850394,
-7.07084785408389));
#12378=CARTESIAN_POINT('Ctrl Pts',(0.464122965373232,0.598425196850394,
-7.05431388891976));
#12379=CARTESIAN_POINT('Ctrl Pts',(0.453197812778013,0.598425196850394,
-7.03550790272487));
#12380=CARTESIAN_POINT('Ctrl Pts',(0.44729054716625,0.598425196850394,-7.02533944470324));
#12381=CARTESIAN_POINT('Origin',(0.484756967272463,0.62992125984252,-7.09724062830691));
#12382=CARTESIAN_POINT('',(0.484756967272463,0.598425196850394,-7.09724062830691));
#12383=CARTESIAN_POINT('',(0.484756967272463,0.62992125984252,-7.09724062830691));
#12384=CARTESIAN_POINT('',(0.484756967272463,0.598425196850394,-7.09724062830691));
#12385=CARTESIAN_POINT('Origin',(0.357328124397303,0.62992125984252,-7.09748392152486));
#12386=CARTESIAN_POINT('',(0.357328124397303,0.598425196850394,-7.09748392152486));
#12387=CARTESIAN_POINT('',(0.357328124397303,0.62992125984252,-7.09748392152486));
#12388=CARTESIAN_POINT('',(0.357328124397303,0.598425196850394,-7.09748392152486));
#12389=CARTESIAN_POINT('Origin',(0.357283772754393,0.62992125984252,-7.07425401568497));
#12390=CARTESIAN_POINT('',(0.357283772754393,0.598425196850394,-7.07425401568497));
#12391=CARTESIAN_POINT('',(0.357283772754393,0.62992125984252,-7.07425401568497));
#12392=CARTESIAN_POINT('',(0.357283772754393,0.598425196850394,-7.07425401568497));
#12393=CARTESIAN_POINT('Origin',(0.453694626219748,0.62992125984252,-7.0740699434902));
#12394=CARTESIAN_POINT('',(0.453694626219748,0.598425196850394,-7.0740699434902));
#12395=CARTESIAN_POINT('Origin',(0.421020370013428,0.598425196850394,-7.00028454325809));
#12396=CARTESIAN_POINT('Ctrl Pts',(0.42030021952209,0.62992125984252,-8.98987459187778));
#12397=CARTESIAN_POINT('Ctrl Pts',(0.42030021952209,0.598425196850394,-8.98987459187778));
#12398=CARTESIAN_POINT('Ctrl Pts',(0.425614615574943,0.62992125984252,-8.99031943493487));
#12399=CARTESIAN_POINT('Ctrl Pts',(0.425614615574943,0.598425196850394,
-8.99031943493487));
#12400=CARTESIAN_POINT('Ctrl Pts',(0.436076757536157,0.62992125984252,-8.99119517155055));
#12401=CARTESIAN_POINT('Ctrl Pts',(0.436076757536157,0.598425196850394,
-8.99119517155055));
#12402=CARTESIAN_POINT('Ctrl Pts',(0.443967001998858,0.62992125984252,-8.99810450991042));
#12403=CARTESIAN_POINT('Ctrl Pts',(0.443967001998858,0.598425196850394,
-8.99810450991042));
#12404=CARTESIAN_POINT('Ctrl Pts',(0.447849282873979,0.62992125984252,-9.00150415009914));
#12405=CARTESIAN_POINT('Ctrl Pts',(0.447849282873979,0.598425196850394,
-9.00150415009914));
#12406=CARTESIAN_POINT('',(0.42030021952209,0.62992125984252,-8.98987459187778));
#12407=CARTESIAN_POINT('',(0.447849282873979,0.62992125984252,-9.00150415009914));
#12408=CARTESIAN_POINT('Ctrl Pts',(0.42030021952209,0.62992125984252,-8.98987459187778));
#12409=CARTESIAN_POINT('Ctrl Pts',(0.425614615574943,0.62992125984252,-8.99031943493487));
#12410=CARTESIAN_POINT('Ctrl Pts',(0.436076757536157,0.62992125984252,-8.99119517155055));
#12411=CARTESIAN_POINT('Ctrl Pts',(0.443967001998858,0.62992125984252,-8.99810450991042));
#12412=CARTESIAN_POINT('Ctrl Pts',(0.447849282873979,0.62992125984252,-9.00150415009914));
#12413=CARTESIAN_POINT('',(0.42030021952209,0.598425196850394,-8.98987459187778));
#12414=CARTESIAN_POINT('',(0.42030021952209,0.62992125984252,-8.98987459187778));
#12415=CARTESIAN_POINT('',(0.447849282873979,0.598425196850394,-9.00150415009914));
#12416=CARTESIAN_POINT('Ctrl Pts',(0.42030021952209,0.598425196850394,-8.98987459187778));
#12417=CARTESIAN_POINT('Ctrl Pts',(0.425614615574943,0.598425196850394,
-8.99031943493487));
#12418=CARTESIAN_POINT('Ctrl Pts',(0.436076757536157,0.598425196850394,
-8.99119517155055));
#12419=CARTESIAN_POINT('Ctrl Pts',(0.443967001998858,0.598425196850394,
-8.99810450991042));
#12420=CARTESIAN_POINT('Ctrl Pts',(0.447849282873979,0.598425196850394,
-9.00150415009914));
#12421=CARTESIAN_POINT('',(0.447849282873979,0.62992125984252,-9.00150415009914));
#12422=CARTESIAN_POINT('Ctrl Pts',(0.392258619450093,0.62992125984252,-9.00161028644228));
#12423=CARTESIAN_POINT('Ctrl Pts',(0.392258619450093,0.598425196850394,
-9.00161028644228));
#12424=CARTESIAN_POINT('Ctrl Pts',(0.396289769116644,0.62992125984252,-8.99819532304067));
#12425=CARTESIAN_POINT('Ctrl Pts',(0.396289769116644,0.598425196850394,
-8.99819532304067));
#12426=CARTESIAN_POINT('Ctrl Pts',(0.404396142024052,0.62992125984252,-8.99132805958271));
#12427=CARTESIAN_POINT('Ctrl Pts',(0.404396142024052,0.598425196850394,
-8.99132805958271));
#12428=CARTESIAN_POINT('Ctrl Pts',(0.414979679795149,0.62992125984252,-8.99036083401706));
#12429=CARTESIAN_POINT('Ctrl Pts',(0.414979679795149,0.598425196850394,
-8.99036083401706));
#12430=CARTESIAN_POINT('Ctrl Pts',(0.42030021952209,0.62992125984252,-8.98987459187778));
#12431=CARTESIAN_POINT('Ctrl Pts',(0.42030021952209,0.598425196850394,-8.98987459187778));
#12432=CARTESIAN_POINT('',(0.392258619450093,0.62992125984252,-9.00161028644228));
#12433=CARTESIAN_POINT('Ctrl Pts',(0.392258619450093,0.62992125984252,-9.00161028644228));
#12434=CARTESIAN_POINT('Ctrl Pts',(0.396289769116644,0.62992125984252,-8.99819532304067));
#12435=CARTESIAN_POINT('Ctrl Pts',(0.404396142024052,0.62992125984252,-8.99132805958271));
#12436=CARTESIAN_POINT('Ctrl Pts',(0.414979679795149,0.62992125984252,-8.99036083401706));
#12437=CARTESIAN_POINT('Ctrl Pts',(0.42030021952209,0.62992125984252,-8.98987459187778));
#12438=CARTESIAN_POINT('',(0.392258619450093,0.598425196850394,-9.00161028644228));
#12439=CARTESIAN_POINT('',(0.392258619450093,0.62992125984252,-9.00161028644228));
#12440=CARTESIAN_POINT('Ctrl Pts',(0.392258619450093,0.598425196850394,
-9.00161028644228));
#12441=CARTESIAN_POINT('Ctrl Pts',(0.396289769116644,0.598425196850394,
-8.99819532304067));
#12442=CARTESIAN_POINT('Ctrl Pts',(0.404396142024052,0.598425196850394,
-8.99132805958271));
#12443=CARTESIAN_POINT('Ctrl Pts',(0.414979679795149,0.598425196850394,
-8.99036083401706));
#12444=CARTESIAN_POINT('Ctrl Pts',(0.42030021952209,0.598425196850394,-8.98987459187778));
#12445=CARTESIAN_POINT('Ctrl Pts',(0.381037804595742,0.62992125984252,-9.03224696388683));
#12446=CARTESIAN_POINT('Ctrl Pts',(0.381037804595742,0.598425196850394,
-9.03224696388683));
#12447=CARTESIAN_POINT('Ctrl Pts',(0.381418539265808,0.62992125984252,-9.02635507372726));
#12448=CARTESIAN_POINT('Ctrl Pts',(0.381418539265808,0.598425196850394,
-9.02635507372726));
#12449=CARTESIAN_POINT('Ctrl Pts',(0.38215135732196,0.62992125984252,-9.01501467361862));
#12450=CARTESIAN_POINT('Ctrl Pts',(0.38215135732196,0.598425196850394,-9.01501467361862));
#12451=CARTESIAN_POINT('Ctrl Pts',(0.388978506680787,0.62992125984252,-9.00596041617914));
#12452=CARTESIAN_POINT('Ctrl Pts',(0.388978506680787,0.598425196850394,
-9.00596041617914));
#12453=CARTESIAN_POINT('Ctrl Pts',(0.392258619450093,0.62992125984252,-9.00161028644228));
#12454=CARTESIAN_POINT('Ctrl Pts',(0.392258619450093,0.598425196850394,
-9.00161028644228));
#12455=CARTESIAN_POINT('',(0.381037804595742,0.62992125984252,-9.03224696388683));
#12456=CARTESIAN_POINT('Ctrl Pts',(0.381037804595742,0.62992125984252,-9.03224696388683));
#12457=CARTESIAN_POINT('Ctrl Pts',(0.381418539265808,0.62992125984252,-9.02635507372726));
#12458=CARTESIAN_POINT('Ctrl Pts',(0.38215135732196,0.62992125984252,-9.01501467361862));
#12459=CARTESIAN_POINT('Ctrl Pts',(0.388978506680787,0.62992125984252,-9.00596041617914));
#12460=CARTESIAN_POINT('Ctrl Pts',(0.392258619450093,0.62992125984252,-9.00161028644228));
#12461=CARTESIAN_POINT('',(0.381037804595742,0.598425196850394,-9.03224696388683));
#12462=CARTESIAN_POINT('',(0.381037804595742,0.62992125984252,-9.03224696388683));
#12463=CARTESIAN_POINT('Ctrl Pts',(0.381037804595742,0.598425196850394,
-9.03224696388683));
#12464=CARTESIAN_POINT('Ctrl Pts',(0.381418539265808,0.598425196850394,
-9.02635507372726));
#12465=CARTESIAN_POINT('Ctrl Pts',(0.38215135732196,0.598425196850394,-9.01501467361862));
#12466=CARTESIAN_POINT('Ctrl Pts',(0.388978506680787,0.598425196850394,
-9.00596041617914));
#12467=CARTESIAN_POINT('Ctrl Pts',(0.392258619450093,0.598425196850394,
-9.00161028644228));
#12468=CARTESIAN_POINT('Ctrl Pts',(0.393053584580871,0.62992125984252,-9.06633047281667));
#12469=CARTESIAN_POINT('Ctrl Pts',(0.393053584580871,0.598425196850394,
-9.06633047281667));
#12470=CARTESIAN_POINT('Ctrl Pts',(0.389560660808956,0.62992125984252,-9.06148040087803));
#12471=CARTESIAN_POINT('Ctrl Pts',(0.389560660808956,0.598425196850394,
-9.06148040087803));
#12472=CARTESIAN_POINT('Ctrl Pts',(0.3822429990775,0.62992125984252,-9.05131951901007));
#12473=CARTESIAN_POINT('Ctrl Pts',(0.3822429990775,0.598425196850394,-9.05131951901007));
#12474=CARTESIAN_POINT('Ctrl Pts',(0.381451499420092,0.62992125984252,-9.0387938054639));
#12475=CARTESIAN_POINT('Ctrl Pts',(0.381451499420092,0.598425196850394,
-9.0387938054639));
#12476=CARTESIAN_POINT('Ctrl Pts',(0.381037804595742,0.62992125984252,-9.03224696388683));
#12477=CARTESIAN_POINT('Ctrl Pts',(0.381037804595742,0.598425196850394,
-9.03224696388683));
#12478=CARTESIAN_POINT('',(0.393053584580871,0.62992125984252,-9.06633047281667));
#12479=CARTESIAN_POINT('Ctrl Pts',(0.393053584580871,0.62992125984252,-9.06633047281667));
#12480=CARTESIAN_POINT('Ctrl Pts',(0.389560660808956,0.62992125984252,-9.06148040087803));
#12481=CARTESIAN_POINT('Ctrl Pts',(0.3822429990775,0.62992125984252,-9.05131951901007));
#12482=CARTESIAN_POINT('Ctrl Pts',(0.381451499420092,0.62992125984252,-9.0387938054639));
#12483=CARTESIAN_POINT('Ctrl Pts',(0.381037804595742,0.62992125984252,-9.03224696388683));
#12484=CARTESIAN_POINT('',(0.393053584580871,0.598425196850394,-9.06633047281667));
#12485=CARTESIAN_POINT('',(0.393053584580871,0.62992125984252,-9.06633047281667));
#12486=CARTESIAN_POINT('Ctrl Pts',(0.393053584580871,0.598425196850394,
-9.06633047281667));
#12487=CARTESIAN_POINT('Ctrl Pts',(0.389560660808956,0.598425196850394,
-9.06148040087803));
#12488=CARTESIAN_POINT('Ctrl Pts',(0.3822429990775,0.598425196850394,-9.05131951901007));
#12489=CARTESIAN_POINT('Ctrl Pts',(0.381451499420092,0.598425196850394,
-9.0387938054639));
#12490=CARTESIAN_POINT('Ctrl Pts',(0.381037804595742,0.598425196850394,
-9.03224696388683));
#12491=CARTESIAN_POINT('Ctrl Pts',(0.421142589322432,0.62992125984252,-9.07943604818533));
#12492=CARTESIAN_POINT('Ctrl Pts',(0.421142589322432,0.598425196850394,
-9.07943604818533));
#12493=CARTESIAN_POINT('Ctrl Pts',(0.415891398937127,0.62992125984252,-9.07883894916632));
#12494=CARTESIAN_POINT('Ctrl Pts',(0.415891398937127,0.598425196850394,
-9.07883894916632));
#12495=CARTESIAN_POINT('Ctrl Pts',(0.40508691526131,0.62992125984252,-9.07761039980313));
#12496=CARTESIAN_POINT('Ctrl Pts',(0.40508691526131,0.598425196850394,-9.07761039980313));
#12497=CARTESIAN_POINT('Ctrl Pts',(0.39713877382558,0.62992125984252,-9.07015988942874));
#12498=CARTESIAN_POINT('Ctrl Pts',(0.39713877382558,0.598425196850394,-9.07015988942874));
#12499=CARTESIAN_POINT('Ctrl Pts',(0.393053584580871,0.62992125984252,-9.06633047281667));
#12500=CARTESIAN_POINT('Ctrl Pts',(0.393053584580871,0.598425196850394,
-9.06633047281667));
#12501=CARTESIAN_POINT('',(0.421142589322432,0.62992125984252,-9.07943604818533));
#12502=CARTESIAN_POINT('Ctrl Pts',(0.421142589322432,0.62992125984252,-9.07943604818533));
#12503=CARTESIAN_POINT('Ctrl Pts',(0.415891398937127,0.62992125984252,-9.07883894916632));
#12504=CARTESIAN_POINT('Ctrl Pts',(0.40508691526131,0.62992125984252,-9.07761039980313));
#12505=CARTESIAN_POINT('Ctrl Pts',(0.39713877382558,0.62992125984252,-9.07015988942874));
#12506=CARTESIAN_POINT('Ctrl Pts',(0.393053584580871,0.62992125984252,-9.06633047281667));
#12507=CARTESIAN_POINT('',(0.421142589322432,0.598425196850394,-9.07943604818533));
#12508=CARTESIAN_POINT('',(0.421142589322432,0.62992125984252,-9.07943604818533));
#12509=CARTESIAN_POINT('Ctrl Pts',(0.421142589322432,0.598425196850394,
-9.07943604818533));
#12510=CARTESIAN_POINT('Ctrl Pts',(0.415891398937127,0.598425196850394,
-9.07883894916632));
#12511=CARTESIAN_POINT('Ctrl Pts',(0.40508691526131,0.598425196850394,-9.07761039980313));
#12512=CARTESIAN_POINT('Ctrl Pts',(0.39713877382558,0.598425196850394,-9.07015988942874));
#12513=CARTESIAN_POINT('Ctrl Pts',(0.393053584580871,0.598425196850394,
-9.06633047281667));
#12514=CARTESIAN_POINT('Ctrl Pts',(0.447706097875042,0.62992125984252,-9.06716609928905));
#12515=CARTESIAN_POINT('Ctrl Pts',(0.447706097875042,0.598425196850394,
-9.06716609928905));
#12516=CARTESIAN_POINT('Ctrl Pts',(0.443893963419147,0.62992125984252,-9.07073706760792));
#12517=CARTESIAN_POINT('Ctrl Pts',(0.443893963419147,0.598425196850394,
-9.07073706760792));
#12518=CARTESIAN_POINT('Ctrl Pts',(0.436386380054382,0.62992125984252,-9.07776970054808));
#12519=CARTESIAN_POINT('Ctrl Pts',(0.436386380054382,0.598425196850394,
-9.07776970054808));
#12520=CARTESIAN_POINT('Ctrl Pts',(0.426170928833691,0.62992125984252,-9.07888638427225));
#12521=CARTESIAN_POINT('Ctrl Pts',(0.426170928833691,0.598425196850394,
-9.07888638427225));
#12522=CARTESIAN_POINT('Ctrl Pts',(0.421142589322432,0.62992125984252,-9.07943604818533));
#12523=CARTESIAN_POINT('Ctrl Pts',(0.421142589322432,0.598425196850394,
-9.07943604818533));
#12524=CARTESIAN_POINT('',(0.447706097875042,0.62992125984252,-9.06716609928905));
#12525=CARTESIAN_POINT('Ctrl Pts',(0.447706097875042,0.62992125984252,-9.06716609928905));
#12526=CARTESIAN_POINT('Ctrl Pts',(0.443893963419147,0.62992125984252,-9.07073706760792));
#12527=CARTESIAN_POINT('Ctrl Pts',(0.436386380054382,0.62992125984252,-9.07776970054808));
#12528=CARTESIAN_POINT('Ctrl Pts',(0.426170928833691,0.62992125984252,-9.07888638427225));
#12529=CARTESIAN_POINT('Ctrl Pts',(0.421142589322432,0.62992125984252,-9.07943604818533));
#12530=CARTESIAN_POINT('',(0.447706097875042,0.598425196850394,-9.06716609928905));
#12531=CARTESIAN_POINT('',(0.447706097875042,0.62992125984252,-9.06716609928905));
#12532=CARTESIAN_POINT('Ctrl Pts',(0.447706097875042,0.598425196850394,
-9.06716609928905));
#12533=CARTESIAN_POINT('Ctrl Pts',(0.443893963419147,0.598425196850394,
-9.07073706760792));
#12534=CARTESIAN_POINT('Ctrl Pts',(0.436386380054382,0.598425196850394,
-9.07776970054808));
#12535=CARTESIAN_POINT('Ctrl Pts',(0.426170928833691,0.598425196850394,
-9.07888638427225));
#12536=CARTESIAN_POINT('Ctrl Pts',(0.421142589322432,0.598425196850394,
-9.07943604818533));
#12537=CARTESIAN_POINT('Ctrl Pts',(0.458788023586304,0.62992125984252,-9.03411266733455));
#12538=CARTESIAN_POINT('Ctrl Pts',(0.458788023586304,0.598425196850394,
-9.03411266733455));
#12539=CARTESIAN_POINT('Ctrl Pts',(0.458465570878954,0.62992125984252,-9.04054329822262));
#12540=CARTESIAN_POINT('Ctrl Pts',(0.458465570878954,0.598425196850394,
-9.04054329822262));
#12541=CARTESIAN_POINT('Ctrl Pts',(0.457859095892133,0.62992125984252,-9.05263814715457));
#12542=CARTESIAN_POINT('Ctrl Pts',(0.457859095892133,0.598425196850394,
-9.05263814715457));
#12543=CARTESIAN_POINT('Ctrl Pts',(0.450944375800687,0.62992125984252,-9.06253243870695));
#12544=CARTESIAN_POINT('Ctrl Pts',(0.450944375800687,0.598425196850394,
-9.06253243870695));
#12545=CARTESIAN_POINT('Ctrl Pts',(0.447706097875042,0.62992125984252,-9.06716609928905));
#12546=CARTESIAN_POINT('Ctrl Pts',(0.447706097875042,0.598425196850394,
-9.06716609928905));
#12547=CARTESIAN_POINT('',(0.458788023586304,0.62992125984252,-9.03411266733455));
#12548=CARTESIAN_POINT('Ctrl Pts',(0.458788023586304,0.62992125984252,-9.03411266733455));
#12549=CARTESIAN_POINT('Ctrl Pts',(0.458465570878954,0.62992125984252,-9.04054329822262));
#12550=CARTESIAN_POINT('Ctrl Pts',(0.457859095892133,0.62992125984252,-9.05263814715457));
#12551=CARTESIAN_POINT('Ctrl Pts',(0.450944375800687,0.62992125984252,-9.06253243870695));
#12552=CARTESIAN_POINT('Ctrl Pts',(0.447706097875042,0.62992125984252,-9.06716609928905));
#12553=CARTESIAN_POINT('',(0.458788023586304,0.598425196850394,-9.03411266733455));
#12554=CARTESIAN_POINT('',(0.458788023586304,0.62992125984252,-9.03411266733455));
#12555=CARTESIAN_POINT('Ctrl Pts',(0.458788023586304,0.598425196850394,
-9.03411266733455));
#12556=CARTESIAN_POINT('Ctrl Pts',(0.458465570878954,0.598425196850394,
-9.04054329822262));
#12557=CARTESIAN_POINT('Ctrl Pts',(0.457859095892133,0.598425196850394,
-9.05263814715457));
#12558=CARTESIAN_POINT('Ctrl Pts',(0.450944375800687,0.598425196850394,
-9.06253243870695));
#12559=CARTESIAN_POINT('Ctrl Pts',(0.447706097875042,0.598425196850394,
-9.06716609928905));
#12560=CARTESIAN_POINT('Ctrl Pts',(0.447849282873979,0.62992125984252,-9.00150415009914));
#12561=CARTESIAN_POINT('Ctrl Pts',(0.447849282873979,0.598425196850394,
-9.00150415009914));
#12562=CARTESIAN_POINT('Ctrl Pts',(0.451025921948433,0.62992125984252,-9.00603008290812));
#12563=CARTESIAN_POINT('Ctrl Pts',(0.451025921948433,0.598425196850394,
-9.00603008290812));
#12564=CARTESIAN_POINT('Ctrl Pts',(0.457868035604038,0.62992125984252,-9.01577841942066));
#12565=CARTESIAN_POINT('Ctrl Pts',(0.457868035604038,0.598425196850394,
-9.01577841942066));
#12566=CARTESIAN_POINT('Ctrl Pts',(0.458467094321854,0.62992125984252,-9.02771693520472));
#12567=CARTESIAN_POINT('Ctrl Pts',(0.458467094321854,0.598425196850394,
-9.02771693520472));
#12568=CARTESIAN_POINT('Ctrl Pts',(0.458788023586304,0.62992125984252,-9.03411266733455));
#12569=CARTESIAN_POINT('Ctrl Pts',(0.458788023586304,0.598425196850394,
-9.03411266733455));
#12570=CARTESIAN_POINT('Ctrl Pts',(0.447849282873979,0.62992125984252,-9.00150415009914));
#12571=CARTESIAN_POINT('Ctrl Pts',(0.451025921948433,0.62992125984252,-9.00603008290812));
#12572=CARTESIAN_POINT('Ctrl Pts',(0.457868035604038,0.62992125984252,-9.01577841942066));
#12573=CARTESIAN_POINT('Ctrl Pts',(0.458467094321854,0.62992125984252,-9.02771693520472));
#12574=CARTESIAN_POINT('Ctrl Pts',(0.458788023586304,0.62992125984252,-9.03411266733455));
#12575=CARTESIAN_POINT('Ctrl Pts',(0.447849282873979,0.598425196850394,
-9.00150415009914));
#12576=CARTESIAN_POINT('Ctrl Pts',(0.451025921948433,0.598425196850394,
-9.00603008290812));
#12577=CARTESIAN_POINT('Ctrl Pts',(0.457868035604038,0.598425196850394,
-9.01577841942066));
#12578=CARTESIAN_POINT('Ctrl Pts',(0.458467094321854,0.598425196850394,
-9.02771693520472));
#12579=CARTESIAN_POINT('Ctrl Pts',(0.458788023586304,0.598425196850394,
-9.03411266733455));
#12580=CARTESIAN_POINT('Ctrl Pts',(0.414888811208708,0.62992125984252,-8.89844196261995));
#12581=CARTESIAN_POINT('Ctrl Pts',(0.414888811208708,0.598425196850394,
-8.89844196261995));
#12582=CARTESIAN_POINT('Ctrl Pts',(0.407673148747364,0.62992125984252,-8.89887830315391));
#12583=CARTESIAN_POINT('Ctrl Pts',(0.407673148747364,0.598425196850394,
-8.89887830315391));
#12584=CARTESIAN_POINT('Ctrl Pts',(0.393898419142504,0.62992125984252,-8.89971127904531));
#12585=CARTESIAN_POINT('Ctrl Pts',(0.393898419142504,0.598425196850394,
-8.89971127904531));
#12586=CARTESIAN_POINT('Ctrl Pts',(0.382573760764585,0.62992125984252,-8.9075417175694));
#12587=CARTESIAN_POINT('Ctrl Pts',(0.382573760764585,0.598425196850394,
-8.9075417175694));
#12588=CARTESIAN_POINT('Ctrl Pts',(0.377181335881563,0.62992125984252,-8.91127031141595));
#12589=CARTESIAN_POINT('Ctrl Pts',(0.377181335881563,0.598425196850394,
-8.91127031141595));
#12590=CARTESIAN_POINT('',(0.414888811208708,0.598425196850394,-8.89844196261995));
#12591=CARTESIAN_POINT('',(0.414888811208708,0.62992125984252,-8.89844196261995));
#12592=CARTESIAN_POINT('',(0.377181335881563,0.598425196850394,-8.91127031141595));
#12593=CARTESIAN_POINT('Ctrl Pts',(0.414888811208708,0.598425196850394,
-8.89844196261995));
#12594=CARTESIAN_POINT('Ctrl Pts',(0.407673148747364,0.598425196850394,
-8.89887830315391));
#12595=CARTESIAN_POINT('Ctrl Pts',(0.393898419142504,0.598425196850394,
-8.89971127904531));
#12596=CARTESIAN_POINT('Ctrl Pts',(0.382573760764585,0.598425196850394,
-8.9075417175694));
#12597=CARTESIAN_POINT('Ctrl Pts',(0.377181335881563,0.598425196850394,
-8.91127031141595));
#12598=CARTESIAN_POINT('',(0.377181335881563,0.62992125984252,-8.91127031141595));
#12599=CARTESIAN_POINT('Ctrl Pts',(0.452777220008101,0.62992125984252,-8.91005178047038));
#12600=CARTESIAN_POINT('Ctrl Pts',(0.452777220008101,0.598425196850394,
-8.91005178047038));
#12601=CARTESIAN_POINT('Ctrl Pts',(0.447081732702911,0.62992125984252,-8.90665590281569));
#12602=CARTESIAN_POINT('Ctrl Pts',(0.447081732702911,0.598425196850394,
-8.90665590281569));
#12603=CARTESIAN_POINT('Ctrl Pts',(0.435411659108326,0.62992125984252,-8.89969773751307));
#12604=CARTESIAN_POINT('Ctrl Pts',(0.435411659108326,0.598425196850394,
-8.89969773751307));
#12605=CARTESIAN_POINT('Ctrl Pts',(0.421837968998467,0.62992125984252,-8.89886717543268));
#12606=CARTESIAN_POINT('Ctrl Pts',(0.421837968998467,0.598425196850394,
-8.89886717543268));
#12607=CARTESIAN_POINT('Ctrl Pts',(0.414888811208708,0.62992125984252,-8.89844196261995));
#12608=CARTESIAN_POINT('Ctrl Pts',(0.414888811208708,0.598425196850394,
-8.89844196261995));
#12609=CARTESIAN_POINT('',(0.452777220008101,0.598425196850394,-8.91005178047038));
#12610=CARTESIAN_POINT('',(0.452777220008101,0.62992125984252,-8.91005178047038));
#12611=CARTESIAN_POINT('Ctrl Pts',(0.452777220008101,0.598425196850394,
-8.91005178047038));
#12612=CARTESIAN_POINT('Ctrl Pts',(0.447081732702911,0.598425196850394,
-8.90665590281569));
#12613=CARTESIAN_POINT('Ctrl Pts',(0.435411659108326,0.598425196850394,
-8.89969773751307));
#12614=CARTESIAN_POINT('Ctrl Pts',(0.421837968998467,0.598425196850394,
-8.89886717543268));
#12615=CARTESIAN_POINT('Ctrl Pts',(0.414888811208708,0.598425196850394,
-8.89844196261995));
#12616=CARTESIAN_POINT('Ctrl Pts',(0.477280480654857,0.62992125984252,-8.94397719621339));
#12617=CARTESIAN_POINT('Ctrl Pts',(0.477280480654857,0.598425196850394,
-8.94397719621339));
#12618=CARTESIAN_POINT('Ctrl Pts',(0.474335212860323,0.62992125984252,-8.93709402626754));
#12619=CARTESIAN_POINT('Ctrl Pts',(0.474335212860323,0.598425196850394,
-8.93709402626754));
#12620=CARTESIAN_POINT('Ctrl Pts',(0.468701647946459,0.62992125984252,-8.92392823374602));
#12621=CARTESIAN_POINT('Ctrl Pts',(0.468701647946459,0.598425196850394,
-8.92392823374602));
#12622=CARTESIAN_POINT('Ctrl Pts',(0.457921452582844,0.62992125984252,-8.91453443461901));
#12623=CARTESIAN_POINT('Ctrl Pts',(0.457921452582844,0.598425196850394,
-8.91453443461901));
#12624=CARTESIAN_POINT('Ctrl Pts',(0.452777220008101,0.62992125984252,-8.91005178047038));
#12625=CARTESIAN_POINT('Ctrl Pts',(0.452777220008101,0.598425196850394,
-8.91005178047038));
#12626=CARTESIAN_POINT('',(0.477280480654857,0.598425196850394,-8.94397719621339));
#12627=CARTESIAN_POINT('',(0.477280480654857,0.62992125984252,-8.94397719621339));
#12628=CARTESIAN_POINT('Ctrl Pts',(0.477280480654857,0.598425196850394,
-8.94397719621339));
#12629=CARTESIAN_POINT('Ctrl Pts',(0.474335212860323,0.598425196850394,
-8.93709402626754));
#12630=CARTESIAN_POINT('Ctrl Pts',(0.468701647946459,0.598425196850394,
-8.92392823374602));
#12631=CARTESIAN_POINT('Ctrl Pts',(0.457921452582844,0.598425196850394,
-8.91453443461901));
#12632=CARTESIAN_POINT('Ctrl Pts',(0.452777220008101,0.598425196850394,
-8.91005178047038));
#12633=CARTESIAN_POINT('Ctrl Pts',(0.485586240508659,0.62992125984252,-9.00411764703948));
#12634=CARTESIAN_POINT('Ctrl Pts',(0.485586240508659,0.598425196850394,
-9.00411764703948));
#12635=CARTESIAN_POINT('Ctrl Pts',(0.48541080221919,0.62992125984252,-8.99273901232452));
#12636=CARTESIAN_POINT('Ctrl Pts',(0.48541080221919,0.598425196850394,-8.99273901232452));
#12637=CARTESIAN_POINT('Ctrl Pts',(0.485096113486224,0.62992125984252,-8.97232882620055));
#12638=CARTESIAN_POINT('Ctrl Pts',(0.485096113486224,0.598425196850394,
-8.97232882620055));
#12639=CARTESIAN_POINT('Ctrl Pts',(0.479678005244953,0.62992125984252,-8.95267434608342));
#12640=CARTESIAN_POINT('Ctrl Pts',(0.479678005244953,0.598425196850394,
-8.95267434608342));
#12641=CARTESIAN_POINT('Ctrl Pts',(0.477280480654857,0.62992125984252,-8.94397719621339));
#12642=CARTESIAN_POINT('Ctrl Pts',(0.477280480654857,0.598425196850394,
-8.94397719621339));
#12643=CARTESIAN_POINT('',(0.485586240508659,0.598425196850394,-9.00411764703948));
#12644=CARTESIAN_POINT('',(0.485586240508659,0.62992125984252,-9.00411764703948));
#12645=CARTESIAN_POINT('Ctrl Pts',(0.485586240508659,0.598425196850394,
-9.00411764703948));
#12646=CARTESIAN_POINT('Ctrl Pts',(0.48541080221919,0.598425196850394,-8.99273901232452));
#12647=CARTESIAN_POINT('Ctrl Pts',(0.485096113486224,0.598425196850394,
-8.97232882620055));
#12648=CARTESIAN_POINT('Ctrl Pts',(0.479678005244953,0.598425196850394,
-8.95267434608342));
#12649=CARTESIAN_POINT('Ctrl Pts',(0.477280480654857,0.598425196850394,
-8.94397719621339));
#12650=CARTESIAN_POINT('Ctrl Pts',(0.477366682672147,0.62992125984252,-9.05945565635486));
#12651=CARTESIAN_POINT('Ctrl Pts',(0.477366682672147,0.598425196850394,
-9.05945565635486));
#12652=CARTESIAN_POINT('Ctrl Pts',(0.479768255925509,0.62992125984252,-9.05171810462675));
#12653=CARTESIAN_POINT('Ctrl Pts',(0.479768255925509,0.598425196850394,
-9.05171810462675));
#12654=CARTESIAN_POINT('Ctrl Pts',(0.485350089856933,0.62992125984252,-9.0337341731678));
#12655=CARTESIAN_POINT('Ctrl Pts',(0.485350089856933,0.598425196850394,
-9.0337341731678));
#12656=CARTESIAN_POINT('Ctrl Pts',(0.485500528054588,0.62992125984252,-9.01486716272774));
#12657=CARTESIAN_POINT('Ctrl Pts',(0.485500528054588,0.598425196850394,
-9.01486716272774));
#12658=CARTESIAN_POINT('Ctrl Pts',(0.485586240508659,0.62992125984252,-9.00411764703948));
#12659=CARTESIAN_POINT('Ctrl Pts',(0.485586240508659,0.598425196850394,
-9.00411764703948));
#12660=CARTESIAN_POINT('',(0.477366682672147,0.598425196850394,-9.05945565635486));
#12661=CARTESIAN_POINT('',(0.477366682672147,0.62992125984252,-9.05945565635486));
#12662=CARTESIAN_POINT('Ctrl Pts',(0.477366682672147,0.598425196850394,
-9.05945565635486));
#12663=CARTESIAN_POINT('Ctrl Pts',(0.479768255925509,0.598425196850394,
-9.05171810462675));
#12664=CARTESIAN_POINT('Ctrl Pts',(0.485350089856933,0.598425196850394,
-9.0337341731678));
#12665=CARTESIAN_POINT('Ctrl Pts',(0.485500528054588,0.598425196850394,
-9.01486716272774));
#12666=CARTESIAN_POINT('Ctrl Pts',(0.485586240508659,0.598425196850394,
-9.00411764703948));
#12667=CARTESIAN_POINT('Ctrl Pts',(0.453253232986116,0.62992125984252,-9.08904271415047));
#12668=CARTESIAN_POINT('Ctrl Pts',(0.453253232986116,0.598425196850394,
-9.08904271415047));
#12669=CARTESIAN_POINT('Ctrl Pts',(0.458279294813604,0.62992125984252,-9.0851418056834));
#12670=CARTESIAN_POINT('Ctrl Pts',(0.458279294813604,0.598425196850394,
-9.0851418056834));
#12671=CARTESIAN_POINT('Ctrl Pts',(0.468585714288335,0.62992125984252,-9.07714262056112));
#12672=CARTESIAN_POINT('Ctrl Pts',(0.468585714288335,0.598425196850394,
-9.07714262056112));
#12673=CARTESIAN_POINT('Ctrl Pts',(0.474391939837704,0.62992125984252,-9.06544749777097));
#12674=CARTESIAN_POINT('Ctrl Pts',(0.474391939837704,0.598425196850394,
-9.06544749777097));
#12675=CARTESIAN_POINT('Ctrl Pts',(0.477366682672147,0.62992125984252,-9.05945565635486));
#12676=CARTESIAN_POINT('Ctrl Pts',(0.477366682672147,0.598425196850394,
-9.05945565635486));
#12677=CARTESIAN_POINT('',(0.453253232986116,0.598425196850394,-9.08904271415047));
#12678=CARTESIAN_POINT('',(0.453253232986116,0.62992125984252,-9.08904271415047));
#12679=CARTESIAN_POINT('Ctrl Pts',(0.453253232986116,0.598425196850394,
-9.08904271415047));
#12680=CARTESIAN_POINT('Ctrl Pts',(0.458279294813604,0.598425196850394,
-9.0851418056834));
#12681=CARTESIAN_POINT('Ctrl Pts',(0.468585714288335,0.598425196850394,
-9.07714262056112));
#12682=CARTESIAN_POINT('Ctrl Pts',(0.474391939837704,0.598425196850394,
-9.06544749777097));
#12683=CARTESIAN_POINT('Ctrl Pts',(0.477366682672147,0.598425196850394,
-9.05945565635486));
#12684=CARTESIAN_POINT('Ctrl Pts',(0.418226702868598,0.62992125984252,-9.0994489598741));
#12685=CARTESIAN_POINT('Ctrl Pts',(0.418226702868598,0.598425196850394,
-9.0994489598741));
#12686=CARTESIAN_POINT('Ctrl Pts',(0.424476064670833,0.62992125984252,-9.09901304603181));
#12687=CARTESIAN_POINT('Ctrl Pts',(0.424476064670833,0.598425196850394,
-9.09901304603181));
#12688=CARTESIAN_POINT('Ctrl Pts',(0.436925782062289,0.62992125984252,-9.09814463669416));
#12689=CARTESIAN_POINT('Ctrl Pts',(0.436925782062289,0.598425196850394,
-9.09814463669416));
#12690=CARTESIAN_POINT('Ctrl Pts',(0.447825050388752,0.62992125984252,-9.09206871605271));
#12691=CARTESIAN_POINT('Ctrl Pts',(0.447825050388752,0.598425196850394,
-9.09206871605271));
#12692=CARTESIAN_POINT('Ctrl Pts',(0.453253232986116,0.62992125984252,-9.08904271415047));
#12693=CARTESIAN_POINT('Ctrl Pts',(0.453253232986116,0.598425196850394,
-9.08904271415047));
#12694=CARTESIAN_POINT('',(0.418226702868598,0.598425196850394,-9.0994489598741));
#12695=CARTESIAN_POINT('',(0.418226702868598,0.62992125984252,-9.0994489598741));
#12696=CARTESIAN_POINT('Ctrl Pts',(0.418226702868598,0.598425196850394,
-9.0994489598741));
#12697=CARTESIAN_POINT('Ctrl Pts',(0.424476064670833,0.598425196850394,
-9.09901304603181));
#12698=CARTESIAN_POINT('Ctrl Pts',(0.436925782062289,0.598425196850394,
-9.09814463669416));
#12699=CARTESIAN_POINT('Ctrl Pts',(0.447825050388752,0.598425196850394,
-9.09206871605271));
#12700=CARTESIAN_POINT('Ctrl Pts',(0.453253232986116,0.598425196850394,
-9.08904271415047));
#12701=CARTESIAN_POINT('Ctrl Pts',(0.373880416651857,0.62992125984252,-9.08127188132674));
#12702=CARTESIAN_POINT('Ctrl Pts',(0.373880416651857,0.598425196850394,
-9.08127188132674));
#12703=CARTESIAN_POINT('Ctrl Pts',(0.380221483624139,0.62992125984252,-9.08658588567403));
#12704=CARTESIAN_POINT('Ctrl Pts',(0.380221483624139,0.598425196850394,
-9.08658588567403));
#12705=CARTESIAN_POINT('Ctrl Pts',(0.393062042663769,0.62992125984252,-9.09734665935083));
#12706=CARTESIAN_POINT('Ctrl Pts',(0.393062042663769,0.598425196850394,
-9.09734665935083));
#12707=CARTESIAN_POINT('Ctrl Pts',(0.409769770233101,0.62992125984252,-9.09874245266279));
#12708=CARTESIAN_POINT('Ctrl Pts',(0.409769770233101,0.598425196850394,
-9.09874245266279));
#12709=CARTESIAN_POINT('Ctrl Pts',(0.418226702868598,0.62992125984252,-9.0994489598741));
#12710=CARTESIAN_POINT('Ctrl Pts',(0.418226702868598,0.598425196850394,
-9.0994489598741));
#12711=CARTESIAN_POINT('',(0.373880416651857,0.598425196850394,-9.08127188132674));
#12712=CARTESIAN_POINT('',(0.373880416651857,0.62992125984252,-9.08127188132674));
#12713=CARTESIAN_POINT('Ctrl Pts',(0.373880416651857,0.598425196850394,
-9.08127188132674));
#12714=CARTESIAN_POINT('Ctrl Pts',(0.380221483624139,0.598425196850394,
-9.08658588567403));
#12715=CARTESIAN_POINT('Ctrl Pts',(0.393062042663769,0.598425196850394,
-9.09734665935083));
#12716=CARTESIAN_POINT('Ctrl Pts',(0.409769770233101,0.598425196850394,
-9.09874245266279));
#12717=CARTESIAN_POINT('Ctrl Pts',(0.418226702868598,0.598425196850394,
-9.0994489598741));
#12718=CARTESIAN_POINT('Ctrl Pts',(0.356198119819393,0.62992125984252,-9.03310003875792));
#12719=CARTESIAN_POINT('Ctrl Pts',(0.356198119819393,0.598425196850394,
-9.03310003875792));
#12720=CARTESIAN_POINT('Ctrl Pts',(0.356803185417892,0.62992125984252,-9.04243655183293));
#12721=CARTESIAN_POINT('Ctrl Pts',(0.356803185417892,0.598425196850394,
-9.04243655183293));
#12722=CARTESIAN_POINT('Ctrl Pts',(0.357959743939353,0.62992125984252,-9.06028292053149));
#12723=CARTESIAN_POINT('Ctrl Pts',(0.357959743939353,0.598425196850394,
-9.06028292053149));
#12724=CARTESIAN_POINT('Ctrl Pts',(0.368739975268546,0.62992125984252,-9.07449499918031));
#12725=CARTESIAN_POINT('Ctrl Pts',(0.368739975268546,0.598425196850394,
-9.07449499918031));
#12726=CARTESIAN_POINT('Ctrl Pts',(0.373880416651857,0.62992125984252,-9.08127188132674));
#12727=CARTESIAN_POINT('Ctrl Pts',(0.373880416651857,0.598425196850394,
-9.08127188132674));
#12728=CARTESIAN_POINT('',(0.356198119819393,0.598425196850394,-9.03310003875792));
#12729=CARTESIAN_POINT('',(0.356198119819393,0.62992125984252,-9.03310003875792));
#12730=CARTESIAN_POINT('Ctrl Pts',(0.356198119819393,0.598425196850394,
-9.03310003875792));
#12731=CARTESIAN_POINT('Ctrl Pts',(0.356803185417892,0.598425196850394,
-9.04243655183293));
#12732=CARTESIAN_POINT('Ctrl Pts',(0.357959743939353,0.598425196850394,
-9.06028292053149));
#12733=CARTESIAN_POINT('Ctrl Pts',(0.368739975268546,0.598425196850394,
-9.07449499918031));
#12734=CARTESIAN_POINT('Ctrl Pts',(0.373880416651857,0.598425196850394,
-9.08127188132674));
#12735=CARTESIAN_POINT('Ctrl Pts',(0.373027792143642,0.62992125984252,-8.98633935232244));
#12736=CARTESIAN_POINT('Ctrl Pts',(0.373027792143642,0.598425196850394,
-8.98633935232244));
#12737=CARTESIAN_POINT('Ctrl Pts',(0.368108650576539,0.62992125984252,-8.99293528913881));
#12738=CARTESIAN_POINT('Ctrl Pts',(0.368108650576539,0.598425196850394,
-8.99293528913881));
#12739=CARTESIAN_POINT('Ctrl Pts',(0.35778629554399,0.62992125984252,-9.00677624099232));
#12740=CARTESIAN_POINT('Ctrl Pts',(0.35778629554399,0.598425196850394,-9.00677624099232));
#12741=CARTESIAN_POINT('Ctrl Pts',(0.356743807720071,0.62992125984252,-9.02405533563212));
#12742=CARTESIAN_POINT('Ctrl Pts',(0.356743807720071,0.598425196850394,
-9.02405533563212));
#12743=CARTESIAN_POINT('Ctrl Pts',(0.356198119819393,0.62992125984252,-9.03310003875792));
#12744=CARTESIAN_POINT('Ctrl Pts',(0.356198119819393,0.598425196850394,
-9.03310003875792));
#12745=CARTESIAN_POINT('',(0.373027792143642,0.598425196850394,-8.98633935232244));
#12746=CARTESIAN_POINT('',(0.373027792143642,0.62992125984252,-8.98633935232244));
#12747=CARTESIAN_POINT('Ctrl Pts',(0.373027792143642,0.598425196850394,
-8.98633935232244));
#12748=CARTESIAN_POINT('Ctrl Pts',(0.368108650576539,0.598425196850394,
-8.99293528913881));
#12749=CARTESIAN_POINT('Ctrl Pts',(0.35778629554399,0.598425196850394,-9.00677624099232));
#12750=CARTESIAN_POINT('Ctrl Pts',(0.356743807720071,0.598425196850394,
-9.02405533563212));
#12751=CARTESIAN_POINT('Ctrl Pts',(0.356198119819393,0.598425196850394,
-9.03310003875792));
#12752=CARTESIAN_POINT('Ctrl Pts',(0.414351262962776,0.62992125984252,-8.96853583230077));
#12753=CARTESIAN_POINT('Ctrl Pts',(0.414351262962776,0.598425196850394,
-8.96853583230077));
#12754=CARTESIAN_POINT('Ctrl Pts',(0.406517733800275,0.62992125984252,-8.96929151765421));
#12755=CARTESIAN_POINT('Ctrl Pts',(0.406517733800275,0.598425196850394,
-8.96929151765421));
#12756=CARTESIAN_POINT('Ctrl Pts',(0.390838937588334,0.62992125984252,-8.97080402069224));
#12757=CARTESIAN_POINT('Ctrl Pts',(0.390838937588334,0.598425196850394,
-8.97080402069224));
#12758=CARTESIAN_POINT('Ctrl Pts',(0.378967803055762,0.62992125984252,-8.98115832453884));
#12759=CARTESIAN_POINT('Ctrl Pts',(0.378967803055762,0.598425196850394,
-8.98115832453884));
#12760=CARTESIAN_POINT('Ctrl Pts',(0.373027792143642,0.62992125984252,-8.98633935232244));
#12761=CARTESIAN_POINT('Ctrl Pts',(0.373027792143642,0.598425196850394,
-8.98633935232244));
#12762=CARTESIAN_POINT('',(0.414351262962776,0.598425196850394,-8.96853583230077));
#12763=CARTESIAN_POINT('',(0.414351262962776,0.62992125984252,-8.96853583230077));
#12764=CARTESIAN_POINT('Ctrl Pts',(0.414351262962776,0.598425196850394,
-8.96853583230077));
#12765=CARTESIAN_POINT('Ctrl Pts',(0.406517733800275,0.598425196850394,
-8.96929151765421));
#12766=CARTESIAN_POINT('Ctrl Pts',(0.390838937588334,0.598425196850394,
-8.97080402069224));
#12767=CARTESIAN_POINT('Ctrl Pts',(0.378967803055762,0.598425196850394,
-8.98115832453884));
#12768=CARTESIAN_POINT('Ctrl Pts',(0.373027792143642,0.598425196850394,
-8.98633935232244));
#12769=CARTESIAN_POINT('Ctrl Pts',(0.441488786328939,0.62992125984252,-8.97560071027338));
#12770=CARTESIAN_POINT('Ctrl Pts',(0.441488786328939,0.598425196850394,
-8.97560071027338));
#12771=CARTESIAN_POINT('Ctrl Pts',(0.437221201939646,0.62992125984252,-8.97353317316554));
#12772=CARTESIAN_POINT('Ctrl Pts',(0.437221201939646,0.598425196850394,
-8.97353317316554));
#12773=CARTESIAN_POINT('Ctrl Pts',(0.428645158060228,0.62992125984252,-8.96937829599341));
#12774=CARTESIAN_POINT('Ctrl Pts',(0.428645158060228,0.598425196850394,
-8.96937829599341));
#12775=CARTESIAN_POINT('Ctrl Pts',(0.419131010091334,0.62992125984252,-8.96881754441551));
#12776=CARTESIAN_POINT('Ctrl Pts',(0.419131010091334,0.598425196850394,
-8.96881754441551));
#12777=CARTESIAN_POINT('Ctrl Pts',(0.414351262962776,0.62992125984252,-8.96853583230077));
#12778=CARTESIAN_POINT('Ctrl Pts',(0.414351262962776,0.598425196850394,
-8.96853583230077));
#12779=CARTESIAN_POINT('',(0.441488786328939,0.598425196850394,-8.97560071027338));
#12780=CARTESIAN_POINT('',(0.441488786328939,0.62992125984252,-8.97560071027338));
#12781=CARTESIAN_POINT('Ctrl Pts',(0.441488786328939,0.598425196850394,
-8.97560071027338));
#12782=CARTESIAN_POINT('Ctrl Pts',(0.437221201939646,0.598425196850394,
-8.97353317316554));
#12783=CARTESIAN_POINT('Ctrl Pts',(0.428645158060228,0.598425196850394,
-8.96937829599341));
#12784=CARTESIAN_POINT('Ctrl Pts',(0.419131010091334,0.598425196850394,
-8.96881754441551));
#12785=CARTESIAN_POINT('Ctrl Pts',(0.414351262962776,0.598425196850394,
-8.96853583230077));
#12786=CARTESIAN_POINT('Ctrl Pts',(0.461397675033699,0.62992125984252,-8.99436156917176));
#12787=CARTESIAN_POINT('Ctrl Pts',(0.461397675033699,0.598425196850394,
-8.99436156917176));
#12788=CARTESIAN_POINT('Ctrl Pts',(0.458714988171157,0.62992125984252,-8.99067659691133));
#12789=CARTESIAN_POINT('Ctrl Pts',(0.458714988171157,0.598425196850394,
-8.99067659691133));
#12790=CARTESIAN_POINT('Ctrl Pts',(0.453256361353685,0.62992125984252,-8.98317855877528));
#12791=CARTESIAN_POINT('Ctrl Pts',(0.453256361353685,0.598425196850394,
-8.98317855877528));
#12792=CARTESIAN_POINT('Ctrl Pts',(0.445455732324605,0.62992125984252,-8.97815526511643));
#12793=CARTESIAN_POINT('Ctrl Pts',(0.445455732324605,0.598425196850394,
-8.97815526511643));
#12794=CARTESIAN_POINT('Ctrl Pts',(0.441488786328939,0.62992125984252,-8.97560071027338));
#12795=CARTESIAN_POINT('Ctrl Pts',(0.441488786328939,0.598425196850394,
-8.97560071027338));
#12796=CARTESIAN_POINT('',(0.461397675033699,0.598425196850394,-8.99436156917176));
#12797=CARTESIAN_POINT('',(0.461397675033699,0.62992125984252,-8.99436156917176));
#12798=CARTESIAN_POINT('Ctrl Pts',(0.461397675033699,0.598425196850394,
-8.99436156917176));
#12799=CARTESIAN_POINT('Ctrl Pts',(0.458714988171157,0.598425196850394,
-8.99067659691133));
#12800=CARTESIAN_POINT('Ctrl Pts',(0.453256361353685,0.598425196850394,
-8.98317855877528));
#12801=CARTESIAN_POINT('Ctrl Pts',(0.445455732324605,0.598425196850394,
-8.97815526511643));
#12802=CARTESIAN_POINT('Ctrl Pts',(0.441488786328939,0.598425196850394,
-8.97560071027338));
#12803=CARTESIAN_POINT('Ctrl Pts',(0.461522720249476,0.62992125984252,-8.98952733799493));
#12804=CARTESIAN_POINT('Ctrl Pts',(0.461522720249476,0.598425196850394,
-8.98952733799493));
#12805=CARTESIAN_POINT('Ctrl Pts',(0.461515478951169,0.62992125984252,-8.99019881198451));
#12806=CARTESIAN_POINT('Ctrl Pts',(0.461515478951169,0.598425196850394,
-8.99019881198451));
#12807=CARTESIAN_POINT('Ctrl Pts',(0.461498094845668,0.62992125984252,-8.99181081223379));
#12808=CARTESIAN_POINT('Ctrl Pts',(0.461498094845668,0.598425196850394,
-8.99181081223379));
#12809=CARTESIAN_POINT('Ctrl Pts',(0.461434676596589,0.62992125984252,-8.99342169494369));
#12810=CARTESIAN_POINT('Ctrl Pts',(0.461434676596589,0.598425196850394,
-8.99342169494369));
#12811=CARTESIAN_POINT('Ctrl Pts',(0.461397675033699,0.62992125984252,-8.99436156917176));
#12812=CARTESIAN_POINT('Ctrl Pts',(0.461397675033699,0.598425196850394,
-8.99436156917176));
#12813=CARTESIAN_POINT('',(0.461522720249476,0.598425196850394,-8.98952733799493));
#12814=CARTESIAN_POINT('',(0.461522720249476,0.62992125984252,-8.98952733799493));
#12815=CARTESIAN_POINT('Ctrl Pts',(0.461522720249476,0.598425196850394,
-8.98952733799493));
#12816=CARTESIAN_POINT('Ctrl Pts',(0.461515478951169,0.598425196850394,
-8.99019881198451));
#12817=CARTESIAN_POINT('Ctrl Pts',(0.461498094845668,0.598425196850394,
-8.99181081223379));
#12818=CARTESIAN_POINT('Ctrl Pts',(0.461434676596589,0.598425196850394,
-8.99342169494369));
#12819=CARTESIAN_POINT('Ctrl Pts',(0.461397675033699,0.598425196850394,
-8.99436156917176));
#12820=CARTESIAN_POINT('Ctrl Pts',(0.45784083815636,0.62992125984252,-8.95999331317136));
#12821=CARTESIAN_POINT('Ctrl Pts',(0.45784083815636,0.598425196850394,-8.95999331317136));
#12822=CARTESIAN_POINT('Ctrl Pts',(0.458907551655756,0.62992125984252,-8.96485147335878));
#12823=CARTESIAN_POINT('Ctrl Pts',(0.458907551655756,0.598425196850394,
-8.96485147335878));
#12824=CARTESIAN_POINT('Ctrl Pts',(0.461044249398049,0.62992125984252,-8.97458268976324));
#12825=CARTESIAN_POINT('Ctrl Pts',(0.461044249398049,0.598425196850394,
-8.97458268976324));
#12826=CARTESIAN_POINT('Ctrl Pts',(0.461363067289165,0.62992125984252,-8.98454070751601));
#12827=CARTESIAN_POINT('Ctrl Pts',(0.461363067289165,0.598425196850394,
-8.98454070751601));
#12828=CARTESIAN_POINT('Ctrl Pts',(0.461522720249476,0.62992125984252,-8.98952733799493));
#12829=CARTESIAN_POINT('Ctrl Pts',(0.461522720249476,0.598425196850394,
-8.98952733799493));
#12830=CARTESIAN_POINT('',(0.45784083815636,0.598425196850394,-8.95999331317136));
#12831=CARTESIAN_POINT('',(0.45784083815636,0.62992125984252,-8.95999331317136));
#12832=CARTESIAN_POINT('Ctrl Pts',(0.45784083815636,0.598425196850394,-8.95999331317136));
#12833=CARTESIAN_POINT('Ctrl Pts',(0.458907551655756,0.598425196850394,
-8.96485147335878));
#12834=CARTESIAN_POINT('Ctrl Pts',(0.461044249398049,0.598425196850394,
-8.97458268976324));
#12835=CARTESIAN_POINT('Ctrl Pts',(0.461363067289165,0.598425196850394,
-8.98454070751601));
#12836=CARTESIAN_POINT('Ctrl Pts',(0.461522720249476,0.598425196850394,
-8.98952733799493));
#12837=CARTESIAN_POINT('Ctrl Pts',(0.448800189069703,0.62992125984252,-8.9369148584514));
#12838=CARTESIAN_POINT('Ctrl Pts',(0.448800189069703,0.598425196850394,
-8.9369148584514));
#12839=CARTESIAN_POINT('Ctrl Pts',(0.450571391396916,0.62992125984252,-8.94022063089501));
#12840=CARTESIAN_POINT('Ctrl Pts',(0.450571391396916,0.598425196850394,
-8.94022063089501));
#12841=CARTESIAN_POINT('Ctrl Pts',(0.454497378264674,0.62992125984252,-8.94754809371617));
#12842=CARTESIAN_POINT('Ctrl Pts',(0.454497378264674,0.598425196850394,
-8.94754809371617));
#12843=CARTESIAN_POINT('Ctrl Pts',(0.456656048398156,0.62992125984252,-8.95558322032539));
#12844=CARTESIAN_POINT('Ctrl Pts',(0.456656048398156,0.598425196850394,
-8.95558322032539));
#12845=CARTESIAN_POINT('Ctrl Pts',(0.45784083815636,0.62992125984252,-8.95999331317136));
#12846=CARTESIAN_POINT('Ctrl Pts',(0.45784083815636,0.598425196850394,-8.95999331317136));
#12847=CARTESIAN_POINT('',(0.448800189069703,0.598425196850394,-8.9369148584514));
#12848=CARTESIAN_POINT('',(0.448800189069703,0.62992125984252,-8.9369148584514));
#12849=CARTESIAN_POINT('Ctrl Pts',(0.448800189069703,0.598425196850394,
-8.9369148584514));
#12850=CARTESIAN_POINT('Ctrl Pts',(0.450571391396916,0.598425196850394,
-8.94022063089501));
#12851=CARTESIAN_POINT('Ctrl Pts',(0.454497378264674,0.598425196850394,
-8.94754809371617));
#12852=CARTESIAN_POINT('Ctrl Pts',(0.456656048398156,0.598425196850394,
-8.95558322032539));
#12853=CARTESIAN_POINT('Ctrl Pts',(0.45784083815636,0.598425196850394,-8.95999331317136));
#12854=CARTESIAN_POINT('Ctrl Pts',(0.434943767271423,0.62992125984252,-8.92337928467657));
#12855=CARTESIAN_POINT('Ctrl Pts',(0.434943767271423,0.598425196850394,
-8.92337928467657));
#12856=CARTESIAN_POINT('Ctrl Pts',(0.437641711977027,0.62992125984252,-8.92522002858493));
#12857=CARTESIAN_POINT('Ctrl Pts',(0.437641711977027,0.598425196850394,
-8.92522002858493));
#12858=CARTESIAN_POINT('Ctrl Pts',(0.443057623544368,0.62992125984252,-8.92891517704559));
#12859=CARTESIAN_POINT('Ctrl Pts',(0.443057623544368,0.598425196850394,
-8.92891517704559));
#12860=CARTESIAN_POINT('Ctrl Pts',(0.446881288641659,0.62992125984252,-8.93424173404279));
#12861=CARTESIAN_POINT('Ctrl Pts',(0.446881288641659,0.598425196850394,
-8.93424173404279));
#12862=CARTESIAN_POINT('Ctrl Pts',(0.448800189069703,0.62992125984252,-8.9369148584514));
#12863=CARTESIAN_POINT('Ctrl Pts',(0.448800189069703,0.598425196850394,
-8.9369148584514));
#12864=CARTESIAN_POINT('',(0.434943767271423,0.598425196850394,-8.92337928467657));
#12865=CARTESIAN_POINT('',(0.434943767271423,0.62992125984252,-8.92337928467657));
#12866=CARTESIAN_POINT('Ctrl Pts',(0.434943767271423,0.598425196850394,
-8.92337928467657));
#12867=CARTESIAN_POINT('Ctrl Pts',(0.437641711977027,0.598425196850394,
-8.92522002858493));
#12868=CARTESIAN_POINT('Ctrl Pts',(0.443057623544368,0.598425196850394,
-8.92891517704559));
#12869=CARTESIAN_POINT('Ctrl Pts',(0.446881288641659,0.598425196850394,
-8.93424173404279));
#12870=CARTESIAN_POINT('Ctrl Pts',(0.448800189069703,0.598425196850394,
-8.9369148584514));
#12871=CARTESIAN_POINT('Ctrl Pts',(0.415463875031086,0.62992125984252,-8.91831393425988));
#12872=CARTESIAN_POINT('Ctrl Pts',(0.415463875031086,0.598425196850394,
-8.91831393425988));
#12873=CARTESIAN_POINT('Ctrl Pts',(0.419009434418022,0.62992125984252,-8.91848844677834));
#12874=CARTESIAN_POINT('Ctrl Pts',(0.419009434418022,0.598425196850394,
-8.91848844677834));
#12875=CARTESIAN_POINT('Ctrl Pts',(0.425861178117713,0.62992125984252,-8.91882568976834));
#12876=CARTESIAN_POINT('Ctrl Pts',(0.425861178117713,0.598425196850394,
-8.91882568976834));
#12877=CARTESIAN_POINT('Ctrl Pts',(0.431987582334652,0.62992125984252,-8.92189718871824));
#12878=CARTESIAN_POINT('Ctrl Pts',(0.431987582334652,0.598425196850394,
-8.92189718871824));
#12879=CARTESIAN_POINT('Ctrl Pts',(0.434943767271423,0.62992125984252,-8.92337928467657));
#12880=CARTESIAN_POINT('Ctrl Pts',(0.434943767271423,0.598425196850394,
-8.92337928467657));
#12881=CARTESIAN_POINT('',(0.415463875031086,0.598425196850394,-8.91831393425988));
#12882=CARTESIAN_POINT('',(0.415463875031086,0.62992125984252,-8.91831393425988));
#12883=CARTESIAN_POINT('Ctrl Pts',(0.415463875031086,0.598425196850394,
-8.91831393425988));
#12884=CARTESIAN_POINT('Ctrl Pts',(0.419009434418022,0.598425196850394,
-8.91848844677834));
#12885=CARTESIAN_POINT('Ctrl Pts',(0.425861178117713,0.598425196850394,
-8.91882568976834));
#12886=CARTESIAN_POINT('Ctrl Pts',(0.431987582334652,0.598425196850394,
-8.92189718871824));
#12887=CARTESIAN_POINT('Ctrl Pts',(0.434943767271423,0.598425196850394,
-8.92337928467657));
#12888=CARTESIAN_POINT('Ctrl Pts',(0.39412793549424,0.62992125984252,-8.92573993346423));
#12889=CARTESIAN_POINT('Ctrl Pts',(0.39412793549424,0.598425196850394,-8.92573993346423));
#12890=CARTESIAN_POINT('Ctrl Pts',(0.397181646164389,0.62992125984252,-8.92358117518841));
#12891=CARTESIAN_POINT('Ctrl Pts',(0.397181646164389,0.598425196850394,
-8.92358117518841));
#12892=CARTESIAN_POINT('Ctrl Pts',(0.403565653733247,0.62992125984252,-8.91906813166177));
#12893=CARTESIAN_POINT('Ctrl Pts',(0.403565653733247,0.598425196850394,
-8.91906813166177));
#12894=CARTESIAN_POINT('Ctrl Pts',(0.411384878987608,0.62992125984252,-8.91857249124426));
#12895=CARTESIAN_POINT('Ctrl Pts',(0.411384878987608,0.598425196850394,
-8.91857249124426));
#12896=CARTESIAN_POINT('Ctrl Pts',(0.415463875031086,0.62992125984252,-8.91831393425988));
#12897=CARTESIAN_POINT('Ctrl Pts',(0.415463875031086,0.598425196850394,
-8.91831393425988));
#12898=CARTESIAN_POINT('',(0.39412793549424,0.598425196850394,-8.92573993346423));
#12899=CARTESIAN_POINT('',(0.39412793549424,0.62992125984252,-8.92573993346423));
#12900=CARTESIAN_POINT('Ctrl Pts',(0.39412793549424,0.598425196850394,-8.92573993346423));
#12901=CARTESIAN_POINT('Ctrl Pts',(0.397181646164389,0.598425196850394,
-8.92358117518841));
#12902=CARTESIAN_POINT('Ctrl Pts',(0.403565653733247,0.598425196850394,
-8.91906813166177));
#12903=CARTESIAN_POINT('Ctrl Pts',(0.411384878987608,0.598425196850394,
-8.91857249124426));
#12904=CARTESIAN_POINT('Ctrl Pts',(0.415463875031086,0.598425196850394,
-8.91831393425988));
#12905=CARTESIAN_POINT('Ctrl Pts',(0.382894045891832,0.62992125984252,-8.94952849556706));
#12906=CARTESIAN_POINT('Ctrl Pts',(0.382894045891832,0.598425196850394,
-8.94952849556706));
#12907=CARTESIAN_POINT('Ctrl Pts',(0.383913424277248,0.62992125984252,-8.94461514061788));
#12908=CARTESIAN_POINT('Ctrl Pts',(0.383913424277248,0.598425196850394,
-8.94461514061788));
#12909=CARTESIAN_POINT('Ctrl Pts',(0.385753922595035,0.62992125984252,-8.93574402695879));
#12910=CARTESIAN_POINT('Ctrl Pts',(0.385753922595035,0.598425196850394,
-8.93574402695879));
#12911=CARTESIAN_POINT('Ctrl Pts',(0.391544518843465,0.62992125984252,-8.92882623653312));
#12912=CARTESIAN_POINT('Ctrl Pts',(0.391544518843465,0.598425196850394,
-8.92882623653312));
#12913=CARTESIAN_POINT('Ctrl Pts',(0.39412793549424,0.62992125984252,-8.92573993346423));
#12914=CARTESIAN_POINT('Ctrl Pts',(0.39412793549424,0.598425196850394,-8.92573993346423));
#12915=CARTESIAN_POINT('',(0.382894045891832,0.598425196850394,-8.94952849556706));
#12916=CARTESIAN_POINT('',(0.382894045891832,0.62992125984252,-8.94952849556706));
#12917=CARTESIAN_POINT('Ctrl Pts',(0.382894045891832,0.598425196850394,
-8.94952849556706));
#12918=CARTESIAN_POINT('Ctrl Pts',(0.383913424277248,0.598425196850394,
-8.94461514061788));
#12919=CARTESIAN_POINT('Ctrl Pts',(0.385753922595035,0.598425196850394,
-8.93574402695879));
#12920=CARTESIAN_POINT('Ctrl Pts',(0.391544518843465,0.598425196850394,
-8.92882623653312));
#12921=CARTESIAN_POINT('Ctrl Pts',(0.39412793549424,0.598425196850394,-8.92573993346423));
#12922=CARTESIAN_POINT('Origin',(0.359660014684515,0.62992125984252,-8.9474244087896));
#12923=CARTESIAN_POINT('',(0.359660014684515,0.598425196850394,-8.9474244087896));
#12924=CARTESIAN_POINT('',(0.359660014684515,0.62992125984252,-8.9474244087896));
#12925=CARTESIAN_POINT('',(0.359660014684515,0.598425196850394,-8.9474244087896));
#12926=CARTESIAN_POINT('Ctrl Pts',(0.377181335881563,0.62992125984252,-8.91127031141595));
#12927=CARTESIAN_POINT('Ctrl Pts',(0.377181335881563,0.598425196850394,
-8.91127031141595));
#12928=CARTESIAN_POINT('Ctrl Pts',(0.37277868576585,0.62992125984252,-8.91618446994495));
#12929=CARTESIAN_POINT('Ctrl Pts',(0.37277868576585,0.598425196850394,-8.91618446994495));
#12930=CARTESIAN_POINT('Ctrl Pts',(0.36350732940495,0.62992125984252,-8.92653299043576));
#12931=CARTESIAN_POINT('Ctrl Pts',(0.36350732940495,0.598425196850394,-8.92653299043576));
#12932=CARTESIAN_POINT('Ctrl Pts',(0.360984722058761,0.62992125984252,-8.94023107578651));
#12933=CARTESIAN_POINT('Ctrl Pts',(0.360984722058761,0.598425196850394,
-8.94023107578651));
#12934=CARTESIAN_POINT('Ctrl Pts',(0.359660014684515,0.62992125984252,-8.9474244087896));
#12935=CARTESIAN_POINT('Ctrl Pts',(0.359660014684515,0.598425196850394,
-8.9474244087896));
#12936=CARTESIAN_POINT('Ctrl Pts',(0.377181335881563,0.598425196850394,
-8.91127031141595));
#12937=CARTESIAN_POINT('Ctrl Pts',(0.37277868576585,0.598425196850394,-8.91618446994495));
#12938=CARTESIAN_POINT('Ctrl Pts',(0.36350732940495,0.598425196850394,-8.92653299043576));
#12939=CARTESIAN_POINT('Ctrl Pts',(0.360984722058761,0.598425196850394,
-8.94023107578651));
#12940=CARTESIAN_POINT('Ctrl Pts',(0.359660014684515,0.598425196850394,
-8.9474244087896));
#12941=CARTESIAN_POINT('Origin',(0.420892180164026,0.598425196850394,-8.99894546124702));
#12942=CARTESIAN_POINT('Origin',(0.346589942456734,0.62992125984252,-10.0995857321901));
#12943=CARTESIAN_POINT('',(0.346589942456734,0.598425196850394,-10.0995857321901));
#12944=CARTESIAN_POINT('',(0.346589942456734,0.62992125984252,-10.0995857321901));
#12945=CARTESIAN_POINT('',(0.362166086130205,0.598425196850394,-10.0995559934745));
#12946=CARTESIAN_POINT('',(0.346589942456734,0.598425196850394,-10.0995857321901));
#12947=CARTESIAN_POINT('',(0.362166086130205,0.62992125984252,-10.0995559934745));
#12948=CARTESIAN_POINT('Ctrl Pts',(0.32505538007208,0.62992125984252,-10.0733084619995));
#12949=CARTESIAN_POINT('Ctrl Pts',(0.32505538007208,0.598425196850394,-10.0733084619995));
#12950=CARTESIAN_POINT('Ctrl Pts',(0.329630622223523,0.62992125984252,-10.0775544228458));
#12951=CARTESIAN_POINT('Ctrl Pts',(0.329630622223523,0.598425196850394,
-10.0775544228458));
#12952=CARTESIAN_POINT('Ctrl Pts',(0.338018928597569,0.62992125984252,-10.085339020743));
#12953=CARTESIAN_POINT('Ctrl Pts',(0.338018928597569,0.598425196850394,
-10.085339020743));
#12954=CARTESIAN_POINT('Ctrl Pts',(0.343911405153163,0.62992125984252,-10.0951334761687));
#12955=CARTESIAN_POINT('Ctrl Pts',(0.343911405153163,0.598425196850394,
-10.0951334761687));
#12956=CARTESIAN_POINT('Ctrl Pts',(0.346589942456734,0.62992125984252,-10.0995857321901));
#12957=CARTESIAN_POINT('Ctrl Pts',(0.346589942456734,0.598425196850394,
-10.0995857321901));
#12958=CARTESIAN_POINT('',(0.32505538007208,0.598425196850394,-10.0733084619995));
#12959=CARTESIAN_POINT('',(0.32505538007208,0.62992125984252,-10.0733084619995));
#12960=CARTESIAN_POINT('Ctrl Pts',(0.32505538007208,0.598425196850394,-10.0733084619995));
#12961=CARTESIAN_POINT('Ctrl Pts',(0.329630622223523,0.598425196850394,
-10.0775544228458));
#12962=CARTESIAN_POINT('Ctrl Pts',(0.338018928597569,0.598425196850394,
-10.085339020743));
#12963=CARTESIAN_POINT('Ctrl Pts',(0.343911405153163,0.598425196850394,
-10.0951334761687));
#12964=CARTESIAN_POINT('Ctrl Pts',(0.346589942456734,0.598425196850394,
-10.0995857321901));
#12965=CARTESIAN_POINT('Ctrl Pts',(0.289562167447668,0.62992125984252,-10.0502805117741));
#12966=CARTESIAN_POINT('Ctrl Pts',(0.289562167447668,0.598425196850394,
-10.0502805117741));
#12967=CARTESIAN_POINT('Ctrl Pts',(0.296049376118117,0.62992125984252,-10.0535561454972));
#12968=CARTESIAN_POINT('Ctrl Pts',(0.296049376118117,0.598425196850394,
-10.0535561454972));
#12969=CARTESIAN_POINT('Ctrl Pts',(0.308714670401806,0.62992125984252,-10.059951325177));
#12970=CARTESIAN_POINT('Ctrl Pts',(0.308714670401806,0.598425196850394,
-10.059951325177));
#12971=CARTESIAN_POINT('Ctrl Pts',(0.319697832547365,0.62992125984252,-10.0689291237232));
#12972=CARTESIAN_POINT('Ctrl Pts',(0.319697832547365,0.598425196850394,
-10.0689291237232));
#12973=CARTESIAN_POINT('Ctrl Pts',(0.32505538007208,0.62992125984252,-10.0733084619995));
#12974=CARTESIAN_POINT('Ctrl Pts',(0.32505538007208,0.598425196850394,-10.0733084619995));
#12975=CARTESIAN_POINT('',(0.289562167447668,0.598425196850394,-10.0502805117741));
#12976=CARTESIAN_POINT('',(0.289562167447668,0.62992125984252,-10.0502805117741));
#12977=CARTESIAN_POINT('Ctrl Pts',(0.289562167447668,0.598425196850394,
-10.0502805117741));
#12978=CARTESIAN_POINT('Ctrl Pts',(0.296049376118117,0.598425196850394,
-10.0535561454972));
#12979=CARTESIAN_POINT('Ctrl Pts',(0.308714670401806,0.598425196850394,
-10.059951325177));
#12980=CARTESIAN_POINT('Ctrl Pts',(0.319697832547365,0.598425196850394,
-10.0689291237232));
#12981=CARTESIAN_POINT('Ctrl Pts',(0.32505538007208,0.598425196850394,-10.0733084619995));
#12982=CARTESIAN_POINT('Origin',(0.289517559396738,0.62992125984252,-10.0269163079971));
#12983=CARTESIAN_POINT('',(0.289517559396738,0.598425196850394,-10.0269163079971));
#12984=CARTESIAN_POINT('',(0.289517559396738,0.62992125984252,-10.0269163079971));
#12985=CARTESIAN_POINT('',(0.289517559396738,0.598425196850394,-10.0269163079971));
#12986=CARTESIAN_POINT('Ctrl Pts',(0.314919745929038,0.62992125984252,-10.0393556148994));
#12987=CARTESIAN_POINT('Ctrl Pts',(0.314919745929038,0.598425196850394,
-10.0393556148994));
#12988=CARTESIAN_POINT('Ctrl Pts',(0.310503277370908,0.62992125984252,-10.0368270497378));
#12989=CARTESIAN_POINT('Ctrl Pts',(0.310503277370908,0.598425196850394,
-10.0368270497378));
#12990=CARTESIAN_POINT('Ctrl Pts',(0.302302336124383,0.62992125984252,-10.032131756642));
#12991=CARTESIAN_POINT('Ctrl Pts',(0.302302336124383,0.598425196850394,
-10.032131756642));
#12992=CARTESIAN_POINT('Ctrl Pts',(0.293554436105021,0.62992125984252,-10.0285631199522));
#12993=CARTESIAN_POINT('Ctrl Pts',(0.293554436105021,0.598425196850394,
-10.0285631199522));
#12994=CARTESIAN_POINT('Ctrl Pts',(0.289517559396738,0.62992125984252,-10.0269163079971));
#12995=CARTESIAN_POINT('Ctrl Pts',(0.289517559396738,0.598425196850394,
-10.0269163079971));
#12996=CARTESIAN_POINT('',(0.314919745929038,0.598425196850394,-10.0393556148994));
#12997=CARTESIAN_POINT('',(0.314919745929038,0.62992125984252,-10.0393556148994));
#12998=CARTESIAN_POINT('Ctrl Pts',(0.314919745929038,0.598425196850394,
-10.0393556148994));
#12999=CARTESIAN_POINT('Ctrl Pts',(0.310503277370908,0.598425196850394,
-10.0368270497378));
#13000=CARTESIAN_POINT('Ctrl Pts',(0.302302336124383,0.598425196850394,
-10.032131756642));
#13001=CARTESIAN_POINT('Ctrl Pts',(0.293554436105021,0.598425196850394,
-10.0285631199522));
#13002=CARTESIAN_POINT('Ctrl Pts',(0.289517559396738,0.598425196850394,
-10.0269163079971));
#13003=CARTESIAN_POINT('Ctrl Pts',(0.337912892448651,0.62992125984252,-10.0559621154226));
#13004=CARTESIAN_POINT('Ctrl Pts',(0.337912892448651,0.598425196850394,
-10.0559621154226));
#13005=CARTESIAN_POINT('Ctrl Pts',(0.334607290634893,0.62992125984252,-10.0531004865577));
#13006=CARTESIAN_POINT('Ctrl Pts',(0.334607290634893,0.598425196850394,
-10.0531004865577));
#13007=CARTESIAN_POINT('Ctrl Pts',(0.327434350247695,0.62992125984252,-10.0468909385192));
#13008=CARTESIAN_POINT('Ctrl Pts',(0.327434350247695,0.598425196850394,
-10.0468909385192));
#13009=CARTESIAN_POINT('Ctrl Pts',(0.31930353117445,0.62992125984252,-10.0419951902038));
#13010=CARTESIAN_POINT('Ctrl Pts',(0.31930353117445,0.598425196850394,-10.0419951902038));
#13011=CARTESIAN_POINT('Ctrl Pts',(0.314919745929038,0.62992125984252,-10.0393556148994));
#13012=CARTESIAN_POINT('Ctrl Pts',(0.314919745929038,0.598425196850394,
-10.0393556148994));
#13013=CARTESIAN_POINT('',(0.337912892448651,0.598425196850394,-10.0559621154226));
#13014=CARTESIAN_POINT('',(0.337912892448651,0.62992125984252,-10.0559621154226));
#13015=CARTESIAN_POINT('Ctrl Pts',(0.337912892448651,0.598425196850394,
-10.0559621154226));
#13016=CARTESIAN_POINT('Ctrl Pts',(0.334607290634893,0.598425196850394,
-10.0531004865577));
#13017=CARTESIAN_POINT('Ctrl Pts',(0.327434350247695,0.598425196850394,
-10.0468909385192));
#13018=CARTESIAN_POINT('Ctrl Pts',(0.31930353117445,0.598425196850394,-10.0419951902038));
#13019=CARTESIAN_POINT('Ctrl Pts',(0.314919745929038,0.598425196850394,
-10.0393556148994));
#13020=CARTESIAN_POINT('Origin',(0.337618838373348,0.62992125984252,-9.90194643453892));
#13021=CARTESIAN_POINT('',(0.337618838373348,0.598425196850394,-9.90194643453892));
#13022=CARTESIAN_POINT('',(0.337618838373348,0.62992125984252,-9.90194643453892));
#13023=CARTESIAN_POINT('',(0.337618838373348,0.598425196850394,-9.90194643453892));
#13024=CARTESIAN_POINT('Origin',(0.361788712441432,0.62992125984252,-9.90190028826381));
#13025=CARTESIAN_POINT('',(0.361788712441432,0.598425196850394,-9.90190028826381));
#13026=CARTESIAN_POINT('',(0.361788712441432,0.62992125984252,-9.90190028826381));
#13027=CARTESIAN_POINT('',(0.361788712441432,0.598425196850394,-9.90190028826381));
#13028=CARTESIAN_POINT('Origin',(0.362166086130205,0.62992125984252,-10.0995559934745));
#13029=CARTESIAN_POINT('',(0.362166086130205,0.598425196850394,-10.0995559934745));
#13030=CARTESIAN_POINT('Origin',(0.420881035473328,0.598425196850394,-9.99894417939454));
#13031=CARTESIAN_POINT('Origin',(0.365254445890931,0.62992125984252,-11.0995500970309));
#13032=CARTESIAN_POINT('',(0.365254445890931,0.598425196850394,-11.0995500970309));
#13033=CARTESIAN_POINT('',(0.365254445890931,0.62992125984252,-11.0995500970309));
#13034=CARTESIAN_POINT('',(0.380830566098048,0.598425196850394,-11.0995203583601));
#13035=CARTESIAN_POINT('',(0.365254445890931,0.598425196850394,-11.0995500970309));
#13036=CARTESIAN_POINT('',(0.380830566098048,0.62992125984252,-11.0995203583601));
#13037=CARTESIAN_POINT('Ctrl Pts',(0.343719883506276,0.62992125984252,-11.0732728268403));
#13038=CARTESIAN_POINT('Ctrl Pts',(0.343719883506276,0.598425196850394,
-11.0732728268403));
#13039=CARTESIAN_POINT('Ctrl Pts',(0.34829512565772,0.62992125984252,-11.0775187876866));
#13040=CARTESIAN_POINT('Ctrl Pts',(0.34829512565772,0.598425196850394,-11.0775187876866));
#13041=CARTESIAN_POINT('Ctrl Pts',(0.356683432031765,0.62992125984252,-11.0853033855838));
#13042=CARTESIAN_POINT('Ctrl Pts',(0.356683432031765,0.598425196850394,
-11.0853033855838));
#13043=CARTESIAN_POINT('Ctrl Pts',(0.36257590858736,0.62992125984252,-11.0950978410095));
#13044=CARTESIAN_POINT('Ctrl Pts',(0.36257590858736,0.598425196850394,-11.0950978410095));
#13045=CARTESIAN_POINT('Ctrl Pts',(0.365254445890931,0.62992125984252,-11.0995500970309));
#13046=CARTESIAN_POINT('Ctrl Pts',(0.365254445890931,0.598425196850394,
-11.0995500970309));
#13047=CARTESIAN_POINT('',(0.343719883506276,0.598425196850394,-11.0732728268403));
#13048=CARTESIAN_POINT('',(0.343719883506276,0.62992125984252,-11.0732728268403));
#13049=CARTESIAN_POINT('Ctrl Pts',(0.343719883506276,0.598425196850394,
-11.0732728268403));
#13050=CARTESIAN_POINT('Ctrl Pts',(0.34829512565772,0.598425196850394,-11.0775187876866));
#13051=CARTESIAN_POINT('Ctrl Pts',(0.356683432031765,0.598425196850394,
-11.0853033855838));
#13052=CARTESIAN_POINT('Ctrl Pts',(0.36257590858736,0.598425196850394,-11.0950978410095));
#13053=CARTESIAN_POINT('Ctrl Pts',(0.365254445890931,0.598425196850394,
-11.0995500970309));
#13054=CARTESIAN_POINT('Ctrl Pts',(0.308226670881864,0.62992125984252,-11.0502448766149));
#13055=CARTESIAN_POINT('Ctrl Pts',(0.308226670881864,0.598425196850394,
-11.0502448766149));
#13056=CARTESIAN_POINT('Ctrl Pts',(0.314713879552313,0.62992125984252,-11.053520510338));
#13057=CARTESIAN_POINT('Ctrl Pts',(0.314713879552313,0.598425196850394,
-11.053520510338));
#13058=CARTESIAN_POINT('Ctrl Pts',(0.327379173836002,0.62992125984252,-11.0599156900179));
#13059=CARTESIAN_POINT('Ctrl Pts',(0.327379173836002,0.598425196850394,
-11.0599156900179));
#13060=CARTESIAN_POINT('Ctrl Pts',(0.338362335981561,0.62992125984252,-11.068893488564));
#13061=CARTESIAN_POINT('Ctrl Pts',(0.338362335981561,0.598425196850394,
-11.068893488564));
#13062=CARTESIAN_POINT('Ctrl Pts',(0.343719883506276,0.62992125984252,-11.0732728268403));
#13063=CARTESIAN_POINT('Ctrl Pts',(0.343719883506276,0.598425196850394,
-11.0732728268403));
#13064=CARTESIAN_POINT('',(0.308226670881864,0.598425196850394,-11.0502448766149));
#13065=CARTESIAN_POINT('',(0.308226670881864,0.62992125984252,-11.0502448766149));
#13066=CARTESIAN_POINT('Ctrl Pts',(0.308226670881864,0.598425196850394,
-11.0502448766149));
#13067=CARTESIAN_POINT('Ctrl Pts',(0.314713879552313,0.598425196850394,
-11.053520510338));
#13068=CARTESIAN_POINT('Ctrl Pts',(0.327379173836002,0.598425196850394,
-11.0599156900179));
#13069=CARTESIAN_POINT('Ctrl Pts',(0.338362335981561,0.598425196850394,
-11.068893488564));
#13070=CARTESIAN_POINT('Ctrl Pts',(0.343719883506276,0.598425196850394,
-11.0732728268403));
#13071=CARTESIAN_POINT('Origin',(0.308182062830935,0.62992125984252,-11.0268806728379));
#13072=CARTESIAN_POINT('',(0.308182062830935,0.598425196850394,-11.0268806728379));
#13073=CARTESIAN_POINT('',(0.308182062830935,0.62992125984252,-11.0268806728379));
#13074=CARTESIAN_POINT('',(0.308182062830935,0.598425196850394,-11.0268806728379));
#13075=CARTESIAN_POINT('Ctrl Pts',(0.333584249363235,0.62992125984252,-11.0393199797402));
#13076=CARTESIAN_POINT('Ctrl Pts',(0.333584249363235,0.598425196850394,
-11.0393199797402));
#13077=CARTESIAN_POINT('Ctrl Pts',(0.329167780805105,0.62992125984252,-11.0367914145786));
#13078=CARTESIAN_POINT('Ctrl Pts',(0.329167780805105,0.598425196850394,
-11.0367914145786));
#13079=CARTESIAN_POINT('Ctrl Pts',(0.320966839558579,0.62992125984252,-11.0320961214828));
#13080=CARTESIAN_POINT('Ctrl Pts',(0.320966839558579,0.598425196850394,
-11.0320961214828));
#13081=CARTESIAN_POINT('Ctrl Pts',(0.312218939539217,0.62992125984252,-11.028527484793));
#13082=CARTESIAN_POINT('Ctrl Pts',(0.312218939539217,0.598425196850394,
-11.028527484793));
#13083=CARTESIAN_POINT('Ctrl Pts',(0.308182062830935,0.62992125984252,-11.0268806728379));
#13084=CARTESIAN_POINT('Ctrl Pts',(0.308182062830935,0.598425196850394,
-11.0268806728379));
#13085=CARTESIAN_POINT('',(0.333584249363235,0.598425196850394,-11.0393199797402));
#13086=CARTESIAN_POINT('',(0.333584249363235,0.62992125984252,-11.0393199797402));
#13087=CARTESIAN_POINT('Ctrl Pts',(0.333584249363235,0.598425196850394,
-11.0393199797402));
#13088=CARTESIAN_POINT('Ctrl Pts',(0.329167780805105,0.598425196850394,
-11.0367914145786));
#13089=CARTESIAN_POINT('Ctrl Pts',(0.320966839558579,0.598425196850394,
-11.0320961214828));
#13090=CARTESIAN_POINT('Ctrl Pts',(0.312218939539217,0.598425196850394,
-11.028527484793));
#13091=CARTESIAN_POINT('Ctrl Pts',(0.308182062830935,0.598425196850394,
-11.0268806728379));
#13092=CARTESIAN_POINT('Ctrl Pts',(0.356577395882847,0.62992125984252,-11.0559264802634));
#13093=CARTESIAN_POINT('Ctrl Pts',(0.356577395882847,0.598425196850394,
-11.0559264802634));
#13094=CARTESIAN_POINT('Ctrl Pts',(0.353271789663286,0.62992125984252,-11.0530648520695));
#13095=CARTESIAN_POINT('Ctrl Pts',(0.353271789663286,0.598425196850394,
-11.0530648520695));
#13096=CARTESIAN_POINT('Ctrl Pts',(0.346098844877372,0.62992125984252,-11.0468553099555));
#13097=CARTESIAN_POINT('Ctrl Pts',(0.346098844877372,0.598425196850394,
-11.0468553099555));
#13098=CARTESIAN_POINT('Ctrl Pts',(0.337968029772656,0.62992125984252,-11.0419595563002));
#13099=CARTESIAN_POINT('Ctrl Pts',(0.337968029772656,0.598425196850394,
-11.0419595563002));
#13100=CARTESIAN_POINT('Ctrl Pts',(0.333584249363235,0.62992125984252,-11.0393199797402));
#13101=CARTESIAN_POINT('Ctrl Pts',(0.333584249363235,0.598425196850394,
-11.0393199797402));
#13102=CARTESIAN_POINT('',(0.356577395882847,0.598425196850394,-11.0559264802634));
#13103=CARTESIAN_POINT('',(0.356577395882847,0.62992125984252,-11.0559264802634));
#13104=CARTESIAN_POINT('Ctrl Pts',(0.356577395882847,0.598425196850394,
-11.0559264802634));
#13105=CARTESIAN_POINT('Ctrl Pts',(0.353271789663286,0.598425196850394,
-11.0530648520695));
#13106=CARTESIAN_POINT('Ctrl Pts',(0.346098844877372,0.598425196850394,
-11.0468553099555));
#13107=CARTESIAN_POINT('Ctrl Pts',(0.337968029772656,0.598425196850394,
-11.0419595563002));
#13108=CARTESIAN_POINT('Ctrl Pts',(0.333584249363235,0.598425196850394,
-11.0393199797402));
#13109=CARTESIAN_POINT('Origin',(0.356283341807545,0.62992125984252,-10.9019107993797));
#13110=CARTESIAN_POINT('',(0.356283341807545,0.598425196850394,-10.9019107993797));
#13111=CARTESIAN_POINT('',(0.356283341807545,0.62992125984252,-10.9019107993797));
#13112=CARTESIAN_POINT('',(0.356283341807545,0.598425196850394,-10.9019107993797));
#13113=CARTESIAN_POINT('Origin',(0.380453192409275,0.62992125984252,-10.9018646531494));
#13114=CARTESIAN_POINT('',(0.380453192409275,0.598425196850394,-10.9018646531494));
#13115=CARTESIAN_POINT('',(0.380453192409275,0.62992125984252,-10.9018646531494));
#13116=CARTESIAN_POINT('',(0.380453192409275,0.598425196850394,-10.9018646531494));
#13117=CARTESIAN_POINT('Origin',(0.380830566098048,0.62992125984252,-11.0995203583601));
#13118=CARTESIAN_POINT('',(0.380830566098048,0.598425196850394,-11.0995203583601));
#13119=CARTESIAN_POINT('Origin',(0.420977045290031,0.598425196850394,-11.0005613735275));
#13120=CARTESIAN_POINT('Origin',(0.346419977226042,0.62992125984252,-12.1010770203286));
#13121=CARTESIAN_POINT('',(0.346419977226042,0.598425196850394,-12.1010770203286));
#13122=CARTESIAN_POINT('',(0.346419977226042,0.62992125984252,-12.1010770203286));
#13123=CARTESIAN_POINT('',(0.361996109180601,0.598425196850394,-12.1010997893705));
#13124=CARTESIAN_POINT('',(0.346419977226042,0.598425196850394,-12.1010770203286));
#13125=CARTESIAN_POINT('',(0.361996109180601,0.62992125984252,-12.1010997893705));
#13126=CARTESIAN_POINT('Ctrl Pts',(0.324974118623688,0.62992125984252,-12.0747273058219));
#13127=CARTESIAN_POINT('Ctrl Pts',(0.324974118623688,0.598425196850394,
-12.0747273058219));
#13128=CARTESIAN_POINT('Ctrl Pts',(0.329535019737995,0.62992125984252,-12.0789886750652));
#13129=CARTESIAN_POINT('Ctrl Pts',(0.329535019737995,0.598425196850394,
-12.0789886750652));
#13130=CARTESIAN_POINT('Ctrl Pts',(0.337897024830578,0.62992125984252,-12.0868015152082));
#13131=CARTESIAN_POINT('Ctrl Pts',(0.337897024830578,0.598425196850394,
-12.0868015152082));
#13132=CARTESIAN_POINT('Ctrl Pts',(0.34375646183139,0.62992125984252,-12.0966157695917));
#13133=CARTESIAN_POINT('Ctrl Pts',(0.34375646183139,0.598425196850394,-12.0966157695917));
#13134=CARTESIAN_POINT('Ctrl Pts',(0.346419977226042,0.62992125984252,-12.1010770203286));
#13135=CARTESIAN_POINT('Ctrl Pts',(0.346419977226042,0.598425196850394,
-12.1010770203286));
#13136=CARTESIAN_POINT('',(0.324974118623688,0.598425196850394,-12.0747273058219));
#13137=CARTESIAN_POINT('',(0.324974118623688,0.62992125984252,-12.0747273058219));
#13138=CARTESIAN_POINT('Ctrl Pts',(0.324974118623688,0.598425196850394,
-12.0747273058219));
#13139=CARTESIAN_POINT('Ctrl Pts',(0.329535019737995,0.598425196850394,
-12.0789886750652));
#13140=CARTESIAN_POINT('Ctrl Pts',(0.337897024830578,0.598425196850394,
-12.0868015152082));
#13141=CARTESIAN_POINT('Ctrl Pts',(0.34375646183139,0.598425196850394,-12.0966157695917));
#13142=CARTESIAN_POINT('Ctrl Pts',(0.346419977226042,0.598425196850394,
-12.1010770203286));
#13143=CARTESIAN_POINT('Ctrl Pts',(0.289558735560916,0.62992125984252,-12.0515798260784));
#13144=CARTESIAN_POINT('Ctrl Pts',(0.289558735560916,0.598425196850394,
-12.0515798260784));
#13145=CARTESIAN_POINT('Ctrl Pts',(0.29603486474303,0.62992125984252,-12.0548773143428));
#13146=CARTESIAN_POINT('Ctrl Pts',(0.29603486474303,0.598425196850394,-12.0548773143428));
#13147=CARTESIAN_POINT('Ctrl Pts',(0.308678526384924,0.62992125984252,-12.0613151608883));
#13148=CARTESIAN_POINT('Ctrl Pts',(0.308678526384924,0.598425196850394,
-12.0613151608883));
#13149=CARTESIAN_POINT('Ctrl Pts',(0.319631364009563,0.62992125984252,-12.0703299327054));
#13150=CARTESIAN_POINT('Ctrl Pts',(0.319631364009563,0.598425196850394,
-12.0703299327054));
#13151=CARTESIAN_POINT('Ctrl Pts',(0.324974118623688,0.62992125984252,-12.0747273058219));
#13152=CARTESIAN_POINT('Ctrl Pts',(0.324974118623688,0.598425196850394,
-12.0747273058219));
#13153=CARTESIAN_POINT('',(0.289558735560916,0.598425196850394,-12.0515798260784));
#13154=CARTESIAN_POINT('',(0.289558735560916,0.62992125984252,-12.0515798260784));
#13155=CARTESIAN_POINT('Ctrl Pts',(0.289558735560916,0.598425196850394,
-12.0515798260784));
#13156=CARTESIAN_POINT('Ctrl Pts',(0.29603486474303,0.598425196850394,-12.0548773143428));
#13157=CARTESIAN_POINT('Ctrl Pts',(0.308678526384924,0.598425196850394,
-12.0613151608883));
#13158=CARTESIAN_POINT('Ctrl Pts',(0.319631364009563,0.598425196850394,
-12.0703299327054));
#13159=CARTESIAN_POINT('Ctrl Pts',(0.324974118623688,0.598425196850394,
-12.0747273058219));
#13160=CARTESIAN_POINT('Origin',(0.289592889141025,0.62992125984252,-12.0282156164134));
#13161=CARTESIAN_POINT('',(0.289592889141025,0.598425196850394,-12.0282156164134));
#13162=CARTESIAN_POINT('',(0.289592889141025,0.62992125984252,-12.0282156164134));
#13163=CARTESIAN_POINT('',(0.289592889141025,0.598425196850394,-12.0282156164134));
#13164=CARTESIAN_POINT('Ctrl Pts',(0.314952998082838,0.62992125984252,-12.040740484129));
#13165=CARTESIAN_POINT('Ctrl Pts',(0.314952998082838,0.598425196850394,
-12.040740484129));
#13166=CARTESIAN_POINT('Ctrl Pts',(0.310545080357349,0.62992125984252,-12.0381970336276));
#13167=CARTESIAN_POINT('Ctrl Pts',(0.310545080357349,0.598425196850394,
-12.0381970336276));
#13168=CARTESIAN_POINT('Ctrl Pts',(0.302360022632784,0.62992125984252,-12.0334741031036));
#13169=CARTESIAN_POINT('Ctrl Pts',(0.302360022632784,0.598425196850394,
-12.0334741031036));
#13170=CARTESIAN_POINT('Ctrl Pts',(0.293624192727486,0.62992125984252,-12.0298760170246));
#13171=CARTESIAN_POINT('Ctrl Pts',(0.293624192727486,0.598425196850394,
-12.0298760170246));
#13172=CARTESIAN_POINT('Ctrl Pts',(0.289592889141025,0.62992125984252,-12.0282156164134));
#13173=CARTESIAN_POINT('Ctrl Pts',(0.289592889141025,0.598425196850394,
-12.0282156164134));
#13174=CARTESIAN_POINT('',(0.314952998082838,0.598425196850394,-12.040740484129));
#13175=CARTESIAN_POINT('',(0.314952998082838,0.62992125984252,-12.040740484129));
#13176=CARTESIAN_POINT('Ctrl Pts',(0.314952998082838,0.598425196850394,
-12.040740484129));
#13177=CARTESIAN_POINT('Ctrl Pts',(0.310545080357349,0.598425196850394,
-12.0381970336276));
#13178=CARTESIAN_POINT('Ctrl Pts',(0.302360022632784,0.598425196850394,
-12.0334741031036));
#13179=CARTESIAN_POINT('Ctrl Pts',(0.293624192727486,0.598425196850394,
-12.0298760170246));
#13180=CARTESIAN_POINT('Ctrl Pts',(0.289592889141025,0.598425196850394,
-12.0282156164134));
#13181=CARTESIAN_POINT('Ctrl Pts',(0.337890032971878,0.62992125984252,-12.0574244008454));
#13182=CARTESIAN_POINT('Ctrl Pts',(0.337890032971878,0.598425196850394,
-12.0574244008454));
#13183=CARTESIAN_POINT('Ctrl Pts',(0.334594093916589,0.62992125984252,-12.0545516354353));
#13184=CARTESIAN_POINT('Ctrl Pts',(0.334594093916589,0.598425196850394,
-12.0545516354353));
#13185=CARTESIAN_POINT('Ctrl Pts',(0.327442133837536,0.62992125984252,-12.0483179329351));
#13186=CARTESIAN_POINT('Ctrl Pts',(0.327442133837536,0.598425196850394,
-12.0483179329351));
#13187=CARTESIAN_POINT('Ctrl Pts',(0.319327857522454,0.62992125984252,-12.0433948129864));
#13188=CARTESIAN_POINT('Ctrl Pts',(0.319327857522454,0.598425196850394,
-12.0433948129864));
#13189=CARTESIAN_POINT('Ctrl Pts',(0.314952998082838,0.62992125984252,-12.040740484129));
#13190=CARTESIAN_POINT('Ctrl Pts',(0.314952998082838,0.598425196850394,
-12.040740484129));
#13191=CARTESIAN_POINT('',(0.337890032971878,0.598425196850394,-12.0574244008454));
#13192=CARTESIAN_POINT('',(0.337890032971878,0.62992125984252,-12.0574244008454));
#13193=CARTESIAN_POINT('Ctrl Pts',(0.337890032971878,0.598425196850394,
-12.0574244008454));
#13194=CARTESIAN_POINT('Ctrl Pts',(0.334594093916589,0.598425196850394,
-12.0545516354353));
#13195=CARTESIAN_POINT('Ctrl Pts',(0.327442133837536,0.598425196850394,
-12.0483179329351));
#13196=CARTESIAN_POINT('Ctrl Pts',(0.319327857522454,0.598425196850394,
-12.0433948129864));
#13197=CARTESIAN_POINT('Ctrl Pts',(0.314952998082838,0.598425196850394,
-12.040740484129));
#13198=CARTESIAN_POINT('Origin',(0.338115171803347,0.62992125984252,-11.9034086038037));
#13199=CARTESIAN_POINT('',(0.338115171803347,0.598425196850394,-11.9034086038037));
#13200=CARTESIAN_POINT('',(0.338115171803347,0.62992125984252,-11.9034086038037));
#13201=CARTESIAN_POINT('',(0.338115171803347,0.598425196850394,-11.9034086038037));
#13202=CARTESIAN_POINT('Origin',(0.362285040633873,0.62992125984252,-11.9034439350888));
#13203=CARTESIAN_POINT('',(0.362285040633873,0.598425196850394,-11.9034439350888));
#13204=CARTESIAN_POINT('',(0.362285040633873,0.62992125984252,-11.9034439350888));
#13205=CARTESIAN_POINT('',(0.362285040633873,0.598425196850394,-11.9034439350888));
#13206=CARTESIAN_POINT('Origin',(0.361996109180601,0.62992125984252,-12.1010997893705));
#13207=CARTESIAN_POINT('',(0.361996109180601,0.598425196850394,-12.1010997893705));
#13208=CARTESIAN_POINT('Origin',(0.42038580951426,0.598425196850394,-12.0023472356537));
#13209=CARTESIAN_POINT('Origin',(0.,0.62992125984252,0.));
#13210=CARTESIAN_POINT('Origin',(0.,0.62992125984252,0.));
#13211=CARTESIAN_POINT('Origin',(0.,0.62992125984252,0.));
#13212=CARTESIAN_POINT('Origin',(0.,0.62992125984252,0.));
#13213=CARTESIAN_POINT('Origin',(0.,0.62992125984252,0.));
#13214=CARTESIAN_POINT('Origin',(0.354697529541283,0.06875,-10.5604226483152));
#13215=CARTESIAN_POINT('',(0.454697529541283,0.06875,-10.4641238073662));
#13216=CARTESIAN_POINT('',(0.354697529541283,-0.03125,-10.4641238073662));
#13217=CARTESIAN_POINT('Origin',(0.354697529541283,0.06875,-10.4641238073662));
#13218=CARTESIAN_POINT('',(0.354697529541283,-0.03125,-10.5091889286315));
#13219=CARTESIAN_POINT('',(0.354697529541283,-0.03125,-10.5604226483152));
#13220=CARTESIAN_POINT('',(0.454697529541283,0.06875,-10.5091889286315));
#13221=CARTESIAN_POINT('Origin',(0.354697529541283,0.06875,-10.5091889286315));
#13222=CARTESIAN_POINT('',(0.454697529541283,0.06875,-10.5604226483152));
#13223=CARTESIAN_POINT('Ctrl Pts',(0.354697529541283,-0.03125,-10.5091889286315));
#13224=CARTESIAN_POINT('Ctrl Pts',(0.354697529541283,-0.03125,-10.5341889286315));
#13225=CARTESIAN_POINT('Ctrl Pts',(0.329697529541284,-0.03125,-10.5341889286315));
#13226=CARTESIAN_POINT('Ctrl Pts',(0.454697529541285,-0.0312500000000009,
-10.5091889286315));
#13227=CARTESIAN_POINT('Ctrl Pts',(0.454697529541285,-0.0312500000000009,
-10.6341889286315));
#13228=CARTESIAN_POINT('Ctrl Pts',(0.329697529541284,-0.0312500000000009,
-10.6341889286315));
#13229=CARTESIAN_POINT('Ctrl Pts',(0.454697529541285,0.06875,-10.5091889286315));
#13230=CARTESIAN_POINT('Ctrl Pts',(0.454697529541285,0.06875,-10.6341889286315));
#13231=CARTESIAN_POINT('Ctrl Pts',(0.329697529541284,0.06875,-10.6341889286315));
#13232=CARTESIAN_POINT('',(0.329697529541284,-0.03125,-10.5341889286315));
#13233=CARTESIAN_POINT('',(0.329697529541284,0.06875,-10.6341889286315));
#13234=CARTESIAN_POINT('Origin',(0.329697529541284,0.06875,-10.5341889286315));
#13235=CARTESIAN_POINT('Origin',(0.329697529541284,0.06875,-10.5091889286315));
#13236=CARTESIAN_POINT('Origin',(0.329697529541284,-0.03125,-10.5091889286315));
#13237=CARTESIAN_POINT('Origin',(-0.227348764770642,0.06875,-10.5341889286315));
#13238=CARTESIAN_POINT('',(-0.329697529541284,-0.03125,-10.5341889286315));
#13239=CARTESIAN_POINT('',(-0.329697529541284,0.06875,-10.6341889286315));
#13240=CARTESIAN_POINT('Origin',(-0.329697529541284,0.06875,-10.5341889286315));
#13241=CARTESIAN_POINT('',(-0.227348764770642,0.06875,-10.6341889286315));
#13242=CARTESIAN_POINT('',(-0.227348764770642,-0.03125,-10.5341889286315));
#13243=CARTESIAN_POINT('Ctrl Pts',(-0.329697529541284,-0.03125,-10.5341889286315));
#13244=CARTESIAN_POINT('Ctrl Pts',(-0.354697529541283,-0.03125,-10.5341889286315));
#13245=CARTESIAN_POINT('Ctrl Pts',(-0.354697529541283,-0.03125,-10.5091889286315));
#13246=CARTESIAN_POINT('Ctrl Pts',(-0.329697529541284,-0.0312500000000009,
-10.6341889286315));
#13247=CARTESIAN_POINT('Ctrl Pts',(-0.454697529541285,-0.0312500000000009,
-10.6341889286315));
#13248=CARTESIAN_POINT('Ctrl Pts',(-0.454697529541285,-0.0312500000000009,
-10.5091889286315));
#13249=CARTESIAN_POINT('Ctrl Pts',(-0.329697529541284,0.06875,-10.6341889286315));
#13250=CARTESIAN_POINT('Ctrl Pts',(-0.454697529541285,0.06875,-10.6341889286315));
#13251=CARTESIAN_POINT('Ctrl Pts',(-0.454697529541285,0.06875,-10.5091889286315));
#13252=CARTESIAN_POINT('',(-0.354697529541284,-0.03125,-10.5091889286315));
#13253=CARTESIAN_POINT('',(-0.454697529541283,0.06875,-10.5091889286315));
#13254=CARTESIAN_POINT('Origin',(-0.354697529541284,0.06875,-10.5091889286315));
#13255=CARTESIAN_POINT('Origin',(-0.329697529541284,0.06875,-10.5091889286315));
#13256=CARTESIAN_POINT('Origin',(-0.329697529541284,-0.03125,-10.5091889286315));
#13257=CARTESIAN_POINT('Origin',(-0.354697529541283,0.06875,-10.4128900876825));
#13258=CARTESIAN_POINT('',(-0.354697529541283,-0.03125,-10.4641238073662));
#13259=CARTESIAN_POINT('',(-0.454697529541283,0.06875,-10.4641238073662));
#13260=CARTESIAN_POINT('Origin',(-0.354697529541283,0.06875,-10.4641238073662));
#13261=CARTESIAN_POINT('',(-0.454697529541283,0.06875,-10.4128900876825));
#13262=CARTESIAN_POINT('',(-0.354697529541283,-0.03125,-10.4128900876825));
#13263=CARTESIAN_POINT('Ctrl Pts',(-0.354697529541283,-0.03125,-10.4641238073662));
#13264=CARTESIAN_POINT('Ctrl Pts',(-0.354697529541283,-0.03125,-10.4391238073662));
#13265=CARTESIAN_POINT('Ctrl Pts',(-0.329697529541284,-0.03125,-10.4391238073662));
#13266=CARTESIAN_POINT('Ctrl Pts',(-0.454697529541285,-0.0312500000000009,
-10.4641238073662));
#13267=CARTESIAN_POINT('Ctrl Pts',(-0.454697529541285,-0.0312500000000009,
-10.3391238073662));
#13268=CARTESIAN_POINT('Ctrl Pts',(-0.329697529541284,-0.0312500000000009,
-10.3391238073662));
#13269=CARTESIAN_POINT('Ctrl Pts',(-0.454697529541285,0.06875,-10.4641238073662));
#13270=CARTESIAN_POINT('Ctrl Pts',(-0.454697529541285,0.06875,-10.3391238073662));
#13271=CARTESIAN_POINT('Ctrl Pts',(-0.329697529541284,0.06875,-10.3391238073662));
#13272=CARTESIAN_POINT('',(-0.329697529541284,-0.03125,-10.4391238073662));
#13273=CARTESIAN_POINT('',(-0.329697529541284,0.06875,-10.3391238073662));
#13274=CARTESIAN_POINT('Origin',(-0.329697529541284,0.06875,-10.4391238073662));
#13275=CARTESIAN_POINT('Origin',(-0.329697529541284,0.06875,-10.4641238073662));
#13276=CARTESIAN_POINT('Origin',(-0.329697529541284,-0.03125,-10.4641238073662));
#13277=CARTESIAN_POINT('Origin',(0.227348764770642,0.06875,-10.4391238073662));
#13278=CARTESIAN_POINT('',(0.329697529541284,-0.03125,-10.4391238073662));
#13279=CARTESIAN_POINT('',(0.329697529541284,0.06875,-10.3391238073662));
#13280=CARTESIAN_POINT('Origin',(0.329697529541284,0.06875,-10.4391238073662));
#13281=CARTESIAN_POINT('',(0.227348764770642,0.06875,-10.3391238073662));
#13282=CARTESIAN_POINT('',(0.227348764770642,-0.03125,-10.4391238073662));
#13283=CARTESIAN_POINT('Ctrl Pts',(0.329697529541284,-0.03125,-10.4391238073662));
#13284=CARTESIAN_POINT('Ctrl Pts',(0.354697529541283,-0.03125,-10.4391238073662));
#13285=CARTESIAN_POINT('Ctrl Pts',(0.354697529541283,-0.03125,-10.4641238073662));
#13286=CARTESIAN_POINT('Ctrl Pts',(0.329697529541284,-0.0312500000000009,
-10.3391238073662));
#13287=CARTESIAN_POINT('Ctrl Pts',(0.454697529541285,-0.0312500000000009,
-10.3391238073662));
#13288=CARTESIAN_POINT('Ctrl Pts',(0.454697529541285,-0.0312500000000009,
-10.4641238073662));
#13289=CARTESIAN_POINT('Ctrl Pts',(0.329697529541284,0.06875,-10.3391238073662));
#13290=CARTESIAN_POINT('Ctrl Pts',(0.454697529541285,0.06875,-10.3391238073662));
#13291=CARTESIAN_POINT('Ctrl Pts',(0.454697529541285,0.06875,-10.4641238073662));
#13292=CARTESIAN_POINT('Origin',(0.329697529541284,0.06875,-10.4641238073662));
#13293=CARTESIAN_POINT('Origin',(0.329697529541284,-0.03125,-10.4641238073662));
#13294=CARTESIAN_POINT('Origin',(-0.329697529541284,0.25,-10.4641238073662));
#13295=CARTESIAN_POINT('',(-0.329697529541284,0.075,-10.3391238073662));
#13296=CARTESIAN_POINT('',(-0.329697529541284,0.25,-10.3391238073662));
#13297=CARTESIAN_POINT('',(-0.454697529541283,0.075,-10.4641238073662));
#13298=CARTESIAN_POINT('Origin',(-0.329697529541284,0.075,-10.4641238073662));
#13299=CARTESIAN_POINT('',(-0.454697529541283,0.25,-10.4641238073662));
#13300=CARTESIAN_POINT('Origin',(0.454697529541283,0.25,-10.3391238073662));
#13301=CARTESIAN_POINT('',(0.329697529541284,0.075,-10.3391238073662));
#13302=CARTESIAN_POINT('',(0.329697529541284,0.25,-10.3391238073662));
#13303=CARTESIAN_POINT('',(0.227348764770642,0.075,-10.3391238073662));
#13304=CARTESIAN_POINT('Origin',(0.329697529541284,0.25,-10.4641238073662));
#13305=CARTESIAN_POINT('',(0.454697529541283,0.075,-10.4641238073662));
#13306=CARTESIAN_POINT('',(0.454697529541283,0.25,-10.4641238073662));
#13307=CARTESIAN_POINT('Origin',(0.329697529541284,0.075,-10.4641238073662));
#13308=CARTESIAN_POINT('Origin',(0.454697529541283,0.25,-10.6341889286315));
#13309=CARTESIAN_POINT('',(0.454697529541283,0.075,-10.5091889286315));
#13310=CARTESIAN_POINT('',(0.454697529541283,0.25,-10.5091889286315));
#13311=CARTESIAN_POINT('',(0.454697529541283,0.075,-8.48009613859094));
#13312=CARTESIAN_POINT('Origin',(0.,-0.03125,-10.4866563679988));
#13313=CARTESIAN_POINT('Origin',(0.329697529541284,0.075,-10.4641238073662));
#13314=CARTESIAN_POINT('Origin',(0.629697529541283,0.075,-10.4641238073662));
#13315=CARTESIAN_POINT('Origin',(0.329697529541284,0.075,-10.1641238073662));
#13316=CARTESIAN_POINT('Origin',(0.227348764770642,0.075,-10.1641238073662));
#13317=CARTESIAN_POINT('Origin',(-0.329697529541284,0.075,-10.1641238073662));
#13318=CARTESIAN_POINT('Origin',(-0.329697529541284,0.075,-10.4641238073662));
#13319=CARTESIAN_POINT('Origin',(-0.629697529541283,0.075,-10.4641238073662));
#13320=CARTESIAN_POINT('Origin',(-0.629697529541283,0.075,-8.33256357795826));
#13321=CARTESIAN_POINT('',(-0.454697529541283,0.075,-10.5091889286315));
#13322=CARTESIAN_POINT('Origin',(-0.629697529541283,0.075,-10.5091889286315));
#13323=CARTESIAN_POINT('',(-0.454697529541283,0.075,-8.33256357795826));
#13324=CARTESIAN_POINT('Origin',(-0.329697529541284,0.075,-10.5091889286315));
#13325=CARTESIAN_POINT('',(-0.329697529541284,0.075,-10.6341889286315));
#13326=CARTESIAN_POINT('Origin',(-0.329697529541284,0.075,-10.8091889286315));
#13327=CARTESIAN_POINT('Origin',(-0.329697529541284,0.075,-10.5091889286315));
#13328=CARTESIAN_POINT('Origin',(-0.227348764770642,0.075,-10.8091889286315));
#13329=CARTESIAN_POINT('',(0.329697529541284,0.075,-10.6341889286315));
#13330=CARTESIAN_POINT('Origin',(0.329697529541284,0.075,-10.8091889286315));
#13331=CARTESIAN_POINT('',(-0.227348764770642,0.075,-10.6341889286315));
#13332=CARTESIAN_POINT('Origin',(0.329697529541284,0.075,-10.5091889286315));
#13333=CARTESIAN_POINT('Origin',(0.629697529541283,0.075,-10.5091889286315));
#13334=CARTESIAN_POINT('Origin',(0.329697529541284,0.075,-10.5091889286315));
#13335=CARTESIAN_POINT('Origin',(0.629697529541283,0.075,-8.48009613859094));
#13336=CARTESIAN_POINT('Origin',(-0.454697529541283,0.25,-10.6341889286315));
#13337=CARTESIAN_POINT('',(-0.329697529541284,0.25,-10.6341889286315));
#13338=CARTESIAN_POINT('',(0.329697529541284,0.25,-10.6341889286315));
#13339=CARTESIAN_POINT('Origin',(0.329697529541284,0.25,-10.5091889286315));
#13340=CARTESIAN_POINT('Origin',(-0.454697529541283,0.25,-10.3391238073662));
#13341=CARTESIAN_POINT('',(-0.454697529541283,0.25,-10.5091889286315));
#13342=CARTESIAN_POINT('Origin',(-0.329697529541284,0.25,-10.5091889286315));
#13343=CARTESIAN_POINT('Origin',(-0.649941141165135,0.25,-12.0019541404553));
#13344=CARTESIAN_POINT('',(-0.649941141165135,0.25,-12.0019541404553));
#13345=CARTESIAN_POINT('',(-0.68602052127674,0.,-0.00206261824164682));
#13346=CARTESIAN_POINT('Origin',(0.,0.25,-12.));
#13347=CARTESIAN_POINT('',(0.649941141165135,0.25,-12.0019541404553));
#13348=CARTESIAN_POINT('Origin',(0.686020521276739,0.25,-0.00206261824164752));
#13349=CARTESIAN_POINT('',(0.68602052127674,0.,-0.00206261824164711));
#13350=CARTESIAN_POINT('Origin',(0.,0.,0.));
#13351=CARTESIAN_POINT('',(-0.686023622047244,0.,8.40136632879631E-17));
#13352=CARTESIAN_POINT('',(-0.686023622047244,0.,8.40136632879631E-17));
#13353=CARTESIAN_POINT('Origin',(0.,0.,0.));
#13354=CARTESIAN_POINT('Origin',(0.,0.,0.));
#13355=CARTESIAN_POINT('',(-0.561023622047244,0.,6.87055782986212E-17));
#13356=CARTESIAN_POINT('',(-0.561023622047244,0.,6.87055782986212E-17));
#13357=CARTESIAN_POINT('Origin',(0.,0.,0.));
#13358=CARTESIAN_POINT('Origin',(0.,0.62992125984252,0.));
#13359=CARTESIAN_POINT('Origin',(0.,0.,0.));
#13360=CARTESIAN_POINT('',(0.,0.,0.));
#13361=UNCERTAINTY_MEASURE_WITH_UNIT(LENGTH_MEASURE(0.000393700787401575),
#13368,'DISTANCE_ACCURACY_VALUE',
'Maximum model space distance between geometric entities at asserted c
onnectivities');
#13362=UNCERTAINTY_MEASURE_WITH_UNIT(LENGTH_MEASURE(0.000393700787401575),
#13368,'DISTANCE_ACCURACY_VALUE',
'Maximum model space distance between geometric entities at asserted c
onnectivities');
#13363=UNCERTAINTY_MEASURE_WITH_UNIT(LENGTH_MEASURE(0.000393700787401575),
#13368,'DISTANCE_ACCURACY_VALUE',
'Maximum model space distance between geometric entities at asserted c
onnectivities');
#13364=(
GEOMETRIC_REPRESENTATION_CONTEXT(3)
GLOBAL_UNCERTAINTY_ASSIGNED_CONTEXT((#13361))
GLOBAL_UNIT_ASSIGNED_CONTEXT((#13368,#13372,#13373))
REPRESENTATION_CONTEXT('','3D')
);
#13365=(
GEOMETRIC_REPRESENTATION_CONTEXT(3)
GLOBAL_UNCERTAINTY_ASSIGNED_CONTEXT((#13362))
GLOBAL_UNIT_ASSIGNED_CONTEXT((#13368,#13372,#13373))
REPRESENTATION_CONTEXT('','3D')
);
#13366=(
GEOMETRIC_REPRESENTATION_CONTEXT(3)
GLOBAL_UNCERTAINTY_ASSIGNED_CONTEXT((#13363))
GLOBAL_UNIT_ASSIGNED_CONTEXT((#13368,#13372,#13373))
REPRESENTATION_CONTEXT('','3D')
);
#13367=DIMENSIONAL_EXPONENTS(1.,0.,0.,0.,0.,0.,0.);
#13368=(
CONVERSION_BASED_UNIT('inch',#13371)
LENGTH_UNIT()
NAMED_UNIT(#13367)
);
#13369=(
LENGTH_UNIT()
NAMED_UNIT(*)
SI_UNIT(.MILLI.,.METRE.)
);
#13370=(
LENGTH_UNIT()
NAMED_UNIT(*)
SI_UNIT($,.METRE.)
);
#13371=LENGTH_MEASURE_WITH_UNIT(LENGTH_MEASURE(25.4),#13369);
#13372=(
NAMED_UNIT(*)
PLANE_ANGLE_UNIT()
SI_UNIT($,.RADIAN.)
);
#13373=(
NAMED_UNIT(*)
SI_UNIT($,.STERADIAN.)
SOLID_ANGLE_UNIT()
);
#13374=SHAPE_DEFINITION_REPRESENTATION(#13376,#13379);
#13375=SHAPE_DEFINITION_REPRESENTATION(#13377,#13380);
#13376=PRODUCT_DEFINITION_SHAPE('',$,#13382);
#13377=PRODUCT_DEFINITION_SHAPE('',$,#13383);
#13378=PRODUCT_DEFINITION_SHAPE($,$,#16);
#13379=SHAPE_REPRESENTATION('',(#6561,#6783),#13364);
#13380=SHAPE_REPRESENTATION('',(#6562),#13365);
#13381=PRODUCT_DEFINITION_CONTEXT('part definition',#13389,'design');
#13382=PRODUCT_DEFINITION('Circle Compass-Expo Edit for New Version',
'Circle Compass-Expo Edit for New Version v1',#13384,#13381);
#13383=PRODUCT_DEFINITION('Bearing Cap','Bearing Cap',#13385,#13381);
#13384=PRODUCT_DEFINITION_FORMATION('',$,#13391);
#13385=PRODUCT_DEFINITION_FORMATION('',$,#13392);
#13386=PRODUCT_RELATED_PRODUCT_CATEGORY(
'Circle Compass-Expo Edit for New Version v1',
'Circle Compass-Expo Edit for New Version v1',(#13391));
#13387=PRODUCT_RELATED_PRODUCT_CATEGORY('Bearing Cap','Bearing Cap',(#13392));
#13388=APPLICATION_PROTOCOL_DEFINITION('international standard',
'automotive_design',2009,#13389);
#13389=APPLICATION_CONTEXT(
'Core Data for Automotive Mechanical Design Process');
#13390=PRODUCT_CONTEXT('part definition',#13389,'mechanical');
#13391=PRODUCT('Circle Compass-Expo Edit for New Version',
'Circle Compass-Expo Edit for New Version v1',$,(#13390));
#13392=PRODUCT('Bearing Cap','Bearing Cap',$,(#13390));
#13393=PRESENTATION_STYLE_ASSIGNMENT((#13397));
#13394=PRESENTATION_STYLE_ASSIGNMENT((#13398));
#13395=PRESENTATION_STYLE_ASSIGNMENT((#13399));
#13396=PRESENTATION_STYLE_ASSIGNMENT((#13400));
#13397=SURFACE_STYLE_USAGE(.BOTH.,#13401);
#13398=SURFACE_STYLE_USAGE(.BOTH.,#13402);
#13399=SURFACE_STYLE_USAGE(.BOTH.,#13403);
#13400=SURFACE_STYLE_USAGE(.BOTH.,#13404);
#13401=SURFACE_SIDE_STYLE('',(#13405));
#13402=SURFACE_SIDE_STYLE('',(#13406));
#13403=SURFACE_SIDE_STYLE('',(#13407));
#13404=SURFACE_SIDE_STYLE('',(#13408));
#13405=SURFACE_STYLE_FILL_AREA(#13409);
#13406=SURFACE_STYLE_FILL_AREA(#13410);
#13407=SURFACE_STYLE_FILL_AREA(#13411);
#13408=SURFACE_STYLE_FILL_AREA(#13412);
#13409=FILL_AREA_STYLE('Steel - Satin',(#13413));
#13410=FILL_AREA_STYLE('Steel - Satin',(#13414));
#13411=FILL_AREA_STYLE('Steel - Satin',(#13415));
#13412=FILL_AREA_STYLE('Steel - Satin (1)',(#13416));
#13413=FILL_AREA_STYLE_COLOUR('Steel - Satin',#13417);
#13414=FILL_AREA_STYLE_COLOUR('Steel - Satin',#13418);
#13415=FILL_AREA_STYLE_COLOUR('Steel - Satin',#13419);
#13416=FILL_AREA_STYLE_COLOUR('Steel - Satin (1)',#13420);
#13417=COLOUR_RGB('Steel - Satin',0.627450980392157,0.627450980392157,0.627450980392157);
#13418=COLOUR_RGB('Steel - Satin',1.,1.,1.);
#13419=COLOUR_RGB('Steel - Satin',0.,0.,0.);
#13420=COLOUR_RGB('Steel - Satin (1)',0.301960784313725,0.301960784313725,
0.301960784313725);
ENDSEC;
END-ISO-10303-21;
